source,update,global_step,episode_return,env_return,eval_mean_delivered_food,eval_mean_delivered_food_per_1000_ant_steps,delivery_events,pickup_events,mean_carrying_ants,final_mean_visited_cell_fraction,write_action_nonzero_rate,entropy,approx_kl,grad_norm,value_loss
50x50 largo,1,1280.0,0.767012357711792,0.0,,,0.0,17.0,0.510937511920929,0.059449996799230576,0.11269531399011612,0.2768101096153259,0.0013661037664860487,26.731853485107422,14.596355438232422
50x50 largo,2,2560.0,0.6582124829292297,0.0,,,0.0,18.0,1.4382812976837158,0.11247500032186508,0.09238281100988388,0.21595558524131775,0.0002577212289907038,29.2764835357666,14.074078559875488
50x50 largo,3,3840.0,0.6572787761688232,0.125,,,2.0,12.0,2.582812547683716,0.15872499346733093,0.07871093600988388,0.23040524125099182,0.0004233255749568343,20.825912475585938,4.995437145233154
50x50 largo,4,5120.0,0.5068917274475098,0.0625,,,1.0,2.0,2.9078125953674316,0.2024499922990799,0.08964844048023224,0.26624637842178345,0.0007107509300112724,13.840547561645508,2.293548345565796
50x50 largo,5,6400.0,0.5176799893379211,0.125,,,2.0,9.0,3.12109375,0.24105000495910645,0.10800781100988388,0.26970532536506653,0.0003554885624907911,11.330676078796387,1.8027989864349365
50x50 largo,6,7680.0,0.34349411725997925,0.0,,,0.0,4.0,3.4203126430511475,0.27812498807907104,0.10468750447034836,0.2332971692085266,0.002337982412427664,5.113985061645508,1.1809356212615967
50x50 largo,7,8960.0,0.2952462434768677,0.0,,,0.0,1.0,3.5843751430511475,0.3129500150680542,0.16757813096046448,0.3047434091567993,0.0027292082086205482,7.0009684562683105,1.8266876935958862
50x50 largo,8,10240.0,0.5402345061302185,0.25,,,4.0,3.0,3.5367188453674316,0.3482999801635742,0.1494140625,0.31983545422554016,0.001752130570821464,5.827756404876709,1.0558232069015503
50x50 largo,9,11520.0,0.29694098234176636,0.0625,,,1.0,2.0,3.632031202316284,0.37825000286102295,0.19218750298023224,0.3454795479774475,0.0007750968215987086,6.037946701049805,0.8983978629112244
50x50 largo,10,12800.0,0.18946775794029236,0.0,,,0.0,2.0,3.67578125,0.4037249982357025,0.19687500596046448,0.3951703906059265,0.0019500772468745708,5.712027549743652,1.0249602794647217
50x50 largo,11,14080.0,0.27589473128318787,0.125,,,2.0,1.0,3.6781251430511475,0.42489999532699585,0.24941407144069672,0.418132483959198,0.0010288712801411748,10.206713676452637,0.6531605124473572
50x50 largo,12,15360.0,0.16799962520599365,0.0625,,,1.0,3.0,3.73046875,0.43982499837875366,0.24824218451976776,0.45060503482818604,0.0020008364226669073,6.801373481750488,0.40280237793922424
50x50 largo,13,16640.0,0.14557887613773346,0.0625,,,1.0,0.0,3.75390625,0.45419999957084656,0.27031251788139343,0.43218398094177246,0.0017123899888247252,4.419131278991699,0.26875290274620056
50x50 largo,14,17920.0,0.1358611285686493,0.0625,,,1.0,2.0,3.785937547683716,0.4668999910354614,0.24179688096046448,0.39546817541122437,0.0015948190120980144,6.34433650970459,0.2569587528705597
50x50 largo,15,19200.0,0.12912024557590485,0.0625,,,1.0,2.0,3.8531250953674316,0.47919997572898865,0.21835938096046448,0.38025039434432983,0.0013901261845603585,3.808363914489746,0.16260410845279694
50x50 largo,16,20480.0,0.13897636532783508,0.0625,,,1.0,1.0,3.8929688930511475,0.49267497658729553,0.21367187798023224,0.37861722707748413,0.001776085584424436,2.9033432006835938,0.20574362576007843
50x50 largo,17,21760.0,0.13898810744285583,0.0625,,,1.0,0.0,3.836718797683716,0.5070499777793884,0.22968749701976776,0.3713475465774536,0.0021751499734818935,4.251189231872559,0.1624147742986679
50x50 largo,18,23040.0,0.07698887586593628,0.0,,,0.0,0.0,3.8125,0.5219249725341797,0.2490234375,0.3758953809738159,0.0019885979127138853,2.697377920150757,0.17248763144016266
50x50 largo,19,24320.0,0.1909673810005188,0.125,,,2.0,1.0,3.750781297683716,0.5329499840736389,0.24550782144069672,0.34395062923431396,0.002419034717604518,2.5363049507141113,0.0900002270936966
50x50 largo,20,25600.0,0.18484577536582947,0.125,,,2.0,2.0,3.76953125,0.5420500040054321,0.25957033038139343,0.3872131109237671,0.001635353546589613,3.3096609115600586,0.1493285447359085
50x50 largo,21,26880.0,0.18399512767791748,0.125,,,2.0,1.0,3.6734375953674316,0.5517250299453735,0.2798828184604645,0.4158725440502167,0.0039444840513169765,5.6210479736328125,0.15619409084320068
50x50 largo,22,28160.0,0.12154661118984222,0.0625,,,1.0,3.0,3.7718751430511475,0.5619750022888184,0.3031249940395355,0.45351889729499817,0.0018478372367098927,4.413873672485352,0.12396947294473648
50x50 largo,23,29440.0,0.046760499477386475,0.0,,,0.0,0.0,3.8125,0.5735499858856201,0.33906251192092896,0.4853605329990387,0.001561654731631279,2.460501194000244,0.08230656385421753
50x50 largo,24,30720.0,0.028749879449605942,0.0,,,0.0,0.0,3.8125,0.5824249982833862,0.3955078125,0.5264307260513306,0.0027649509720504284,7.92327356338501,0.28566408157348633
50x50 largo,25,32000.0,0.14975261688232422,0.125,,,2.0,1.0,3.731250047683716,0.5905499458312988,0.40234375,0.5109760761260986,0.002494433196261525,1.698190689086914,0.09440258145332336
50x50 largo,26,33280.0,0.0807533785700798,0.0625,,,1.0,0.0,3.7406251430511475,0.5952999591827393,0.4056640565395355,0.4782882630825043,0.004494023974984884,4.348775386810303,0.09954186528921127
50x50 largo,27,34560.0,0.1270279884338379,0.125,,,2.0,0.0,3.6312501430511475,0.5960500240325928,0.443359375,0.4408184587955475,0.003679001936689019,5.0334367752075195,0.08417034149169922
50x50 largo,28,35840.0,0.0010551250306889415,0.0,,,0.0,0.0,3.5625,0.5963499546051025,0.575976550579071,0.4790208041667938,0.00104545708745718,2.9811456203460693,0.06135037541389465
50x50 largo,29,37120.0,0.06945724785327911,0.0625,,,1.0,2.0,3.6171875,0.5965249538421631,0.685742199420929,0.5061463713645935,0.00217350572347641,2.2348849773406982,0.04088769108057022
50x50 largo,30,38400.0,0.0040270001627504826,0.0,,,0.0,1.0,3.676562547683716,0.5967999696731567,0.704882800579071,0.5529811382293701,0.004016967490315437,2.6600141525268555,0.0344720184803009
50x50 largo,31,39680.0,0.00627112528309226,0.0,,,0.0,2.0,3.739062547683716,0.5968499779701233,0.7142578363418579,0.48649996519088745,0.002982043195515871,1.9311169385910034,0.03505187854170799
50x50 largo,32,40960.0,0.006465625017881393,0.0,,,0.0,2.0,3.8609375953674316,0.597000002861023,0.7466797232627869,0.5472529530525208,0.0029490869492292404,2.6508290767669678,0.038942210376262665
50x50 largo,33,42240.0,3.875004040310159e-05,0.0,,,0.0,0.0,3.9375,0.5970999598503113,0.741992175579071,0.5415753126144409,0.0013700942508876324,1.661468267440796,0.03032606840133667
50x50 largo,34,43520.0,6.800005212426186e-05,0.0,,,0.0,0.0,3.9375,0.5972749590873718,0.7183594107627869,0.5912277698516846,0.0008617974817752838,1.7181181907653809,0.01876825839281082
50x50 largo,35,44800.0,0.06251812726259232,0.0625,,,1.0,0.0,3.9117188453674316,0.5973249673843384,0.7193359732627869,0.5572066903114319,0.0036036898382008076,1.8432519435882568,0.019230257719755173
50x50 largo,36,46080.0,0.0032232501544058323,0.0,,,0.0,1.0,3.926562547683716,0.5976249575614929,0.7396484613418579,0.6016256213188171,0.0033974505495280027,1.562681794166565,0.034669097512960434
50x50 largo,37,47360.0,5.850005618412979e-05,0.0,,,0.0,0.0,3.9375,0.5978249311447144,0.703906238079071,0.5937820672988892,0.001136810751631856,1.4068223237991333,0.01920703798532486
50x50 largo,38,48640.0,0.0010128750000149012,0.0,,,0.0,0.0,3.9375,0.598099946975708,0.697070300579071,0.5366552472114563,0.004525921773165464,1.4797980785369873,0.02801891230046749
50x50 largo,39,49920.0,0.1250653713941574,0.125,,,2.0,0.0,3.9203126430511475,0.5981999635696411,0.7242187857627869,0.5903455018997192,0.0016802606405690312,1.7159465551376343,0.024766955524683
50x50 largo,40,51200.0,0.06251112371683121,0.0625,,,1.0,0.0,3.8070313930511475,0.5982499718666077,0.7513672113418579,0.6281847953796387,0.0010691366624087095,1.751830816268921,0.016812995076179504
50x50 largo,41,52480.0,0.0,0.0,,,0.0,0.0,3.75,0.5982499718666077,0.749804675579071,0.6430521607398987,0.0030358443036675453,0.7715523838996887,0.007117518223822117
50x50 largo,42,53760.0,0.0031250000465661287,0.0,,,0.0,1.0,3.770312547683716,0.5982499718666077,0.693164050579071,0.6048088669776917,0.0015630032867193222,0.780826210975647,0.008570149540901184
50x50 largo,43,55040.0,0.0,0.0,,,0.0,0.0,3.8125,0.5982499718666077,0.6910156607627869,0.6528773307800293,0.0008763940422795713,0.9263032078742981,0.008429881185293198
50x50 largo,44,56320.0,0.0,0.0,,,0.0,0.0,3.8125,0.5982499718666077,0.7037109732627869,0.6146160364151001,0.0036488291807472706,1.22916579246521,0.01769128441810608
50x50 largo,45,57600.0,0.0031250000465661287,0.0,,,0.0,1.0,3.8304688930511475,0.5982499718666077,0.719921886920929,0.5717807412147522,0.007867838256061077,1.0405590534210205,0.020646346732974052
50x50 largo,46,58880.0,0.00019425000937189907,0.0,,,0.0,0.0,3.875,0.5982749462127686,0.7103515863418579,0.5502206683158875,0.0004925998509861529,1.2336565256118774,0.01904650777578354
50x50 largo,47,60160.0,0.003130375174805522,0.0,,,0.0,1.0,3.9320313930511475,0.5982999801635742,0.6734375357627869,0.45913735032081604,0.009313972666859627,1.0725167989730835,0.042835235595703125
50x50 largo,48,61440.0,0.12625175714492798,0.125,,,2.0,0.0,3.8515625,0.5984499454498291,0.6552734375,0.46176260709762573,0.001607902580872178,0.9090171456336975,0.027967724949121475
50x50 largo,49,62720.0,0.06815724819898605,0.0625,,,1.0,1.0,3.8125,0.5988749265670776,0.5755859613418579,0.4314610958099365,0.0018159475876018405,0.7723861932754517,0.02327352948486805
50x50 largo,50,64000.0,0.12771224975585938,0.125,,,2.0,0.0,3.784374952316284,0.5994749665260315,0.5513672232627869,0.39130693674087524,0.0012959425803273916,0.7609295845031738,0.029395556077361107
50x50 largo,51,65280.0,0.007758250460028648,0.0,,,0.0,1.0,3.7476563453674316,0.6001999378204346,0.49726563692092896,0.3601713180541992,0.0014367238618433475,1.2044497728347778,0.0338757187128067
50x50 largo,52,66560.0,0.0013587500434368849,0.0,,,0.0,0.0,3.75,0.6003999710083008,0.5101562738418579,0.3746302127838135,0.0009996243752539158,0.6808480620384216,0.016135547310113907
50x50 largo,53,67840.0,0.000623999978415668,0.0,,,0.0,0.0,3.75,0.6004749536514282,0.5595703125,0.4331592321395874,0.002195153385400772,0.7572528123855591,0.018748240545392036
50x50 largo,54,69120.0,0.06624124944210052,0.0625,,,1.0,1.0,3.707812547683716,0.6005749702453613,0.5601562857627869,0.4306636452674866,0.0016075291205197573,0.8820401430130005,0.025475576519966125
50x50 largo,55,70400.0,0.0005587500054389238,0.0,,,0.0,0.0,3.75,0.6006749868392944,0.5609375238418579,0.4955943524837494,0.007260981015861034,1.384258508682251,0.03469321131706238
50x50 largo,56,71680.0,0.06436287611722946,0.0625,,,1.0,0.0,3.7250001430511475,0.6009500026702881,0.522656261920929,0.44631433486938477,0.0031653731130063534,1.171359658241272,0.021118653938174248
50x50 largo,57,72960.0,0.06562499701976776,0.0625,,,1.0,1.0,3.688281297683716,0.6009500026702881,0.5210937857627869,0.4540477395057678,0.00487686088308692,0.8772547841072083,0.01815131865441799
50x50 largo,58,74240.0,0.00014649999502580613,0.0,,,0.0,0.0,3.6875,0.600974977016449,0.533984363079071,0.46129852533340454,0.00035729375667870045,0.884610116481781,0.014373961836099625
50x50 largo,59,75520.0,0.00045200000749900937,0.0,,,0.0,0.0,3.6875,0.6010749340057373,0.526171863079071,0.5169079303741455,0.0029626116156578064,1.0784308910369873,0.025264665484428406
50x50 largo,60,76800.0,0.0728486180305481,0.0625,,,1.0,3.0,3.7554688453674316,0.601224958896637,0.41777345538139343,0.39371585845947266,0.003071098355576396,0.7138428092002869,0.04212087392807007
50x50 largo,61,78080.0,0.00019900001643691212,0.0,,,0.0,0.0,3.8125,0.6012749671936035,0.44550782442092896,0.41287094354629517,0.002816254971548915,0.8738208413124084,0.017092928290367126
50x50 largo,62,79360.0,0.0004645000153686851,0.0,,,0.0,0.0,3.8125,0.6013749837875366,0.490234375,0.45950770378112793,0.0013352299574762583,0.5606505870819092,0.026226602494716644
50x50 largo,63,80640.0,0.0010143750114366412,0.0,,,0.0,0.0,3.8125,0.6015499830245972,0.546875,0.5119532346725464,0.0036291945725679398,0.8448696136474609,0.0520491898059845
50x50 largo,64,81920.0,0.003307624952867627,0.0,,,0.0,1.0,3.8140625953674316,0.6016499996185303,0.540234386920929,0.4877433180809021,0.0024126246571540833,0.6931594610214233,0.022080518305301666
50x50 largo,65,83200.0,4.525000258581713e-05,0.0,,,0.0,0.0,3.875,0.6016750335693359,0.6263672113418579,0.4977107644081116,0.002169090323150158,0.9713693857192993,0.01590055599808693
50x50 largo,66,84480.0,0.0035403750371187925,0.0,,,0.0,1.0,3.924999952316284,0.6017249822616577,0.6708984375,0.49970459938049316,0.0014573564985767007,0.949169397354126,0.00955253280699253
50x50 largo,67,85760.0,0.0003566250088624656,0.0,,,0.0,0.0,3.9375,0.6017749309539795,0.6958984732627869,0.5200854539871216,0.002025028457865119,0.86986243724823,0.018230050802230835
50x50 largo,68,87040.0,0.06305812299251556,0.0625,,,1.0,0.0,3.90234375,0.6018749475479126,0.623828113079071,0.49239522218704224,0.0013062387006357312,0.7489335536956787,0.019248520955443382
50x50 largo,69,88320.0,0.0001707500050542876,0.0,,,0.0,0.0,3.875,0.6018999814987183,0.54296875,0.40209895372390747,0.0020503380801528692,0.9365589618682861,0.011182112619280815
50x50 largo,70,89600.0,0.0031250000465661287,0.0,,,0.0,1.0,3.9117188453674316,0.6018999814987183,0.5250000357627869,0.35649505257606506,0.0026501156389713287,0.5768729448318481,0.015157151967287064
50x50 largo,71,90880.0,1.8625018128659576e-05,0.0,,,0.0,0.0,3.9375,0.6019499897956848,0.4693359434604645,0.3588126003742218,0.001960846595466137,0.8051649332046509,0.028311660513281822
50x50 largo,72,92160.0,0.00015825001173652709,0.0,,,0.0,0.0,3.9375,0.6019999980926514,0.44414064288139343,0.3716863989830017,0.0009689315920695662,0.5119869709014893,0.013426899909973145
50x50 largo,73,93440.0,0.000297874998068437,0.0,,,0.0,0.0,3.9375,0.6020500063896179,0.47636720538139343,0.416292667388916,0.0015666363760828972,0.4906904101371765,0.013391632586717606
50x50 largo,74,94720.0,0.00032700004521757364,0.0,,,0.0,0.0,3.9375,0.6021499633789062,0.4462890625,0.39684271812438965,0.0033469190821051598,0.4775030016899109,0.0117673734202981
50x50 largo,75,96000.0,0.06289662420749664,0.0625,,,1.0,0.0,3.875781297683716,0.6022499799728394,0.3843750059604645,0.34341585636138916,0.0020838757045567036,0.38358721137046814,0.00807748083025217
50x50 largo,76,97280.0,0.0005731249693781137,0.0,,,0.0,0.0,3.875,0.6023749709129333,0.390625,0.3859858214855194,0.0031049710232764482,0.27343469858169556,0.004813425242900848
50x50 largo,77,98560.0,0.06277012825012207,0.0625,,,1.0,0.0,3.8539063930511475,0.6024500131607056,0.32695314288139343,0.3785233497619629,0.00309610809199512,0.23537802696228027,0.008929973468184471
50x50 largo,78,99840.0,0.0035658751148730516,0.0,,,0.0,1.0,3.875,0.6025750041007996,0.27851563692092896,0.32035884261131287,0.0022772978991270065,0.39233776926994324,0.007816823199391365
50x50 largo,79,101120.0,0.686854362487793,0.0,,,0.0,17.0,0.989062488079071,0.052549995481967926,0.07421875,0.16115322709083557,0.00020513913477770984,6.930922508239746,1.6426180601119995
50x50 largo,80,102400.0,0.6633102893829346,0.0,,,0.0,18.0,1.6875,0.10557499527931213,0.02187499962747097,0.07029677927494049,3.765151177503867e-06,3.796811580657959,0.5559557676315308
50x50 largo,81,103680.0,0.5747437477111816,0.0,,,0.0,11.0,2.686718702316284,0.155924990773201,0.0263671875,0.08724718540906906,6.277588909142651e-06,2.270132541656494,0.11722922325134277
50x50 largo,82,104960.0,0.4126841127872467,0.0,,,0.0,6.0,3.1234376430511475,0.19484999775886536,0.04335937649011612,0.12756279110908508,6.2983701354824e-05,2.063476800918579,0.1798696219921112
50x50 largo,83,106240.0,0.24553699791431427,0.0,,,0.0,5.0,3.4203126430511475,0.218999981880188,0.05097656324505806,0.13351130485534668,0.00032760424073785543,0.195356547832489,0.017077993601560593
50x50 largo,84,107520.0,0.3818678855895996,0.25,,,4.0,3.0,3.567187547683716,0.23240000009536743,0.060546875,0.14159813523292542,0.0007031720015220344,0.11815527081489563,0.05137939006090164
50x50 largo,85,108800.0,0.1025368720293045,0.0,,,0.0,1.0,3.5406250953674316,0.243025004863739,0.06503906100988388,0.14507891237735748,0.002147819148376584,0.12935848534107208,0.002453385852277279
50x50 largo,86,110080.0,0.07120786607265472,0.0,,,0.0,1.0,3.5796875953674316,0.25064998865127563,0.03867187723517418,0.10099661350250244,0.000416135968407616,0.09090417623519897,0.0016495401505380869
50x50 largo,87,111360.0,0.09054625034332275,0.0,,,0.0,3.0,3.7046875953674316,0.2599499821662903,0.03632812574505806,0.11329004168510437,0.0012528838124126196,0.12599828839302063,0.002060466445982456
50x50 largo,88,112640.0,0.07059463113546371,0.0,,,0.0,0.0,3.8125,0.26809999346733093,0.03886718675494194,0.10882584750652313,0.000751616433262825,0.64869624376297,0.0171952024102211
50x50 largo,89,113920.0,0.04467237368226051,0.0,,,0.0,0.0,3.8125,0.273375004529953,0.03515625,0.09927976131439209,0.0004699229320976883,0.18098074197769165,0.004732390865683556
50x50 largo,90,115200.0,0.04653112217783928,0.0,,,0.0,0.0,3.8125,0.27900001406669617,0.02480468712747097,0.08144815266132355,0.0005567051703110337,0.11356779932975769,0.0007791515090502799
50x50 largo,91,116480.0,0.07219850271940231,0.0,,,0.0,3.0,3.907031297683716,0.28657498955726624,0.02558593824505806,0.07880152016878128,0.00038664182648062706,0.11547933518886566,0.0005136444233357906
50x50 largo,92,117760.0,0.22036688029766083,0.125,,,2.0,0.0,3.936718702316284,0.2981249988079071,0.03046875074505806,0.08983977884054184,0.0006325748399831355,0.08901529014110565,0.008624745532870293
50x50 largo,93,119040.0,0.10471050441265106,0.0,,,0.0,1.0,3.91796875,0.3106749653816223,0.046875,0.11718042939901352,0.0003359722322784364,0.12109062820672989,0.0004096625780221075
50x50 largo,94,120320.0,0.10951749980449677,0.0,,,0.0,0.0,3.9375,0.32397499680519104,0.04179687425494194,0.09871596843004227,0.0010179734090343118,0.07339264452457428,0.0004911139258183539
50x50 largo,95,121600.0,0.1921914964914322,0.0625,,,1.0,0.0,3.9273438453674316,0.3395499885082245,0.0380859375,0.09450226277112961,0.0005543188308365643,0.072532057762146,0.004468558356165886
50x50 largo,96,122880.0,0.14245149493217468,0.0,,,0.0,1.0,3.893749952316284,0.3568750023841858,0.04218750074505806,0.08715298026800156,0.0006470935768447816,0.11449439823627472,0.0008115664822980762
50x50 largo,97,124160.0,0.122207872569561,0.0,,,0.0,0.0,3.9375,0.3728749752044678,0.0400390625,0.08046449720859528,0.0006560119218192995,0.08233215659856796,0.0006959867314435542
50x50 largo,98,125440.0,0.10725775361061096,0.0,,,0.0,0.0,3.9375,0.3883250057697296,0.03730468824505806,0.06841304898262024,0.001099033048376441,0.07050833106040955,0.0007585789426229894
50x50 largo,99,126720.0,0.23472362756729126,0.125,,,2.0,1.0,3.852343797683716,0.4042999744415283,0.04140625149011612,0.07209329307079315,0.0001358442532364279,0.14318642020225525,0.005751088727265596
50x50 largo,100,128000.0,0.09209262579679489,0.0,,,0.0,0.0,3.875,0.4185499846935272,0.04140625149011612,0.06686574220657349,0.00027632652199827135,0.11976824700832367,0.001311102882027626
50x50 largo,101,129280.0,0.23322050273418427,0.125,,,2.0,0.0,3.796093702316284,0.43537500500679016,0.04257812723517418,0.06641970574855804,8.645000343676656e-05,0.15318483114242554,0.006793545559048653
50x50 largo,102,130560.0,0.20415523648262024,0.0625,,,1.0,1.0,3.7554688453674316,0.4557249844074249,0.04179687425494194,0.06314145028591156,0.0001496397308073938,0.07407175004482269,0.00451315101236105
50x50 largo,103,131840.0,0.13627636432647705,0.0,,,0.0,2.0,3.8125,0.4759249687194824,0.0390625,0.06305647641420364,0.0001783088082447648,0.10550662875175476,0.0010156205389648676
50x50 largo,104,133120.0,0.19670599699020386,0.0625,,,1.0,0.0,3.8578126430511475,0.4975999593734741,0.04414062574505806,0.07247765362262726,0.0001195551740238443,0.09517934918403625,0.0073619419708848
50x50 largo,105,134400.0,0.27886712551116943,0.125,,,2.0,2.0,3.785937547683716,0.5225250124931335,0.04414062574505806,0.06850197911262512,0.00034777424298226833,0.15029972791671753,0.007671277970075607
50x50 largo,106,135680.0,0.15786586701869965,0.0,,,0.0,0.0,3.8125,0.5510500073432922,0.04707031324505806,0.06974297761917114,3.7658214750990737e-06,0.16503483057022095,0.0019349344074726105
50x50 largo,107,136960.0,0.21734225749969482,0.0625,,,1.0,1.0,3.7890625,0.5791499614715576,0.04628906399011612,0.07222679257392883,0.0012056047562509775,0.11006659269332886,0.004912828095257282
50x50 largo,108,138240.0,0.13071873784065247,0.0,,,0.0,1.0,3.8453125953674316,0.604449987411499,0.05019531399011612,0.06479685008525848,0.00037668776349164546,0.1728488802909851,0.0028986004181206226
50x50 largo,109,139520.0,0.23330801725387573,0.125,,,2.0,1.0,3.893749952316284,0.6265499591827393,0.06875000149011612,0.07888811826705933,0.00021675470634363592,0.13372382521629333,0.009045833721756935
50x50 largo,110,140800.0,0.10396350920200348,0.0,,,0.0,1.0,3.858593702316284,0.6478749513626099,0.05644531175494194,0.07391830533742905,0.001035718247294426,0.14842423796653748,0.0031017661094665527
50x50 largo,111,142080.0,0.22737765312194824,0.125,,,2.0,1.0,3.8226563930511475,0.6687250137329102,0.05000000074505806,0.06780646741390228,7.751317752990872e-05,0.16004621982574463,0.005443258211016655
50x50 largo,112,143360.0,0.09827250242233276,0.0,,,0.0,1.0,3.864062547683716,0.6903499364852905,0.05000000074505806,0.07095926254987717,7.566542626591399e-05,0.1495898962020874,0.003015754744410515
50x50 largo,113,144640.0,0.1493854969739914,0.0625,,,1.0,0.0,3.862499952316284,0.7118499875068665,0.04667968675494194,0.0694907158613205,3.581660712370649e-05,0.32198774814605713,0.0057118134573102
50x50 largo,114,145920.0,0.19713762402534485,0.125,,,2.0,0.0,3.8031251430511475,0.7309499979019165,0.0478515625,0.06743171811103821,0.0010062111541628838,0.23811671137809753,0.011374898254871368
50x50 largo,115,147200.0,0.13138200342655182,0.0625,,,1.0,0.0,3.6421875953674316,0.7504749894142151,0.05507812649011612,0.06575314700603485,4.812395491171628e-05,0.27250269055366516,0.005850090179592371
50x50 largo,116,148480.0,0.25284913182258606,0.1875,,,3.0,0.0,3.515625,0.7708249688148499,0.05292968824505806,0.06756091117858887,0.00017315574223175645,0.743518590927124,0.033796973526477814
50x50 largo,117,149760.0,0.12152912467718124,0.0625,,,1.0,0.0,3.40234375,0.7912499904632568,0.04140625149011612,0.061362795531749725,8.585189061705023e-05,0.6429880857467651,0.015309415757656097
50x50 largo,118,151040.0,0.1818542331457138,0.125,,,2.0,3.0,3.409374952316284,0.8094749450683594,0.03964843973517418,0.06084523722529411,0.00012584695650730282,0.7283477783203125,0.0203707218170166
50x50 largo,119,152320.0,0.23598474264144897,0.1875,,,3.0,2.0,3.3882813453674316,0.8259749412536621,0.03691406175494194,0.061049047857522964,0.00029604544397443533,0.7536206841468811,0.020388124510645866
50x50 largo,120,153600.0,0.42699354887008667,0.375,,,6.0,4.0,3.278125047683716,0.8424249887466431,0.03769531473517418,0.06122227758169174,4.7947363782441244e-05,0.745445728302002,0.06492747366428375
50x50 largo,121,154880.0,0.11106562614440918,0.0625,,,1.0,5.0,3.3921875953674316,0.8587499856948853,0.03593749925494194,0.062038496136665344,6.723988190060481e-05,0.4901467561721802,0.11500027775764465
50x50 largo,122,156160.0,0.21783562004566193,0.1875,,,3.0,1.0,3.4609375,0.8753499984741211,0.03339843824505806,0.0637669712305069,8.924002759158611e-05,0.5431926250457764,0.01576733961701393
50x50 largo,123,157440.0,0.21154938638210297,0.1875,,,3.0,1.0,3.3335938453674316,0.8895999193191528,0.0263671875,0.05969274789094925,0.0003814433002844453,0.3015211522579193,0.01451873779296875
50x50 largo,124,158720.0,0.22275036573410034,0.1875,,,3.0,3.0,3.206249952316284,0.903374969959259,0.03476562723517418,0.06091836094856262,0.00024727455456741154,0.8758264780044556,0.03130458667874336
50x50 largo,125,160000.0,0.22752337157726288,0.1875,,,3.0,4.0,3.28515625,0.9187249541282654,0.03925781324505806,0.06404908001422882,8.670261013321579e-05,0.7373855113983154,0.0326366052031517
50x50 largo,126,161280.0,0.03357712924480438,0.0,,,0.0,3.0,3.352343797683716,0.9326499700546265,0.03984374925494194,0.06903810799121857,0.0016401584725826979,0.32290729880332947,0.01431813184171915
50x50 largo,127,162560.0,0.20516562461853027,0.1875,,,3.0,0.0,3.438281297683716,0.9399750232696533,0.0478515625,0.07179379463195801,0.0011038425145670772,0.27865299582481384,0.02102331444621086
50x50 largo,128,163840.0,0.2705381214618683,0.25,,,4.0,2.0,3.239062547683716,0.9447499513626099,0.03964843973517418,0.06399406492710114,1.3526733710023109e-05,0.23208311200141907,0.01912444829940796
50x50 largo,129,165120.0,0.031087877228856087,0.0,,,0.0,6.0,3.297656297683716,0.9487999677658081,0.03984374925494194,0.06213492900133133,9.022528683999553e-05,0.4590500295162201,0.013245992362499237
50x50 largo,130,166400.0,0.07636962085962296,0.0625,,,1.0,1.0,3.5335938930511475,0.9528749585151672,0.0380859375,0.06368289887905121,2.5609717340557836e-05,0.44315847754478455,0.008884317241609097
50x50 largo,131,167680.0,0.015213625505566597,0.0,,,0.0,2.0,3.6031250953674316,0.956974983215332,0.04218750074505806,0.07048845291137695,0.00033058790722861886,0.40056705474853516,0.004220474511384964
50x50 largo,132,168960.0,0.010559625923633575,0.0,,,0.0,1.0,3.71875,0.9603250026702881,0.0419921875,0.07703021168708801,0.0011301725171506405,0.4220849871635437,0.006643470376729965
50x50 largo,133,170240.0,0.07205087691545486,0.0625,,,1.0,1.0,3.71484375,0.9635999202728271,0.04062500223517418,0.08204643428325653,0.0007602790137752891,0.5112615823745728,0.014998489059507847
50x50 largo,134,171520.0,0.0707983747124672,0.0625,,,1.0,1.0,3.7320313453674316,0.9656249284744263,0.04960937425494194,0.08355432748794556,0.001006914535537362,0.16906896233558655,0.0038833972066640854
50x50 largo,135,172800.0,0.1307002604007721,0.125,,,2.0,0.0,3.6976563930511475,0.9683249592781067,0.04257812723517418,0.08169987797737122,0.00196930393576622,0.14065243303775787,0.0069234916009008884
50x50 largo,136,174080.0,0.1291714906692505,0.125,,,2.0,0.0,3.555468797683716,0.9712749719619751,0.03886718675494194,0.08584216982126236,0.0004008424293715507,0.08750322461128235,0.005791380535811186
50x50 largo,137,175360.0,0.008772625587880611,0.0,,,0.0,2.0,3.616406202316284,0.9743499755859375,0.03925781324505806,0.11127074062824249,0.0014325533993542194,0.14154471457004547,0.0009724425035528839
50x50 largo,138,176640.0,0.31423312425613403,0.3125,,,5.0,0.0,3.512500047683716,0.9772249460220337,0.03300781175494194,0.10985751450061798,0.0002626672212500125,0.609226644039154,0.05963459238409996
50x50 largo,139,177920.0,0.19718562066555023,0.1875,,,3.0,3.0,3.2906250953674316,0.9780750274658203,0.0302734375,0.09532898664474487,0.00020372004655655473,1.3591399192810059,0.0422450415790081
50x50 largo,140,179200.0,0.07196149230003357,0.0625,,,1.0,3.0,3.393749952316284,0.9783250093460083,0.03359375149011612,0.123506098985672,0.004051327705383301,0.08978699147701263,0.0068079824559390545
50x50 largo,141,180480.0,0.0718814954161644,0.0625,,,1.0,3.0,3.530468702316284,0.9783499836921692,0.04218750074505806,0.12871485948562622,0.0011251214891672134,0.20608502626419067,0.008898230269551277
50x50 largo,142,181760.0,0.13169625401496887,0.125,,,2.0,2.0,3.538281202316284,0.9793249368667603,0.04160156473517418,0.1411658227443695,0.0009988867677748203,0.32317429780960083,0.017241794615983963
50x50 largo,143,183040.0,5.550006608245894e-05,0.0,,,0.0,0.0,3.5625,0.9794999957084656,0.04042968899011612,0.13352787494659424,0.0008300424669869244,0.23299920558929443,0.004085020162165165
50x50 largo,144,184320.0,0.19375936686992645,0.1875,,,3.0,2.0,3.457812547683716,0.9795249700546265,0.0361328125,0.1263342797756195,0.0008972450159490108,0.38422468304634094,0.014297379180788994
50x50 largo,145,185600.0,0.3187708854675293,0.3125,,,5.0,2.0,3.4125001430511475,0.979574978351593,0.041015625,0.12373539805412292,0.0007857570890337229,0.2828255891799927,0.019103247672319412
50x50 largo,146,186880.0,0.1312602460384369,0.125,,,2.0,2.0,3.265625,0.9795999526977539,0.04238281399011612,0.12478779256343842,0.0020973533391952515,0.35186731815338135,0.018003053963184357
50x50 largo,147,188160.0,0.06563012301921844,0.0625,,,1.0,1.0,3.319531202316284,0.9796249866485596,0.05390625074505806,0.11835509538650513,0.0003190936695318669,0.4758073687553406,0.014490866102278233
50x50 largo,148,189440.0,0.003173625096678734,0.0,,,0.0,1.0,3.3515625,0.9797499775886536,0.04550781473517418,0.11382970213890076,0.0010837591253221035,0.44746464490890503,0.012325208634138107
50x50 largo,149,190720.0,0.13124999403953552,0.125,,,2.0,2.0,3.3828125,0.9797499775886536,0.0419921875,0.11846012622117996,0.00025351488147862256,0.3253762722015381,0.011515112593770027
50x50 largo,150,192000.0,0.06894037127494812,0.0625,,,1.0,2.0,3.3929688930511475,0.9803249835968018,0.04121093824505806,0.11748520284891129,0.0018278863281011581,0.5847309231758118,0.0229302067309618
50x50 largo,151,193280.0,0.0656994953751564,0.0625,,,1.0,1.0,3.43359375,0.9805249571800232,0.0400390625,0.13192352652549744,0.00021420622942969203,0.353251188993454,0.013388892635703087
50x50 largo,152,194560.0,0.0688016265630722,0.0625,,,1.0,2.0,3.5015625953674316,0.9806749820709229,0.03984374925494194,0.11462336778640747,0.002398313721641898,0.35427403450012207,0.009777846746146679
50x50 largo,153,195840.0,0.06565824896097183,0.0625,,,1.0,1.0,3.53515625,0.980774998664856,0.04511718824505806,0.11638156324625015,0.001305084559135139,0.26282423734664917,0.004836795385926962
50x50 largo,154,197120.0,0.3219527304172516,0.3125,,,5.0,3.0,3.4609375,0.9810999631881714,0.0478515625,0.12065154314041138,0.0012886044569313526,0.22199566662311554,0.015599792823195457
50x50 largo,155,198400.0,0.1312543749809265,0.125,,,2.0,2.0,3.359375,0.981124997138977,0.0322265625,0.1009172722697258,0.00037538728793151677,0.27471065521240234,0.010208513587713242
50x50 largo,156,199680.0,0.06562499701976776,0.0625,,,1.0,1.0,3.3882813453674316,0.981124997138977,0.03632812574505806,0.09854283928871155,0.0011900938116014004,0.25453367829322815,0.006581929977983236
50x50 largo,157,200960.0,0.4680646061897278,0.0,,,0.0,13.0,1.240625023841858,0.03530000150203705,0.01328125037252903,0.0843954086303711,0.0003609798732213676,1.1010715961456299,0.09911021590232849
50x50 largo,158,202240.0,0.5749812722206116,0.0,,,0.0,12.0,1.2546875476837158,0.08122499287128448,0.006640625186264515,0.06207502633333206,3.381493661436252e-05,0.8445596694946289,0.08707872033119202
50x50 largo,159,203520.0,0.6275671124458313,0.0,,,0.0,18.0,2.367968797683716,0.1331000030040741,0.003515625139698386,0.06811119616031647,8.039287058636546e-05,0.48782268166542053,0.018665015697479248
50x50 largo,160,204800.0,0.568670392036438,0.0,,,0.0,1.0,2.711718797683716,0.18767499923706055,0.005859375,0.0769641101360321,0.000547314528375864,0.3617369830608368,0.009961092844605446
50x50 largo,161,206080.0,0.5960932374000549,0.0625,,,1.0,12.0,3.0367188453674316,0.23922500014305115,0.009179688058793545,0.08839952945709229,0.000380390090867877,0.4845038950443268,0.016344554722309113
50x50 largo,162,207360.0,0.5468689799308777,0.0,,,0.0,6.0,3.671093702316284,0.2981249690055847,0.009179688058793545,0.08063358068466187,0.001269686035811901,0.2215527892112732,0.006429146975278854
50x50 largo,163,208640.0,0.5159388780593872,0.0,,,0.0,0.0,3.8125,0.3608499765396118,0.004687500186264515,0.0819932222366333,0.0003487777430564165,0.2590077817440033,0.007688752841204405
50x50 largo,164,209920.0,0.43348926305770874,0.0,,,0.0,0.0,3.8125,0.4183499813079834,0.0042968750931322575,0.07519660890102386,0.00037062104092910886,0.10530560463666916,0.004687329288572073
50x50 largo,165,211200.0,0.4841313660144806,0.0625,,,1.0,0.0,3.7679688930511475,0.4806499779224396,0.0044921874068677425,0.06651151180267334,0.0002933141076937318,0.22639167308807373,0.010208801366388798
50x50 largo,166,212480.0,0.3501088619232178,0.0,,,0.0,1.0,3.7875001430511475,0.5373499989509583,0.004101562779396772,0.07182832062244415,0.0005610791849903762,0.1676691174507141,0.011759746819734573
50x50 largo,167,213760.0,0.31892648339271545,0.0625,,,1.0,0.0,3.8070313930511475,0.5856750011444092,0.013867187313735485,0.07984518259763718,0.0002995012328028679,0.3384668231010437,0.006429070606827736
50x50 largo,168,215040.0,0.24297548830509186,0.0625,,,1.0,0.0,3.7085938453674316,0.6228249669075012,0.01875000074505806,0.08693587779998779,0.0008415589109063148,0.2153889238834381,0.007674276828765869
50x50 largo,169,216320.0,0.180914506316185,0.0,,,0.0,2.0,3.7679688930511475,0.6620500087738037,0.04082031175494194,0.13752204179763794,0.0013195638312026858,0.25684475898742676,0.0047632846981287
50x50 largo,170,217600.0,0.22189150750637054,0.0625,,,1.0,2.0,3.893749952316284,0.6992000341415405,0.0546875,0.1503925919532776,0.0007682823343202472,0.2508437931537628,0.005380886606872082
50x50 largo,171,218880.0,0.20707300305366516,0.0625,,,1.0,1.0,3.8968751430511475,0.7385499477386475,0.06328125298023224,0.15773716568946838,0.0019332598894834518,0.31696823239326477,0.011633545160293579
50x50 largo,172,220160.0,0.16365763545036316,0.0625,,,1.0,0.0,3.854687452316284,0.7693749666213989,0.06953125447034836,0.15701432526111603,5.8069988881470636e-05,0.17121905088424683,0.00481306342408061
50x50 largo,173,221440.0,0.08148825168609619,0.0,,,0.0,1.0,3.8203125,0.7952250242233276,0.0869140625,0.17243322730064392,0.0005529099144041538,0.2101750522851944,0.0018664427334442735
50x50 largo,174,222720.0,0.0725727528333664,0.0,,,0.0,0.0,3.875,0.8232249617576599,0.09414062649011612,0.19007721543312073,0.0024175047874450684,0.11670557409524918,0.0007408978417515755
50x50 largo,175,224000.0,0.12625962495803833,0.0625,,,1.0,1.0,3.903125047683716,0.8489999771118164,0.1083984375,0.1948605179786682,0.002635184209793806,0.06799207627773285,0.0038212896324694157
50x50 largo,176,225280.0,0.04911113530397415,0.0,,,0.0,0.0,3.875,0.8730999827384949,0.09199219197034836,0.2028132975101471,0.0021607372909784317,0.10714884102344513,0.0008964600274339318
50x50 largo,177,226560.0,0.10395638644695282,0.0625,,,1.0,0.0,3.8375000953674316,0.8971999883651733,0.10546875,0.21147312223911285,0.00228109210729599,0.08533276617527008,0.003913440275937319
50x50 largo,178,227840.0,0.14963674545288086,0.125,,,2.0,0.0,3.757031202316284,0.9144499897956848,0.10898437350988388,0.21418353915214539,0.0016534295864403248,0.21217942237854004,0.008128889836370945
50x50 largo,179,229120.0,0.2087707668542862,0.1875,,,3.0,2.0,3.633593797683716,0.926724910736084,0.12363281100988388,0.21322846412658691,0.00031024031341075897,0.15413495898246765,0.010509115643799305
50x50 largo,180,230400.0,0.5222861170768738,0.5,,,8.0,4.0,3.510937452316284,0.9339999556541443,0.1240234375,0.221199169754982,0.002310618059709668,0.20064938068389893,0.02141217328608036
50x50 largo,181,231680.0,0.2644869089126587,0.25,,,4.0,3.0,3.3531250953674316,0.9378499984741211,0.12539063394069672,0.19910115003585815,0.001771460403688252,0.23999905586242676,0.01434336043894291
50x50 largo,182,232960.0,0.14030562341213226,0.125,,,2.0,4.0,3.321093797683716,0.9411500096321106,0.115234375,0.2106633484363556,0.0015832479111850262,0.16854897141456604,0.008233447559177876
50x50 largo,183,234240.0,0.19792036712169647,0.1875,,,3.0,3.0,3.4398438930511475,0.9430999755859375,0.10859375447034836,0.19368106126785278,0.004056048579514027,0.16678667068481445,0.008069485425949097
50x50 largo,184,235520.0,0.13528048992156982,0.125,,,2.0,3.0,3.4867188930511475,0.9445499181747437,0.10527344048023224,0.20665861666202545,0.0027784989215433598,0.2502285838127136,0.009207057766616344
50x50 largo,185,236800.0,0.07091924548149109,0.0625,,,1.0,2.0,3.546093702316284,0.9478249549865723,0.09765625,0.21431183815002441,0.0006527911173179746,0.31375905871391296,0.008480114862322807
50x50 largo,186,238080.0,0.06787000596523285,0.0625,,,1.0,1.0,3.553906202316284,0.9506499767303467,0.09042968600988388,0.2014925181865692,0.0004996478091925383,0.2439531534910202,0.006208301056176424
50x50 largo,187,239360.0,0.013218000531196594,0.0,,,0.0,4.0,3.676562547683716,0.95169997215271,0.07343750447034836,0.18402519822120667,0.004227478988468647,0.2777564227581024,0.008387373760342598
50x50 largo,188,240640.0,0.0027933751698583364,0.0,,,0.0,0.0,3.8125,0.9534249901771545,0.06796874850988388,0.20268332958221436,0.0012373747304081917,0.2636485695838928,0.007391812279820442
50x50 largo,189,241920.0,0.06638912856578827,0.0625,,,1.0,1.0,3.801562547683716,0.9546499848365784,0.07441406697034836,0.1992396116256714,0.0018110177479684353,0.41504427790641785,0.015748094767332077
50x50 largo,190,243200.0,0.00667187524959445,0.0,,,0.0,2.0,3.90234375,0.9553250074386597,0.0625,0.18980415165424347,0.0008545251912437379,0.20321133732795715,0.0017429927829653025
50x50 largo,191,244480.0,0.18953999876976013,0.1875,,,3.0,0.0,3.870312452316284,0.9564999938011169,0.05351562425494194,0.19991262257099152,0.00040417679701931775,0.13601136207580566,0.01175101287662983
50x50 largo,192,245760.0,0.12541687488555908,0.125,,,2.0,0.0,3.7328126430511475,0.9567749500274658,0.06660156697034836,0.19843198359012604,0.0010917166946455836,0.2908095121383667,0.008032472804188728
50x50 largo,193,247040.0,0.0073100002482533455,0.0,,,0.0,2.0,3.702343702316284,0.9577999711036682,0.07207031548023224,0.1986398845911026,0.000743789947591722,0.0664680004119873,0.00018122754408977926
50x50 largo,194,248320.0,0.006484375335276127,0.0,,,0.0,2.0,3.8148438930511475,0.9579499959945679,0.078125,0.19607654213905334,0.0019934866577386856,0.08641435205936432,0.00023497706570196897
50x50 largo,195,249600.0,0.06320936977863312,0.0625,,,1.0,0.0,3.8335938453674316,0.9587000012397766,0.06328125298023224,0.18768373131752014,0.0006533420528285205,0.04829978942871094,0.003587957238778472
50x50 largo,196,250880.0,0.004404501058161259,0.0,,,0.0,1.0,3.859375,0.9611749649047852,0.0703125,0.21774332225322723,0.004123982973396778,0.07717560231685638,0.000459666654933244
50x50 largo,197,252160.0,0.06414737552404404,0.0625,,,1.0,0.0,3.828125,0.9625499248504639,0.09257812798023224,0.22406187653541565,0.0026192255318164825,0.1456797569990158,0.0041612847708165646
50x50 largo,198,253440.0,0.32582658529281616,0.3125,,,5.0,4.0,3.828906297683716,0.9632999897003174,0.10136719048023224,0.22026269137859344,0.0004535518237389624,0.13058705627918243,0.01324849296361208
50x50 largo,199,254720.0,0.19396623969078064,0.1875,,,3.0,2.0,3.62109375,0.9638499617576599,0.09609375149011612,0.2072266936302185,0.0008211223757825792,0.15557557344436646,0.0077819968573749065
50x50 largo,200,256000.0,0.06900925189256668,0.0625,,,1.0,2.0,3.714062452316284,0.9642750024795532,0.0908203125,0.1895805150270462,0.0027256335597485304,0.27824482321739197,0.0030816132202744484
50x50 largo,201,257280.0,0.1250789910554886,0.125,,,2.0,0.0,3.6796875,0.9644750356674194,0.07558593899011612,0.20003870129585266,0.00038264936301857233,0.196874737739563,0.008979198522865772
50x50 largo,202,258560.0,0.19120873510837555,0.1875,,,3.0,1.0,3.598437547683716,0.9656000137329102,0.08867187798023224,0.2035813331604004,0.0003423911111894995,0.32523560523986816,0.008924437686800957
50x50 largo,203,259840.0,0.12568311393260956,0.125,,,2.0,0.0,3.4632813930511475,0.967199981212616,0.05546874925494194,0.19083264470100403,0.023117441684007645,0.2219618409872055,0.01519774179905653
50x50 largo,204,261120.0,0.13227561116218567,0.125,,,2.0,2.0,3.2953126430511475,0.9684000015258789,0.008593750186264515,0.05874204635620117,0.0008621106389909983,0.2855015993118286,0.009093018248677254
50x50 largo,205,262400.0,0.07263987511396408,0.0625,,,1.0,3.0,3.453125,0.9693499803543091,0.0023437500931322575,0.03261219710111618,0.00011079888645326719,0.312723845243454,0.007636478170752525
50x50 largo,206,263680.0,0.06901150196790695,0.0625,,,1.0,2.0,3.5132813453674316,0.9699249863624573,0.0037109374534338713,0.028368819504976273,0.00019876343139912933,0.12546856701374054,0.003699521068483591
50x50 largo,207,264960.0,0.009711501188576221,0.0,,,0.0,3.0,3.664843797683716,0.9705999493598938,0.0029296875,0.02802678942680359,5.8938978327205405e-05,0.1482340693473816,0.002795398235321045
50x50 largo,208,266240.0,0.009539250284433365,0.0,,,0.0,3.0,3.8453125953674316,0.9708999991416931,0.0037109374534338713,0.030689924955368042,1.0536490663071163e-05,0.11608557403087616,0.007450023666024208
50x50 largo,209,267520.0,0.12567076086997986,0.125,,,2.0,0.0,3.8687500953674316,0.9721750020980835,0.0023437500931322575,0.0296697448939085,9.67223422776442e-06,0.13786017894744873,0.0072196717374026775
50x50 largo,210,268800.0,0.006442375481128693,0.0,,,0.0,2.0,3.859375,0.9726249575614929,0.002539062639698386,0.028141872957348824,2.1938703866908327e-05,0.16650867462158203,0.005236757919192314
50x50 largo,211,270080.0,0.06578287482261658,0.0625,,,1.0,1.0,3.917187452316284,0.9729750156402588,0.0027343749534338713,0.029862307012081146,7.614151400048286e-05,0.11218298971652985,0.005547270178794861
50x50 largo,212,271360.0,0.12829899787902832,0.125,,,2.0,1.0,3.870312452316284,0.9733499884605408,0.0021484375465661287,0.030645787715911865,5.617038914351724e-05,0.10438232868909836,0.010042266920208931
50x50 largo,213,272640.0,0.06887274980545044,0.0625,,,1.0,2.0,3.9000000953674316,0.973675012588501,0.0033203125931322575,0.028864722698926926,1.9837383661069907e-05,0.11449724435806274,0.0015097935684025288
50x50 largo,214,273920.0,0.06267625093460083,0.0625,,,1.0,0.0,3.928906202316284,0.9741249680519104,0.0021484375465661287,0.027724910527467728,7.671448656765278e-06,0.05691918730735779,0.003544996026903391
50x50 largo,215,275200.0,0.2564046382904053,0.25,,,4.0,2.0,3.7906250953674316,0.9744750261306763,0.0023437500931322575,0.025286439806222916,2.6571680791676044e-05,0.15531423687934875,0.01171292643994093
50x50 largo,216,276480.0,0.2531352639198303,0.25,,,4.0,1.0,3.639843702316284,0.9744999408721924,0.001953125,0.02806670404970646,0.00011906457075383514,0.06218871846795082,0.011012623086571693
50x50 largo,217,277760.0,0.3125,0.3125,,,5.0,0.0,3.397656202316284,0.9744999408721924,0.003515625139698386,0.027955375611782074,1.3757515262113884e-05,0.06927096098661423,0.014707177877426147
50x50 largo,218,279040.0,0.003136125160381198,0.0,,,0.0,1.0,3.274218797683716,0.9745500087738037,0.0029296875,0.03014131262898445,7.069072307785973e-05,0.04708995670080185,6.63752798573114e-05
50x50 largo,219,280320.0,0.0,0.0,,,0.0,0.0,3.3125,0.9745500087738037,0.001757812569849193,0.02396705374121666,0.00010407654917798936,0.028284519910812378,4.6804350859019905e-05
50x50 largo,220,281600.0,0.2031249850988388,0.1875,,,3.0,5.0,3.4203126430511475,0.9745500087738037,0.0013671874767169356,0.022520627826452255,6.751959153916687e-05,0.07221567630767822,0.008748840540647507
50x50 largo,221,282880.0,0.19062499701976776,0.1875,,,3.0,1.0,3.413281202316284,0.9745500087738037,0.0013671874767169356,0.023165974766016006,2.5471856133663096e-05,0.05898244306445122,0.009023771621286869
50x50 largo,222,284160.0,0.015630250796675682,0.0,,,0.0,5.0,3.4828126430511475,0.9745749831199646,0.0021484375465661287,0.02382323518395424,1.3259454135550186e-05,0.053034670650959015,0.00027015377418138087
50x50 largo,223,285440.0,0.00316062499769032,0.0,,,0.0,1.0,3.6812500953674316,0.974649965763092,0.001757812569849193,0.02478194236755371,4.8036563384812325e-05,0.07066431641578674,0.00018543589976616204
50x50 largo,224,286720.0,0.12825624644756317,0.125,,,2.0,1.0,3.649218797683716,0.9749499559402466,0.0021484375465661287,0.026832126080989838,8.822389645501971e-06,0.06497517228126526,0.003958177287131548
50x50 largo,225,288000.0,0.06888924539089203,0.0625,,,1.0,2.0,3.6585938930511475,0.9753499627113342,0.0021484375465661287,0.02481141686439514,3.990347613580525e-05,0.038827084004879,0.0030268561094999313
50x50 largo,226,289280.0,0.3127533793449402,0.3125,,,5.0,0.0,3.4828126430511475,0.9762250185012817,0.0021484375465661287,0.025310847908258438,4.4363892811816186e-05,0.0667300745844841,0.013378076255321503
50x50 largo,227,290560.0,0.37812501192092896,0.375,,,6.0,1.0,3.1796875,0.9762250185012817,0.004101562779396772,0.028989238664507866,2.9050768716842867e-05,0.07252228260040283,0.01291927695274353
50x50 largo,228,291840.0,0.19063937664031982,0.1875,,,3.0,1.0,3.000781297683716,0.9762749671936035,0.001953125,0.027935663238167763,5.575139948632568e-05,0.10706843435764313,0.003969212062656879
50x50 largo,229,293120.0,0.12500862777233124,0.125,,,2.0,0.0,2.8531250953674316,0.9763000011444092,0.0023437500931322575,0.028715400025248528,5.531255283131031e-06,0.1448451429605484,0.007287768647074699
50x50 largo,230,294400.0,0.13439549505710602,0.125,,,2.0,3.0,2.92578125,0.9764000177383423,0.0031250000465661287,0.03097117505967617,3.8021702494006604e-05,0.1247134804725647,0.006263261660933495
50x50 largo,231,295680.0,0.01889662630856037,0.0,,,0.0,6.0,3.1015625,0.976824939250946,0.0042968750931322575,0.034645065665245056,3.025722071470227e-05,0.1645599901676178,0.002437587594613433
50x50 largo,232,296960.0,0.13440987467765808,0.125,,,2.0,3.0,3.34375,0.9769249558448792,0.0021484375465661287,0.033715128898620605,2.9447201086441055e-05,0.17970654368400574,0.008406170643866062
50x50 largo,233,298240.0,0.12817075848579407,0.125,,,2.0,1.0,3.23828125,0.9770749807357788,0.004101562779396772,0.03488557040691376,3.594187000999227e-05,0.22056344151496887,0.010146496817469597
50x50 largo,234,299520.0,0.19695773720741272,0.1875,,,3.0,3.0,3.2421875,0.9773999452590942,0.0033203125931322575,0.035549990832805634,0.0001375711290165782,0.1610909402370453,0.010730192065238953
50x50 largo,235,300800.0,0.27998673915863037,0.0,,,0.0,8.0,1.2625000476837158,0.021024998277425766,0.0027343749534338713,0.04672487825155258,0.000800923618953675,0.24111536145210266,0.02026120200753212
50x50 largo,236,302080.0,0.5538631081581116,0.0,,,0.0,12.0,0.9554687738418579,0.06430000066757202,0.01230468787252903,0.06876079738140106,0.0006678855279460549,0.6677404046058655,0.015011809766292572
50x50 largo,237,303360.0,0.4958428740501404,0.0,,,0.0,10.0,1.603906273841858,0.10502499341964722,0.008203125558793545,0.05784885585308075,0.00016534101450815797,0.2060992568731308,0.0028565831016749144
50x50 largo,238,304640.0,0.5283114910125732,0.0,,,0.0,10.0,2.102343797683716,0.15072500705718994,0.008593750186264515,0.060314178466796875,0.00047034904127940536,0.08276557922363281,0.0007616226794198155
50x50 largo,239,305920.0,0.4735778570175171,0.0,,,0.0,12.0,2.9585938453674316,0.19280000030994415,0.003515625139698386,0.052392859011888504,0.0003636777983047068,0.05002228543162346,0.0006403709994629025
50x50 largo,240,307200.0,0.4367332458496094,0.0,,,0.0,3.0,3.375781297683716,0.2363249957561493,0.001757812569849193,0.047580644488334656,7.37395093892701e-05,0.07688389718532562,0.0007818438461981714
50x50 largo,241,308480.0,0.4279157221317291,0.0,,,0.0,2.0,3.549999952316284,0.28189998865127563,0.0009765625,0.05359667167067528,0.00012782648263964802,0.05330514907836914,0.0006747927982360125
50x50 largo,242,309760.0,0.3875349760055542,0.0,,,0.0,4.0,3.75390625,0.32499998807907104,0.0015625000232830644,0.04612836614251137,0.00026895530754700303,0.04812650755047798,0.0008117015240713954
50x50 largo,243,311040.0,0.36308762431144714,0.0,,,0.0,2.0,3.895312547683716,0.36877501010894775,0.0005859375232830644,0.048096731305122375,0.0001790721871657297,0.10142707824707031,0.0015144525095820427
50x50 largo,244,312320.0,0.3626708686351776,0.0,,,0.0,1.0,3.953125,0.41614997386932373,0.0015625000232830644,0.0442114993929863,0.00029719958547502756,0.12779846787452698,0.002950530033558607
50x50 largo,245,313600.0,0.3035261034965515,0.0,,,0.0,0.0,4.0,0.45934998989105225,0.0031250000465661287,0.0514223612844944,0.00019342356245033443,0.1008552685379982,0.002050465904176235
50x50 largo,246,314880.0,0.2732303738594055,0.0,,,0.0,0.0,4.0,0.5017499923706055,0.0033203125931322575,0.05550076439976692,0.0004382752813398838,0.049592044204473495,0.00042479659896343946
50x50 largo,247,316160.0,0.3501024842262268,0.0625,,,1.0,0.0,3.9976563453674316,0.5505749583244324,0.0021484375465661287,0.059845078736543655,0.00018595700385048985,0.14011335372924805,0.005056057590991259
50x50 largo,248,317440.0,0.37623363733291626,0.125,,,2.0,0.0,3.918750047683716,0.5980749130249023,0.0023437500931322575,0.04590388759970665,0.0007218326209113002,0.13144873082637787,0.014742525294423103
50x50 largo,249,318720.0,0.2294471263885498,0.0,,,0.0,1.0,3.8375000953674316,0.6462249755859375,0.001953125,0.055288687348365784,0.00035104065318591893,0.11224330961704254,0.0022785686887800694
50x50 largo,250,320000.0,0.18130038678646088,0.0,,,0.0,0.0,3.875,0.6897749900817871,0.0007812500116415322,0.04610305279493332,0.00037766681634821,0.039874762296676636,0.00014103917055763304
50x50 largo,251,321280.0,0.16842350363731384,0.0,,,0.0,1.0,3.9320313930511475,0.7364249229431152,0.001953125,0.03992723673582077,0.000307946145767346,0.06107080355286598,0.00023352271819021553
50x50 largo,252,322560.0,0.14017288386821747,0.0,,,0.0,0.0,3.9375,0.7833499908447266,0.0011718750465661287,0.04540513455867767,3.0432265702984296e-05,0.050559401512145996,0.00029395107412710786
50x50 largo,253,323840.0,0.10627451539039612,0.0,,,0.0,0.0,3.9375,0.8274999856948853,0.0021484375465661287,0.04087643325328827,7.949307473609224e-05,0.07644828408956528,0.00032710772939026356
50x50 largo,254,325120.0,0.20340149104595184,0.125,,,2.0,1.0,3.871875047683716,0.866599977016449,0.001757812569849193,0.04546421766281128,0.00019393060938455164,0.05368252843618393,0.005790029652416706
50x50 largo,255,326400.0,0.17918400466442108,0.125,,,2.0,1.0,3.8304688930511475,0.9012749791145325,0.0044921874068677425,0.054267533123493195,8.436561620328575e-05,0.04000423103570938,0.008363164961338043
50x50 largo,256,327680.0,0.28691911697387695,0.25,,,4.0,1.0,3.731250047683716,0.9286249876022339,0.0029296875,0.05001554638147354,0.00011919354437850416,0.05622760206460953,0.009655904024839401
50x50 largo,257,328960.0,0.3964211344718933,0.375,,,6.0,1.0,3.492968797683716,0.949524998664856,0.00390625,0.04266297072172165,0.00011077657109126449,0.08534020185470581,0.01814543828368187
50x50 largo,258,330240.0,0.6971336603164673,0.6875,,,11.0,1.0,3.0179688930511475,0.959850013256073,0.0048828125,0.044778887182474136,9.511638199910522e-05,0.17649707198143005,0.03432534262537956
50x50 largo,259,331520.0,0.5839797258377075,0.5625,,,9.0,6.0,2.6171875,0.9646999835968018,0.0064453124068677425,0.059943147003650665,0.00045364603283815086,0.14925570785999298,0.023733563721179962
50x50 largo,260,332800.0,0.4042589068412781,0.375,,,6.0,9.0,2.616406202316284,0.9674749374389648,0.010937499813735485,0.07796461880207062,0.00014080340042710304,0.055315449833869934,0.016100533306598663
50x50 largo,261,334080.0,0.328165739774704,0.3125,,,5.0,5.0,2.6742188930511475,0.9676249623298645,0.01171875,0.06667742133140564,0.00010663825378287584,0.05849166214466095,0.013377846218645573
50x50 largo,262,335360.0,0.1531323790550232,0.125,,,2.0,9.0,2.992968797683716,0.9676499366760254,0.0042968750931322575,0.04256531596183777,0.0008850044687278569,0.06380187720060349,0.007077248301357031
50x50 largo,263,336640.0,0.07505674660205841,0.0625,,,1.0,4.0,3.242968797683716,0.9678999185562134,0.0033203125931322575,0.039031773805618286,0.00021200961782597005,0.06757549941539764,0.0036122037563472986
50x50 largo,264,337920.0,0.006255750078707933,0.0,,,0.0,2.0,3.37109375,0.967924952507019,0.0029296875,0.043320298194885254,5.399781002779491e-05,0.07251850515604019,0.0004990973393432796
50x50 largo,265,339200.0,0.006718250457197428,0.0,,,0.0,2.0,3.508593797683716,0.96875,0.001757812569849193,0.048912163823843,0.000994811998680234,0.17862868309020996,0.0013424698263406754
50x50 largo,266,340480.0,0.0033378752414137125,0.0,,,0.0,1.0,3.5882813930511475,0.9693999886512756,0.0011718750465661287,0.0533512607216835,0.00019086850807070732,0.15126708149909973,0.001141502521932125
50x50 largo,267,341760.0,0.009428750723600388,0.0,,,0.0,3.0,3.770312547683716,0.9695999622344971,0.0023437500931322575,0.050146475434303284,6.912532990099862e-05,0.0805821642279625,0.0009356916998513043
50x50 largo,268,343040.0,0.0033750003203749657,0.0,,,0.0,1.0,3.835156202316284,0.9702000021934509,0.0023437500931322575,0.04324719309806824,0.00016896985471248627,0.05985253304243088,0.0008884407579898834
50x50 largo,269,344320.0,0.003860125318169594,0.0,,,0.0,1.0,3.9156250953674316,0.971750020980835,0.0007812500116415322,0.041656360030174255,9.417816181667149e-05,0.07601572573184967,0.00115599250420928
50x50 largo,270,345600.0,0.06666374951601028,0.0625,,,1.0,1.0,3.9429688453674316,0.9739500284194946,0.0013671874767169356,0.044213298708200455,3.242192178731784e-05,0.06645511090755463,0.0037908577360212803
50x50 largo,271,346880.0,0.0033583752810955048,0.0,,,0.0,1.0,3.9671876430511475,0.9749000072479248,0.0033203125931322575,0.060802310705184937,0.00039343792013823986,0.07361599057912827,0.0005295418086461723
50x50 largo,272,348160.0,0.0009205006062984467,0.0,,,0.0,0.0,4.0,0.9768999814987183,0.0027343749534338713,0.06601180881261826,0.00017602180014364421,0.03294513374567032,0.00022844767954666167
50x50 largo,273,349440.0,0.06270312517881393,0.0625,,,1.0,0.0,3.948437452316284,0.977524995803833,0.0023437500931322575,0.052163753658533096,0.00012200324999867007,0.03808359056711197,0.002818200271576643
50x50 largo,274,350720.0,0.0034567504189908504,0.0,,,0.0,1.0,3.98828125,0.9787750244140625,0.001953125,0.05350389704108238,6.110599497333169e-05,0.04755190759897232,4.337760037742555e-05
50x50 largo,275,352000.0,0.06279875338077545,0.0625,,,1.0,0.0,3.9398438930511475,0.9796500205993652,0.0042968750931322575,0.05012993887066841,0.0001621278643142432,0.03188786655664444,0.0013599400408565998
50x50 largo,276,353280.0,4.262501170160249e-05,0.0,,,0.0,0.0,3.9375,0.9797999858856201,0.0072265625931322575,0.05608296021819115,0.00044376502046361566,0.042282916605472565,4.7681722207926214e-05
50x50 largo,277,354560.0,0.06264849752187729,0.0625,,,1.0,0.0,3.899218797683716,0.9803749918937683,0.003515625139698386,0.0511263944208622,2.9530163374147378e-05,0.024740446358919144,0.0032443536911159754
50x50 largo,278,355840.0,0.4406310021877289,0.4375,,,7.0,1.0,3.6742188930511475,0.9803999662399292,0.009179688058793545,0.053207334131002426,0.0009134665597230196,0.055660370737314224,0.021275393664836884
50x50 largo,279,357120.0,0.18750612437725067,0.1875,,,3.0,0.0,3.397656202316284,0.9804499745368958,0.02207031287252903,0.06414024531841278,0.0006762024713680148,0.13771095871925354,0.011510450392961502
50x50 largo,280,358400.0,0.12812499701976776,0.125,,,2.0,1.0,3.282031297683716,0.9804499745368958,0.03046875074505806,0.07060299813747406,0.00035727606154978275,0.127839133143425,0.005695869214832783
50x50 largo,281,359680.0,0.32188037037849426,0.3125,,,5.0,3.0,3.1390626430511475,0.9804749488830566,0.029296875,0.07647337764501572,0.0010996193159371614,0.07893384248018265,0.013679240830242634
50x50 largo,282,360960.0,0.4531250298023224,0.4375,,,7.0,5.0,3.089062452316284,0.9804749488830566,0.02382812462747097,0.08403525501489639,0.0036945058964192867,0.0842510238289833,0.018248703330755234
50x50 largo,283,362240.0,0.25004175305366516,0.25,,,4.0,0.0,2.8203125,0.9806250333786011,0.0052734375931322575,0.05056886374950409,0.00012589959078468382,0.11874400824308395,0.011723281815648079
50x50 largo,284,363520.0,0.38449710607528687,0.375,,,6.0,3.0,2.688281297683716,0.9810749292373657,0.005859375,0.042107727378606796,0.0002809720463119447,0.18090307712554932,0.01692933402955532
50x50 largo,285,364800.0,0.3188762664794922,0.3125,,,5.0,2.0,2.4390625953674316,0.9815750122070312,0.0062500000931322575,0.047215208411216736,0.0001460989733459428,0.07110581547021866,0.014716620557010174
50x50 largo,286,366080.0,0.2124999761581421,0.1875,,,3.0,8.0,2.4593751430511475,0.9815750122070312,0.0052734375931322575,0.04527141526341438,8.216322748921812e-05,0.06421387195587158,0.008342664688825607
50x50 largo,287,367360.0,0.00937500037252903,0.0,,,0.0,3.0,2.780468702316284,0.9815750122070312,0.006054687779396772,0.0436532199382782,3.0967570637585595e-05,0.06338636577129364,0.00019567263370845467
50x50 largo,288,368640.0,0.13437499105930328,0.125,,,2.0,3.0,2.9078125953674316,0.9815750122070312,0.0037109374534338713,0.055987440049648285,0.00025250870385207236,0.03041805326938629,0.005719725042581558
50x50 largo,289,369920.0,0.078125,0.0625,,,1.0,5.0,3.0640625953674316,0.9815750122070312,0.006640625186264515,0.0651034489274025,0.00038639403646811843,0.06566464900970459,0.003411115612834692
50x50 largo,290,371200.0,0.06874999403953552,0.0625,,,1.0,2.0,3.223437547683716,0.9815750122070312,0.003515625139698386,0.05008959025144577,0.0005548199405893683,0.027841515839099884,0.0036926325410604477
50x50 largo,291,372480.0,0.0062500000931322575,0.0,,,0.0,2.0,3.3671875,0.9815750122070312,0.006054687779396772,0.05028368905186653,0.00031895656138658524,0.04648181051015854,0.00037088815588504076
50x50 largo,292,373760.0,0.012500000186264515,0.0,,,0.0,4.0,3.516406297683716,0.9815750122070312,0.0037109374534338713,0.05161924287676811,9.155888255918398e-05,0.028881944715976715,0.000537183484993875
50x50 largo,293,375040.0,0.06880024820566177,0.0625,,,1.0,2.0,3.6578125953674316,0.9817749857902527,0.0037109374534338713,0.05509448051452637,5.084039003122598e-05,0.09817036241292953,0.0042892443016171455
50x50 largo,294,376320.0,0.009496999904513359,0.0,,,0.0,3.0,3.8125,0.9822499752044678,0.0054687499068677425,0.05946881324052811,0.0001649543410167098,0.051443327218294144,0.0005712358397431672
50x50 largo,295,377600.0,0.12812499701976776,0.125,,,2.0,1.0,3.828906297683716,0.9822499752044678,0.0068359375,0.07249654084444046,0.0002452228218317032,0.0734083279967308,0.005846064072102308
50x50 largo,296,378880.0,5.000009878131095e-06,0.0,,,0.0,0.0,3.8125,0.9822750091552734,0.0072265625931322575,0.0748492181301117,0.0003109184035565704,0.05807267501950264,8.864424307830632e-05
50x50 largo,297,380160.0,0.06563612073659897,0.0625,,,1.0,1.0,3.815624952316284,0.98232501745224,0.008007812313735485,0.07144822180271149,0.00010434546857140958,0.0486622154712677,0.0034967300016433
50x50 largo,298,381440.0,0.0031357500702142715,0.0,,,0.0,1.0,3.856250047683716,0.9823749661445618,0.01171875,0.09454475343227386,0.0007982387905940413,0.0556599386036396,0.00034648465225473046
50x50 largo,299,382720.0,0.06250562518835068,0.0625,,,1.0,0.0,3.8343751430511475,0.9824000000953674,0.01230468787252903,0.08880333602428436,0.00014468895096797496,0.04340940713882446,0.0032057613134384155
50x50 largo,300,384000.0,0.12812499701976776,0.125,,,2.0,1.0,3.788281202316284,0.9824000000953674,0.010156250558793545,0.0993458479642868,0.000479952956084162,0.04652058333158493,0.006373441778123379
50x50 largo,301,385280.0,0.06251049786806107,0.0625,,,1.0,0.0,3.746875047683716,0.9824499487876892,0.013476562686264515,0.0901511162519455,0.00045596552081406116,0.04132748767733574,0.0033797933720052242
50x50 largo,302,386560.0,0.12815424799919128,0.125,,,2.0,1.0,3.62890625,0.9825500249862671,0.010546875186264515,0.09920686483383179,0.0003260088851675391,0.05797969922423363,0.006200678180903196
50x50 largo,303,387840.0,0.18750587105751038,0.1875,,,3.0,0.0,3.5687501430511475,0.982574999332428,0.012500000186264515,0.10007990896701813,0.00013446062803268433,0.0669197216629982,0.009375954046845436
50x50 largo,304,389120.0,0.2562499940395355,0.25,,,4.0,2.0,3.385937452316284,0.982574999332428,0.01816406287252903,0.0896628201007843,0.0003051138191949576,0.09685787558555603,0.012103106826543808
50x50 largo,305,390400.0,0.12813599407672882,0.125,,,2.0,1.0,3.350781202316284,0.9826250076293945,0.01582031324505806,0.10274096578359604,0.0003812341601587832,0.09732820093631744,0.006685853935778141
50x50 largo,306,391680.0,9.000003046821803e-06,0.0,,,0.0,0.0,3.25,0.9826499819755554,0.01953125,0.120419442653656,0.0011177391279488802,0.12919571995735168,0.00013592687901109457
50x50 largo,307,392960.0,0.18751999735832214,0.1875,,,3.0,0.0,3.1617188453674316,0.9827250242233276,0.0234375,0.10564547777175903,0.0009190459968522191,0.036925025284290314,0.008121993392705917
50x50 largo,308,394240.0,0.44688037037849426,0.4375,,,7.0,3.0,2.922656297683716,0.9827499985694885,0.017578125,0.11209923028945923,0.0006274681072682142,0.11579474806785583,0.018827147781848907
50x50 largo,309,395520.0,0.3843802213668823,0.375,,,6.0,3.0,2.8023438453674316,0.9827749729156494,0.02480468712747097,0.124876007437706,0.00024083600146695971,0.15203802287578583,0.016136540099978447
50x50 largo,310,396800.0,0.25313663482666016,0.25,,,4.0,1.0,2.547656297683716,0.982824981212616,0.02597656287252903,0.14617595076560974,0.0007610490429215133,0.1863737851381302,0.010721283033490181
50x50 largo,311,398080.0,0.2593863606452942,0.25,,,4.0,3.0,2.4437501430511475,0.9828749895095825,0.03515625,0.15540549159049988,0.0006026424816809595,0.14594976603984833,0.012390431948006153
50x50 largo,312,399360.0,0.07520337402820587,0.0625,,,1.0,4.0,2.48828125,0.9835999608039856,0.03359375149011612,0.17266061902046204,0.0005579143762588501,0.16234125196933746,0.0026046442799270153
50x50 largo,313,400640.0,0.5695763826370239,0.3125,,,5.0,12.0,1.3210937976837158,0.018150001764297485,0.05976562574505806,0.20056061446666718,0.0009770332835614681,0.14754751324653625,0.014940204098820686
50x50 largo,314,401920.0,0.7612465620040894,0.0,,,0.0,27.0,1.571874976158142,0.07514999806880951,0.04628906399011612,0.211918443441391,0.0010916979517787695,0.16952309012413025,0.0022678032983094454
50x50 largo,315,403200.0,0.49509549140930176,0.0,,,0.0,12.0,2.67578125,0.11572499573230743,0.0439453125,0.1747491955757141,0.0002495042863301933,0.1214478388428688,0.0005725779919885099
50x50 largo,316,404480.0,0.3840666115283966,0.0,,,0.0,3.0,3.153125047683716,0.15047499537467957,0.03085937537252903,0.18493647873401642,0.0008504596771672368,0.07761461287736893,0.00019302344298921525
50x50 largo,317,405760.0,0.3859632611274719,0.0,,,0.0,0.0,3.25,0.1876250058412552,0.04843750223517418,0.2044556438922882,0.0002670077374204993,0.11722200363874435,0.00024121926981024444
50x50 largo,318,407040.0,0.4346248507499695,0.0,,,0.0,3.0,3.360156297683716,0.23077499866485596,0.03945312649011612,0.22216007113456726,0.0008035831851884723,0.09088674187660217,0.0003170762793160975
50x50 largo,319,408320.0,0.3894078731536865,0.0,,,0.0,5.0,3.55859375,0.27067500352859497,0.04941406473517418,0.20050832629203796,0.0015720614464953542,0.0833638459444046,0.0003182612999808043
50x50 largo,320,409600.0,0.3588581383228302,0.0,,,0.0,1.0,3.76953125,0.31075000762939453,0.04335937649011612,0.18439456820487976,0.0011079467367380857,0.1044769138097763,0.00024858146207407117
50x50 largo,321,410880.0,0.4203200042247772,0.0,,,0.0,0.0,3.8125,0.3615749776363373,0.03769531473517418,0.1981593370437622,0.0005115288076922297,0.11567390710115433,0.0003512372204568237
50x50 largo,322,412160.0,0.3678009808063507,0.0,,,0.0,3.0,3.960156202316284,0.40847498178482056,0.03828125074505806,0.1801052987575531,0.0007960746879689395,0.09304250776767731,0.0002647286746650934
50x50 largo,323,413440.0,0.3491378426551819,0.0,,,0.0,0.0,4.0,0.4577999711036682,0.02753906324505806,0.16793806850910187,0.0003219663049094379,0.07792088389396667,0.0002068727626465261
50x50 largo,324,414720.0,0.31215187907218933,0.0,,,0.0,0.0,4.0,0.5066249966621399,0.03242187574505806,0.175772562623024,0.0010908714029937983,0.08727652579545975,0.0002037854865193367
50x50 largo,325,416000.0,0.29037636518478394,0.0,,,0.0,0.0,4.0,0.5561999678611755,0.02910156361758709,0.1558499038219452,0.0007137644570320845,0.06063981354236603,0.00020893471082672477
50x50 largo,326,417280.0,0.2028733789920807,0.0,,,0.0,0.0,4.0,0.5947999954223633,0.02968749962747097,0.15381133556365967,0.0006565474905073643,0.10427188128232956,0.00015508869546465576
50x50 largo,327,418560.0,0.18846675753593445,0.0,,,0.0,0.0,4.0,0.6345499753952026,0.02968749962747097,0.16370783746242523,0.000843054847791791,0.09187959134578705,0.00018162840569857508
50x50 largo,328,419840.0,0.25000450015068054,0.0625,,,1.0,0.0,3.98828125,0.6790249943733215,0.03574218973517418,0.16038528084754944,9.777098603080958e-05,0.09910310804843903,0.0018953976687043905
50x50 largo,329,421120.0,0.1766626238822937,0.0,,,0.0,0.0,3.9375,0.7269999980926514,0.02910156361758709,0.15905039012432098,0.0003888189676217735,0.0777319073677063,0.00023165976745076478
50x50 largo,330,422400.0,0.13789862394332886,0.0,,,0.0,0.0,3.9375,0.7709499597549438,0.03125,0.16299082338809967,0.0003983710194006562,0.09726119041442871,0.00013957716873846948
50x50 largo,331,423680.0,0.2328411340713501,0.125,,,2.0,0.0,3.8765625953674316,0.8132500052452087,0.03398437425494194,0.20148572325706482,0.0014944454887881875,0.111592136323452,0.0053987144492566586
50x50 largo,332,424960.0,0.15004050731658936,0.0625,,,1.0,1.0,3.8101563453674316,0.850974977016449,0.04843750223517418,0.21368750929832458,0.00028013589326292276,0.146755188703537,0.0031686436850577593
50x50 largo,333,426240.0,0.07179476320743561,0.0,,,0.0,1.0,3.8148438930511475,0.8896499872207642,0.04570312425494194,0.21073174476623535,0.000550468685105443,0.10398174822330475,0.0001771470415405929
50x50 largo,334,427520.0,0.28277623653411865,0.25,,,4.0,1.0,3.7828125953674316,0.9108250141143799,0.0595703125,0.20384198427200317,0.0020973803475499153,0.1163707822561264,0.010043345391750336
50x50 largo,335,428800.0,0.4645629823207855,0.4375,,,7.0,3.0,3.507031202316284,0.9266499876976013,0.04902343824505806,0.18582400679588318,0.002192632295191288,0.1720018982887268,0.015607080422341824
50x50 largo,336,430080.0,0.39112427830696106,0.375,,,6.0,2.0,3.2953126430511475,0.9371749758720398,0.05527343973517418,0.18947690725326538,0.00026736556901596487,0.18532082438468933,0.01733163371682167
50x50 largo,337,431360.0,0.4561711549758911,0.4375,,,7.0,4.0,3.1234376430511475,0.9442249536514282,0.04960937425494194,0.15078189969062805,0.001565731829032302,0.7048300504684448,0.02219540625810623
50x50 largo,338,432640.0,0.38846659660339355,0.375,,,6.0,3.0,2.882031202316284,0.9501999616622925,0.03457031399011612,0.1776828020811081,0.000946009298786521,0.08540652692317963,0.019813090562820435
50x50 largo,339,433920.0,0.14381501078605652,0.125,,,2.0,5.0,2.8929688930511475,0.9546749591827393,0.04277343675494194,0.18145300447940826,0.0007265555905178189,0.12572455406188965,0.006434964947402477
50x50 largo,340,435200.0,0.25975435972213745,0.25,,,4.0,3.0,2.9765625,0.955549955368042,0.05000000074505806,0.20280015468597412,0.0005763098015449941,0.10300853103399277,0.010394269600510597
50x50 largo,341,436480.0,0.26922863721847534,0.25,,,4.0,6.0,2.921093702316284,0.9564249515533447,0.04824218899011612,0.16243109107017517,0.0022760252468287945,0.22657150030136108,0.11020617187023163
50x50 largo,342,437760.0,0.0699278712272644,0.0625,,,1.0,2.0,3.102343797683716,0.9577499628067017,0.0380859375,0.1607379913330078,0.00011711980914697051,0.758881688117981,0.01729632169008255
50x50 largo,343,439040.0,0.016958000138401985,0.0,,,0.0,5.0,3.285937547683716,0.9596749544143677,0.0380859375,0.1685556173324585,0.00019054574659094214,0.8318957090377808,0.005417405162006617
50x50 largo,344,440320.0,0.017264625057578087,0.0,,,0.0,5.0,3.55078125,0.9615499973297119,0.03886718675494194,0.1784423142671585,8.917562081478536e-05,1.0394706726074219,0.008334615267813206
50x50 largo,345,441600.0,0.004563750699162483,0.0,,,0.0,1.0,3.760937452316284,0.9636750221252441,0.04140625149011612,0.21724852919578552,0.0022371183149516582,0.7030056715011597,0.0050553129985928535
50x50 largo,346,442880.0,0.06635662913322449,0.0625,,,1.0,1.0,3.799999952316284,0.9645500183105469,0.05078125,0.20608128607273102,0.00018666920368559659,1.1993393898010254,0.01390404999256134
50x50 largo,347,444160.0,0.06898874789476395,0.0625,,,1.0,2.0,3.85546875,0.964900016784668,0.05253906175494194,0.20074312388896942,0.0005259061581455171,0.20864999294281006,0.006491537671536207
50x50 largo,348,445440.0,0.0665387511253357,0.0625,,,1.0,1.0,3.9234375953674316,0.9669249653816223,0.04550781473517418,0.20143108069896698,0.00029404592351056635,0.9075711965560913,0.0114733362570405
50x50 largo,349,446720.0,0.0006246254197321832,0.0,,,0.0,0.0,3.875,0.9684000015258789,0.05312500149011612,0.2123466581106186,0.00012101406173314899,0.13782548904418945,0.005601976998150349
50x50 largo,350,448000.0,0.0034746252931654453,0.0,,,0.0,1.0,3.903125047683716,0.9690749645233154,0.05292968824505806,0.17950120568275452,0.0014350115088745952,0.1388069987297058,9.034039976540953e-05
50x50 largo,351,449280.0,0.0625547543168068,0.0625,,,1.0,0.0,3.903125047683716,0.9692749977111816,0.0458984375,0.17114020884037018,0.0006453649257309735,0.05521692708134651,0.0032713806722313166
50x50 largo,352,450560.0,0.06280737370252609,0.0625,,,1.0,0.0,3.8304688930511475,0.9700499773025513,0.03398437425494194,0.15925222635269165,0.00021855680097360164,0.07818366587162018,0.003167386632412672
50x50 largo,353,451840.0,0.0003441252338234335,0.0,,,0.0,0.0,3.8125,0.9708749651908875,0.03574218973517418,0.13856735825538635,0.0009562696795910597,0.07415352761745453,7.266266038641334e-05
50x50 largo,354,453120.0,0.06621425598859787,0.0625,,,1.0,1.0,3.807812452316284,0.9724000096321106,0.02519531361758709,0.1286720335483551,0.00019952717411797494,0.06331035494804382,0.003295468632131815
50x50 largo,355,454400.0,0.12572050094604492,0.125,,,2.0,0.0,3.7757813930511475,0.9740749597549438,0.02421875111758709,0.16057159006595612,0.0017674705013632774,0.09019649773836136,0.006433860398828983
50x50 largo,356,455680.0,0.007168125361204147,0.0,,,0.0,2.0,3.721874952316284,0.9759999513626099,0.03046875074505806,0.15801386535167694,8.734845323488116e-05,0.06598339974880219,4.724612881545909e-05
50x50 largo,357,456960.0,0.00026137521490454674,0.0,,,0.0,0.0,3.8125,0.9767499566078186,0.03691406175494194,0.17298263311386108,0.00031107242102734745,0.09324478358030319,3.5377244785195217e-05
50x50 largo,358,458240.0,0.0004752503882627934,0.0,,,0.0,0.0,3.8125,0.9781249761581421,0.0390625,0.19910100102424622,0.0007647604215890169,0.12280359864234924,3.152867066091858e-05
50x50 largo,359,459520.0,0.06261663138866425,0.0625,,,1.0,0.0,3.7835938930511475,0.9785999655723572,0.04218750074505806,0.16614782810211182,0.0007076011970639229,0.05110672116279602,0.0032857595942914486
50x50 largo,360,460800.0,0.06874999403953552,0.0625,,,1.0,2.0,3.774218797683716,0.9785999655723572,0.03769531473517418,0.17760984599590302,0.00015500379959121346,0.08801136910915375,0.0029883631505072117
50x50 largo,361,462080.0,2.7250032871961594e-05,0.0,,,0.0,0.0,3.8125,0.9786999821662903,0.04160156473517418,0.19511452317237854,0.0004919489147141576,0.06032324954867363,0.0001294274115934968
50x50 largo,362,463360.0,0.38160640001296997,0.375,,,6.0,2.0,3.602343797683716,0.9801249504089355,0.04433593899011612,0.22791403532028198,0.0010541632073000073,0.24241875112056732,0.015758197754621506
50x50 largo,363,464640.0,0.3187723755836487,0.3125,,,5.0,2.0,3.473437547683716,0.9801750183105469,0.05234375223517418,0.21244876086711884,0.00024391684564761817,0.15983939170837402,0.013231467455625534
50x50 largo,364,465920.0,0.125,0.125,,,2.0,0.0,3.339062452316284,0.9801750183105469,0.05507812649011612,0.2374608814716339,0.0006333617493510246,0.1342267096042633,0.006979632657021284
50x50 largo,365,467200.0,0.1875,0.1875,,,3.0,0.0,3.174999952316284,0.9801750183105469,0.06484375149011612,0.24294421076774597,0.0005759588675573468,0.09577486664056778,0.009195012971758842
50x50 largo,366,468480.0,0.25312501192092896,0.25,,,4.0,1.0,2.9593751430511475,0.9801750183105469,0.06425781548023224,0.24928176403045654,0.0002355412725592032,0.14507076144218445,0.01127887237817049
50x50 largo,367,469760.0,0.1343863606452942,0.125,,,2.0,3.0,2.85546875,0.9802249670028687,0.06582031399011612,0.24518847465515137,0.0007611733162775636,0.07313820719718933,0.005210332106798887
50x50 largo,368,471040.0,0.19689862430095673,0.1875,,,3.0,3.0,2.975781202316284,0.9803249835968018,0.06699218600988388,0.22352834045886993,0.0008626228081993759,0.11673750728368759,0.009243225678801537
50x50 largo,369,472320.0,0.07501225173473358,0.0625,,,1.0,4.0,3.0257813930511475,0.9803749918937683,0.06523437798023224,0.228897824883461,0.00023736919683869928,1.4617787599563599,0.026235807687044144
50x50 largo,370,473600.0,0.19063574075698853,0.1875,,,3.0,1.0,3.0390625,0.9804250001907349,0.06328125298023224,0.23141655325889587,0.0004297962295822799,0.9732569456100464,0.015894945710897446
50x50 largo,371,474880.0,0.1937641203403473,0.1875,,,3.0,2.0,2.9140625,0.9804749488830566,0.06015625223517418,0.24565109610557556,0.0008898108499124646,0.7276757955551147,0.016763243824243546
50x50 largo,372,476160.0,0.009421249851584435,0.0,,,0.0,3.0,3.0179688930511475,0.9805999994277954,0.08027344197034836,0.2788242697715759,0.001992142293602228,0.8389796018600464,0.012141072191298008
50x50 largo,373,477440.0,0.2531920075416565,0.25,,,4.0,1.0,2.964062452316284,0.9808750152587891,0.09042968600988388,0.2842164635658264,0.00020307354861870408,0.5781857967376709,0.015176154673099518
50x50 largo,374,478720.0,0.07187499850988388,0.0625,,,1.0,3.0,3.073437452316284,0.9808750152587891,0.08945312350988388,0.3021060824394226,0.0010865696240216494,0.3881266117095947,0.006995120085775852
50x50 largo,375,480000.0,0.268760621547699,0.25,,,4.0,6.0,3.046093702316284,0.9809249639511108,0.09394531697034836,0.3226752281188965,0.002434536349028349,0.2563784122467041,0.014460273087024689
50x50 largo,376,481280.0,0.00937500037252903,0.0,,,0.0,3.0,3.28125,0.9809249639511108,0.09511718899011612,0.2881770133972168,0.0011593187227845192,0.21321503818035126,0.0022035599686205387
50x50 largo,377,482560.0,0.0718856230378151,0.0625,,,1.0,3.0,3.491406202316284,0.9809749722480774,0.08554687350988388,0.2684191167354584,0.0009597802418284118,0.22660882771015167,0.003930138424038887
50x50 largo,378,483840.0,0.0687665045261383,0.0625,,,1.0,2.0,3.51953125,0.9810499548912048,0.06875000149011612,0.29903560876846313,0.001931549864821136,0.10462463647127151,0.0033379425294697285
50x50 largo,379,485120.0,0.0031472500413656235,0.0,,,0.0,1.0,3.624218702316284,0.9811499118804932,0.08203125,0.32127195596694946,0.0017742021009325981,0.19095824658870697,2.3405435058521107e-05
50x50 largo,380,486400.0,0.12814588844776154,0.125,,,2.0,1.0,3.565624952316284,0.9812499284744263,0.10273437947034836,0.33722513914108276,0.0008146515465341508,0.08454914391040802,0.008204168640077114
50x50 largo,381,487680.0,0.13129161298274994,0.125,,,2.0,2.0,3.5328125953674316,0.9814499616622925,0.09882812947034836,0.3653135895729065,0.0016319097485393286,0.12103719264268875,0.006257949862629175
50x50 largo,382,488960.0,0.068809375166893,0.0625,,,1.0,2.0,3.578906297683716,0.9817249774932861,0.11191406100988388,0.3369266390800476,0.0010585725540295243,0.13292552530765533,0.003325845580548048
50x50 largo,383,490240.0,0.06564662605524063,0.0625,,,1.0,1.0,3.596874952316284,0.9818249344825745,0.103515625,0.32094380259513855,0.0010952986776828766,0.1021871566772461,0.003106819000095129
50x50 largo,384,491520.0,0.12821312248706818,0.125,,,2.0,1.0,3.59375,0.9821749925613403,0.1015625,0.33986198902130127,0.0007268605404533446,0.14536386728286743,0.006143421865999699
50x50 largo,385,492800.0,1.5250034266500734e-05,0.0,,,0.0,0.0,3.5625,0.9822499752044678,0.115234375,0.36212289333343506,0.001369181089103222,0.1610662341117859,5.687028169631958e-05
50x50 largo,386,494080.0,0.12500537931919098,0.125,,,2.0,0.0,3.5171875953674316,0.9822750091552734,0.1279296875,0.3789304494857788,0.0019156786147505045,0.1425708681344986,0.010419586673378944
50x50 largo,387,495360.0,0.0625196248292923,0.0625,,,1.0,0.0,3.385937452316284,0.9823749661445618,0.13125000894069672,0.3701254725456238,0.0003181917709298432,0.14898180961608887,0.0028078597970306873
50x50 largo,388,496640.0,0.07187999784946442,0.0625,,,1.0,3.0,3.5296876430511475,0.9823999404907227,0.140625,0.42321497201919556,0.002144385129213333,0.1773337870836258,0.004007088951766491
50x50 largo,389,497920.0,0.1281302571296692,0.125,,,2.0,1.0,3.492968797683716,0.9824249744415283,0.15664063394069672,0.45218461751937866,0.0023781638592481613,0.1795312613248825,0.008479093201458454
50x50 largo,390,499200.0,0.06250499933958054,0.0625,,,1.0,0.0,3.422656297683716,0.982450008392334,0.1650390625,0.4507390260696411,0.0014414398465305567,0.06513005495071411,0.0033258101902902126
50x50 largo,391,500480.0,0.26232388615608215,0.0625,,,1.0,8.0,2.217968702316284,0.014499999582767487,0.2642578184604645,0.507259726524353,0.0011696257861331105,0.17630138993263245,0.003068006131798029
50x50 largo,392,501760.0,0.554682731628418,0.0,,,0.0,11.0,0.864062488079071,0.057749997824430466,0.29707032442092896,0.5347551107406616,0.004264621529728174,0.21271494030952454,0.0010962309315800667
50x50 largo,393,503040.0,0.4806041121482849,0.0,,,0.0,13.0,1.583593726158142,0.09587500244379044,0.20781250298023224,0.4509947597980499,0.0008289867546409369,0.19740259647369385,0.0007776027778163552
50x50 largo,394,504320.0,0.372439980506897,0.0,,,0.0,10.0,2.174999952316284,0.12657499313354492,0.19316406548023224,0.40749430656433105,0.0017344743246212602,0.14424815773963928,0.0004304443718865514
50x50 largo,395,505600.0,0.3849821090698242,0.0,,,0.0,8.0,2.8265626430511475,0.16027499735355377,0.16425780951976776,0.43445345759391785,0.004252799786627293,0.1787753701210022,0.000435690424637869
50x50 largo,396,506880.0,0.42278027534484863,0.0,,,0.0,10.0,3.4976563453674316,0.19872500002384186,0.18203125894069672,0.4168769121170044,0.0004716553376056254,0.1268642097711563,0.0007773646502755582
50x50 largo,397,508160.0,0.350591242313385,0.0,,,0.0,3.0,3.856250047683716,0.23372499644756317,0.15703125298023224,0.4329584836959839,0.0027648848481476307,0.15113818645477295,0.0003575437003746629
50x50 largo,398,509440.0,0.3288232684135437,0.0,,,0.0,0.0,3.9375,0.2688499987125397,0.158203125,0.45625364780426025,0.004978491924703121,0.2111629843711853,0.00015068719221744686
50x50 largo,399,510720.0,0.28268861770629883,0.0,,,0.0,1.0,3.98046875,0.3000999987125397,0.189453125,0.4274272620677948,0.0012949155643582344,0.22179783880710602,3.225266118533909e-05
50x50 largo,400,512000.0,0.2570342421531677,0.0,,,0.0,0.0,4.0,0.3301999866962433,0.19902344048023224,0.4504181146621704,0.0011235238052904606,0.20423170924186707,8.149149653036147e-05
50x50 largo,401,513280.0,0.27372124791145325,0.0,,,0.0,0.0,4.0,0.36374998092651367,0.18886719644069672,0.4325827956199646,0.0019399160519242287,0.09713475406169891,5.319810952642001e-05
50x50 largo,402,514560.0,0.29527899622917175,0.0,,,0.0,0.0,4.0,0.40197497606277466,0.14589844644069672,0.3739866614341736,0.0028911298140883446,0.1631508320569992,0.00021625195222441107
50x50 largo,403,515840.0,0.33769550919532776,0.0,,,0.0,0.0,4.0,0.4490249752998352,0.13886718451976776,0.3972491919994354,0.0012745667481794953,0.197098508477211,0.00019841364701278508
50x50 largo,404,517120.0,0.36367863416671753,0.0625,,,1.0,0.0,3.9515626430511475,0.49482497572898865,0.13925781846046448,0.43787017464637756,0.001788994763046503,0.14727085828781128,0.0033745476976037025
50x50 largo,405,518400.0,0.38838261365890503,0.125,,,2.0,0.0,3.87109375,0.5388749837875366,0.1708984375,0.4641898274421692,0.0016882424242794514,0.12508100271224976,0.00612159539014101
50x50 largo,406,519680.0,0.2215573787689209,0.0,,,0.0,0.0,3.8125,0.5796749591827393,0.19179688394069672,0.4237426519393921,0.0029861298389732838,0.2059454619884491,0.00017602618027012795
50x50 largo,407,520960.0,0.23877198994159698,0.0625,,,1.0,1.0,3.835156202316284,0.6148999929428101,0.15761719644069672,0.4562763273715973,0.0032319200690835714,0.1508687138557434,0.0024662332143634558
50x50 largo,408,522240.0,0.17504024505615234,0.0,,,0.0,1.0,3.8359375,0.6532000303268433,0.18964843451976776,0.4908094108104706,0.0026342442724853754,0.19462387263774872,0.00017194784595631063
50x50 largo,409,523520.0,0.13960349559783936,0.0,,,0.0,2.0,3.957812547683716,0.6862249970436096,0.20449219644069672,0.4323846101760864,0.0067269583232700825,0.21639606356620789,0.00015430632629431784
50x50 largo,410,524800.0,0.31156134605407715,0.1875,,,3.0,0.0,3.910937547683716,0.7202249765396118,0.16542969644069672,0.38930070400238037,0.004615935031324625,0.15183241665363312,0.00908595696091652
50x50 largo,411,526080.0,0.17528662085533142,0.0625,,,1.0,1.0,3.758593797683716,0.7540249824523926,0.15000000596046448,0.4130675196647644,0.0009502137545496225,0.10104988515377045,0.0008637980208732188
50x50 largo,412,527360.0,0.09170413017272949,0.0,,,0.0,0.0,3.8125,0.7858999967575073,0.15898437798023224,0.4466322064399719,0.0013766190968453884,0.1544303297996521,0.00010706188913900405
50x50 largo,413,528640.0,0.20582936704158783,0.125,,,2.0,0.0,3.7671875953674316,0.8164999485015869,0.16640625894069672,0.45459872484207153,0.0009393373620696366,0.1633027195930481,0.009139379486441612
50x50 largo,414,529920.0,0.06461988389492035,0.0,,,0.0,0.0,3.6875,0.8455499410629272,0.19179688394069672,0.46231603622436523,0.0012465600157156587,0.23530718684196472,0.0001029290579026565
50x50 largo,415,531200.0,0.24255213141441345,0.1875,,,3.0,1.0,3.6015625,0.8748250007629395,0.21152344346046448,0.4631103277206421,0.00014434447803068906,0.07188005745410919,0.008812625892460346
50x50 largo,416,532480.0,0.10716874897480011,0.0625,,,1.0,2.0,3.625781297683716,0.9015249013900757,0.19277344644069672,0.43369609117507935,0.0014212506357580423,0.12450474500656128,0.0032173648942261934
50x50 largo,417,533760.0,0.27909111976623535,0.25,,,4.0,1.0,3.5609376430511475,0.9240000247955322,0.19101563096046448,0.4709860384464264,0.00354958837851882,0.22428028285503387,0.012028169818222523
50x50 largo,418,535040.0,0.1502891331911087,0.125,,,2.0,3.0,3.5257813930511475,0.939924955368042,0.21757812798023224,0.48676395416259766,0.0034805003087967634,0.13346007466316223,0.006072180345654488
50x50 largo,419,536320.0,0.3248648941516876,0.3125,,,5.0,1.0,3.328906297683716,0.9507249593734741,0.24843750894069672,0.4884960949420929,0.0008764616213738918,0.14903338253498077,0.012826069258153439
50x50 largo,420,537600.0,0.3235515356063843,0.3125,,,5.0,2.0,3.143749952316284,0.9580749273300171,0.27851563692092896,0.5045645236968994,0.0027204910293221474,0.13959288597106934,0.015208160504698753
50x50 largo,421,538880.0,0.2556421160697937,0.25,,,4.0,1.0,2.9156250953674316,0.9632499814033508,0.2826171815395355,0.4857885241508484,0.0033358114305883646,0.19820719957351685,0.012346673756837845
50x50 largo,422,540160.0,0.3860645294189453,0.375,,,6.0,3.0,2.799999952316284,0.9653750061988831,0.2783203125,0.5197281837463379,0.0015777614898979664,0.18929332494735718,0.01701783761382103
50x50 largo,423,541440.0,0.0781409963965416,0.0625,,,1.0,5.0,2.8257813453674316,0.9654249548912048,0.2738281190395355,0.4795195162296295,0.005726020783185959,0.12571966648101807,0.0036231079138815403
50x50 largo,424,542720.0,0.4000279903411865,0.375,,,6.0,8.0,2.913281202316284,0.9655249714851379,0.23593750596046448,0.4926581382751465,0.002916275057941675,0.19170615077018738,0.016248786821961403
50x50 largo,425,544000.0,0.2625979781150818,0.25,,,4.0,4.0,3.10546875,0.9657749533653259,0.26191407442092896,0.48637425899505615,0.0004922907683067024,0.17130795121192932,0.012655222788453102
50x50 largo,426,545280.0,0.009590625762939453,0.0,,,0.0,3.0,3.1625001430511475,0.9665249586105347,0.25605469942092896,0.5080051422119141,0.002275497652590275,0.23603881895542145,0.00027320394292473793
50x50 largo,427,546560.0,0.006468125618994236,0.0,,,0.0,2.0,3.3421876430511475,0.9671750068664551,0.2593750059604645,0.47502678632736206,0.003666383447125554,0.20392495393753052,0.0002849102020263672
50x50 largo,428,547840.0,0.13477900624275208,0.125,,,2.0,3.0,3.4765625,0.9682999849319458,0.22343750298023224,0.49051690101623535,0.003060018178075552,0.15169808268547058,0.006554187275469303
50x50 largo,429,549120.0,0.12826788425445557,0.125,,,2.0,1.0,3.346874952316284,0.9685750007629395,0.24550782144069672,0.4943772256374359,0.0018450879724696279,0.16550815105438232,0.004209966864436865
50x50 largo,430,550400.0,0.2000732421875,0.1875,,,3.0,4.0,3.348437547683716,0.9687249660491943,0.28925782442092896,0.5228466987609863,0.005739028565585613,0.17848283052444458,0.008843347430229187
50x50 largo,431,551680.0,0.004714000504463911,0.0,,,0.0,1.0,3.471874952316284,0.969624936580658,0.29414063692092896,0.4869120717048645,0.005144054535776377,0.13284730911254883,0.00011555576202226803
50x50 largo,432,552960.0,0.1937166452407837,0.1875,,,3.0,1.0,3.4625000953674316,0.9718499779701233,0.26542970538139343,0.48111528158187866,0.005183728877454996,0.2173757404088974,0.009502220898866653
50x50 largo,433,554240.0,0.06873525679111481,0.0625,,,1.0,1.0,3.375,0.9757499694824219,0.24042968451976776,0.4700024425983429,0.003561335150152445,0.11213630437850952,0.0029680393636226654
50x50 largo,434,555520.0,0.13016489148139954,0.125,,,2.0,1.0,3.38671875,0.9788999557495117,0.20195312798023224,0.45980292558670044,0.0009026331827044487,0.1825627237558365,0.006407861597836018
50x50 largo,435,556800.0,0.06999599933624268,0.0625,,,1.0,2.0,3.3804688453674316,0.9812749624252319,0.21855469048023224,0.43028154969215393,0.004818238317966461,0.08454903215169907,0.0032671617809683084
50x50 largo,436,558080.0,0.1937744915485382,0.1875,,,3.0,2.0,3.33203125,0.9813999533653259,0.18867187201976776,0.43200168013572693,0.0005750418640673161,0.1634359061717987,0.010301307775080204
50x50 largo,437,559360.0,0.19699788093566895,0.1875,,,3.0,3.0,3.289843797683716,0.9817749261856079,0.185546875,0.45700302720069885,0.0005913178902119398,0.16411378979682922,0.009426260367035866
50x50 largo,438,560640.0,0.12835925817489624,0.125,,,2.0,1.0,3.2945313453674316,0.9825999736785889,0.19062499701976776,0.45550286769866943,0.0007692469516769052,0.12606899440288544,0.0064819203689694405
50x50 largo,439,561920.0,0.06251512467861176,0.0625,,,1.0,0.0,3.203125,0.9826749563217163,0.197265625,0.43523186445236206,0.0008761252393014729,0.1320784091949463,0.003074509557336569
50x50 largo,440,563200.0,0.0031563749071210623,0.0,,,0.0,1.0,3.2398438453674316,0.982824981212616,0.17890624701976776,0.46352827548980713,0.001958210952579975,0.20128366351127625,7.004258804954588e-05
50x50 largo,441,564480.0,0.19689898192882538,0.1875,,,3.0,3.0,3.2445313930511475,0.9829249382019043,0.19785156846046448,0.45938724279403687,0.0006848062039352953,0.1293722689151764,0.009089291095733643
50x50 largo,442,565760.0,0.006264999974519014,0.0,,,0.0,2.0,3.32421875,0.9829999804496765,0.1875,0.4703606963157654,0.0028966148383915424,0.16298198699951172,0.00012861470167990774
50x50 largo,443,567040.0,0.259379506111145,0.25,,,4.0,3.0,3.354687452316284,0.9830249547958374,0.22519531846046448,0.49619799852371216,0.0008365347748622298,0.18014243245124817,0.0193411223590374
50x50 largo,444,568320.0,0.2500046193599701,0.25,,,4.0,0.0,3.219531297683716,0.9830499887466431,0.22441406548023224,0.5298251509666443,0.003953851293772459,0.22365427017211914,0.012163996696472168
50x50 largo,445,569600.0,0.07500962167978287,0.0625,,,1.0,4.0,3.171093702316284,0.9830750226974487,0.2613281309604645,0.5158900022506714,0.0003367070748936385,0.20261894166469574,0.00332381553016603
50x50 largo,446,570880.0,0.0,0.0,,,0.0,0.0,3.25,0.9830750226974487,0.2582031190395355,0.5397890210151672,0.002132235560566187,0.14250308275222778,8.962598803918809e-05
50x50 largo,447,572160.0,0.006254625041037798,0.0,,,0.0,2.0,3.3375000953674316,0.9830999970436096,0.26640626788139343,0.5375162363052368,0.00031332927756011486,0.1967061161994934,7.705088501097634e-05
50x50 largo,448,573440.0,0.2562499940395355,0.25,,,4.0,2.0,3.33203125,0.9830999970436096,0.26484376192092896,0.5688925385475159,0.002878648228943348,0.1858261227607727,0.01593794859945774
50x50 largo,449,574720.0,0.13125936686992645,0.125,,,2.0,2.0,3.2210938930511475,0.9831500053405762,0.2982421815395355,0.5870018005371094,0.0074212802574038506,0.2732166647911072,0.006524321157485247
50x50 largo,450,576000.0,0.2593750059604645,0.25,,,4.0,3.0,3.188281297683716,0.9831500053405762,0.32421875,0.5264846086502075,0.00889340229332447,0.1823999583721161,0.013780459761619568
50x50 largo,451,577280.0,0.13126085698604584,0.125,,,2.0,2.0,3.16015625,0.9832000136375427,0.2808593809604645,0.5533438920974731,0.0028693382628262043,0.117682546377182,0.006512888241559267
50x50 largo,452,578560.0,0.06563462316989899,0.0625,,,1.0,1.0,3.2132813930511475,0.9832500219345093,0.3134765625,0.5509661436080933,0.0005698753520846367,0.1255461722612381,0.003270503133535385
50x50 largo,453,579840.0,0.06562499701976776,0.0625,,,1.0,1.0,3.20703125,0.9832500219345093,0.3072265684604645,0.5403435826301575,0.0014433232136070728,0.2466617226600647,0.0034059975296258926
50x50 largo,454,581120.0,0.1875,0.1875,,,3.0,0.0,3.125,0.9832500219345093,0.2845703065395355,0.5100846886634827,0.004643692169338465,0.20231428742408752,0.009371214546263218
50x50 largo,455,582400.0,0.1940123736858368,0.1875,,,3.0,2.0,3.000781297683716,0.9841499924659729,0.25996094942092896,0.5354052782058716,0.001881726086139679,0.13780316710472107,0.010267779231071472
50x50 largo,456,583680.0,0.06563412398099899,0.0625,,,1.0,1.0,2.9546875953674316,0.9842000007629395,0.29902344942092896,0.5315584540367126,0.0018316335044801235,0.17448246479034424,0.0034537524916231632
50x50 largo,457,584960.0,0.00938425026834011,0.0,,,0.0,3.0,3.053906202316284,0.984250009059906,0.28007814288139343,0.50101238489151,0.00273506180383265,0.21986961364746094,9.723243420012295e-05
50x50 largo,458,586240.0,0.0062500000931322575,0.0,,,0.0,2.0,3.172656297683716,0.984250009059906,0.25605469942092896,0.4635617136955261,0.007735827937722206,0.3018817603588104,7.00106902513653e-05
50x50 largo,459,587520.0,0.009384875185787678,0.0,,,0.0,3.0,3.34375,0.9842999577522278,0.23222656548023224,0.49592578411102295,0.0010258799884468317,0.19456040859222412,5.929503822699189e-05
50x50 largo,460,588800.0,0.06562499701976776,0.0625,,,1.0,1.0,3.414843797683716,0.9842999577522278,0.23710937798023224,0.46605539321899414,0.001987937605008483,0.19311654567718506,0.0030279066413640976
50x50 largo,461,590080.0,0.2000231295824051,0.1875,,,3.0,4.0,3.5171875953674316,0.9843999743461609,0.24179688096046448,0.4809342622756958,0.0021616353187710047,0.1741824448108673,0.00934770330786705
50x50 largo,462,591360.0,0.06562499701976776,0.0625,,,1.0,1.0,3.4437501430511475,0.9843999743461609,0.2769531309604645,0.5103240013122559,0.0005797648336738348,0.13654643297195435,0.0015904661267995834
50x50 largo,463,592640.0,0.12500900030136108,0.125,,,2.0,0.0,3.403125047683716,0.9844499826431274,0.2845703065395355,0.5194091796875,0.004896356258541346,0.11550562083721161,0.0055658998899161816
50x50 largo,464,593920.0,0.13125461339950562,0.125,,,2.0,2.0,3.342968702316284,0.9844749569892883,0.27519533038139343,0.5045877695083618,0.0020299507305026054,0.231277197599411,0.006228650454431772
50x50 largo,465,595200.0,0.0,0.0,,,0.0,0.0,3.375,0.9844749569892883,0.2900390625,0.5048404932022095,0.002020579297095537,0.15200841426849365,5.1249764510430396e-05
50x50 largo,466,596480.0,0.18750424683094025,0.1875,,,3.0,0.0,3.2367188930511475,0.9844999313354492,0.3287109434604645,0.5097581148147583,0.0034950021654367447,0.13164225220680237,0.007547751069068909
50x50 largo,467,597760.0,0.0031250000465661287,0.0,,,0.0,1.0,3.190624952316284,0.9844999313354492,0.3011718690395355,0.4742467701435089,0.005240574479103088,0.13907022774219513,4.3072614062111825e-05
50x50 largo,468,599040.0,0.13437499105930328,0.125,,,2.0,3.0,3.296093702316284,0.9844999313354492,0.25078126788139343,0.4896906018257141,0.00142973056063056,0.1078934371471405,0.005666282027959824
50x50 largo,469,600320.0,0.1831483691930771,0.0625,,,1.0,3.0,2.5484375953674316,0.009349999949336052,0.30449220538139343,0.47395557165145874,0.0023012899328023195,0.1661447286605835,0.003873598761856556
50x50 largo,470,601600.0,0.5730106234550476,0.0,,,0.0,29.0,1.1164063215255737,0.04919999837875366,0.3160156309604645,0.5276052355766296,0.0032650555949658155,0.1891198754310608,0.001727582886815071
50x50 largo,471,602880.0,0.44385236501693726,0.0,,,0.0,12.0,2.164843797683716,0.0841749981045723,0.25078126788139343,0.5281530618667603,0.0016374487895518541,0.21714866161346436,0.000906460452824831
50x50 largo,472,604160.0,0.47534874081611633,0.0,,,0.0,7.0,2.7710938453674316,0.12514999508857727,0.2789062559604645,0.5048997402191162,0.005438097752630711,0.22626550495624542,0.001012265682220459
50x50 largo,473,605440.0,0.4765392541885376,0.0,,,0.0,5.0,3.1500000953674316,0.16942501068115234,0.23320312798023224,0.47295382618904114,0.003507290268316865,0.12504395842552185,0.0009112844709306955
50x50 largo,474,606720.0,0.4351961016654968,0.0,,,0.0,4.0,3.4437501430511475,0.21242499351501465,0.1943359375,0.4690214991569519,0.000877020473126322,0.1394437849521637,0.0006102744373492897
50x50 largo,475,608000.0,0.4249987304210663,0.0625,,,1.0,4.0,3.598437547683716,0.2502249777317047,0.19921875,0.503791332244873,0.0030956510454416275,0.12931765615940094,0.001923588803038001
50x50 largo,476,609280.0,0.351432740688324,0.0,,,0.0,3.0,3.864062547683716,0.2889750003814697,0.2216796875,0.5404725074768066,0.005430855788290501,0.4307330250740051,0.00015229079872369766
50x50 largo,477,610560.0,0.3121435046195984,0.0,,,0.0,0.0,3.9375,0.32615000009536743,0.24355469644069672,0.5657951831817627,0.007193232420831919,0.30347180366516113,0.00016698325634934008
50x50 largo,478,611840.0,0.3764845132827759,0.0625,,,1.0,1.0,3.917187452316284,0.36479997634887695,0.2816406190395355,0.5060291290283203,0.0055191232822835445,0.10274940729141235,0.0009308283333666623
50x50 largo,479,613120.0,0.2906966209411621,0.0,,,0.0,0.0,3.9375,0.4029499888420105,0.22812500596046448,0.4659499228000641,0.00549230445176363,0.29621997475624084,0.00022679497487843037
50x50 largo,480,614400.0,0.26705402135849,0.0,,,0.0,0.0,3.9375,0.4405750036239624,0.20488281548023224,0.4530867040157318,0.002839942928403616,0.13552755117416382,0.00013712845975533128
50x50 largo,481,615680.0,0.33883339166641235,0.0625,,,1.0,1.0,3.921093702316284,0.4817499816417694,0.17265625298023224,0.41820722818374634,0.00223490409553051,0.15774786472320557,0.003257401753216982
50x50 largo,482,616960.0,0.2532181143760681,0.0,,,0.0,0.0,3.9375,0.5243250131607056,0.158203125,0.45093220472335815,0.0022489724215120077,0.22153012454509735,0.0001839316973928362
50x50 largo,483,618240.0,0.3082464039325714,0.0625,,,1.0,1.0,3.917187452316284,0.569350004196167,0.18398438394069672,0.43373116850852966,0.0018003798322752118,0.07690601050853729,0.0031452663242816925
50x50 largo,484,619520.0,0.223351389169693,0.0,,,0.0,0.0,3.9375,0.6158999800682068,0.15468750894069672,0.4390817880630493,0.0013194186612963676,0.1622094064950943,0.0002303690416738391
50x50 largo,485,620800.0,0.22858750820159912,0.0625,,,1.0,0.0,3.92578125,0.6520749926567078,0.16660156846046448,0.5067424774169922,0.0034702629782259464,0.17067208886146545,0.003667129436507821
50x50 largo,486,622080.0,0.15143674612045288,0.0,,,0.0,0.0,3.875,0.6890999674797058,0.18085937201976776,0.42913907766342163,0.003695966675877571,0.17134132981300354,0.00016557339404243976
50x50 largo,487,623360.0,0.2360834926366806,0.0625,,,1.0,1.0,3.850781202316284,0.7337250113487244,0.15996094048023224,0.40732261538505554,0.002194309839978814,0.12165035307407379,0.0024065410252660513
50x50 largo,488,624640.0,0.13404062390327454,0.0,,,0.0,0.0,3.875,0.7734749913215637,0.16289062798023224,0.361832857131958,0.002999256132170558,0.17047178745269775,0.0001680841960478574
50x50 largo,489,625920.0,0.15522401034832,0.0625,,,1.0,2.0,3.934375047683716,0.8028749823570251,0.13730469346046448,0.3910382390022278,0.0016155297635123134,0.10802007466554642,0.0034328170586377382
50x50 largo,490,627200.0,0.073880136013031,0.0,,,0.0,0.0,3.9375,0.8312749862670898,0.15214844048023224,0.4071064591407776,0.0012945185881108046,0.11114466935396194,0.00012538221199065447
50x50 largo,491,628480.0,0.18784761428833008,0.125,,,2.0,2.0,3.90234375,0.8548749685287476,0.162109375,0.40099388360977173,0.002011281903833151,0.13321664929389954,0.00501413457095623
50x50 largo,492,629760.0,0.23775337636470795,0.1875,,,3.0,1.0,3.9078125953674316,0.8760999441146851,0.16015625,0.40848255157470703,0.004648253321647644,0.2186867594718933,0.009871447458863258
50x50 largo,493,631040.0,0.1590338796377182,0.125,,,2.0,1.0,3.7992188930511475,0.8919500112533569,0.17109374701976776,0.40911006927490234,0.00010811299580382183,0.15510469675064087,0.00637188320979476
50x50 largo,494,632320.0,0.14985251426696777,0.125,,,2.0,0.0,3.6953125,0.9046499729156494,0.1748046875,0.4500412046909332,0.00390717713162303,0.25590452551841736,0.005979971494525671
50x50 largo,495,633600.0,0.09467825293540955,0.0625,,,1.0,3.0,3.69140625,0.9171749353408813,0.193359375,0.44235390424728394,0.000323016953188926,0.11296947300434113,0.0032557069789618254
50x50 largo,496,634880.0,0.028830502182245255,0.0,,,0.0,2.0,3.8304688930511475,0.9316249489784241,0.1904296875,0.45795729756355286,0.0021124989725649357,0.2316265106201172,8.624957990832627e-05
50x50 largo,497,636160.0,0.14520013332366943,0.125,,,2.0,1.0,3.8382813930511475,0.9435749650001526,0.20937500894069672,0.4853953719139099,0.006544235162436962,0.24099454283714294,0.0063491943292319775
50x50 largo,498,637440.0,0.2644491195678711,0.25,,,4.0,1.0,3.725781202316284,0.952174961566925,0.24101562798023224,0.4965246319770813,0.001657839398831129,0.22071847319602966,0.012187501415610313
50x50 largo,499,638720.0,0.20146024227142334,0.1875,,,3.0,2.0,3.625,0.958549976348877,0.2544921934604645,0.5048004388809204,0.0024013235233724117,0.13683968782424927,0.009259557351469994
50x50 largo,500,640000.0,0.07407112419605255,0.0625,,,1.0,2.0,3.549999952316284,0.9643749594688416,0.2816406190395355,0.5148493051528931,0.004285173490643501,0.13102002441883087,0.0031486302614212036
50x50 largo,501,641280.0,0.3970312476158142,0.375,,,6.0,6.0,3.5132813453674316,0.9695249795913696,0.3052734434604645,0.49059581756591797,0.0024221008643507957,0.17796829342842102,0.014650946483016014
50x50 largo,502,642560.0,0.12975837290287018,0.125,,,2.0,1.0,3.5523438453674316,0.9722999930381775,0.26582032442092896,0.5065874457359314,0.0028418703004717827,0.1688743680715561,0.005376539193093777
50x50 largo,503,643840.0,0.1915578842163086,0.1875,,,3.0,1.0,3.516406297683716,0.9744499921798706,0.31230470538139343,0.5388959646224976,0.004505504854023457,0.26951196789741516,0.009296894073486328
50x50 largo,504,645120.0,0.25947099924087524,0.25,,,4.0,3.0,3.4375,0.9748249650001526,0.31621095538139343,0.5224916934967041,0.0007160119712352753,0.17999336123466492,0.01179281435906887
50x50 largo,505,646400.0,0.20017510652542114,0.1875,,,3.0,4.0,3.4390625953674316,0.9752999544143677,0.3076171875,0.5039222836494446,0.004633031785488129,0.1110016405582428,0.007222570478916168
50x50 largo,506,647680.0,0.00020300017786212265,0.0,,,0.0,0.0,3.4375,0.9759249687194824,0.2759765684604645,0.5079573392868042,0.003111412050202489,0.29162663221359253,0.00011007153079845011
50x50 largo,507,648960.0,0.06880674511194229,0.0625,,,1.0,2.0,3.430468797683716,0.9761250019073486,0.31562501192092896,0.4952230751514435,0.0021434021182358265,0.11896070837974548,0.003274977207183838
50x50 largo,508,650240.0,0.0064518749713897705,0.0,,,0.0,2.0,3.5640625953674316,0.976699948310852,0.296875,0.46901440620422363,0.004734361544251442,0.1949685513973236,7.253092189785093e-05
50x50 largo,509,651520.0,0.3188551068305969,0.3125,,,5.0,2.0,3.4507813453674316,0.9770249724388123,0.2763671875,0.49981367588043213,0.0010046965908259153,0.1454242467880249,0.013289582915604115
50x50 largo,510,652800.0,0.06883249431848526,0.0625,,,1.0,2.0,3.464062452316284,0.9772999882698059,0.2841796875,0.4872400164604187,0.0008107761386781931,0.1452699601650238,0.0030161975882947445
50x50 largo,511,654080.0,0.06874999403953552,0.0625,,,1.0,2.0,3.5796875953674316,0.9772999882698059,0.27617189288139343,0.4786648452281952,0.00029574873042292893,0.06964823603630066,0.0033147449139505625
50x50 largo,512,655360.0,0.12840412557125092,0.125,,,2.0,1.0,3.5679688453674316,0.9778499603271484,0.2837890684604645,0.4834596514701843,0.002952693495899439,0.12234853208065033,0.0074082245118916035
50x50 largo,513,656640.0,0.12812499701976776,0.125,,,2.0,1.0,3.4390625953674316,0.9778499603271484,0.32343751192092896,0.5025294423103333,0.004282258450984955,0.20974308252334595,0.005704106763005257
50x50 largo,514,657920.0,0.18759487569332123,0.1875,,,3.0,0.0,3.3125,0.9781249761581421,0.3310546875,0.4879636764526367,0.0013728397898375988,0.1344006359577179,0.005956161767244339
50x50 largo,515,659200.0,0.07499999552965164,0.0625,,,1.0,4.0,3.3421876430511475,0.9781249761581421,0.32421875,0.49203944206237793,0.004205848556011915,0.1721179485321045,0.0023838267661631107
50x50 largo,516,660480.0,0.078125,0.0625,,,1.0,5.0,3.5703125,0.9781249761581421,0.33476564288139343,0.4722282886505127,0.005349209997802973,0.14000102877616882,0.0031428395304828882
50x50 largo,517,661760.0,5.2500065066851676e-05,0.0,,,0.0,0.0,3.6875,0.9783250093460083,0.3148437440395355,0.4996345043182373,0.0015712471213191748,0.148779034614563,3.3223994250874966e-05
50x50 largo,518,663040.0,0.06563187390565872,0.0625,,,1.0,1.0,3.641406297683716,0.9783499836921692,0.3218750059604645,0.5018203854560852,0.0015630286652594805,0.15810510516166687,0.003076524706557393
50x50 largo,519,664320.0,0.13132448494434357,0.125,,,2.0,2.0,3.67578125,0.9785499572753906,0.3314453065395355,0.4852430820465088,0.0015782243572175503,0.169125497341156,0.0064441910944879055
50x50 largo,520,665600.0,0.06276712566614151,0.0625,,,1.0,0.0,3.66796875,0.9794249534606934,0.3707031309604645,0.523597240447998,0.006560768000781536,0.15747007727622986,0.0032965978607535362
50x50 largo,521,666880.0,0.12813100218772888,0.125,,,2.0,1.0,3.6109375953674316,0.979449987411499,0.3775390684604645,0.5182745456695557,0.002808106131851673,0.13840094208717346,0.004321154206991196
50x50 largo,522,668160.0,0.12828375399112701,0.125,,,2.0,1.0,3.495312452316284,0.9801499843597412,0.37285158038139343,0.48694920539855957,0.0034658934455364943,0.2090633660554886,0.0038832498248666525
50x50 largo,523,669440.0,0.0031304999720305204,0.0,,,0.0,1.0,3.5570313930511475,0.9801749587059021,0.42402344942092896,0.5079576373100281,0.001702908892184496,0.16286757588386536,2.315717028977815e-05
50x50 largo,524,670720.0,4.650005939765833e-05,0.0,,,0.0,0.0,3.5625,0.9803749322891235,0.40625,0.5102529525756836,0.002679582918062806,0.18144196271896362,1.393126331095118e-05
50x50 largo,525,672000.0,0.12812499701976776,0.125,,,2.0,1.0,3.516406297683716,0.9803749322891235,0.41914063692092896,0.5091732740402222,0.0024729957804083824,0.10969080775976181,0.006360605359077454
50x50 largo,526,673280.0,0.003391875186935067,0.0,,,0.0,1.0,3.51953125,0.9812749624252319,0.4439453184604645,0.5134761333465576,0.0011684775818139315,0.19081349670886993,1.999754022108391e-05
50x50 largo,527,674560.0,0.12813174724578857,0.125,,,2.0,1.0,3.499218702316284,0.9812999963760376,0.4439453184604645,0.5450080037117004,0.002482431475073099,0.11465585976839066,0.005692972801625729
50x50 largo,528,675840.0,0.06563124805688858,0.0625,,,1.0,1.0,3.528125047683716,0.9813249707221985,0.4462890625,0.5402697920799255,0.000807161966804415,0.1283741593360901,0.003287728177383542
50x50 largo,529,677120.0,0.0626632496714592,0.0625,,,1.0,0.0,3.469531297683716,0.9819749593734741,0.4498046934604645,0.5368537306785583,0.004108014516532421,0.18037930130958557,0.0032742717303335667
50x50 largo,530,678400.0,0.318834125995636,0.3125,,,5.0,2.0,3.3773438930511475,0.9822750091552734,0.4287109375,0.5390084981918335,0.0025658891536295414,0.3082488179206848,0.012767739593982697
50x50 largo,531,679680.0,0.3157060146331787,0.3125,,,5.0,1.0,3.1078126430511475,0.9826250076293945,0.42597657442092896,0.5313403606414795,0.00230735307559371,0.17076212167739868,0.015640679746866226
50x50 largo,532,680960.0,0.26564109325408936,0.25,,,4.0,5.0,3.012500047683716,0.982699990272522,0.40410158038139343,0.5248664617538452,0.0029581852722913027,0.645430326461792,0.02062978595495224
50x50 largo,533,682240.0,0.06563036888837814,0.0625,,,1.0,1.0,3.043750047683716,0.9827249646186829,0.41386720538139343,0.51650071144104,0.0009238008060492575,0.2040499448776245,0.0016430462710559368
50x50 largo,534,683520.0,0.3812499940395355,0.375,,,6.0,2.0,2.9609375,0.9827249646186829,0.4248046875,0.5273705720901489,0.004684192594140768,0.21067067980766296,0.027498455718159676
50x50 largo,535,684800.0,0.1437598615884781,0.125,,,2.0,6.0,2.90234375,0.9827749729156494,0.4291015565395355,0.510199248790741,0.000922739680390805,0.10976968705654144,0.0031086672097444534
50x50 largo,536,686080.0,0.38125550746917725,0.375,,,6.0,2.0,2.871875047683716,0.9827999472618103,0.4410156309604645,0.5169490575790405,0.0044293575920164585,0.18069665133953094,0.014219991862773895
50x50 largo,537,687360.0,0.06562499701976776,0.0625,,,1.0,1.0,2.8296875953674316,0.9827999472618103,0.46503907442092896,0.5191889405250549,0.0018314030021429062,0.14748325943946838,0.0033777784556150436
50x50 largo,538,688640.0,0.06562499701976776,0.0625,,,1.0,1.0,2.7984375953674316,0.9827999472618103,0.45195314288139343,0.5184192061424255,0.006081933155655861,0.20157968997955322,0.0033164822962135077
50x50 largo,539,689920.0,0.07499999552965164,0.0625,,,1.0,4.0,2.9515626430511475,0.9827999472618103,0.4302734434604645,0.5197455883026123,0.001308102859184146,0.1342993974685669,0.0035880068317055702
50x50 largo,540,691200.0,0.19069600105285645,0.1875,,,3.0,1.0,2.8804688453674316,0.9830999970436096,0.4052734375,0.5169645547866821,0.0008131025824695826,0.17220917344093323,0.014329304918646812
50x50 largo,541,692480.0,0.19374999403953552,0.1875,,,3.0,2.0,2.8218750953674316,0.9830999970436096,0.43046876788139343,0.5406373739242554,0.0027615115977823734,0.19784609973430634,0.008580449968576431
50x50 largo,542,693760.0,0.0625,0.0625,,,1.0,0.0,2.753124952316284,0.9830999970436096,0.42011719942092896,0.528650164604187,0.001700837630778551,0.12861081957817078,0.00157658732496202
50x50 largo,543,695040.0,0.015625,0.0,,,0.0,5.0,2.9476563930511475,0.9830999970436096,0.41093751788139343,0.5361129641532898,0.0031750621274113655,0.17839398980140686,7.996102795004845e-05
50x50 largo,544,696320.0,0.07499998807907104,0.0625,,,1.0,4.0,3.227343797683716,0.9830999970436096,0.4595703184604645,0.5493336915969849,0.0005354770692065358,0.1903027594089508,0.003290465334430337
50x50 largo,545,697600.0,0.19062499701976776,0.1875,,,3.0,1.0,3.1539063453674316,0.9830999970436096,0.45332032442092896,0.5475969314575195,0.007877922616899014,0.27665603160858154,0.008315996266901493
50x50 largo,546,698880.0,0.19687499105930328,0.1875,,,3.0,3.0,3.0570313930511475,0.9830999970436096,0.48027345538139343,0.5285100936889648,0.006293510086834431,0.26084762811660767,0.008353617042303085
50x50 largo,547,700160.0,0.25892436504364014,0.1875,,,3.0,6.0,2.6781251430511475,0.004625000059604645,0.48750001192092896,0.5195009112358093,0.0008448266889899969,0.13466188311576843,0.008501457050442696
50x50 largo,548,701440.0,0.5241485834121704,0.0,,,0.0,20.0,0.719531238079071,0.04249999672174454,0.5708984732627869,0.5892195105552673,0.005713599734008312,0.4068264961242676,0.00106057059019804
50x50 largo,549,702720.0,0.4723426103591919,0.0,,,0.0,19.0,2.061718702316284,0.07770000398159027,0.544726550579071,0.5746722221374512,0.0036693126894533634,0.18182183802127838,0.0009834477677941322
50x50 largo,550,704000.0,0.4569622278213501,0.0,,,0.0,9.0,2.957812547683716,0.11577499657869339,0.5078125,0.5854058861732483,0.0013463327195495367,0.26408132910728455,0.0009622530196793377
50x50 largo,551,705280.0,0.4606255292892456,0.0,,,0.0,9.0,3.4765625,0.15594999492168427,0.4517578184604645,0.5854727029800415,0.003441174514591694,0.17458775639533997,0.0007879516342654824
50x50 largo,552,706560.0,0.3759877681732178,0.0,,,0.0,1.0,3.8460938930511475,0.19222499430179596,0.408203125,0.5715525150299072,0.0019615385681390762,0.1027396023273468,0.00024495014804415405
50x50 largo,553,707840.0,0.3755931258201599,0.0,,,0.0,0.0,3.875,0.2305999994277954,0.4185546934604645,0.5386122465133667,0.006926705129444599,0.21949024498462677,0.0021738409996032715
50x50 largo,554,709120.0,0.37095561623573303,0.0,,,0.0,2.0,3.987499952316284,0.2700749933719635,0.41328126192092896,0.5309772491455078,0.0007398350862786174,0.09716782718896866,0.000230587727855891
50x50 largo,555,710400.0,0.3677253723144531,0.0,,,0.0,0.0,4.0,0.31222498416900635,0.40546876192092896,0.5414762496948242,0.003735542530193925,0.17183372378349304,0.000236631982261315
50x50 largo,556,711680.0,0.3585851192474365,0.0,,,0.0,0.0,4.0,0.3559499979019165,0.3876953125,0.5556607842445374,0.002685724990442395,0.17888444662094116,0.00023017884814180434
50x50 largo,557,712960.0,0.31705111265182495,0.0,,,0.0,0.0,4.0,0.39774999022483826,0.41718751192092896,0.5436563491821289,0.00397875253111124,0.210060253739357,0.00018167420057579875
50x50 largo,558,714240.0,0.3084723949432373,0.0,,,0.0,0.0,4.0,0.4413749873638153,0.3785156309604645,0.5341696739196777,0.0005892472108826041,0.1820766031742096,0.0002556408871896565
50x50 largo,559,715520.0,0.39385759830474854,0.125,,,2.0,0.0,3.948437452316284,0.4824249744415283,0.3798828125,0.555982232093811,0.007048141676932573,0.207349956035614,0.00630396232008934
50x50 largo,560,716800.0,0.3043454885482788,0.0625,,,1.0,0.0,3.862499952316284,0.5222749710083008,0.4154296815395355,0.5425665378570557,0.0022050878033041954,0.19029970467090607,0.0031946846283972263
50x50 largo,561,718080.0,0.23717999458312988,0.0,,,0.0,0.0,3.8125,0.5647000074386597,0.4312500059604645,0.5734775066375732,0.00401707598939538,0.28929752111434937,0.0002754313172772527
50x50 largo,562,719360.0,0.2347916215658188,0.0,,,0.0,1.0,3.8187501430511475,0.6103000044822693,0.42949220538139343,0.5497645735740662,0.003337514353916049,0.19215020537376404,0.0001935481996042654
50x50 largo,563,720640.0,0.21343912184238434,0.0,,,0.0,0.0,3.875,0.6572749614715576,0.3912109434604645,0.5319154858589172,0.0018963655456900597,0.158456489443779,0.00017907453002408147
50x50 largo,564,721920.0,0.3212825059890747,0.125,,,2.0,1.0,3.88671875,0.7053250074386597,0.4056640565395355,0.5588313341140747,0.0028470810502767563,0.14439120888710022,0.006349545903503895
50x50 largo,565,723200.0,0.19577525556087494,0.0625,,,1.0,1.0,3.821093797683716,0.7416249513626099,0.44804689288139343,0.5498830080032349,0.0006628130795434117,0.16313350200653076,0.00322371325455606
50x50 largo,566,724480.0,0.12114199995994568,0.0,,,0.0,1.0,3.871875047683716,0.7767000198364258,0.42207032442092896,0.5370123982429504,0.0049619595520198345,0.16319790482521057,0.00018438053666613996
50x50 largo,567,725760.0,0.09217663109302521,0.0,,,0.0,1.0,3.9320313930511475,0.8090249300003052,0.4478515684604645,0.547443151473999,0.004480217583477497,0.20823131501674652,0.0001252669608220458
50x50 largo,568,727040.0,0.069520503282547,0.0,,,0.0,1.0,3.956249952316284,0.836074948310852,0.46875,0.5323546528816223,0.003697921521961689,0.23343338072299957,9.07139474293217e-05
50x50 largo,569,728320.0,0.06113750487565994,0.0,,,0.0,0.0,4.0,0.8652999401092529,0.4839843809604645,0.5433777570724487,0.0054614124819636345,0.2082696557044983,8.555942622479051e-05
50x50 largo,570,729600.0,0.16759538650512695,0.125,,,2.0,0.0,3.9375,0.8886749744415283,0.519335925579071,0.5682473182678223,0.005219143815338612,0.2508973479270935,0.006238184869289398
50x50 largo,571,730880.0,0.03507012873888016,0.0,,,0.0,1.0,3.926562547683716,0.9101999998092651,0.5234375,0.5583012700080872,0.001515743206255138,0.22218596935272217,7.494819146813825e-05
50x50 largo,572,732160.0,0.20867988467216492,0.1875,,,3.0,0.0,3.882031202316284,0.9301499724388123,0.530468761920929,0.5601558685302734,0.0019692261703312397,0.2512447237968445,0.00941975973546505
50x50 largo,573,733440.0,0.2740788757801056,0.25,,,4.0,3.0,3.6484375,0.9441750049591064,0.508593738079071,0.5540685653686523,0.006190374027937651,0.2160271406173706,0.012071261182427406
50x50 largo,574,734720.0,0.32829174399375916,0.3125,,,5.0,2.0,3.6031250953674316,0.9542999863624573,0.5435547232627869,0.5572193264961243,0.0010106408735737205,0.23400337994098663,0.015544148162007332
50x50 largo,575,736000.0,0.329220712184906,0.3125,,,5.0,3.0,3.44140625,0.9639999866485596,0.5498046875,0.5575709342956543,0.004878772888332605,0.22838172316551208,0.014373570680618286
50x50 largo,576,737280.0,0.32157373428344727,0.3125,,,5.0,2.0,3.274218797683716,0.9689499735832214,0.534960925579071,0.5576173067092896,0.0022706494200974703,0.19386322796344757,0.014679697342216969
50x50 largo,577,738560.0,0.3887631297111511,0.375,,,6.0,4.0,3.094531297683716,0.9724499583244324,0.4820312559604645,0.5574711561203003,0.00036543156602419913,0.1887383610010147,0.017426231876015663
50x50 largo,578,739840.0,0.4505753815174103,0.4375,,,7.0,4.0,2.942187547683716,0.9745999574661255,0.5,0.5612615942955017,0.0044629997573792934,0.19694481790065765,0.019519222900271416
50x50 largo,579,741120.0,0.26253849267959595,0.25,,,4.0,4.0,2.7750000953674316,0.974774956703186,0.5267578363418579,0.5596335530281067,0.0015757754445075989,0.16331219673156738,0.007568633183836937
50x50 largo,580,742400.0,0.20966625213623047,0.1875,,,3.0,7.0,3.0523438453674316,0.9757000207901001,0.554492175579071,0.5571776628494263,0.004629176110029221,0.22052443027496338,0.006239710375666618
50x50 largo,581,743680.0,0.08176999539136887,0.0625,,,1.0,6.0,3.2445313930511475,0.976824939250946,0.503710925579071,0.5752344131469727,0.004725989419966936,0.24277183413505554,0.0009369714534841478
50x50 largo,582,744960.0,0.006440125405788422,0.0,,,0.0,2.0,3.5078125,0.9774749279022217,0.4867187440395355,0.5661427974700928,0.0010430654510855675,0.20644915103912354,0.00013579947699327022
50x50 largo,583,746240.0,0.07503186911344528,0.0625,,,1.0,4.0,3.655468702316284,0.9776249527931213,0.527148425579071,0.5537307262420654,0.0007143164984881878,0.17087259888648987,0.002964727347716689
50x50 largo,584,747520.0,0.006335125304758549,0.0,,,0.0,2.0,3.7914063930511475,0.977774977684021,0.519726574420929,0.5478806495666504,0.004142673686146736,0.21511046588420868,8.215846901293844e-05
50x50 largo,585,748800.0,0.0031647500582039356,0.0,,,0.0,1.0,3.9242188930511475,0.9779499769210815,0.49921876192092896,0.5407774448394775,0.0016047392273321748,0.19304807484149933,5.21697111253161e-05
50x50 largo,586,750080.0,0.125,0.125,,,2.0,0.0,3.8984375,0.9779499769210815,0.5121093988418579,0.5496182441711426,0.0034740744158625603,0.21697694063186646,0.005842768121510744
50x50 largo,587,751360.0,0.0625,0.0625,,,1.0,0.0,3.797656297683716,0.9779499769210815,0.5433593988418579,0.5713952779769897,0.0006260983645915985,0.16414663195610046,0.0024753736797720194
50x50 largo,588,752640.0,0.006354250479489565,0.0,,,0.0,2.0,3.803906202316284,0.9782499670982361,0.5394531488418579,0.5702696442604065,0.004851778037846088,0.18928349018096924,8.078049722826108e-05
50x50 largo,589,753920.0,0.06568975001573563,0.0625,,,1.0,1.0,3.836718797683716,0.9784249663352966,0.5845703482627869,0.5726027488708496,0.012600984424352646,0.18557634949684143,0.0023029055446386337
50x50 largo,590,755200.0,0.00027362516266293824,0.0,,,0.0,0.0,3.875,0.9789749383926392,0.531445324420929,0.5779250860214233,0.0008754660957492888,0.17846299707889557,3.413121521589346e-05
50x50 largo,591,756480.0,0.00033562531461939216,0.0,,,0.0,0.0,3.875,0.979949951171875,0.5166015625,0.5900924205780029,0.00288629112765193,0.17495033144950867,2.7679072445607744e-05
50x50 largo,592,757760.0,0.1283046305179596,0.125,,,2.0,1.0,3.875781297683716,0.9805999994277954,0.503125011920929,0.5798971056938171,0.003928396850824356,0.12856313586235046,0.005147820338606834
50x50 largo,593,759040.0,0.12506163120269775,0.125,,,2.0,0.0,3.7562501430511475,0.9808499813079834,0.4664062559604645,0.5433539748191833,0.0061667198315262794,0.1516915261745453,0.004899353254586458
50x50 largo,594,760320.0,0.12825512886047363,0.125,,,2.0,1.0,3.7265625,0.9812749624252319,0.4443359375,0.5384227633476257,0.0004254186642356217,0.2051834911108017,0.005262590944766998
50x50 largo,595,761600.0,0.06581712514162064,0.0625,,,1.0,1.0,3.60546875,0.9819999933242798,0.4488281309604645,0.5261073708534241,0.006039634346961975,0.1905735582113266,0.0026756711304187775
50x50 largo,596,762880.0,0.06566399335861206,0.0625,,,1.0,1.0,3.659374952316284,0.9823249578475952,0.39765626192092896,0.5242680311203003,0.0013687035534530878,0.16184107959270477,0.003686402225866914
50x50 largo,597,764160.0,0.0062500000931322575,0.0,,,0.0,2.0,3.7320313453674316,0.9823249578475952,0.41582033038139343,0.501997709274292,0.003095244523137808,0.14866551756858826,6.405649037333205e-05
50x50 largo,598,765440.0,0.06564674526453018,0.0625,,,1.0,1.0,3.7015626430511475,0.9824249744415283,0.41914063692092896,0.5145161151885986,0.002766655758023262,0.15109029412269592,0.0021519821602851152
50x50 largo,599,766720.0,0.003164500230923295,0.0,,,0.0,1.0,3.8109376430511475,0.9826250076293945,0.45000001788139343,0.5211957693099976,0.0005001050885766745,0.2132115364074707,2.2737105609849095e-05
50x50 largo,600,768000.0,0.0031250000465661287,0.0,,,0.0,1.0,3.856250047683716,0.9826250076293945,0.4263671934604645,0.5147427320480347,0.006412208545953035,0.3749394714832306,1.713857454888057e-05
50x50 largo,601,769280.0,0.1906302571296692,0.1875,,,3.0,1.0,3.8062500953674316,0.9826499819755554,0.46367189288139343,0.5056517124176025,0.0016292526852339506,0.19391712546348572,0.008705402724444866
50x50 largo,602,770560.0,0.2500070035457611,0.25,,,4.0,0.0,3.60546875,0.9826749563217163,0.4427734315395355,0.5250118970870972,0.0015004704473540187,0.14504367113113403,0.010828816331923008
50x50 largo,603,771840.0,0.2500128746032715,0.25,,,4.0,0.0,3.346874952316284,0.9827249646186829,0.4488281309604645,0.5536279678344727,0.0025381729938089848,0.1515769362449646,0.010491807945072651
50x50 largo,604,773120.0,0.5063290596008301,0.5,,,8.0,2.0,3.051562547683716,0.9829999208450317,0.4458984434604645,0.5586082339286804,0.006101129576563835,0.31675925850868225,0.02357679419219494
50x50 largo,605,774400.0,0.38452351093292236,0.375,,,6.0,3.0,2.79296875,0.9836000204086304,0.4476562440395355,0.5405834913253784,0.0037605194374918938,0.1554926037788391,0.015619639307260513
50x50 largo,606,775680.0,0.19383512437343597,0.1875,,,3.0,2.0,2.6343750953674316,0.9840499758720398,0.4261718690395355,0.5623108148574829,0.003306983970105648,0.24911507964134216,0.007877590134739876
50x50 largo,607,776960.0,0.4562534689903259,0.4375,,,7.0,6.0,2.6695313453674316,0.9840749502182007,0.44121095538139343,0.5360666513442993,0.005482886452227831,0.15940767526626587,0.01637294515967369
50x50 largo,608,778240.0,0.26255926489830017,0.25,,,4.0,4.0,2.6875,0.9843000173568726,0.40937501192092896,0.54958176612854,0.005398521199822426,0.20660535991191864,0.012300394475460052
50x50 largo,609,779520.0,0.08134350180625916,0.0625,,,1.0,6.0,2.7757813930511475,0.9847249984741211,0.43281251192092896,0.534721851348877,0.007729239296168089,0.19342392683029175,0.0025229169987142086
50x50 largo,610,780800.0,0.32500436902046204,0.3125,,,5.0,4.0,2.836718797683716,0.9847500324249268,0.4169921875,0.5192026495933533,0.0027425119187682867,0.23645620048046112,0.012460801750421524
50x50 largo,611,782080.0,0.012561250478029251,0.0,,,0.0,4.0,2.8648438453674316,0.9852499961853027,0.41191408038139343,0.4947217106819153,0.0032371641136705875,0.14326930046081543,0.00037770182825624943
50x50 largo,612,783360.0,0.13751912117004395,0.125,,,2.0,4.0,3.1078126430511475,0.9854749441146851,0.3935546875,0.5090946555137634,0.005214300472289324,0.22359363734722137,0.005828298628330231
50x50 largo,613,784640.0,0.00313025014474988,0.0,,,0.0,1.0,3.1937501430511475,0.9855749607086182,0.41679689288139343,0.49812620878219604,0.0037978575564920902,0.16366857290267944,0.00013538607163354754
50x50 largo,614,785920.0,0.009385624900460243,0.0,,,0.0,3.0,3.3773438930511475,0.9856249690055847,0.41484376788139343,0.5000994205474854,0.001958056353032589,0.14084523916244507,9.963598131434992e-05
50x50 largo,615,787200.0,0.0687551200389862,0.0625,,,1.0,2.0,3.469531297683716,0.9856500029563904,0.39921876788139343,0.5126837491989136,0.004100798163563013,0.1668584644794464,0.0032480470836162567
50x50 largo,616,788480.0,0.012505375780165195,0.0,,,0.0,4.0,3.6703126430511475,0.9856749773025513,0.43828126788139343,0.5334187746047974,0.0047862352803349495,0.27536463737487793,7.356684363912791e-05
50x50 largo,617,789760.0,0.06562499701976776,0.0625,,,1.0,1.0,3.770312547683716,0.9856749773025513,0.4605468809604645,0.5108107924461365,0.004700433928519487,0.18916743993759155,0.003162817098200321
50x50 largo,618,791040.0,0.13437499105930328,0.125,,,2.0,3.0,3.8304688930511475,0.9856749773025513,0.4330078065395355,0.5026025176048279,0.0005256778094917536,0.17644637823104858,0.008498930372297764
50x50 largo,619,792320.0,0.0,0.0,,,0.0,0.0,3.8125,0.9856749773025513,0.4320312440395355,0.5039207935333252,0.0016642864793539047,0.1380499005317688,0.0001138820662163198
50x50 largo,620,793600.0,0.0,0.0,,,0.0,0.0,3.8125,0.9856749773025513,0.4599609375,0.5187653303146362,0.0016796508571133018,0.15850046277046204,3.817961260210723e-05
50x50 largo,621,794880.0,0.0,0.0,,,0.0,0.0,3.8125,0.9856749773025513,0.4619140625,0.525521993637085,0.0005423001712188125,0.11898535490036011,2.0793420844711363e-05
50x50 largo,622,796160.0,0.12500500679016113,0.125,,,2.0,0.0,3.754687547683716,0.9857000112533569,0.44140625,0.5181989073753357,0.002349619287997484,0.16839469969272614,0.005885142832994461
50x50 largo,623,797440.0,0.003126750001683831,0.0,,,0.0,1.0,3.7093751430511475,0.9857249855995178,0.44941407442092896,0.5023871064186096,0.0006982792401686311,0.22252671420574188,2.4824850697768852e-05
50x50 largo,624,798720.0,0.13437499105930328,0.125,,,2.0,3.0,3.7367188930511475,0.9857249855995178,0.44140625,0.505001962184906,0.001649123034439981,0.15506549179553986,0.004996013827621937
50x50 largo,625,800000.0,0.12501561641693115,0.125,,,2.0,0.0,3.7867188453674316,0.9858499765396118,0.4662109315395355,0.5234493017196655,0.0029110221657902002,0.1448419988155365,0.006457590498030186
50x50 largo,626,801280.0,0.5010520219802856,0.0,,,0.0,12.0,0.3765625059604645,0.03824999928474426,0.596875011920929,0.5351500511169434,0.0016514309681952,0.17424975335597992,0.0009072928223758936
50x50 largo,627,802560.0,0.5019849538803101,0.0,,,0.0,10.0,1.0382813215255737,0.07827499508857727,0.50390625,0.5307766199111938,0.0007247252506203949,0.19524355232715607,0.0010738855926319957
50x50 largo,628,803840.0,0.5158444046974182,0.0,,,0.0,10.0,1.6101562976837158,0.12152500450611115,0.4683593809604645,0.5364514589309692,0.004702870734035969,0.30605870485305786,0.001378674409352243
50x50 largo,629,805120.0,0.45023560523986816,0.0625,,,1.0,8.0,2.3062500953674316,0.15525001287460327,0.5025390982627869,0.5348043441772461,0.0006311216857284307,0.18816880881786346,0.0035676169209182262
50x50 largo,630,806400.0,0.45051124691963196,0.0,,,0.0,11.0,2.8460938930511475,0.19574999809265137,0.49921876192092896,0.5441733002662659,0.006693222559988499,0.23180045187473297,0.0008999403798952699
50x50 largo,631,807680.0,0.4097251296043396,0.0,,,0.0,3.0,3.2164063453674316,0.23672500252723694,0.4878906309604645,0.5355238914489746,0.002031856682151556,0.18496167659759521,0.0006041913293302059
50x50 largo,632,808960.0,0.3601129949092865,0.0,,,0.0,6.0,3.4664063453674316,0.2735249996185303,0.519335925579071,0.5452467203140259,0.002772833686321974,0.15606346726417542,0.0002895931829698384
50x50 largo,633,810240.0,0.32613638043403625,0.0,,,0.0,2.0,3.727343797683716,0.3098749816417694,0.555859386920929,0.5581337213516235,0.0020483219996094704,0.1567775160074234,0.00012894967221654952
50x50 largo,634,811520.0,0.3240973949432373,0.0,,,0.0,1.0,3.8382813930511475,0.34812498092651367,0.536328136920929,0.5521968603134155,0.002937074052169919,0.1660109907388687,0.00017839302017819136
50x50 largo,635,812800.0,0.3457440137863159,0.0,,,0.0,0.0,3.875,0.39229997992515564,0.541796863079071,0.5735843181610107,0.0017309460090473294,0.11062327027320862,0.00017964528524316847
50x50 largo,636,814080.0,0.27725860476493835,0.0,,,0.0,0.0,3.875,0.4301999807357788,0.5375000238418579,0.5755066275596619,0.003093905746936798,0.28028345108032227,7.330226799240336e-05
50x50 largo,637,815360.0,0.2563309967517853,0.0,,,0.0,0.0,3.875,0.4676249921321869,0.567187488079071,0.5615893006324768,0.0006740640965290368,0.13034310936927795,0.00011207893840037286
50x50 largo,638,816640.0,0.2353144884109497,0.0,,,0.0,0.0,3.875,0.5045750141143799,0.550976574420929,0.5624424815177917,0.005033169873058796,0.18636740744113922,9.303288243245333e-05
50x50 largo,639,817920.0,0.19892637431621552,0.0,,,0.0,1.0,3.891406297683716,0.5370999574661255,0.5113281607627869,0.565409779548645,0.0020705340430140495,0.18194538354873657,0.00014982480206526816
50x50 largo,640,819200.0,0.17074325680732727,0.0,,,0.0,1.0,3.9625000953674316,0.5672000050544739,0.47578126192092896,0.5459609627723694,0.007975369691848755,0.27489951252937317,0.00013064543600194156
50x50 largo,641,820480.0,0.1936737596988678,0.0,,,0.0,0.0,4.0,0.6043500304222107,0.4625000059604645,0.5406302213668823,0.0047238487750291824,0.2939300239086151,9.483305620960891e-05
50x50 largo,642,821760.0,0.1827305108308792,0.0,,,0.0,0.0,4.0,0.6433249711990356,0.47773438692092896,0.5652276277542114,0.0011309549445286393,0.14812585711479187,7.213260687422007e-05
50x50 largo,643,823040.0,0.16968238353729248,0.0,,,0.0,0.0,4.0,0.6832000017166138,0.4634765684604645,0.5667921304702759,0.0012065642513334751,0.23968136310577393,8.05227828095667e-05
50x50 largo,644,824320.0,0.14093336462974548,0.0,,,0.0,0.0,4.0,0.7215999364852905,0.4839843809604645,0.5684674978256226,0.0016184132546186447,0.1189887523651123,6.0006022977177054e-05
50x50 largo,645,825600.0,0.10860687494277954,0.0,,,0.0,0.0,4.0,0.7547500133514404,0.5005859732627869,0.5611149072647095,0.005621548276394606,0.20695775747299194,6.768358434783295e-05
50x50 largo,646,826880.0,0.10850700736045837,0.0,,,0.0,0.0,4.0,0.7937999963760376,0.536914050579071,0.5532482862472534,0.0031840652227401733,0.16820944845676422,4.319431900512427e-05
50x50 largo,647,828160.0,0.09255563467741013,0.0,,,0.0,0.0,4.0,0.8339749574661255,0.5621094107627869,0.5453633069992065,0.004760583397001028,0.20241010189056396,5.5214564781636e-05
50x50 largo,648,829440.0,0.25280898809432983,0.1875,,,3.0,0.0,3.905468702316284,0.8672749996185303,0.55078125,0.5739066004753113,0.003138117026537657,0.32889944314956665,0.008714240975677967
50x50 largo,649,830720.0,0.04464913159608841,0.0,,,0.0,0.0,3.8125,0.8947999477386475,0.584179699420929,0.5648612976074219,0.0015312661416828632,0.23853695392608643,8.208671351894736e-05
50x50 largo,650,832000.0,0.22143176198005676,0.1875,,,3.0,0.0,3.6968750953674316,0.9239499568939209,0.608203113079071,0.5574772357940674,0.0007715075626038015,0.18048495054244995,0.00895918719470501
50x50 largo,651,833280.0,0.09317788481712341,0.0625,,,1.0,2.0,3.6656250953674316,0.9507249593734741,0.6048828363418579,0.5767809152603149,0.002206305041909218,0.16459986567497253,0.003230366390198469
50x50 largo,652,834560.0,0.4547508955001831,0.4375,,,7.0,2.0,3.524218797683716,0.9688249826431274,0.579296886920929,0.5847592949867249,0.006223469041287899,0.270450234413147,0.018817119300365448
50x50 largo,653,835840.0,0.19762223958969116,0.1875,,,3.0,2.0,3.3851563930511475,0.9799000024795532,0.529101550579071,0.5802731513977051,0.00868536252528429,0.2510265111923218,0.0061507257632911205
50x50 largo,654,837120.0,0.5726519823074341,0.5625,,,9.0,3.0,3.1304688453674316,0.9834250211715698,0.4951171875,0.5745134353637695,0.004741230513900518,0.30028554797172546,0.022446494549512863
50x50 largo,655,838400.0,0.8225369453430176,0.8125,,,13.0,3.0,2.8179688453674316,0.9859249591827393,0.509960949420929,0.5580257773399353,0.006021921057254076,0.2842945456504822,0.03922185301780701
50x50 largo,656,839680.0,0.6503058671951294,0.625,,,10.0,8.0,2.1695313453674316,0.9876749515533447,0.43867188692092896,0.5608818531036377,0.004000937100499868,0.2341398298740387,0.025177234783768654
50x50 largo,657,840960.0,0.4564257264137268,0.4375,,,7.0,6.0,2.20703125,0.9883999824523926,0.4378906190395355,0.5623935461044312,0.0004896096652373672,0.1582697033882141,0.021185170859098434
50x50 largo,658,842240.0,0.1438746154308319,0.125,,,2.0,6.0,2.217968702316284,0.9895749688148499,0.44941407442092896,0.5752253532409668,0.008154302835464478,0.2323468178510666,0.004757680930197239
50x50 largo,659,843520.0,0.009393749758601189,0.0,,,0.0,3.0,2.492968797683716,0.9899500012397766,0.5357422232627869,0.5667341947555542,0.006470967084169388,0.2836427390575409,0.00036193395499140024
50x50 largo,660,844800.0,0.015625,0.0,,,0.0,5.0,2.7132813930511475,0.9899500012397766,0.5150390863418579,0.5593787431716919,0.0020379219204187393,0.22491368651390076,0.00028508214745670557
50x50 largo,661,846080.0,0.015625,0.0,,,0.0,5.0,2.9765625,0.9899500012397766,0.49433594942092896,0.5721728801727295,0.00168713612947613,0.18332278728485107,0.0002243997878395021
50x50 largo,662,847360.0,0.07187499850988388,0.0625,,,1.0,3.0,3.253124952316284,0.9899500012397766,0.49628907442092896,0.576232373714447,0.009058170020580292,0.2883089482784271,0.0031873597763478756
50x50 largo,663,848640.0,0.13749998807907104,0.125,,,2.0,4.0,3.3226563930511475,0.9899500012397766,0.5365234613418579,0.5763543248176575,0.0002809969009831548,0.1607578694820404,0.005620474927127361
50x50 largo,664,849920.0,0.012500000186264515,0.0,,,0.0,4.0,3.620312452316284,0.9899500012397766,0.5703125,0.566580057144165,0.006130349822342396,0.16507530212402344,0.0001325571065535769
50x50 largo,665,851200.0,0.0031250000465661287,0.0,,,0.0,1.0,3.6953125,0.9899500012397766,0.619921863079071,0.5577083826065063,0.0029736007563769817,0.25103485584259033,0.0001088305507437326
50x50 largo,666,852480.0,0.0,0.0,,,0.0,0.0,3.75,0.9899500012397766,0.6480469107627869,0.578449010848999,0.0026120226830244064,0.24982404708862305,7.78691319283098e-05
50x50 largo,667,853760.0,0.0031250000465661287,0.0,,,0.0,1.0,3.7906250953674316,0.9899500012397766,0.6439453363418579,0.5965444445610046,0.003728445153683424,0.1741352379322052,6.217978079803288e-05
50x50 largo,668,855040.0,0.0031250000465661287,0.0,,,0.0,1.0,3.825000047683716,0.9899500012397766,0.6109375357627869,0.5890222191810608,0.0012163377832621336,0.1055658757686615,4.869302938459441e-05
50x50 largo,669,856320.0,0.0,0.0,,,0.0,0.0,3.875,0.9899500012397766,0.629101574420929,0.5930262207984924,0.0007487176917493343,0.14213062822818756,3.07624795823358e-05
50x50 largo,670,857600.0,0.0031250000465661287,0.0,,,0.0,1.0,3.909374952316284,0.9899500012397766,0.6337890625,0.6031256914138794,0.006816414184868336,0.18826916813850403,2.778393536573276e-05
50x50 largo,671,858880.0,0.0,0.0,,,0.0,0.0,3.9375,0.9899500012397766,0.588671863079071,0.5923896431922913,0.0017516703810542822,0.1277531236410141,1.5792813428561203e-05
50x50 largo,672,860160.0,0.06562499701976776,0.0625,,,1.0,1.0,3.94921875,0.9899500012397766,0.5933594107627869,0.6083112955093384,0.011728095822036266,0.24808749556541443,0.0032967492006719112
50x50 largo,673,861440.0,0.0,0.0,,,0.0,0.0,3.9375,0.9899500012397766,0.5517578125,0.5864840745925903,0.005993775092065334,0.2353750765323639,1.0218960596830584e-05
50x50 largo,674,862720.0,0.0,0.0,,,0.0,0.0,3.9375,0.9899500012397766,0.602734386920929,0.5946193337440491,0.0009694598848000169,0.18036971986293793,8.525533303327393e-06
50x50 largo,675,864000.0,0.0,0.0,,,0.0,0.0,3.9375,0.9899500012397766,0.6070312857627869,0.6134530305862427,0.004485664423555136,0.2413875162601471,6.332413704512874e-06
50x50 largo,676,865280.0,0.0,0.0,,,0.0,0.0,3.9375,0.9899500012397766,0.591015636920929,0.6027454137802124,0.0007413430139422417,0.1806885451078415,4.477637048694305e-06
50x50 largo,677,866560.0,0.0625,0.0625,,,1.0,0.0,3.90234375,0.9899500012397766,0.551562488079071,0.5958544015884399,0.0011005396954715252,0.1933903843164444,0.0032610706984996796
50x50 largo,678,867840.0,0.12812499701976776,0.125,,,2.0,1.0,3.887500047683716,0.9899500012397766,0.5785156488418579,0.5829744338989258,0.0028552040457725525,0.22381822764873505,0.006468271836638451
50x50 largo,679,869120.0,5.375016371544916e-06,0.0,,,0.0,0.0,3.8125,0.9899749755859375,0.556640625,0.5833002328872681,0.004651248455047607,0.1797187626361847,1.0142972314497456e-05
50x50 largo,680,870400.0,0.06562499701976776,0.0625,,,1.0,1.0,3.77734375,0.9899749755859375,0.5181640982627869,0.5694149732589722,0.004798282869160175,0.10971537232398987,0.003160649910569191
50x50 largo,681,871680.0,0.1875,0.1875,,,3.0,0.0,3.7109375,0.9899749755859375,0.5658203363418579,0.5658568143844604,0.0034361244179308414,0.17539989948272705,0.009018989279866219
50x50 largo,682,872960.0,0.1875,0.1875,,,3.0,0.0,3.5054688453674316,0.9899749755859375,0.5943359732627869,0.588599443435669,0.002236295025795698,0.23155218362808228,0.007882029749453068
50x50 largo,683,874240.0,0.3187499940395355,0.3125,,,5.0,2.0,3.2710938453674316,0.9899749755859375,0.5419921875,0.565955400466919,0.002684354316443205,0.14827096462249756,0.012076939456164837
50x50 largo,684,875520.0,0.5625,0.5625,,,9.0,0.0,2.95703125,0.9899749755859375,0.561328113079071,0.5873697400093079,0.0010744099272415042,0.2613108456134796,0.022193962708115578
50x50 largo,685,876800.0,0.6937500238418579,0.6875,,,11.0,2.0,2.4242188930511475,0.9899749755859375,0.516796886920929,0.5765084624290466,0.0017155741807073355,0.22517907619476318,0.027250757440924644
50x50 largo,686,878080.0,0.4437499940395355,0.4375,,,7.0,2.0,1.9421875476837158,0.9899749755859375,0.511914074420929,0.5629523992538452,0.005103481933474541,0.16345828771591187,0.011666670441627502
50x50 largo,687,879360.0,0.1908281147480011,0.1875,,,3.0,1.0,1.7492188215255737,0.991225004196167,0.521289050579071,0.5803064107894897,0.0015694394242018461,0.21630163490772247,0.005965211428701878
50x50 largo,688,880640.0,0.5750275254249573,0.5625,,,9.0,4.0,1.47265625,0.9919249415397644,0.4857421815395355,0.5882699489593506,0.0012427065521478653,0.18653669953346252,0.023666633293032646
50x50 largo,689,881920.0,0.2750183641910553,0.25,,,4.0,8.0,1.4773437976837158,0.991974949836731,0.5111328363418579,0.5937598943710327,0.001841141376644373,0.15049465000629425,0.007417313288897276
50x50 largo,690,883200.0,0.06874999403953552,0.0625,,,1.0,2.0,1.66796875,0.991974949836731,0.515625,0.5800007581710815,0.0037394845858216286,0.112604059278965,0.0023885355331003666
50x50 largo,691,884480.0,0.08139287680387497,0.0625,,,1.0,6.0,1.8406250476837158,0.9924249649047852,0.552539050579071,0.565550684928894,0.00870891660451889,0.24522554874420166,0.0027078320272266865
50x50 largo,692,885760.0,0.07815749943256378,0.0625,,,1.0,5.0,2.09375,0.9925499558448792,0.6080078482627869,0.5590712428092957,0.0009787671733647585,0.2082308530807495,0.0031654834747314453
50x50 largo,693,887040.0,0.07499999552965164,0.0625,,,1.0,4.0,2.2718751430511475,0.9925499558448792,0.607226550579071,0.5545812249183655,0.0018370413454249501,0.17618343234062195,0.003255325136706233
50x50 largo,694,888320.0,0.0781249925494194,0.0625,,,1.0,5.0,2.590625047683716,0.9925499558448792,0.6498047113418579,0.5250366926193237,0.006335732527077198,0.2006828486919403,0.0014778473414480686
50x50 largo,695,889600.0,0.012500000186264515,0.0,,,0.0,4.0,2.828906297683716,0.9925499558448792,0.6978515982627869,0.5481843948364258,0.0038234081584960222,0.16489943861961365,0.00017450388986617327
50x50 largo,696,890880.0,0.0031250000465661287,0.0,,,0.0,1.0,2.98828125,0.9925499558448792,0.6851562857627869,0.5291977524757385,0.001139384345151484,0.18440142273902893,0.00012657514889724553
50x50 largo,697,892160.0,0.0062500000931322575,0.0,,,0.0,2.0,3.024218797683716,0.9925499558448792,0.664843738079071,0.5440669059753418,0.002837785519659519,0.199392631649971,0.0001063240779330954
50x50 largo,698,893440.0,0.015625,0.0,,,0.0,5.0,3.31640625,0.9925499558448792,0.677539050579071,0.5352931022644043,0.0024007391184568405,0.14629465341567993,9.467506606597453e-05
50x50 largo,699,894720.0,0.0,0.0,,,0.0,0.0,3.4375,0.9925499558448792,0.6919922232627869,0.5488273501396179,0.001748373731970787,0.1374521553516388,5.359936039894819e-05
50x50 largo,700,896000.0,0.0062500000931322575,0.0,,,0.0,2.0,3.534374952316284,0.9925499558448792,0.6900390982627869,0.5185838937759399,0.002285699127241969,0.17829936742782593,5.034029527450912e-05
50x50 largo,701,897280.0,0.015625,0.0,,,0.0,5.0,3.717968702316284,0.9925499558448792,0.7250000238418579,0.5549742579460144,0.004146303050220013,0.1495741605758667,6.33078598184511e-05
50x50 largo,702,898560.0,0.0625,0.0625,,,1.0,0.0,3.8335938453674316,0.9925499558448792,0.7060546875,0.5648728609085083,0.0012821014970541,0.14222776889801025,0.003175696823745966
50x50 largo,703,899840.0,0.0625,0.0625,,,1.0,0.0,3.7718751430511475,0.9925499558448792,0.6611328125,0.5877580642700195,0.005517715122550726,0.12470556795597076,0.0030559601727873087
50x50 largo,704,901120.0,0.5842673778533936,0.0,,,0.0,26.0,1.1867188215255737,0.04159999638795853,0.648242175579071,0.514029860496521,0.004707746207714081,0.2790100574493408,0.0034420029260218143
50x50 largo,705,902400.0,0.5463501214981079,0.0,,,0.0,8.0,1.959375023841858,0.08649999648332596,0.6234375238418579,0.4825485348701477,0.004946099128574133,0.3543240427970886,0.0014315167209133506
50x50 largo,706,903680.0,0.5881133675575256,0.0625,,,1.0,8.0,2.3265626430511475,0.131974995136261,0.5992187857627869,0.49308979511260986,0.0007353834225796163,0.24905197322368622,0.004713993985205889
50x50 largo,707,904960.0,0.48570746183395386,0.0,,,0.0,7.0,2.78125,0.17669999599456787,0.5869140625,0.5373274087905884,0.004628514871001244,0.38375362753868103,0.0011748017277568579
50x50 largo,708,906240.0,0.48824024200439453,0.0,,,0.0,15.0,3.54296875,0.22145000100135803,0.6380859613418579,0.555105984210968,0.00101351214107126,0.1900777816772461,0.0007762555032968521
50x50 largo,709,907520.0,0.5855180025100708,0.1875,,,3.0,0.0,3.80859375,0.2644999623298645,0.6337890625,0.5685383081436157,0.001157122664153576,0.23366022109985352,0.021661166101694107
50x50 largo,710,908800.0,0.4852191209793091,0.125,,,2.0,5.0,3.80078125,0.3044250011444092,0.658398449420929,0.5523053407669067,0.0011772471480071545,0.3306463956832886,0.005742156878113747
50x50 largo,711,910080.0,0.3107462525367737,0.0,,,0.0,1.0,3.9625000953674316,0.3418000042438507,0.6656250357627869,0.566800594329834,0.001120690954849124,0.14228323101997375,0.00047749749501235783
50x50 largo,712,911360.0,0.28273048996925354,0.0,,,0.0,0.0,4.0,0.377949982881546,0.6617187857627869,0.5871831774711609,0.004019389860332012,0.1187233030796051,9.68149324762635e-05
50x50 largo,713,912640.0,0.26434725522994995,0.0,,,0.0,0.0,4.0,0.41385000944137573,0.6451172232627869,0.6081227660179138,0.0024161702021956444,0.1072574034333229,5.7383120292797685e-05
50x50 largo,714,913920.0,0.25524449348449707,0.0,,,0.0,0.0,4.0,0.45112496614456177,0.63671875,0.6177442073822021,0.009366041980683804,0.3484691381454468,8.045125287026167e-05
50x50 largo,715,915200.0,0.22003725171089172,0.0,,,0.0,0.0,4.0,0.48444998264312744,0.6011719107627869,0.6067829728126526,0.0024749464355409145,0.19998636841773987,8.942585554905236e-05
50x50 largo,716,916480.0,0.2298283725976944,0.0,,,0.0,0.0,4.0,0.5207500457763672,0.6087890863418579,0.6061331033706665,0.0020297314040362835,0.1506730020046234,0.00022048683604225516
50x50 largo,717,917760.0,0.22464436292648315,0.0,,,0.0,0.0,4.0,0.5589749813079834,0.6240234375,0.6118114590644836,0.002144129015505314,0.25179094076156616,0.0001559498196002096
50x50 largo,718,919040.0,0.18200400471687317,0.0,,,0.0,0.0,4.0,0.5934000015258789,0.5953125357627869,0.6242738962173462,0.003991221077740192,0.17274194955825806,9.494115511188284e-05
50x50 largo,719,920320.0,0.18271926045417786,0.0,,,0.0,0.0,4.0,0.6316999793052673,0.5986328125,0.6145313382148743,0.0007361010648310184,0.18658527731895447,0.00012472434900701046
50x50 largo,720,921600.0,0.16463187336921692,0.0,,,0.0,0.0,4.0,0.6683750152587891,0.576953113079071,0.6131044626235962,0.00224471278488636,0.15314745903015137,0.00012437108671292663
50x50 largo,721,922880.0,0.15052276849746704,0.0,,,0.0,0.0,4.0,0.7068749666213989,0.579296886920929,0.6040695905685425,0.00042865396244451404,0.1385742723941803,0.00010246056626783684
50x50 largo,722,924160.0,0.13110074400901794,0.0,,,0.0,0.0,4.0,0.7421249747276306,0.577343761920929,0.6250383853912354,0.006223756819963455,0.2153913825750351,9.546699584461749e-05
50x50 largo,723,925440.0,0.10940513014793396,0.0,,,0.0,0.0,4.0,0.7755749821662903,0.5513672232627869,0.609393298625946,0.005374729633331299,0.21708011627197266,0.00010094891331391409
50x50 largo,724,926720.0,0.1557760089635849,0.0625,,,1.0,0.0,3.9945313930511475,0.8099249601364136,0.561718761920929,0.6007125377655029,0.0031166861299425364,0.09497086703777313,0.003274667775258422
50x50 largo,725,928000.0,0.14226363599300385,0.0625,,,1.0,0.0,3.932812452316284,0.8428750038146973,0.544140636920929,0.5734993815422058,0.01094238180667162,0.16984665393829346,0.0032905912958085537
50x50 largo,726,929280.0,0.06028612703084946,0.0,,,0.0,1.0,3.926562547683716,0.8715249300003052,0.5767578482627869,0.5887084007263184,0.004472472704946995,0.21883980929851532,9.364298603031784e-05
50x50 largo,727,930560.0,0.04156475141644478,0.0,,,0.0,0.0,3.9375,0.8954999446868896,0.5367187857627869,0.5654633045196533,0.0012841817224398255,0.1627022624015808,9.96432063402608e-05
50x50 largo,728,931840.0,0.03568125516176224,0.0,,,0.0,1.0,3.9750001430511475,0.9188999533653259,0.49335938692092896,0.5737280249595642,0.005177645944058895,0.2146790474653244,8.63386521814391e-05
50x50 largo,729,933120.0,0.14856663346290588,0.125,,,2.0,0.0,3.8921875953674316,0.9408499598503113,0.5220703482627869,0.5536306500434875,0.008400424383580685,0.15227702260017395,0.00382428546436131
50x50 largo,730,934400.0,0.2023368775844574,0.1875,,,3.0,1.0,3.7835938930511475,0.9544999599456787,0.5679687857627869,0.541772723197937,0.0006502792239189148,0.11488209664821625,0.007803873624652624
50x50 largo,731,935680.0,0.32136401534080505,0.3125,,,5.0,0.0,3.5921876430511475,0.9659500122070312,0.5810546875,0.549872875213623,0.009143395349383354,0.38025981187820435,0.01801902800798416
50x50 largo,732,936960.0,0.3246825337409973,0.3125,,,5.0,3.0,3.4468750953674316,0.9715249538421631,0.5234375,0.5314090251922607,0.00587743055075407,0.28562843799591064,0.015376335941255093
50x50 largo,733,938240.0,1.0071924924850464,1.0,,,16.0,2.0,2.81640625,0.9752499461174011,0.519726574420929,0.5591107606887817,0.002435667673125863,0.32621389627456665,0.04643942043185234
50x50 largo,734,939520.0,0.20661486685276031,0.1875,,,3.0,6.0,2.582812547683716,0.975600004196167,0.48515626788139343,0.5537848472595215,0.008454510942101479,0.1816074401140213,0.009566592052578926
50x50 largo,735,940800.0,0.33503660559654236,0.3125,,,5.0,7.0,2.664843797683716,0.9760749340057373,0.5435547232627869,0.542089581489563,0.0035906480625271797,0.21534523367881775,0.01185518316924572
50x50 largo,736,942080.0,0.14114174246788025,0.125,,,2.0,5.0,2.8343751430511475,0.976474940776825,0.585156261920929,0.5457720160484314,0.0019042337080463767,0.18104353547096252,0.005960971117019653
50x50 largo,737,943360.0,0.007500625681132078,0.0,,,0.0,2.0,3.008593797683716,0.9776749610900879,0.5707031488418579,0.5293076634407043,0.00665579829365015,0.30390477180480957,0.00023968430468812585
50x50 largo,738,944640.0,0.15104812383651733,0.125,,,2.0,8.0,3.2421875,0.9786499738693237,0.6044921875,0.5493295192718506,0.0018869111081585288,0.1804017424583435,0.005934447515755892
50x50 largo,739,945920.0,0.006464875303208828,0.0,,,0.0,2.0,3.4742188453674316,0.9788749814033508,0.619335949420929,0.5139683485031128,0.007005198858678341,0.24225690960884094,0.0001893814478535205
50x50 largo,740,947200.0,0.1324237436056137,0.125,,,2.0,2.0,3.52734375,0.9803749918937683,0.6517578363418579,0.5606331825256348,0.009562450461089611,0.2460455298423767,0.004827637225389481
50x50 largo,741,948480.0,0.0001372500555589795,0.0,,,0.0,0.0,3.5625,0.9805999994277954,0.6087890863418579,0.5224887132644653,0.005072653293609619,0.1700538992881775,0.00012830831110477448
50x50 largo,742,949760.0,0.008563750423491001,0.0,,,0.0,2.0,3.66015625,0.9838249683380127,0.6458984613418579,0.5318893194198608,0.0012818349059671164,0.16099148988723755,0.00012133982818340883
50x50 largo,743,951040.0,0.004798251204192638,0.0,,,0.0,1.0,3.702343702316284,0.9871249794960022,0.645703136920929,0.5518513917922974,0.0012987484224140644,0.30377501249313354,0.00010181302786804736
50x50 largo,744,952320.0,0.06652999669313431,0.0625,,,1.0,1.0,3.73046875,0.9888999462127686,0.626171886920929,0.5587021112442017,0.001182436477392912,0.09387128055095673,0.003309024963527918
50x50 largo,745,953600.0,0.0033900004345923662,0.0,,,0.0,1.0,3.811718702316284,0.9902249574661255,0.601367175579071,0.558865487575531,0.001669526332989335,0.17640531063079834,6.822303112130612e-05
50x50 largo,746,954880.0,0.0062500000931322575,0.0,,,0.0,2.0,3.8828125,0.9902249574661255,0.6527343988418579,0.5613281726837158,0.002340285573154688,0.19838476181030273,6.589017721125856e-05
50x50 largo,747,956160.0,0.12500162422657013,0.125,,,2.0,0.0,3.9085938930511475,0.9902499914169312,0.615429699420929,0.5797877311706543,0.0036857309751212597,0.20112085342407227,0.0064861769787967205
50x50 largo,748,957440.0,0.12526912987232208,0.125,,,2.0,0.0,3.742968797683716,0.9914499521255493,0.5757812857627869,0.5849511623382568,0.0015195913147181273,0.14463916420936584,0.006353073753416538
50x50 largo,749,958720.0,0.003128624986857176,0.0,,,0.0,1.0,3.71484375,0.991474986076355,0.562695324420929,0.5704877972602844,0.002542023314163089,0.19488850235939026,4.99231755384244e-05
50x50 largo,750,960000.0,3.625005319918273e-06,0.0,,,0.0,0.0,3.75,0.9915249943733215,0.590039074420929,0.5798144340515137,0.005618805065751076,0.2089461088180542,4.304627509554848e-05
50x50 largo,751,961280.0,0.2531377375125885,0.25,,,4.0,1.0,3.6546876430511475,0.9916249513626099,0.5503906607627869,0.5601309537887573,0.0035472693853080273,0.26968276500701904,0.012461373582482338
50x50 largo,752,962560.0,0.071877621114254,0.0625,,,1.0,3.0,3.629687547683716,0.9917999505996704,0.5654296875,0.570440411567688,0.01012285053730011,0.15577155351638794,0.0032420470379292965
50x50 largo,753,963840.0,2.6250445444020443e-06,0.0,,,0.0,0.0,3.6875,0.9919499158859253,0.5091797113418579,0.5629317760467529,0.00034496973967179656,0.1444052904844284,4.0956514567369595e-05
50x50 largo,754,965120.0,6.250012575037545e-06,0.0,,,0.0,0.0,3.6875,0.9919999837875366,0.5132812857627869,0.5674615502357483,0.002823187503963709,0.18200474977493286,4.0804079617373645e-05
50x50 largo,755,966400.0,0.00638512521982193,0.0,,,0.0,2.0,3.707812547683716,0.993149995803833,0.4931640625,0.5691370368003845,0.0027857606764882803,0.2351422756910324,4.818255183636211e-05
50x50 largo,756,967680.0,0.06875000149011612,0.0625,,,1.0,2.0,3.844531297683716,0.993149995803833,0.4808593690395355,0.574730396270752,0.0021278662607073784,0.13362888991832733,0.00328265898860991
50x50 largo,757,968960.0,0.06253399699926376,0.0625,,,1.0,0.0,3.8335938453674316,0.9935749769210815,0.47539064288139343,0.5837134718894958,0.0005702914786525071,0.12519334256649017,0.0031962820794433355
50x50 largo,758,970240.0,0.06563175469636917,0.0625,,,1.0,1.0,3.80078125,0.9938249588012695,0.46796876192092896,0.5765771865844727,0.0006078624282963574,0.20561352372169495,0.0023806681856513023
50x50 largo,759,971520.0,0.06563062220811844,0.0625,,,1.0,1.0,3.7828125953674316,0.9940500259399414,0.45390626788139343,0.5778143405914307,0.012176099233329296,0.15770652890205383,0.0030102343298494816
50x50 largo,760,972800.0,0.25014376640319824,0.25,,,4.0,0.0,3.73828125,0.9952750205993652,0.529101550579071,0.5791183114051819,0.0008150377543643117,0.19460630416870117,0.012551812455058098
50x50 largo,761,974080.0,0.3750026226043701,0.375,,,6.0,0.0,3.3578126430511475,0.9953250288963318,0.4921875,0.556179940700531,0.0014417828060686588,0.21290549635887146,0.022401239722967148
50x50 largo,762,975360.0,0.3782062530517578,0.375,,,6.0,1.0,2.953125,0.9958249926567078,0.46171876788139343,0.5552952289581299,0.0006311587640084326,0.18631424009799957,0.017329219728708267
50x50 largo,763,976640.0,0.690657377243042,0.6875,,,11.0,1.0,2.5062501430511475,0.9964749813079834,0.43281251192092896,0.5431658029556274,0.005360786337405443,0.28856953978538513,0.029890315607190132
50x50 largo,764,977920.0,0.5156306028366089,0.5,,,8.0,5.0,2.149218797683716,0.9965000152587891,0.4453125,0.540134072303772,0.0023743698839098215,0.24059996008872986,0.02618764340877533
50x50 largo,765,979200.0,0.13443900644779205,0.125,,,2.0,3.0,2.0835938453674316,0.9968999624252319,0.4300781190395355,0.5557013750076294,0.0005346760735847056,0.1843399703502655,0.003937194123864174
50x50 largo,766,980480.0,0.0062500000931322575,0.0,,,0.0,2.0,2.2203125953674316,0.9968999624252319,0.4384765625,0.5537844300270081,0.0011074047069996595,0.210591658949852,0.00019566343689803034
50x50 largo,767,981760.0,0.19687499105930328,0.1875,,,3.0,3.0,2.32421875,0.9968999624252319,0.44609376788139343,0.5592137575149536,0.0007377850124612451,0.16092848777770996,0.013873156160116196
50x50 largo,768,983040.0,0.03125,0.0,,,0.0,10.0,2.647656202316284,0.9968999624252319,0.46503907442092896,0.562247097492218,0.0007879354525357485,0.13515159487724304,0.00020844669779762626
50x50 largo,769,984320.0,0.08750174939632416,0.0625,,,1.0,8.0,3.0835938453674316,0.996999979019165,0.510546863079071,0.5747238397598267,0.0031331158243119717,0.18304845690727234,0.0031116288155317307
50x50 largo,770,985600.0,0.06874999403953552,0.0625,,,1.0,2.0,3.358593702316284,0.996999979019165,0.508593738079071,0.5781078338623047,0.0014197739074006677,0.15218329429626465,0.0032015745528042316
50x50 largo,771,986880.0,0.06875000149011612,0.0625,,,1.0,2.0,3.4039063453674316,0.996999979019165,0.518750011920929,0.5701180100440979,0.0013707641046494246,0.1985548734664917,0.0033097178675234318
50x50 largo,772,988160.0,0.006252500228583813,0.0,,,0.0,2.0,3.4632813930511475,0.997124969959259,0.5205078125,0.5694319009780884,0.00378944119438529,0.23075738549232483,0.0001352203544229269
50x50 largo,773,989440.0,0.0,0.0,,,0.0,0.0,3.5625,0.997124969959259,0.530078113079071,0.5776345133781433,0.00244018342345953,0.19593314826488495,0.00011008381989086047
50x50 largo,774,990720.0,0.0031250000465661287,0.0,,,0.0,1.0,3.5796875953674316,0.997124969959259,0.537304699420929,0.5728667378425598,0.0021138321608304977,0.27227315306663513,9.476675768382847e-05
50x50 largo,775,992000.0,0.06874999403953552,0.0625,,,1.0,2.0,3.6585938930511475,0.997124969959259,0.5511718988418579,0.5709630250930786,0.005091918632388115,0.19156980514526367,0.0032659140415489674
50x50 largo,776,993280.0,0.06875000149011612,0.0625,,,1.0,2.0,3.758593797683716,0.9971499443054199,0.59765625,0.5714730024337769,0.0022885713260620832,0.1856558620929718,0.0032926665153354406
50x50 largo,777,994560.0,1.250021171017579e-07,0.0,,,0.0,0.0,3.75,0.9971749782562256,0.5875000357627869,0.5760142207145691,0.004958029370754957,0.20527243614196777,4.683280349127017e-05
50x50 largo,778,995840.0,0.12500549852848053,0.125,,,2.0,0.0,3.67578125,0.9971999526023865,0.5513672232627869,0.5799697041511536,0.0023282854817807674,0.14829367399215698,0.006073174066841602
50x50 largo,779,997120.0,1.250021171017579e-07,0.0,,,0.0,0.0,3.625,0.9972249269485474,0.5277343988418579,0.5814252495765686,0.0025452501140534878,0.193712055683136,3.379046393092722e-05
50x50 largo,780,998400.0,0.13124999403953552,0.125,,,2.0,2.0,3.6656250953674316,0.9972249269485474,0.5296875238418579,0.5768725275993347,0.0024748723953962326,0.13619965314865112,0.006453420966863632
50x50 largo,781,999680.0,0.13124999403953552,0.125,,,2.0,2.0,3.62890625,0.9972249269485474,0.51953125,0.5745077133178711,0.0037720336113125086,0.17298859357833862,0.006135264411568642
50x50 largo,782,1000960.0,0.461358904838562,0.0625,,,1.0,12.0,1.298437476158142,0.029799997806549072,0.533398449420929,0.5625277757644653,0.004240700509399176,0.26114529371261597,0.002937654033303261
50x50 largo,783,1002240.0,0.5275503396987915,0.0,,,0.0,10.0,1.014062523841858,0.07179999351501465,0.4935546815395355,0.5466552972793579,0.00599060021340847,0.31710782647132874,0.0012621127534657717
50x50 largo,784,1003520.0,0.5997583866119385,0.0,,,0.0,11.0,1.6203125715255737,0.12227499485015869,0.42402344942092896,0.531417727470398,0.002133683767169714,0.26140451431274414,0.0016904637450352311
50x50 largo,785,1004800.0,0.5534951090812683,0.0,,,0.0,9.0,2.434375047683716,0.171999990940094,0.4349609315395355,0.5509815216064453,0.0007151013123802841,0.27126675844192505,0.0012075557606294751
50x50 largo,786,1006080.0,0.4274027347564697,0.0,,,0.0,6.0,2.8578126430511475,0.21285000443458557,0.46660158038139343,0.5327388048171997,0.006414474919438362,0.26680195331573486,0.0004642541171051562
50x50 largo,787,1007360.0,0.3583230972290039,0.0,,,0.0,5.0,3.2250001430511475,0.24899999797344208,0.49101564288139343,0.5393064022064209,0.006599558051675558,0.2735605835914612,0.00024369619495701045
50x50 largo,788,1008640.0,0.3500833511352539,0.0,,,0.0,7.0,3.538281202316284,0.2852749824523926,0.550585925579071,0.5418536067008972,0.00032683095196262,0.191734179854393,0.00018594012362882495
50x50 largo,789,1009920.0,0.376459002494812,0.0,,,0.0,0.0,3.75,0.3289499878883362,0.5101562738418579,0.5662131309509277,0.0018775236094370484,0.15902265906333923,0.0003498778387438506
50x50 largo,790,1011200.0,0.3129259943962097,0.0,,,0.0,3.0,3.909374952316284,0.36674997210502625,0.49921876192092896,0.5778111219406128,0.004013396799564362,0.2689944803714752,0.0001850421540439129
50x50 largo,791,1012480.0,0.35682937502861023,0.0625,,,1.0,1.0,3.91015625,0.4047749936580658,0.48710939288139343,0.5787161588668823,0.0008360142819583416,0.17771625518798828,0.0032647117041051388
50x50 largo,792,1013760.0,0.2895798981189728,0.0,,,0.0,1.0,3.991406202316284,0.4450500011444092,0.5298828482627869,0.557445228099823,0.0010121949017047882,0.15958723425865173,0.0001488307025283575
50x50 largo,793,1015040.0,0.28168797492980957,0.0,,,0.0,0.0,4.0,0.48749998211860657,0.509570300579071,0.5924330353736877,0.0018793713534250855,0.15943875908851624,0.00016684673028066754
50x50 largo,794,1016320.0,0.2901986241340637,0.0625,,,1.0,0.0,3.9984376430511475,0.5247499942779541,0.4996093809604645,0.5898158550262451,0.0006206794641911983,0.1889963001012802,0.003320185001939535
50x50 largo,795,1017600.0,0.19833076000213623,0.0,,,0.0,0.0,3.9375,0.5598999857902527,0.4908203184604645,0.5965078473091125,0.0035291858948767185,0.21744698286056519,8.490922482451424e-05
50x50 largo,796,1018880.0,0.20691688358783722,0.0,,,0.0,0.0,3.9375,0.5987750291824341,0.4873046875,0.6028730869293213,0.0021718956995755434,0.19196578860282898,0.00016161848907358944
50x50 largo,797,1020160.0,0.2167612463235855,0.0,,,0.0,1.0,3.992968797683716,0.6431499719619751,0.49433594942092896,0.6056802868843079,0.0026706447824835777,0.16305342316627502,9.582980419509113e-05
50x50 largo,798,1021440.0,0.19286826252937317,0.0,,,0.0,0.0,4.0,0.6883749961853027,0.5113281607627869,0.5970652103424072,0.00223197927698493,0.12978538870811462,9.708682773634791e-05
50x50 largo,799,1022720.0,0.1381351351737976,0.0,,,0.0,0.0,4.0,0.725600004196167,0.51953125,0.5959049463272095,0.0050668190233409405,0.17877119779586792,0.00011131590872537345
50x50 largo,800,1024000.0,0.11719450354576111,0.0,,,0.0,0.0,4.0,0.7617499828338623,0.4585937559604645,0.602935791015625,0.005108348093926907,0.18741273880004883,0.00010644036956364289
50x50 largo,801,1025280.0,0.16841861605644226,0.0625,,,1.0,0.0,3.991406202316284,0.7996000051498413,0.4990234375,0.5921669006347656,0.00765705481171608,0.18459774553775787,0.0030007644090801477
50x50 largo,802,1026560.0,0.07745537906885147,0.0,,,0.0,0.0,3.9375,0.8311249613761902,0.561328113079071,0.5795756578445435,0.0053261821158230305,0.17515233159065247,0.00011197101412108168
50x50 largo,803,1027840.0,0.07000913470983505,0.0,,,0.0,0.0,3.9375,0.865149974822998,0.5746093988418579,0.6149352788925171,0.006987066939473152,0.18707461655139923,9.18220030143857e-05
50x50 largo,804,1029120.0,0.052734632045030594,0.0,,,0.0,0.0,3.9375,0.8976999521255493,0.553906261920929,0.5996044278144836,0.002350259106606245,0.1478302776813507,8.53549936437048e-05
50x50 largo,805,1030400.0,0.22932115197181702,0.1875,,,3.0,1.0,3.9515626430511475,0.9309499859809875,0.538281261920929,0.5995176434516907,0.0012274810578674078,0.19545039534568787,0.00948391668498516
50x50 largo,806,1031680.0,0.27249762415885925,0.25,,,4.0,1.0,3.6460938453674316,0.9556499719619751,0.529101550579071,0.59796142578125,0.003814536612480879,0.20872342586517334,0.011408507823944092
50x50 largo,807,1032960.0,0.3875022530555725,0.375,,,6.0,1.0,3.446093797683716,0.9737749695777893,0.527148425579071,0.5986694097518921,0.0034191287122666836,0.3219473958015442,0.01707545667886734
50x50 largo,808,1034240.0,0.07436725497245789,0.0625,,,1.0,3.0,3.3890626430511475,0.9817000031471252,0.510937511920929,0.5924993753433228,0.003077542409300804,0.2106449455022812,0.0033488150220364332
50x50 largo,809,1035520.0,0.5733274817466736,0.5625,,,9.0,3.0,3.1742188930511475,0.9863749742507935,0.48046875,0.594438910484314,0.0033013359643518925,0.2812354564666748,0.025386478751897812
50x50 largo,810,1036800.0,0.9567413926124573,0.9375,,,15.0,6.0,2.7867188453674316,0.9895249605178833,0.44902345538139343,0.5832924842834473,0.003561113029718399,0.3080930709838867,0.054308537393808365
50x50 largo,811,1038080.0,0.5096323490142822,0.5,,,8.0,3.0,2.327343702316284,0.9911249876022339,0.4384765625,0.5680291056632996,0.0008792780572548509,0.17901213467121124,0.02056502178311348
50x50 largo,812,1039360.0,0.5252251029014587,0.5,,,8.0,8.0,2.129687547683716,0.9924749732017517,0.4136718809604645,0.5685015916824341,0.002464242046698928,0.2095458209514618,0.019526317715644836
50x50 largo,813,1040640.0,0.140625,0.125,,,2.0,5.0,2.313281297683716,0.9924749732017517,0.4150390625,0.559697151184082,0.001963954418897629,0.13667257130146027,0.0065466854721307755
50x50 largo,814,1041920.0,0.0813823789358139,0.0625,,,1.0,6.0,2.46875,0.993649959564209,0.42792969942092896,0.5536710023880005,0.0031002452597022057,0.2568072974681854,0.0007822380866855383
50x50 largo,815,1043200.0,0.00937500037252903,0.0,,,0.0,3.0,2.8031251430511475,0.9936749935150146,0.43632814288139343,0.5718236565589905,0.0020569905173033476,0.2153332382440567,0.0003947605437133461
50x50 largo,816,1044480.0,0.025014501065015793,0.0,,,0.0,8.0,3.182812452316284,0.9938499927520752,0.4214843809604645,0.5687307715415955,0.0010055468883365393,0.17120371758937836,0.0003431379736866802
50x50 largo,817,1045760.0,0.06271538138389587,0.0625,,,1.0,0.0,3.364062547683716,0.9957000017166138,0.43242189288139343,0.5926968455314636,0.008002398535609245,0.266358882188797,0.0035275104455649853
50x50 largo,818,1047040.0,0.015659499913454056,0.0,,,0.0,5.0,3.54296875,0.9966000318527222,0.4886718690395355,0.5898639559745789,0.0005285253282636404,0.17727258801460266,0.0002631930692587048
50x50 largo,819,1048320.0,0.003136875107884407,0.0,,,0.0,1.0,3.6812500953674316,0.9968500137329102,0.494140625,0.5915693044662476,0.0052863722667098045,0.23627915978431702,0.00021143826597835869
50x50 largo,820,1049600.0,0.006253874860703945,0.0,,,0.0,2.0,3.753124952316284,0.9969249963760376,0.5283203125,0.6005843281745911,0.0026613955851644278,0.17981171607971191,0.00018651416758075356
50x50 largo,821,1050880.0,0.07187850028276443,0.0625,,,1.0,3.0,3.8617188930511475,0.9969499707221985,0.5201172232627869,0.5952795147895813,0.009099453687667847,0.15941402316093445,0.003230207832530141
50x50 largo,822,1052160.0,0.06250462681055069,0.0625,,,1.0,0.0,3.918750047683716,0.9970749616622925,0.5589843988418579,0.611487627029419,0.009142733179032803,0.23530715703964233,0.003328802529722452
50x50 largo,823,1053440.0,0.06562824547290802,0.0625,,,1.0,1.0,3.8531250953674316,0.9970999956130981,0.5267578363418579,0.6040892601013184,0.0031236144714057446,0.17820844054222107,0.0032719639129936695
50x50 largo,824,1054720.0,0.0,0.0,,,0.0,0.0,3.875,0.9970999956130981,0.5595703125,0.605303943157196,0.00587959960103035,0.1996297836303711,9.577687887940556e-05
50x50 largo,825,1056000.0,0.0625,0.0625,,,1.0,0.0,3.8500001430511475,0.9970999956130981,0.5,0.5978542566299438,0.0008853098843246698,0.15446430444717407,0.0032973713241517544
50x50 largo,826,1057280.0,0.19062499701976776,0.1875,,,3.0,1.0,3.7265625,0.9970999956130981,0.504101574420929,0.5870064496994019,0.005821377970278263,0.1964881420135498,0.008382895961403847
50x50 largo,827,1058560.0,0.0,0.0,,,0.0,0.0,3.6875,0.9970999956130981,0.45917969942092896,0.5934908390045166,0.003912656102329493,0.19309431314468384,5.688595410902053e-05
50x50 largo,828,1059840.0,0.003125125076621771,0.0,,,0.0,1.0,3.70703125,0.9971250295639038,0.45195314288139343,0.6045293807983398,0.002279373351484537,0.1521781086921692,6.06668800173793e-05
50x50 largo,829,1061120.0,0.0062500000931322575,0.0,,,0.0,2.0,3.8046875,0.9971250295639038,0.48515626788139343,0.5986942052841187,0.002750682644546032,0.16753220558166504,6.151714478619397e-05
50x50 largo,830,1062400.0,0.0625,0.0625,,,1.0,0.0,3.862499952316284,0.9971500039100647,0.44707033038139343,0.5869247913360596,0.004431745503097773,0.16225440800189972,0.0033230099361389875
50x50 largo,831,1063680.0,0.06875936686992645,0.0625,,,1.0,2.0,3.8539063930511475,0.9972000122070312,0.4330078065395355,0.6028097867965698,0.0030073621310293674,0.23026427626609802,0.003217043587937951
50x50 largo,832,1064960.0,0.06562499701976776,0.0625,,,1.0,1.0,3.827343702316284,0.9972000122070312,0.4427734315395355,0.5939847826957703,0.005552499555051327,0.12141889333724976,0.0029225090984255075
50x50 largo,833,1066240.0,0.06252387911081314,0.0625,,,1.0,0.0,3.8648438453674316,0.9974499940872192,0.4046874940395355,0.6070001721382141,0.0016788418870419264,0.147598534822464,0.0033108494244515896
50x50 largo,834,1067520.0,0.003144125221297145,0.0,,,0.0,1.0,3.848437547683716,0.9978999495506287,0.4408203065395355,0.6037511825561523,0.004605429712682962,0.16047143936157227,3.1263094570022076e-05
50x50 largo,835,1068800.0,0.37812501192092896,0.375,,,6.0,1.0,3.8062500953674316,0.9979249835014343,0.4439453184604645,0.5837054252624512,0.003932601772248745,0.20620596408843994,0.017623627558350563
50x50 largo,836,1070080.0,0.3781253695487976,0.375,,,6.0,1.0,3.4234375953674316,0.9979749917984009,0.3863281309604645,0.5947872996330261,0.004005454946309328,0.27845555543899536,0.01762198843061924
50x50 largo,837,1071360.0,0.31562501192092896,0.3125,,,5.0,1.0,3.1156251430511475,0.9980000257492065,0.40156251192092896,0.5865428447723389,0.0011682019103318453,0.244371235370636,0.014252211898565292
50x50 largo,838,1072640.0,0.8875000476837158,0.875,,,14.0,4.0,2.559375047683716,0.9980000257492065,0.3656249940395355,0.5746570229530334,0.00702605489641428,0.363623708486557,0.041038885712623596
50x50 largo,839,1073920.0,0.3781331181526184,0.375,,,6.0,1.0,2.2359375953674316,0.998075008392334,0.37187501788139343,0.5539979934692383,0.004356805235147476,0.2242148518562317,0.017069803550839424
50x50 largo,840,1075200.0,0.34062498807907104,0.3125,,,5.0,9.0,2.082812547683716,0.998075008392334,0.35429689288139343,0.5672935247421265,0.007240317761898041,0.2381470650434494,0.014315394684672356
50x50 largo,841,1076480.0,0.14375437796115875,0.125,,,2.0,6.0,2.36328125,0.9980999827384949,0.4013671875,0.5596963763237,0.006580706685781479,0.19324278831481934,0.005966654513031244
50x50 largo,842,1077760.0,0.07499999552965164,0.0625,,,1.0,4.0,2.6343750953674316,0.9980999827384949,0.4072265625,0.5775271654129028,0.008196938782930374,0.24484150111675262,0.0029094605706632137
50x50 largo,843,1079040.0,0.19999998807907104,0.1875,,,3.0,4.0,2.742968797683716,0.9980999827384949,0.39921876788139343,0.5628160238265991,0.006618908606469631,0.23245742917060852,0.0071599967777729034
50x50 largo,844,1080320.0,0.14062924683094025,0.125,,,2.0,5.0,2.977343797683716,0.9981249570846558,0.404296875,0.5814511775970459,0.0054142531007528305,0.15674813091754913,0.005972530692815781
50x50 largo,845,1081600.0,0.19687500596046448,0.1875,,,3.0,3.0,3.0257813930511475,0.9981249570846558,0.4546875059604645,0.5971548557281494,0.003921559080481529,0.18905796110630035,0.00883263349533081
50x50 largo,846,1082880.0,0.0781249925494194,0.0625,,,1.0,5.0,3.145312547683716,0.9981249570846558,0.4951171875,0.6008068323135376,0.0006754372734576464,0.15761399269104004,0.003744643647223711
50x50 largo,847,1084160.0,0.07499999552965164,0.0625,,,1.0,4.0,3.4375,0.9981249570846558,0.4906249940395355,0.591641902923584,0.010996503755450249,0.26023244857788086,0.003507978282868862
50x50 largo,848,1085440.0,0.13124999403953552,0.125,,,2.0,2.0,3.456249952316284,0.9981249570846558,0.46562501788139343,0.5945830345153809,0.009680420160293579,0.1972808539867401,0.0047848885878920555
50x50 largo,849,1086720.0,0.07500099390745163,0.0625,,,1.0,4.0,3.539843797683716,0.9981499910354614,0.507031261920929,0.587866485118866,0.004162918776273727,0.2107502669095993,0.0033693688455969095
50x50 largo,850,1088000.0,0.06563262641429901,0.0625,,,1.0,1.0,3.6507813930511475,0.9983749985694885,0.47343751788139343,0.5961612462997437,0.009528504684567451,0.19403749704360962,0.0033290348947048187
50x50 largo,851,1089280.0,0.003128250129520893,0.0,,,0.0,1.0,3.649218797683716,0.9984250068664551,0.4984374940395355,0.5898146629333496,0.003390449797734618,0.18324998021125793,0.00010481937351869419
50x50 largo,852,1090560.0,0.06875786930322647,0.0625,,,1.0,2.0,3.694531202316284,0.9984749555587769,0.4921875,0.5832940936088562,0.008600827306509018,0.15099498629570007,0.0022680279798805714
50x50 largo,853,1091840.0,0.1875,0.1875,,,3.0,0.0,3.6148438453674316,0.9984999895095825,0.529492199420929,0.5818371772766113,0.0026627201586961746,0.12603367865085602,0.008444583043456078
50x50 largo,854,1093120.0,0.13437500596046448,0.125,,,2.0,3.0,3.55859375,0.9984999895095825,0.47285157442092896,0.5598887205123901,0.009183645248413086,0.20976488292217255,0.006173292174935341
50x50 largo,855,1094400.0,0.1281287521123886,0.125,,,2.0,1.0,3.606250047683716,0.9985249638557434,0.4345703125,0.5448238253593445,0.008312176913022995,0.21685932576656342,0.0054625459015369415
50x50 largo,856,1095680.0,0.2562499940395355,0.25,,,4.0,2.0,3.51953125,0.9985499978065491,0.3929687440395355,0.5193901062011719,0.007033656816929579,0.19437217712402344,0.012661468237638474
50x50 largo,857,1096960.0,0.0625,0.0625,,,1.0,0.0,3.426562547683716,0.9985499978065491,0.3531250059604645,0.5269513130187988,0.006308430805802345,0.13893432915210724,0.0034046778455376625
50x50 largo,858,1098240.0,0.19999998807907104,0.1875,,,3.0,4.0,3.366406202316284,0.9985499978065491,0.392578125,0.5332913398742676,0.006597082130610943,0.15761122107505798,0.006398446392267942
50x50 largo,859,1099520.0,0.12812499701976776,0.125,,,2.0,1.0,3.4359376430511475,0.9985499978065491,0.4154296815395355,0.513105571269989,0.005826621316373348,0.2114054262638092,0.006185621023178101
50x50 largo,860,1100800.0,0.5476857423782349,0.0,,,0.0,14.0,1.5242187976837158,0.04164999723434448,0.36601564288139343,0.5555820465087891,0.0010876203887164593,0.17475098371505737,0.0012278337962925434
50x50 largo,861,1102080.0,1.0380134582519531,0.0,,,0.0,26.0,1.5656250715255737,0.12584999203681946,0.427734375,0.5751189589500427,0.008431320078670979,0.39319586753845215,0.003952166065573692
50x50 largo,862,1103360.0,0.7313036918640137,0.0,,,0.0,10.0,2.7601563930511475,0.19347499310970306,0.4691406190395355,0.5655549168586731,0.004457375966012478,0.4839305281639099,0.0016952817095443606
50x50 largo,863,1104640.0,0.6714619994163513,0.0625,,,1.0,6.0,3.104687452316284,0.25587499141693115,0.4820312559604645,0.559805154800415,0.0030237496830523014,0.2110280692577362,0.0035484987311065197
50x50 largo,864,1105920.0,0.5672913789749146,0.0625,,,1.0,5.0,3.45703125,0.3125,0.4820312559604645,0.5760078430175781,0.0017107317689806223,0.15859048068523407,0.0036842040717601776
50x50 largo,865,1107200.0,0.5829225778579712,0.1875,,,3.0,2.0,3.500781297683716,0.3617749810218811,0.505078136920929,0.5712543725967407,0.019820619374513626,0.30950987339019775,0.01459483616054058
50x50 largo,866,1108480.0,0.46195438504219055,0.125,,,2.0,2.0,3.5234375,0.4075999855995178,0.537109375,0.5795536637306213,0.0038423407822847366,0.16454938054084778,0.008096801117062569
50x50 largo,867,1109760.0,0.2826138734817505,0.0,,,0.0,2.0,3.55859375,0.4497250020503998,0.519335925579071,0.5642886757850647,0.00470337737351656,0.1657976359128952,0.00025283172726631165
50x50 largo,868,1111040.0,0.3498743772506714,0.125,,,2.0,0.0,3.504687547683716,0.4867500066757202,0.5,0.5512899160385132,0.009386062622070312,0.2174723893404007,0.005495312623679638
50x50 largo,869,1112320.0,0.2161916196346283,0.0,,,0.0,2.0,3.621875047683716,0.5249750018119812,0.528124988079071,0.5551667213439941,0.0033338814973831177,0.18383291363716125,0.00019368233915884048
50x50 largo,870,1113600.0,0.1917012631893158,0.0,,,0.0,0.0,3.625,0.5627249479293823,0.486328125,0.5531089305877686,0.000415486516430974,0.2215958535671234,0.0002023472188739106
50x50 largo,871,1114880.0,0.16822750866413116,0.0,,,0.0,1.0,3.659374952316284,0.5989999771118164,0.5103515982627869,0.6058245301246643,0.012061421759426594,0.22900135815143585,0.0001674876402830705
50x50 largo,872,1116160.0,0.15546363592147827,0.0,,,0.0,0.0,3.6875,0.6331750154495239,0.4605468809604645,0.5936312675476074,0.006388170178979635,0.24936936795711517,0.00015341356629505754
50x50 largo,873,1117440.0,0.20769861340522766,0.0625,,,1.0,2.0,3.6968750953674316,0.6648499965667725,0.4576171934604645,0.5663596391677856,0.004084744956344366,0.18051496148109436,0.003114531747996807
50x50 largo,874,1118720.0,0.25896477699279785,0.125,,,2.0,2.0,3.731250047683716,0.6964999437332153,0.4716796875,0.5824944972991943,0.002532118232920766,0.20346419513225555,0.006091457791626453
50x50 largo,875,1120000.0,0.16970963776111603,0.0625,,,1.0,2.0,3.7757813930511475,0.7237249612808228,0.48750001192092896,0.5926466584205627,0.003025434911251068,0.15041795372962952,0.003399690380319953
50x50 largo,876,1121280.0,0.10160250961780548,0.0,,,0.0,1.0,3.860156297683716,0.7507749795913696,0.5013672113418579,0.5858490467071533,0.0009266012348234653,0.1517190784215927,0.00017089888569898903
50x50 largo,877,1122560.0,0.09340850263834,0.0,,,0.0,1.0,3.8929688930511475,0.7773249745368958,0.4964843690395355,0.5753636360168457,0.00809646025300026,0.22710895538330078,0.00020090589532628655
50x50 largo,878,1123840.0,0.26308363676071167,0.1875,,,3.0,1.0,3.874218702316284,0.8014249801635742,0.5238281488418579,0.5759771466255188,0.0014954324578866363,0.16068147122859955,0.00941585935652256
50x50 largo,879,1125120.0,0.2553551197052002,0.1875,,,3.0,0.0,3.758593797683716,0.824874997138977,0.515429675579071,0.5730351805686951,0.01048963237553835,0.19945767521858215,0.009376202709972858
50x50 largo,880,1126400.0,0.25926974415779114,0.1875,,,3.0,2.0,3.637500047683716,0.84579998254776,0.4677734375,0.571303129196167,0.0028212685137987137,0.1657499074935913,0.007166883908212185
50x50 largo,881,1127680.0,0.11551827192306519,0.0625,,,1.0,2.0,3.5765626430511475,0.8637999296188354,0.48261719942092896,0.5637292265892029,0.00507262023165822,0.12823691964149475,0.0018333537736907601
50x50 largo,882,1128960.0,0.16465124487876892,0.125,,,2.0,1.0,3.53515625,0.8777499794960022,0.4248046875,0.573209285736084,0.005204536020755768,0.17709963023662567,0.004680325742810965
50x50 largo,883,1130240.0,0.037355128675699234,0.0,,,0.0,3.0,3.6968750953674316,0.8910499811172485,0.4677734375,0.5729473829269409,0.0030533550307154655,0.18606826663017273,0.00013636020594276488
50x50 largo,884,1131520.0,0.09508325159549713,0.0625,,,1.0,2.0,3.7562501430511475,0.9056499600410461,0.48222658038139343,0.5758099555969238,0.003218736033886671,0.12111106514930725,0.0033633154816925526
50x50 largo,885,1132800.0,0.033122751861810684,0.0,,,0.0,2.0,3.8765625953674316,0.9168999791145325,0.46406251192092896,0.5595736503601074,0.0032209251075983047,0.2507364749908447,8.311118290293962e-05
50x50 largo,886,1134080.0,0.0773715078830719,0.0625,,,1.0,0.0,3.883593797683716,0.9248499870300293,0.48710939288139343,0.5503506660461426,0.01102070976048708,0.11531230062246323,0.0025929247494786978
50x50 largo,887,1135360.0,0.20344212651252747,0.1875,,,3.0,0.0,3.77734375,0.9365500211715698,0.5103515982627869,0.5516763925552368,0.0046250903978943825,0.22375373542308807,0.01030831690877676
50x50 largo,888,1136640.0,0.20994974672794342,0.1875,,,3.0,1.0,3.577343702316284,0.9462249279022217,0.5269531607627869,0.5438522696495056,0.0015579332830384374,0.19133113324642181,0.007435723673552275
50x50 largo,889,1137920.0,0.14917626976966858,0.125,,,2.0,3.0,3.64453125,0.9523749947547913,0.504687488079071,0.5280434489250183,0.004994153045117855,0.20705881714820862,0.006279965862631798
50x50 largo,890,1139200.0,0.019916752353310585,0.0,,,0.0,2.0,3.6890625953674316,0.9594499468803406,0.565625011920929,0.5174404382705688,0.0016316956607624888,0.20605318248271942,7.219573308248073e-05
50x50 largo,891,1140480.0,0.14615099132061005,0.125,,,2.0,3.0,3.700000047683716,0.9645499587059021,0.5511718988418579,0.5018309354782104,0.0004039070336148143,0.17062494158744812,0.004870506469160318
50x50 largo,892,1141760.0,0.1381206214427948,0.125,,,2.0,1.0,3.8140625953674316,0.9683749675750732,0.5677734613418579,0.49799636006355286,0.004826949909329414,0.19391433894634247,0.006217471789568663
50x50 largo,893,1143040.0,0.07613661885261536,0.0625,,,1.0,1.0,3.731250047683716,0.9735499620437622,0.559374988079071,0.509395956993103,0.006574378348886967,0.1468263566493988,0.002570591401308775
50x50 largo,894,1144320.0,0.19753462076187134,0.1875,,,3.0,1.0,3.68359375,0.9775749444961548,0.5455078482627869,0.503509521484375,0.0056897723115980625,0.18272167444229126,0.006380507256835699
50x50 largo,895,1145600.0,0.32401227951049805,0.3125,,,5.0,2.0,3.421875,0.9823750257492065,0.5503906607627869,0.5083664655685425,0.0026614319067448378,0.16255880892276764,0.009756541810929775
50x50 largo,896,1146880.0,0.01735825091600418,0.0,,,0.0,4.0,3.546875,0.988224983215332,0.59375,0.5030401945114136,0.0016932447906583548,0.20188722014427185,0.00010987312998622656
50x50 largo,897,1148160.0,0.12681111693382263,0.125,,,2.0,0.0,3.657031297683716,0.9925249814987183,0.5859375,0.5110428333282471,0.0029235100373625755,0.18225373327732086,0.006446887273341417
50x50 largo,898,1149440.0,0.13165824115276337,0.125,,,2.0,2.0,3.6039063930511475,0.9941999912261963,0.5562500357627869,0.5029747486114502,0.0037082298658788204,0.11826056241989136,0.006104310043156147
50x50 largo,899,1150720.0,0.06569475680589676,0.0625,,,1.0,1.0,3.514843702316284,0.9953999519348145,0.5814453363418579,0.49811410903930664,0.006265271455049515,0.13578841090202332,0.002842102199792862
50x50 largo,900,1152000.0,0.26256710290908813,0.25,,,4.0,4.0,3.534374952316284,0.996275007724762,0.5296875238418579,0.4934191107749939,0.004660391248762608,0.17283888161182404,0.012400868348777294
50x50 largo,901,1153280.0,0.07503161579370499,0.0625,,,1.0,4.0,3.6851563453674316,0.9967750310897827,0.588671863079071,0.4734836220741272,0.0014245156198740005,0.1898650974035263,0.0032729306258261204
50x50 largo,902,1154560.0,0.12502112984657288,0.125,,,2.0,0.0,3.67578125,0.9975249767303467,0.587695300579071,0.4583004117012024,0.005901389755308628,0.1810685098171234,0.006183943711221218
50x50 largo,903,1155840.0,0.12500037252902985,0.125,,,2.0,0.0,3.5648438930511475,0.9976000189781189,0.5943359732627869,0.4737503230571747,0.0033682724460959435,0.1862807422876358,0.005986316595226526
50x50 largo,904,1157120.0,0.06562499701976776,0.0625,,,1.0,1.0,3.4515626430511475,0.9976000189781189,0.5693359375,0.48282772302627563,0.002126715611666441,0.1337123066186905,0.0021236964967101812
50x50 largo,905,1158400.0,0.2562507390975952,0.25,,,4.0,2.0,3.514843702316284,0.9976999759674072,0.5951172113418579,0.47079265117645264,0.0008765625534579158,0.20551463961601257,0.012557301670312881
50x50 largo,906,1159680.0,0.13437500596046448,0.125,,,2.0,3.0,3.414843797683716,0.9976999759674072,0.605273425579071,0.47606247663497925,0.002728433581069112,0.19856521487236023,0.00635417178273201
50x50 largo,907,1160960.0,0.06875712424516678,0.0625,,,1.0,2.0,3.448437452316284,0.9979249835014343,0.554492175579071,0.49310922622680664,0.0011835265904664993,0.15741726756095886,0.0026740485336631536
50x50 largo,908,1162240.0,0.06563624739646912,0.0625,,,1.0,1.0,3.515625,0.9981250166893005,0.592968761920929,0.49070554971694946,0.0031377007253468037,0.16421377658843994,0.0035170670598745346
50x50 largo,909,1163520.0,0.25630438327789307,0.25,,,4.0,2.0,3.3843750953674316,0.9984999895095825,0.6175781488418579,0.4886600375175476,0.0015390686457976699,0.18600206077098846,0.011460411362349987
50x50 largo,910,1164800.0,0.06564699858427048,0.0625,,,1.0,1.0,3.362499952316284,0.9987750053405762,0.608203113079071,0.4876941442489624,0.004476437345147133,0.17233484983444214,0.003207611618563533
50x50 largo,911,1166080.0,0.06250687688589096,0.0625,,,1.0,0.0,3.3265626430511475,0.9990500211715698,0.5582031607627869,0.48552316427230835,0.0017987274331972003,0.13779637217521667,0.002977435477077961
50x50 largo,912,1167360.0,0.140625,0.125,,,2.0,5.0,3.3843750953674316,0.9990500211715698,0.581835925579071,0.4799536168575287,0.003465315094217658,0.12872828543186188,0.006198692135512829
50x50 largo,913,1168640.0,0.3187499940395355,0.3125,,,5.0,2.0,3.4906251430511475,0.9990500211715698,0.6107422113418579,0.4738200306892395,0.00029334763530641794,0.10722560435533524,0.016150619834661484
50x50 largo,914,1169920.0,0.13124999403953552,0.125,,,2.0,2.0,3.342968702316284,0.9990500211715698,0.5982422232627869,0.46429121494293213,0.002280123997479677,0.11327899992465973,0.0063723307102918625
50x50 largo,915,1171200.0,0.13442575931549072,0.125,,,2.0,3.0,3.3304688930511475,0.9997749924659729,0.621289074420929,0.44881290197372437,0.001467082416638732,0.2128143608570099,0.006314050871878862
50x50 largo,916,1172480.0,0.12812499701976776,0.125,,,2.0,1.0,3.3531250953674316,0.9997749924659729,0.6058593988418579,0.45109790563583374,0.0031207194551825523,0.12499293684959412,0.00632903166115284
50x50 largo,917,1173760.0,0.19687499105930328,0.1875,,,3.0,3.0,3.28515625,0.9997749924659729,0.6142578125,0.4506953954696655,0.0001551996829221025,0.13840524852275848,0.0058845411986112595
50x50 largo,918,1175040.0,0.12812499701976776,0.125,,,2.0,1.0,3.2671875953674316,0.9997749924659729,0.6226562857627869,0.44134801626205444,0.000586519599892199,0.15358492732048035,0.006316584534943104
50x50 largo,919,1176320.0,0.00937500037252903,0.0,,,0.0,3.0,3.32421875,0.9997749924659729,0.6283203363418579,0.4337218999862671,0.004554160870611668,0.20496678352355957,8.666190842632204e-05
50x50 largo,920,1177600.0,0.1312512457370758,0.125,,,2.0,2.0,3.4585938453674316,0.9998999834060669,0.656445324420929,0.44909369945526123,0.002361719263717532,0.17386494576931,0.006151776760816574
50x50 largo,921,1178880.0,0.13749998807907104,0.125,,,2.0,4.0,3.5414063930511475,0.9998999834060669,0.642382800579071,0.4253103733062744,0.0021398509852588177,0.15304365754127502,0.005778623279184103
50x50 largo,922,1180160.0,0.125,0.125,,,2.0,0.0,3.520312547683716,0.9998999834060669,0.640820324420929,0.4406680464744568,0.0019644370768219233,0.1688317358493805,0.006407910026609898
50x50 largo,923,1181440.0,0.06562499701976776,0.0625,,,1.0,1.0,3.4164063930511475,0.9998999834060669,0.601367175579071,0.4441305696964264,0.009196126833558083,0.21891435980796814,0.002890965435653925
50x50 largo,924,1182720.0,0.19374999403953552,0.1875,,,3.0,2.0,3.3609375953674316,0.9998999834060669,0.592968761920929,0.43345218896865845,0.0016768376808613539,0.1603679358959198,0.008738210424780846
50x50 largo,925,1184000.0,0.13124999403953552,0.125,,,2.0,2.0,3.382031202316284,0.9998999834060669,0.596484363079071,0.4449979066848755,0.0036486038006842136,0.16442115604877472,0.008479522541165352
50x50 largo,926,1185280.0,0.0062500000931322575,0.0,,,0.0,2.0,3.4664063453674316,0.9998999834060669,0.6097656488418579,0.45348358154296875,0.0024644192308187485,0.15966057777404785,6.0151000070618466e-05
50x50 largo,927,1186560.0,0.19062499701976776,0.1875,,,3.0,1.0,3.446093797683716,0.9998999834060669,0.607421875,0.4381016492843628,0.002588824136182666,0.16618692874908447,0.00867127813398838
50x50 largo,928,1187840.0,0.125,0.125,,,2.0,0.0,3.311718702316284,0.9998999834060669,0.630664050579071,0.4456286132335663,0.0030942826997488737,0.13631950318813324,0.006355296820402145
50x50 largo,929,1189120.0,0.2562499940395355,0.25,,,4.0,2.0,3.2250001430511475,0.9998999834060669,0.626953125,0.4472236633300781,0.00374042266048491,0.167714923620224,0.012203127145767212
50x50 largo,930,1190400.0,0.06562499701976776,0.0625,,,1.0,1.0,3.1539063453674316,0.9998999834060669,0.638867199420929,0.44385185837745667,0.003942325711250305,0.23617509007453918,0.0033721881918609142
50x50 largo,931,1191680.0,0.19687499105930328,0.1875,,,3.0,3.0,3.132031202316284,0.9998999834060669,0.6689453125,0.45450395345687866,0.0024133045226335526,0.1627480685710907,0.007517431862652302
50x50 largo,932,1192960.0,0.0031250000465661287,0.0,,,0.0,1.0,3.153125047683716,0.9998999834060669,0.6488281488418579,0.4590453803539276,0.002517146058380604,0.15938515961170197,8.389321737922728e-05
50x50 largo,933,1194240.0,0.13124999403953552,0.125,,,2.0,2.0,3.192187547683716,0.9998999834060669,0.6328125,0.45607125759124756,0.0010419858153909445,0.15462914109230042,0.006627739407122135
50x50 largo,934,1195520.0,0.13437499105930328,0.125,,,2.0,3.0,3.2406251430511475,0.9998999834060669,0.614062488079071,0.45788416266441345,0.0026539815589785576,0.15089866518974304,0.006343201734125614
50x50 largo,935,1196800.0,0.19687500596046448,0.1875,,,3.0,3.0,3.16015625,0.9998999834060669,0.571484386920929,0.46626394987106323,0.004618814215064049,0.1337687373161316,0.006743462290614843
50x50 largo,936,1198080.0,0.19062499701976776,0.1875,,,3.0,1.0,3.22265625,0.9998999834060669,0.626953125,0.45357078313827515,0.005548893474042416,0.20737624168395996,0.009352261200547218
50x50 largo,937,1199360.0,0.0,0.0,,,0.0,0.0,3.125,0.9998999834060669,0.6001953482627869,0.45841771364212036,0.001569932559505105,0.15607653558254242,6.528692756546661e-05
50x50 largo,938,1200640.0,0.4989008605480194,0.0625,,,1.0,19.0,1.8195313215255737,0.031074997037649155,0.554492175579071,0.49727120995521545,0.004637858830392361,0.2214415818452835,0.0042489077895879745
50x50 largo,939,1201920.0,0.8911399841308594,0.0,,,0.0,20.0,1.764062523841858,0.10240000486373901,0.6314453482627869,0.5175610780715942,0.01359284296631813,0.3409140408039093,0.0047784168273210526
50x50 largo,940,1203200.0,0.7018543481826782,0.0,,,0.0,10.0,2.700000047683716,0.1647000014781952,0.6382812857627869,0.47369542717933655,0.005225504748523235,0.24705982208251953,0.0014780501369386911
50x50 largo,941,1204480.0,0.8590723276138306,0.25,,,4.0,10.0,3.0960938930511475,0.22259999811649323,0.609179675579071,0.48206382989883423,0.0010311384685337543,0.17074425518512726,0.014934172853827477
50x50 largo,942,1205760.0,0.6117781400680542,0.0625,,,1.0,2.0,3.3804688453674316,0.28167498111724854,0.6207031607627869,0.47752994298934937,0.002093386370688677,0.16162613034248352,0.002795879263430834
50x50 largo,943,1207040.0,0.46428149938583374,0.0,,,0.0,5.0,3.5414063930511475,0.33515000343322754,0.63671875,0.4714849591255188,0.0014199285069480538,0.19990436732769012,0.0003165388770867139
50x50 largo,944,1208320.0,0.4041382670402527,0.0,,,0.0,0.0,3.6875,0.3870750069618225,0.6410156488418579,0.4961281418800354,0.0012358281528577209,0.11397494375705719,0.00012603642244357616
50x50 largo,945,1209600.0,0.4192703664302826,0.0625,,,1.0,1.0,3.68359375,0.4370249807834625,0.603515625,0.5014952421188354,0.009020913392305374,0.15866954624652863,0.002825506730005145
50x50 largo,946,1210880.0,0.463117778301239,0.125,,,2.0,3.0,3.703125,0.48707500100135803,0.5882812738418579,0.5143066048622131,0.0035195082891732454,0.2199975550174713,0.005388892255723476
50x50 largo,947,1212160.0,0.538354754447937,0.25,,,4.0,4.0,3.7320313453674316,0.5333499908447266,0.558398425579071,0.5140584707260132,0.00209615146741271,0.19270889461040497,0.010797988623380661
50x50 largo,948,1213440.0,0.47658246755599976,0.25,,,4.0,1.0,3.672656297683716,0.5743750333786011,0.5386719107627869,0.5025084614753723,0.005045168101787567,0.20892202854156494,0.009089509956538677
50x50 largo,949,1214720.0,0.1874496340751648,0.0,,,0.0,2.0,3.5804688930511475,0.6097249984741211,0.5580078363418579,0.49765393137931824,0.0005072471685707569,0.12971171736717224,0.00024517171550542116
50x50 largo,950,1216000.0,0.15787124633789062,0.0,,,0.0,1.0,3.7398438453674316,0.6419749855995178,0.574023425579071,0.5239821672439575,0.0015010430943220854,0.13623496890068054,0.0002210384700447321
50x50 largo,951,1217280.0,0.13889312744140625,0.0,,,0.0,2.0,3.785937547683716,0.6714749336242676,0.5580078363418579,0.5054861307144165,0.006892872974276543,0.22049100697040558,0.0002099270059261471
50x50 largo,952,1218560.0,0.25013524293899536,0.125,,,2.0,2.0,3.8335938453674316,0.7012499570846558,0.586132824420929,0.5056801438331604,0.002531113103032112,0.15676453709602356,0.005519661586731672
50x50 largo,953,1219840.0,0.1610572636127472,0.0625,,,1.0,1.0,3.8773438930511475,0.7277500033378601,0.6205078363418579,0.4891505241394043,0.004383043386042118,0.19854223728179932,0.0018347156001254916
50x50 largo,954,1221120.0,0.15748436748981476,0.0625,,,1.0,0.0,3.8500001430511475,0.7577999830245972,0.6576172113418579,0.5117027163505554,0.00687009934335947,0.2783661484718323,0.002308782422915101
50x50 largo,955,1222400.0,0.09300313144922256,0.0,,,0.0,1.0,3.8656251430511475,0.7893749475479126,0.612500011920929,0.5230250358581543,0.0031108935363590717,0.19046908617019653,0.00016988907009363174
50x50 largo,956,1223680.0,0.14294365048408508,0.0625,,,1.0,0.0,3.8421876430511475,0.8225749731063843,0.6197265982627869,0.5301332473754883,0.0022571231238543987,0.18771745264530182,0.0032456782646477222
50x50 largo,957,1224960.0,0.2477482557296753,0.1875,,,3.0,1.0,3.6898438930511475,0.8482749462127686,0.6050781607627869,0.5439620018005371,0.0025468673557043076,0.18144166469573975,0.0068976194597780704
50x50 largo,958,1226240.0,0.1920974850654602,0.125,,,2.0,5.0,3.788281202316284,0.8726499676704407,0.5943359732627869,0.5593244433403015,0.003800060134381056,0.1991141438484192,0.005171141587197781
50x50 largo,959,1227520.0,0.1757037490606308,0.125,,,2.0,2.0,3.8453125953674316,0.894474983215332,0.5869140625,0.5651530027389526,0.002510498743504286,0.13838598132133484,0.004261638969182968
50x50 largo,960,1228800.0,0.09464126825332642,0.0625,,,1.0,1.0,3.842968702316284,0.9111749529838562,0.5513672232627869,0.5576226711273193,0.0012531632091850042,0.15604279935359955,0.0029476615600287914
50x50 largo,961,1230080.0,0.020049627870321274,0.0,,,0.0,0.0,3.875,0.924049973487854,0.5582031607627869,0.5624682307243347,0.005946068093180656,0.24470949172973633,9.725911513669416e-05
50x50 largo,962,1231360.0,0.28033876419067383,0.25,,,4.0,4.0,3.86328125,0.9399750232696533,0.535351574420929,0.545629620552063,0.005689497105777264,0.21457333862781525,0.011620943434536457
50x50 largo,963,1232640.0,0.13813450932502747,0.125,,,2.0,0.0,3.8460938930511475,0.9529999494552612,0.565625011920929,0.5261039733886719,0.007006551139056683,0.23006793856620789,0.009860032238066196
50x50 largo,964,1233920.0,0.2605183720588684,0.25,,,4.0,1.0,3.6187500953674316,0.9615249633789062,0.570507824420929,0.5357860326766968,0.0028510531410574913,0.14287209510803223,0.010513346642255783
50x50 largo,965,1235200.0,0.5791240334510803,0.5625,,,9.0,4.0,3.52734375,0.9703749418258667,0.541796863079071,0.5301116108894348,0.005345779471099377,0.28182417154312134,0.022469062358140945
50x50 largo,966,1236480.0,0.33253347873687744,0.3125,,,5.0,6.0,3.3843750953674316,0.9748250246047974,0.5,0.5374164581298828,0.0006887455238029361,0.23230531811714172,0.01445317454636097
50x50 largo,967,1237760.0,0.39774224162101746,0.375,,,6.0,6.0,3.4242188930511475,0.9773749709129333,0.5123047232627869,0.5201337933540344,0.0018559795571491122,0.1731155514717102,0.017719291150569916
50x50 largo,968,1239040.0,0.2551071047782898,0.25,,,4.0,1.0,3.2789063453674316,0.9808749556541443,0.5220703482627869,0.5136980414390564,0.000933969160541892,0.17371565103530884,0.01198556087911129
50x50 largo,969,1240320.0,0.2798992395401001,0.25,,,4.0,9.0,3.186718702316284,0.9822499752044678,0.501171886920929,0.5034906268119812,0.0013851022813469172,0.17719075083732605,0.011621844954788685
50x50 largo,970,1241600.0,0.005931750871241093,0.0,,,0.0,1.0,3.4984376430511475,0.9845749735832214,0.524609386920929,0.5070534348487854,0.0031647514551877975,0.18984192609786987,0.00028839503647759557
50x50 largo,971,1242880.0,0.06757000088691711,0.0625,,,1.0,1.0,3.4984376430511475,0.9865750074386597,0.570117175579071,0.5108616352081299,0.001100312452763319,0.13618525862693787,0.003467138856649399
50x50 largo,972,1244160.0,0.07025362551212311,0.0625,,,1.0,2.0,3.54296875,0.9902750253677368,0.552929699420929,0.5024881958961487,0.00406402163207531,0.21712306141853333,0.0033536958508193493
50x50 largo,973,1245440.0,0.20003698766231537,0.1875,,,3.0,4.0,3.52734375,0.9907749891281128,0.5244140625,0.5167080163955688,0.000863470952026546,0.16149765253067017,0.008668656460940838
50x50 largo,974,1246720.0,0.13437500596046448,0.125,,,2.0,3.0,3.663281202316284,0.9907749891281128,0.4947265684604645,0.526140570640564,0.004124310798943043,0.17332211136817932,0.006353156641125679
50x50 largo,975,1248000.0,0.3187612295150757,0.3125,,,5.0,2.0,3.5601563453674316,0.9908749461174011,0.5185546875,0.5258212685585022,0.0013155096676200628,0.15687647461891174,0.01681557297706604
50x50 largo,976,1249280.0,0.06877662241458893,0.0625,,,1.0,2.0,3.55859375,0.9914249777793884,0.522265613079071,0.5063568353652954,0.006234094500541687,0.1988840103149414,0.0033496057149022818
50x50 largo,977,1250560.0,0.1875,0.1875,,,3.0,0.0,3.4781250953674316,0.9914249777793884,0.535351574420929,0.49713239073753357,0.004312405362725258,0.17215648293495178,0.009356877766549587
50x50 largo,978,1251840.0,0.07187499105930328,0.0625,,,1.0,3.0,3.499218702316284,0.9914249777793884,0.5283203125,0.484080970287323,0.0034174672327935696,0.1549193412065506,0.003336572088301182
50x50 largo,979,1253120.0,0.06875000149011612,0.0625,,,1.0,2.0,3.4820313453674316,0.9914249777793884,0.48164063692092896,0.479875385761261,0.00282171624712646,0.14915384352207184,0.0011125473538413644
50x50 largo,980,1254400.0,0.0031250000465661287,0.0,,,0.0,1.0,3.6226563453674316,0.9914249777793884,0.4849609434604645,0.48344141244888306,0.0004677824326790869,0.15759454667568207,6.255639891605824e-05
50x50 largo,981,1255680.0,0.0062845004722476006,0.0,,,0.0,2.0,3.7015626430511475,0.9919999837875366,0.49003908038139343,0.4934449791908264,0.003966573625802994,0.16793954372406006,5.1139948482159525e-05
50x50 largo,982,1256960.0,0.13124999403953552,0.125,,,2.0,2.0,3.7367188930511475,0.9919999837875366,0.524609386920929,0.48408085107803345,0.010253161191940308,0.17141151428222656,0.004552203230559826
50x50 largo,983,1258240.0,0.1875,0.1875,,,3.0,0.0,3.6304688453674316,0.9919999837875366,0.5562500357627869,0.490386426448822,0.0020043328404426575,0.17456930875778198,0.00868433527648449
50x50 largo,984,1259520.0,0.003127375151962042,0.0,,,0.0,1.0,3.60546875,0.9920250177383423,0.56640625,0.49777752161026,0.0007350520463660359,0.15267761051654816,4.598012310452759e-05
50x50 largo,985,1260800.0,0.13124999403953552,0.125,,,2.0,2.0,3.5914063453674316,0.9920250177383423,0.5478515625,0.48916158080101013,0.008523430675268173,0.1850127875804901,0.005773475859314203
50x50 largo,986,1262080.0,0.1250472515821457,0.125,,,2.0,0.0,3.5648438930511475,0.9926999807357788,0.5771484375,0.4995819926261902,0.002389149973168969,0.1445842683315277,0.006226771976798773
50x50 largo,987,1263360.0,0.0031250000465661287,0.0,,,0.0,1.0,3.51953125,0.9926999807357788,0.539843738079071,0.49741214513778687,0.0033343560062348843,0.12892863154411316,4.3913820263696834e-05
50x50 largo,988,1264640.0,0.06890524178743362,0.0625,,,1.0,2.0,3.571093797683716,0.9932749271392822,0.53125,0.48784369230270386,0.005780024453997612,0.1463230699300766,0.003437020815908909
50x50 largo,989,1265920.0,0.13126161694526672,0.125,,,2.0,2.0,3.672656297683716,0.9934250116348267,0.5189453363418579,0.4920195937156677,0.007665224373340607,0.20928601920604706,0.006406660191714764
50x50 largo,990,1267200.0,0.06892324239015579,0.0625,,,1.0,2.0,3.647656202316284,0.9943249821662903,0.548828125,0.4948561489582062,0.005818631500005722,0.16663110256195068,0.003036279696971178
50x50 largo,991,1268480.0,0.12814562022686005,0.125,,,2.0,1.0,3.703125,0.9945999979972839,0.505859375,0.4795856177806854,0.004742805380374193,0.16458001732826233,0.00645385030657053
50x50 largo,992,1269760.0,0.25312501192092896,0.25,,,4.0,1.0,3.5335938930511475,0.9945999979972839,0.527148425579071,0.48141732811927795,0.0007710048230364919,0.17679418623447418,0.012299316003918648
50x50 largo,993,1271040.0,0.0625,0.0625,,,1.0,0.0,3.434375047683716,0.9945999979972839,0.5210937857627869,0.4749099612236023,0.0037799763958901167,0.18145039677619934,0.0034508979879319668
50x50 largo,994,1272320.0,0.3187499940395355,0.3125,,,5.0,2.0,3.24609375,0.9945999979972839,0.5355468988418579,0.46484532952308655,0.004614654928445816,0.19613045454025269,0.014860952273011208
50x50 largo,995,1273600.0,0.3751413822174072,0.375,,,6.0,0.0,3.007031202316284,0.995574951171875,0.534375011920929,0.4681221842765808,0.0013050325214862823,0.1747317612171173,0.01738089881837368
50x50 largo,996,1274880.0,0.193868488073349,0.1875,,,3.0,2.0,2.750781297683716,0.9968500137329102,0.5337890982627869,0.4804650843143463,0.005102598108351231,0.1927100121974945,0.006024886388331652
50x50 largo,997,1276160.0,0.32499998807907104,0.3125,,,5.0,4.0,2.8648438453674316,0.9968500137329102,0.5787109732627869,0.4605216383934021,0.004864985588937998,0.2312559187412262,0.017023824155330658
50x50 largo,998,1277440.0,0.2562499940395355,0.25,,,4.0,2.0,2.61328125,0.9968500137329102,0.5775390863418579,0.4752533435821533,0.0033047012984752655,0.14221180975437164,0.01163918524980545
50x50 largo,999,1278720.0,0.3187499940395355,0.3125,,,5.0,2.0,2.4398438930511475,0.9968500137329102,0.536914050579071,0.46406567096710205,0.0022377781569957733,0.13053399324417114,0.01364873442798853
50x50 largo,1000,1280000.0,0.13437499105930328,0.125,,,2.0,3.0,2.3531250953674316,0.9968500137329102,0.5609375238418579,0.4735516309738159,0.003120475448668003,0.14621903002262115,0.004338756203651428
50x50 largo,1001,1281280.0,0.0062500000931322575,0.0,,,0.0,2.0,2.5171875953674316,0.9968500137329102,0.602343738079071,0.456640362739563,0.0018725533736869693,0.16705089807510376,0.00021736846247222275
50x50 largo,1002,1282560.0,0.2562499940395355,0.25,,,4.0,2.0,2.5375001430511475,0.9968500137329102,0.58203125,0.45531484484672546,0.0017852896125987172,0.14980381727218628,0.010360592976212502
50x50 largo,1003,1283840.0,0.0062500000931322575,0.0,,,0.0,2.0,2.507031202316284,0.9968500137329102,0.556640625,0.46212267875671387,0.0031593539752066135,0.1820351481437683,0.00016570639854762703
50x50 largo,1004,1285120.0,0.20312649011611938,0.1875,,,3.0,5.0,2.581249952316284,0.996874988079071,0.542187511920929,0.4541626274585724,0.004211732652038336,0.14690078794956207,0.009087112732231617
50x50 largo,1005,1286400.0,0.2562499940395355,0.25,,,4.0,2.0,2.624218702316284,0.996874988079071,0.5654296875,0.46357277035713196,0.005702518858015537,0.2740577459335327,0.012147019617259502
50x50 largo,1006,1287680.0,0.19999998807907104,0.1875,,,3.0,4.0,2.6187500953674316,0.996874988079071,0.585742175579071,0.47464513778686523,0.002344349166378379,0.13218268752098083,0.008860867470502853
50x50 largo,1007,1288960.0,0.012500000186264515,0.0,,,0.0,4.0,2.760937452316284,0.996874988079071,0.5960937738418579,0.46102210879325867,0.0006817395333200693,0.135611891746521,0.0001345512573607266
50x50 largo,1008,1290240.0,0.07499999552965164,0.0625,,,1.0,4.0,2.8648438453674316,0.996874988079071,0.6009765863418579,0.4831818640232086,0.0007707104086875916,0.19289736449718475,0.002525975229218602
50x50 largo,1009,1291520.0,0.06875824183225632,0.0625,,,1.0,2.0,3.0601563453674316,0.9971500039100647,0.606640636920929,0.4581124484539032,0.006476226262748241,0.17497333884239197,0.0032858126796782017
50x50 largo,1010,1292800.0,0.0031250000465661287,0.0,,,0.0,1.0,3.180468797683716,0.9971500039100647,0.664843738079071,0.47935718297958374,0.0015646495157852769,0.16234904527664185,5.35021026735194e-05
50x50 largo,1011,1294080.0,0.07499999552965164,0.0625,,,1.0,4.0,3.2757813930511475,0.9971500039100647,0.6626953482627869,0.4929583668708801,0.003988839685916901,0.11359688639640808,0.003319614566862583
50x50 largo,1012,1295360.0,0.06562499701976776,0.0625,,,1.0,1.0,3.354687452316284,0.9971500039100647,0.6498047113418579,0.46445947885513306,0.0008966887835413218,0.15481342375278473,0.0032932450994849205
50x50 largo,1013,1296640.0,0.06874999403953552,0.0625,,,1.0,2.0,3.457812547683716,0.9971500039100647,0.666210949420929,0.43784454464912415,0.0059184907004237175,0.12832006812095642,0.00334700895473361
50x50 largo,1014,1297920.0,0.26249998807907104,0.25,,,4.0,4.0,3.507031202316284,0.9971500039100647,0.6923828125,0.4709513187408447,0.005338652059435844,0.20755870640277863,0.012276170775294304
50x50 largo,1015,1299200.0,0.0,0.0,,,0.0,0.0,3.4375,0.9971500039100647,0.663867175579071,0.45155858993530273,0.0018077088752761483,0.15733298659324646,8.465380960842595e-05
50x50 largo,1016,1300480.0,0.31898999214172363,0.0,,,0.0,10.0,2.284374952316284,0.023724999278783798,0.6314453482627869,0.5029692649841309,0.0016347571508958936,0.17382597923278809,0.0011378824710845947
50x50 largo,1017,1301760.0,0.7814676761627197,0.0,,,0.0,20.0,1.37109375,0.08487499505281448,0.616015613079071,0.5140091180801392,0.0011209496296942234,0.29036539793014526,0.004568473901599646
50x50 largo,1018,1303040.0,0.6443111896514893,0.0,,,0.0,19.0,2.6109375953674316,0.13824999332427979,0.6884765625,0.4950820803642273,0.00214255228638649,0.2546537220478058,0.0018612155690789223
50x50 largo,1019,1304320.0,0.6882070302963257,0.125,,,2.0,5.0,3.2445313930511475,0.19139999151229858,0.6880859732627869,0.4590957760810852,0.004477044101804495,0.1904865801334381,0.008010942488908768
50x50 largo,1020,1305600.0,0.4820418953895569,0.0,,,0.0,3.0,3.410937547683716,0.24059998989105225,0.7171875238418579,0.41862672567367554,0.003397650085389614,0.23718291521072388,0.00031569928978569806
50x50 largo,1021,1306880.0,0.46683987975120544,0.0,,,0.0,6.0,3.6820313930511475,0.29034996032714844,0.7798828482627869,0.4045160412788391,0.0008187283528968692,0.12974423170089722,0.00022039722534827888
50x50 largo,1022,1308160.0,0.4170309901237488,0.0,,,0.0,3.0,3.8734376430511475,0.33890002965927124,0.793164074420929,0.4135037660598755,0.0021051999647170305,0.14823681116104126,0.0001880275085568428
50x50 largo,1023,1309440.0,0.4453156292438507,0.0625,,,1.0,0.0,3.985156297683716,0.38887500762939453,0.7662109732627869,0.42642706632614136,0.0001044588498189114,0.12084432691335678,0.0029033031314611435
50x50 largo,1024,1310720.0,0.3986278772354126,0.0625,,,1.0,1.0,3.934375047683716,0.4371750056743622,0.7542968988418579,0.473234087228775,0.004536978900432587,0.24034729599952698,0.0029556327499449253
50x50 largo,1025,1312000.0,0.39754459261894226,0.125,,,2.0,1.0,3.844531297683716,0.47837498784065247,0.7171875238418579,0.43894168734550476,0.00626762630417943,0.0852741003036499,0.008869312703609467
50x50 largo,1026,1313280.0,0.21522563695907593,0.0,,,0.0,0.0,3.875,0.5130249857902527,0.7582031488418579,0.44701218605041504,0.0021723872050642967,0.2007739543914795,0.00012018669076496735
50x50 largo,1027,1314560.0,0.20416462421417236,0.0,,,0.0,0.0,3.875,0.5486249923706055,0.754101574420929,0.4316949248313904,0.001738252816721797,0.16755717992782593,0.00010706281318562105
50x50 largo,1028,1315840.0,0.20367300510406494,0.0,,,0.0,0.0,3.875,0.5871999263763428,0.758007824420929,0.45164889097213745,0.0022295722737908363,0.18687601387500763,8.01388596300967e-05
50x50 largo,1029,1317120.0,0.19126936793327332,0.0,,,0.0,0.0,3.875,0.6271249651908875,0.7574219107627869,0.4523847699165344,0.00015201669884845614,0.12025804817676544,0.00013296838733367622
50x50 largo,1030,1318400.0,0.2622123956680298,0.0625,,,1.0,2.0,3.93359375,0.6696499586105347,0.761523425579071,0.47838127613067627,0.004059379454702139,0.1498645544052124,0.00326750916428864
50x50 largo,1031,1319680.0,0.14315113425254822,0.0,,,0.0,0.0,3.9375,0.7064999341964722,0.737109363079071,0.49118348956108093,0.002016886603087187,0.2069159895181656,7.655219815205783e-05
50x50 largo,1032,1320960.0,0.19258823990821838,0.0625,,,1.0,1.0,3.9312500953674316,0.7411249876022339,0.7353515625,0.4627809226512909,0.004310691729187965,0.1701098382472992,0.003130957018584013
50x50 largo,1033,1322240.0,0.2975001335144043,0.1875,,,3.0,1.0,3.807812452316284,0.7720500230789185,0.7421875,0.45701950788497925,0.006384414155036211,0.2286316156387329,0.013799803331494331
50x50 largo,1034,1323520.0,0.096455879509449,0.0,,,0.0,1.0,3.8140625953674316,0.7997750043869019,0.749218761920929,0.48309946060180664,0.0019155071349814534,0.23433256149291992,0.00014189952344167978
50x50 largo,1035,1324800.0,0.21002188324928284,0.125,,,2.0,2.0,3.8890626430511475,0.8284249305725098,0.73828125,0.512170135974884,0.005447742063552141,0.1799052357673645,0.006222620606422424
50x50 largo,1036,1326080.0,0.06418900191783905,0.0,,,0.0,1.0,3.905468702316284,0.8538500070571899,0.7132812738418579,0.5207610130310059,0.0032243081368505955,0.1828683614730835,0.00010979558282997459
50x50 largo,1037,1327360.0,0.17760200798511505,0.125,,,2.0,2.0,3.89453125,0.8755999803543091,0.6982421875,0.5361707210540771,0.005296347662806511,0.16886590421199799,0.005471813026815653
50x50 largo,1038,1328640.0,0.03391062468290329,0.0,,,0.0,0.0,3.9375,0.8941999673843384,0.671875,0.5388903617858887,0.003631075145676732,0.21861959993839264,8.225628698710352e-05
50x50 largo,1039,1329920.0,0.16064950823783875,0.125,,,2.0,1.0,3.9351563453674316,0.9165749549865723,0.645312488079071,0.5453282594680786,0.003795119235292077,0.17332032322883606,0.006358027923852205
50x50 largo,1040,1331200.0,0.34247785806655884,0.3125,,,5.0,2.0,3.8414063453674316,0.9372749328613281,0.5990234613418579,0.559520959854126,0.0042264629155397415,0.21442922949790955,0.015100674703717232
50x50 largo,1041,1332480.0,0.2684382498264313,0.25,,,4.0,3.0,3.694531202316284,0.9463499784469604,0.570507824420929,0.5378052592277527,0.00457808980718255,0.16298207640647888,0.009966876357793808
50x50 largo,1042,1333760.0,0.40187299251556396,0.375,,,6.0,5.0,3.57421875,0.9589749574661255,0.5814453363418579,0.5347863435745239,0.0006290996097959578,0.17859812080860138,0.017254065722227097
50x50 largo,1043,1335040.0,0.010268878191709518,0.0,,,0.0,1.0,3.5718750953674316,0.9712749719619751,0.5542969107627869,0.5665937662124634,0.00522979162633419,0.2340628057718277,0.0001446985697839409
50x50 largo,1044,1336320.0,0.25502076745033264,0.25,,,4.0,1.0,3.549999952316284,0.9774249792098999,0.554492175579071,0.5582786798477173,0.0036053897347301245,0.17687055468559265,0.012362654320895672
50x50 largo,1045,1337600.0,0.6326517462730408,0.625,,,10.0,2.0,3.206249952316284,0.9842499494552612,0.544921875,0.5488326549530029,0.0034607741981744766,0.2932109832763672,0.02814161777496338
50x50 largo,1046,1338880.0,0.45343470573425293,0.4375,,,7.0,5.0,2.796093702316284,0.9861500263214111,0.537109375,0.5250760912895203,0.005837916396558285,0.22139814496040344,0.01613635942339897
50x50 largo,1047,1340160.0,0.4535539746284485,0.4375,,,7.0,5.0,2.735156297683716,0.9873499870300293,0.559765636920929,0.530096709728241,0.0015140577452257276,0.22865912318229675,0.022841308265924454
50x50 largo,1048,1341440.0,0.08159299939870834,0.0625,,,1.0,6.0,2.9085938930511475,0.9885749816894531,0.5718750357627869,0.5258073806762695,0.0036052269861102104,0.22480237483978271,0.0035756072029471397
50x50 largo,1049,1342720.0,0.2031249850988388,0.1875,,,3.0,5.0,3.024218797683716,0.9885749816894531,0.611132800579071,0.5414602756500244,0.0071100154891610146,0.22058501839637756,0.007610142230987549
50x50 largo,1050,1344000.0,0.01875000074505806,0.0,,,0.0,6.0,3.340625047683716,0.9885749816894531,0.6021484732627869,0.5098749399185181,0.0038835881277918816,0.18786963820457458,0.00033167755464091897
50x50 largo,1051,1345280.0,0.07187499105930328,0.0625,,,1.0,3.0,3.5562500953674316,0.9885749816894531,0.638867199420929,0.538080096244812,0.00509346928447485,0.17778514325618744,0.003344837110489607
50x50 largo,1052,1346560.0,0.07187499850988388,0.0625,,,1.0,3.0,3.7132813930511475,0.9885749816894531,0.6292968988418579,0.5155384540557861,0.004240880720317364,0.1798173189163208,0.0035569947212934494
50x50 largo,1053,1347840.0,0.125,0.125,,,2.0,0.0,3.702343702316284,0.9885749816894531,0.665820300579071,0.5333572030067444,0.00262790871784091,0.1688140630722046,0.006581028923392296
50x50 largo,1054,1349120.0,0.006390250287950039,0.0,,,0.0,2.0,3.7359375953674316,0.989674985408783,0.651171863079071,0.5375120043754578,0.0020103626884520054,0.17108583450317383,0.00014813776942901313
50x50 largo,1055,1350400.0,0.00625075027346611,0.0,,,0.0,2.0,3.809375047683716,0.9897499680519104,0.651171863079071,0.5488271713256836,0.002595858881250024,0.17040857672691345,0.00011877827637363225
50x50 largo,1056,1351680.0,0.0625,0.0625,,,1.0,0.0,3.835156202316284,0.9897499680519104,0.6275390982627869,0.5551517009735107,0.0037360612768679857,0.19255363941192627,0.0032649082131683826
50x50 largo,1057,1352960.0,0.0,0.0,,,0.0,0.0,3.8125,0.9897499680519104,0.6060547232627869,0.5355416536331177,0.00501085864380002,0.15975257754325867,6.172157009132206e-05
50x50 largo,1058,1354240.0,0.125,0.125,,,2.0,0.0,3.772656202316284,0.9897499680519104,0.6343750357627869,0.5339821577072144,0.0006762121338397264,0.13872957229614258,0.006410193629562855
50x50 largo,1059,1355520.0,0.0031250000465661287,0.0,,,0.0,1.0,3.703125,0.9897499680519104,0.629687488079071,0.5038669109344482,0.005441071931272745,0.18135285377502441,5.540632628253661e-05
50x50 largo,1060,1356800.0,0.1346927434206009,0.125,,,2.0,3.0,3.754687547683716,0.9907749891281128,0.658007800579071,0.5336117744445801,0.0006634972523897886,0.20790715515613556,0.0066566672176122665
50x50 largo,1061,1358080.0,0.19388136267662048,0.1875,,,3.0,2.0,3.78125,0.9922749996185303,0.6429687738418579,0.5555785298347473,0.005982290022075176,0.161363422870636,0.007683856878429651
50x50 largo,1062,1359360.0,0.13169212639331818,0.125,,,2.0,2.0,3.8453125953674316,0.9936249852180481,0.638867199420929,0.5164004564285278,0.007648168597370386,0.14364469051361084,0.010953472927212715
50x50 largo,1063,1360640.0,0.0062500000931322575,0.0,,,0.0,2.0,3.848437547683716,0.9936249852180481,0.6748046875,0.5258834958076477,0.002975952811539173,0.17593474686145782,6.243974348763004e-05
50x50 largo,1064,1361920.0,0.06875000149011612,0.0625,,,1.0,2.0,3.8734376430511475,0.9936249852180481,0.6539062857627869,0.49625176191329956,0.006209434941411018,0.14474588632583618,0.003111830446869135
50x50 largo,1065,1363200.0,0.0625,0.0625,,,1.0,0.0,3.8851563930511475,0.9936249852180481,0.680859386920929,0.5095107555389404,0.0030187766533344984,0.20746859908103943,0.002736112102866173
50x50 largo,1066,1364480.0,0.12813062965869904,0.125,,,2.0,1.0,3.8343751430511475,0.9938499927520752,0.685351550579071,0.5163098573684692,0.000424058671342209,0.13438758254051208,0.006456829607486725
50x50 largo,1067,1365760.0,0.125,0.125,,,2.0,0.0,3.749218702316284,0.9938499927520752,0.682812511920929,0.5149599313735962,0.002103262348100543,0.18243277072906494,0.00602156575769186
50x50 largo,1068,1367040.0,0.0625,0.0625,,,1.0,0.0,3.671875,0.9938499927520752,0.6763672232627869,0.5102452039718628,0.0003197478945367038,0.19576328992843628,0.003311366308480501
50x50 largo,1069,1368320.0,0.37812501192092896,0.375,,,6.0,1.0,3.4781250953674316,0.9938499927520752,0.657421886920929,0.4901920258998871,0.005667915567755699,0.3167489469051361,0.017262103036046028
50x50 largo,1070,1369600.0,0.203125,0.1875,,,3.0,5.0,3.4515626430511475,0.9938499927520752,0.662109375,0.49601131677627563,0.0012734655756503344,0.1742979884147644,0.009523976594209671
50x50 largo,1071,1370880.0,0.128709614276886,0.125,,,2.0,1.0,3.483593702316284,0.9964749813079834,0.69140625,0.47442829608917236,0.0026562376879155636,0.12093808501958847,0.006575906183570623
50x50 largo,1072,1372160.0,0.06877374649047852,0.0625,,,1.0,2.0,3.442187547683716,0.9969499707221985,0.699023425579071,0.4815850853919983,0.0012608359102159739,0.14156067371368408,0.003292383858934045
50x50 largo,1073,1373440.0,0.3814007639884949,0.375,,,6.0,2.0,3.3648438453674316,0.9986499547958374,0.702343761920929,0.48055386543273926,0.0011758628534153104,0.1939411461353302,0.019712738692760468
50x50 largo,1074,1374720.0,0.753125011920929,0.75,,,12.0,1.0,2.852343797683716,0.9986499547958374,0.6585937738418579,0.505257248878479,0.0025948432739824057,0.30927789211273193,0.050170253962278366
50x50 largo,1075,1376000.0,0.19062674045562744,0.1875,,,3.0,1.0,2.453125,0.9987499713897705,0.630664050579071,0.517104983329773,0.005142383277416229,0.17497383058071136,0.008877335116267204
50x50 largo,1076,1377280.0,0.06874999403953552,0.0625,,,1.0,2.0,2.39453125,0.9987499713897705,0.6025390625,0.5272601246833801,0.006860538385808468,0.209700345993042,0.0012971744872629642
50x50 largo,1077,1378560.0,0.140625,0.125,,,2.0,5.0,2.405468702316284,0.9987499713897705,0.5765625238418579,0.5052887797355652,0.005646612495183945,0.17922082543373108,0.00422691460698843
50x50 largo,1078,1379840.0,0.140625,0.125,,,2.0,5.0,2.7328126430511475,0.9987499713897705,0.627148449420929,0.518662691116333,0.00038912880700081587,0.16428786516189575,0.0060753901489079
50x50 largo,1079,1381120.0,0.07187499105930328,0.0625,,,1.0,3.0,2.8648438453674316,0.9987499713897705,0.647656261920929,0.5013670921325684,0.0006628920091316104,0.16974616050720215,0.0034767466131597757
50x50 largo,1080,1382400.0,0.19374999403953552,0.1875,,,3.0,2.0,2.952343702316284,0.9987499713897705,0.6552734375,0.4791684150695801,0.0014711280819028616,0.14091897010803223,0.008716466836631298
50x50 largo,1081,1383680.0,0.07507012784481049,0.0625,,,1.0,4.0,2.9046876430511475,0.9995750188827515,0.665820300579071,0.48779284954071045,0.0005471788463182747,0.14784465730190277,0.0033314323518425226
50x50 largo,1082,1384960.0,0.15000000596046448,0.125,,,2.0,8.0,3.2015626430511475,0.9995750188827515,0.6748046875,0.5078751444816589,0.008150179870426655,0.17593583464622498,0.006344011053442955
50x50 largo,1083,1386240.0,0.0031250000465661287,0.0,,,0.0,1.0,3.49609375,0.9995750188827515,0.67578125,0.48199009895324707,0.0018049294594675303,0.188979834318161,0.00012068270734744146
50x50 largo,1084,1387520.0,0.13124999403953552,0.125,,,2.0,2.0,3.5562500953674316,0.9995750188827515,0.6810547113418579,0.4934295415878296,0.0014879859518259764,0.12240489572286606,0.006441686302423477
50x50 largo,1085,1388800.0,0.0,0.0,,,0.0,0.0,3.5,0.9995750188827515,0.6830078363418579,0.48484909534454346,0.0016372768441215158,0.1836830973625183,8.740676275920123e-05
50x50 largo,1086,1390080.0,0.19062499701976776,0.1875,,,3.0,1.0,3.5367188453674316,0.9995750188827515,0.6880859732627869,0.45180007815361023,0.006961297243833542,0.2857779264450073,0.01323305070400238
50x50 largo,1087,1391360.0,0.0031250000465661287,0.0,,,0.0,1.0,3.390625,0.9995750188827515,0.7064453363418579,0.48043614625930786,0.0026044424157589674,0.1789717823266983,8.399542275583372e-05
50x50 largo,1088,1392640.0,0.00937500037252903,0.0,,,0.0,3.0,3.5015625953674316,0.9995750188827515,0.6982421875,0.5047178268432617,0.0037645052652806044,0.1912415623664856,8.395698387175798e-05
50x50 largo,1089,1393920.0,0.12812499701976776,0.125,,,2.0,1.0,3.64453125,0.9995750188827515,0.690625011920929,0.47206562757492065,0.00492845568805933,0.1186528280377388,0.006424926221370697
50x50 largo,1090,1395200.0,0.1875,0.1875,,,3.0,0.0,3.422656297683716,0.9995750188827515,0.7005859613418579,0.4745718538761139,0.0029430303256958723,0.21482618153095245,0.007801547646522522
50x50 largo,1091,1396480.0,0.1875,0.1875,,,3.0,0.0,3.2757813930511475,0.9995750188827515,0.7001953125,0.47815221548080444,0.00110258674249053,0.15684852004051208,0.009593388065695763
50x50 largo,1092,1397760.0,0.12812499701976776,0.125,,,2.0,1.0,3.11328125,0.9995750188827515,0.674023449420929,0.4856278896331787,0.0012093749828636646,0.13489913940429688,0.005977925844490528
50x50 largo,1093,1399040.0,0.0062500000931322575,0.0,,,0.0,2.0,3.234375,0.9995750188827515,0.6820312738418579,0.49994325637817383,0.0033872947096824646,0.21804551780223846,7.376376015599817e-05
50x50 largo,1094,1400320.0,0.1856044977903366,0.0,,,0.0,1.0,2.4429688453674316,0.015124998986721039,0.664843738079071,0.49948909878730774,0.003277979791164398,0.16403232514858246,0.000386371451895684
50x50 largo,1095,1401600.0,0.7933068871498108,0.0625,,,1.0,16.0,0.539843738079071,0.07225000113248825,0.5882812738418579,0.5552170276641846,0.001828165608458221,0.26291048526763916,0.005048209801316261
50x50 largo,1096,1402880.0,0.6621717214584351,0.0,,,0.0,11.0,1.2156250476837158,0.12849999964237213,0.589648425579071,0.5259004831314087,0.0010373032419010997,0.29943257570266724,0.0016446654917672276
50x50 largo,1097,1404160.0,0.6742020845413208,0.0625,,,1.0,17.0,2.09765625,0.18207499384880066,0.6484375,0.49883079528808594,0.00041776656871661544,0.21870645880699158,0.004780873656272888
50x50 largo,1098,1405440.0,0.6041948795318604,0.0625,,,1.0,11.0,2.9312500953674316,0.23397499322891235,0.720703125,0.42002466320991516,0.007860567420721054,0.25233590602874756,0.004136333242058754
50x50 largo,1099,1406720.0,0.5329971313476562,0.0625,,,1.0,4.0,3.389843702316284,0.2844749987125397,0.762890636920929,0.4371274411678314,0.001783286570571363,0.16107380390167236,0.003690280020236969
50x50 largo,1100,1408000.0,0.3800276219844818,0.0,,,0.0,1.0,3.496875047683716,0.3293749988079071,0.7525390982627869,0.4618662893772125,0.0017272557597607374,0.15500208735466003,0.0001493474846938625
50x50 largo,1101,1409280.0,0.3519943654537201,0.0,,,0.0,4.0,3.546875,0.3730749785900116,0.732617199420929,0.4738922417163849,0.002360678743571043,0.10399439930915833,0.00018253843882121146
50x50 largo,1102,1410560.0,0.2950291037559509,0.0,,,0.0,1.0,3.7992188930511475,0.4130999743938446,0.742968738079071,0.47701364755630493,0.004553121514618397,0.18529799580574036,6.48233835818246e-05
50x50 largo,1103,1411840.0,0.34704160690307617,0.0625,,,1.0,1.0,3.8148438930511475,0.4553999900817871,0.741015613079071,0.4511818289756775,0.0006347565213218331,0.14879915118217468,0.003406117670238018
50x50 largo,1104,1413120.0,0.30999627709388733,0.0625,,,1.0,2.0,3.836718797683716,0.4936249852180481,0.7259765863418579,0.48532694578170776,0.00350683624856174,0.16603492200374603,0.0023341355845332146
50x50 largo,1105,1414400.0,0.24502737820148468,0.0,,,0.0,1.0,3.928906202316284,0.5339749455451965,0.7125000357627869,0.507375180721283,0.003403270849958062,0.22070257365703583,0.00017163112352136523
50x50 largo,1106,1415680.0,0.22878938913345337,0.0,,,0.0,0.0,3.9375,0.5747250318527222,0.6917968988418579,0.494157612323761,0.0024866503663361073,0.16009873151779175,0.00010318895510863513
50x50 largo,1107,1416960.0,0.2806563973426819,0.0625,,,1.0,0.0,3.9203126430511475,0.6162999868392944,0.702929675579071,0.49760469794273376,0.0020326897501945496,0.14872094988822937,0.002546438481658697
50x50 largo,1108,1418240.0,0.21304088830947876,0.0,,,0.0,0.0,3.875,0.6611249446868896,0.6845703125,0.5093358159065247,0.0020666848868131638,0.14288650453090668,0.00014057880616746843
50x50 largo,1109,1419520.0,0.1600392460823059,0.0,,,0.0,0.0,3.875,0.699774980545044,0.6625000238418579,0.532294511795044,0.004533024504780769,0.2683011293411255,0.0001444722292944789
50x50 largo,1110,1420800.0,0.20457525551319122,0.0625,,,1.0,1.0,3.862499952316284,0.7359999418258667,0.6587890982627869,0.5406588315963745,0.0035099589731544256,0.2014540284872055,0.0022910693660378456
50x50 largo,1111,1422080.0,0.3201151192188263,0.1875,,,3.0,2.0,3.8335938453674316,0.7747249603271484,0.625,0.5581916570663452,0.00565540324896574,0.21929965913295746,0.009079236537218094
50x50 largo,1112,1423360.0,0.22594311833381653,0.125,,,2.0,0.0,3.7484376430511475,0.810575008392334,0.5992187857627869,0.5550258755683899,0.0006194425513967872,0.15511059761047363,0.005732966586947441
50x50 largo,1113,1424640.0,0.14413850009441376,0.0625,,,1.0,0.0,3.6617188453674316,0.8435249924659729,0.5962890982627869,0.5710722804069519,0.0027904240414500237,0.16333848237991333,0.0033453581854701042
50x50 largo,1114,1425920.0,0.06827162951231003,0.0,,,0.0,1.0,3.684375047683716,0.8754749894142151,0.580078125,0.5527762770652771,0.003981717862188816,0.20072846114635468,0.0001687945768935606
50x50 largo,1115,1427200.0,0.30462726950645447,0.25,,,4.0,3.0,3.65234375,0.9029749631881714,0.603710949420929,0.5523000955581665,0.005599223077297211,0.24958723783493042,0.012101899832487106
50x50 largo,1116,1428480.0,0.281892865896225,0.25,,,4.0,1.0,3.6031250953674316,0.9220999479293823,0.603320300579071,0.5529839396476746,0.002080959500744939,0.17407310009002686,0.012790204957127571
50x50 largo,1117,1429760.0,0.1453666090965271,0.125,,,2.0,1.0,3.391406297683716,0.9379749298095703,0.599414050579071,0.5807694792747498,0.0015924702165648341,0.18822866678237915,0.005672031082212925
50x50 largo,1118,1431040.0,0.4582071304321289,0.4375,,,7.0,3.0,3.194531202316284,0.9520249962806702,0.5660156607627869,0.5867981314659119,0.003537735203281045,0.2440492808818817,0.025344816967844963
50x50 largo,1119,1432320.0,0.5730142593383789,0.5625,,,9.0,2.0,2.882031202316284,0.9584499597549438,0.54296875,0.5786627531051636,0.0016040368936955929,0.2730024755001068,0.02958420291543007
50x50 largo,1120,1433600.0,0.38751208782196045,0.375,,,6.0,3.0,2.5718750953674316,0.9632999897003174,0.524218738079071,0.5785562992095947,0.0024236044846475124,0.19214071333408356,0.015411680564284325
50x50 largo,1121,1434880.0,0.4484557509422302,0.4375,,,7.0,3.0,2.348437547683716,0.9664749503135681,0.536914050579071,0.5864373445510864,0.007489114999771118,0.22737190127372742,0.02015245333313942
50x50 largo,1122,1436160.0,0.0754256322979927,0.0625,,,1.0,4.0,2.3046875,0.9672999382019043,0.553515613079071,0.5864034295082092,0.007732396479696035,0.22866034507751465,0.003913646563887596
50x50 largo,1123,1437440.0,0.02846987545490265,0.0,,,0.0,9.0,2.617968797683716,0.9680749773979187,0.531054675579071,0.5689060688018799,0.006844924762845039,0.25856301188468933,0.00037079452886246145
50x50 largo,1124,1438720.0,0.013034375384449959,0.0,,,0.0,4.0,3.1039063930511475,0.9699749946594238,0.597851574420929,0.5699486136436462,0.002524763811379671,0.21854281425476074,0.0002973634982481599
50x50 largo,1125,1440000.0,0.0783778727054596,0.0625,,,1.0,5.0,3.33984375,0.9705499410629272,0.600390613079071,0.5553749799728394,0.001744077424518764,0.16113270819187164,0.002775660715997219
50x50 largo,1126,1441280.0,0.12832137942314148,0.125,,,2.0,1.0,3.48828125,0.9712749719619751,0.6148437857627869,0.5694819688796997,0.004583277739584446,0.22814296185970306,0.006420916877686977
50x50 largo,1127,1442560.0,0.0657224953174591,0.0625,,,1.0,1.0,3.413281202316284,0.9716500043869019,0.5992187857627869,0.5589498281478882,0.0015518858563154936,0.19444462656974792,0.0031668366864323616
50x50 largo,1128,1443840.0,0.009631750173866749,0.0,,,0.0,3.0,3.5171875953674316,0.9722499847412109,0.6064453125,0.5717625021934509,0.002049807459115982,0.2897104024887085,0.0001563143014209345
50x50 largo,1129,1445120.0,0.13781486451625824,0.125,,,2.0,4.0,3.715625047683716,0.9735000133514404,0.605664074420929,0.5459706783294678,0.005820604972541332,0.18201608955860138,0.006302566733211279
50x50 largo,1130,1446400.0,0.06278349459171295,0.0625,,,1.0,0.0,3.7046875953674316,0.9743999242782593,0.6357421875,0.547494649887085,0.0021874266676604748,0.17636634409427643,0.0031358718406409025
50x50 largo,1131,1447680.0,0.0627836212515831,0.0625,,,1.0,0.0,3.64453125,0.9752500057220459,0.658007800579071,0.5615893006324768,0.004919444210827351,0.14132097363471985,0.0031840610317885876
50x50 largo,1132,1448960.0,0.0663321241736412,0.0625,,,1.0,1.0,3.6421875953674316,0.9773999452590942,0.622265636920929,0.555944561958313,0.0016258051618933678,0.23941850662231445,0.0033966260962188244
50x50 largo,1133,1450240.0,0.0073990002274513245,0.0,,,0.0,2.0,3.7171876430511475,0.9799249768257141,0.6439453363418579,0.5307712554931641,0.004861968103796244,0.19094833731651306,7.176684448495507e-05
50x50 largo,1134,1451520.0,0.06920524686574936,0.0625,,,1.0,2.0,3.757031202316284,0.9812749624252319,0.667187511920929,0.5115039348602295,0.00313322595320642,0.14316494762897491,0.00329856900498271
50x50 largo,1135,1452800.0,0.06269224733114243,0.0625,,,1.0,0.0,3.75390625,0.9819499254226685,0.684765636920929,0.5191459059715271,0.0014064899878576398,0.22423091530799866,0.0017695846036076546
50x50 largo,1136,1454080.0,0.12553387880325317,0.125,,,2.0,0.0,3.6851563453674316,0.983199954032898,0.662109375,0.542797327041626,0.005857507698237896,0.1702374517917633,0.006369906943291426
50x50 largo,1137,1455360.0,0.13484600186347961,0.125,,,2.0,3.0,3.625,0.9849249720573425,0.633593738079071,0.531755268573761,0.011454997584223747,0.2016768455505371,0.005199285224080086
50x50 largo,1138,1456640.0,0.06272562593221664,0.0625,,,1.0,0.0,3.6695313453674316,0.9859749674797058,0.6015625,0.5196274518966675,0.0036101220175623894,0.15771278738975525,0.0032941517420113087
50x50 largo,1139,1457920.0,0.1281878650188446,0.125,,,2.0,1.0,3.6390626430511475,0.9869250059127808,0.618359386920929,0.5213038921356201,0.004069079644978046,0.13851319253444672,0.006464415229856968
50x50 largo,1140,1459200.0,0.2500183880329132,0.25,,,4.0,0.0,3.3984375,0.9872999787330627,0.616992175579071,0.5351914167404175,0.0009624780504964292,0.18933773040771484,0.009590553119778633
50x50 largo,1141,1460480.0,0.3127511441707611,0.3125,,,5.0,0.0,3.2265625,0.9886499643325806,0.6103515625,0.5290536880493164,0.0010944366222247481,0.23257729411125183,0.01521630771458149
50x50 largo,1142,1461760.0,0.19706611335277557,0.1875,,,3.0,3.0,2.936718702316284,0.9905499815940857,0.5953125357627869,0.5238281488418579,0.003716027829796076,0.25338155031204224,0.00949288159608841
50x50 largo,1143,1463040.0,0.5625019073486328,0.5625,,,9.0,0.0,2.6953125,0.9906749725341797,0.573437511920929,0.5184763669967651,0.004349346738308668,0.26045408844947815,0.023775694891810417
50x50 largo,1144,1464320.0,0.19375112652778625,0.1875,,,3.0,2.0,2.3570313453674316,0.9907999634742737,0.563281238079071,0.525716245174408,0.0053159743547439575,0.1840972900390625,0.007731888443231583
50x50 largo,1145,1465600.0,0.20012962818145752,0.1875,,,3.0,4.0,2.3414063453674316,0.991225004196167,0.5972656607627869,0.5277669429779053,0.00207354873418808,0.20355603098869324,0.008910119533538818
50x50 largo,1146,1466880.0,0.32500410079956055,0.3125,,,5.0,4.0,2.4351563453674316,0.9913749694824219,0.600390613079071,0.5322668552398682,0.0044746617786586285,0.24013544619083405,0.014981999062001705
50x50 largo,1147,1468160.0,0.13124999403953552,0.125,,,2.0,2.0,2.4085938930511475,0.9913749694824219,0.574999988079071,0.5260036587715149,0.002488521859049797,0.18622088432312012,0.006401815451681614
50x50 largo,1148,1469440.0,0.08131100237369537,0.0625,,,1.0,6.0,2.4671876430511475,0.9916750192642212,0.600390613079071,0.5051798224449158,0.0061344848945736885,0.15879985690116882,0.0034466790966689587
50x50 largo,1149,1470720.0,0.00937500037252903,0.0,,,0.0,3.0,2.797656297683716,0.9916750192642212,0.663867175579071,0.5034160614013672,0.0012638326734304428,0.1762067973613739,0.0002091937931254506
50x50 largo,1150,1472000.0,0.02187500149011612,0.0,,,0.0,7.0,3.1460938453674316,0.9916750192642212,0.687304675579071,0.47012943029403687,0.004781263880431652,0.20545464754104614,0.00018317296053282917
50x50 largo,1151,1473280.0,0.19699999690055847,0.1875,,,3.0,3.0,3.3203125,0.9922999739646912,0.720898449420929,0.49549663066864014,0.0014862269163131714,0.1619144231081009,0.00938408263027668
50x50 largo,1152,1474560.0,0.00943212490528822,0.0,,,0.0,3.0,3.387500047683716,0.9925999641418457,0.7142578363418579,0.5153481960296631,0.006419881246984005,0.261109858751297,0.0001359791203867644
50x50 largo,1153,1475840.0,0.06251737475395203,0.0625,,,1.0,0.0,3.457812547683716,0.9926999807357788,0.698437511920929,0.4437960386276245,0.012676877900958061,0.16135144233703613,0.0032130246981978416
50x50 largo,1154,1477120.0,0.13749998807907104,0.125,,,2.0,4.0,3.5023438930511475,0.9926999807357788,0.742968738079071,0.4761376678943634,0.0017939088866114616,0.14908529818058014,0.004333379678428173
50x50 largo,1155,1478400.0,0.13125038146972656,0.125,,,2.0,2.0,3.5687501430511475,0.9927499294281006,0.7490234375,0.48671817779541016,0.005366222467273474,0.1849358081817627,0.006644923239946365
50x50 largo,1156,1479680.0,0.125,0.125,,,2.0,0.0,3.469531297683716,0.9927499294281006,0.7074218988418579,0.5083717107772827,0.004505518823862076,0.17237189412117004,0.0042655495926737785
50x50 largo,1157,1480960.0,0.0625,0.0625,,,1.0,0.0,3.421093702316284,0.9927499294281006,0.6849609613418579,0.5014626979827881,0.0007270764326676726,0.12249100208282471,0.003305228194221854
50x50 largo,1158,1482240.0,0.07499999552965164,0.0625,,,1.0,4.0,3.4609375,0.9927499294281006,0.681640625,0.4992291033267975,0.0027182381600141525,0.12273584306240082,0.003303889650851488
50x50 largo,1159,1483520.0,0.003362000221386552,0.0,,,0.0,1.0,3.5679688453674316,0.9939500093460083,0.6636719107627869,0.4799782633781433,0.0010341604938730597,0.1467231959104538,6.252920138649642e-05
50x50 largo,1160,1484800.0,0.12813961505889893,0.125,,,2.0,1.0,3.5804688930511475,0.9942749738693237,0.6861328482627869,0.47218936681747437,0.003923475742340088,0.10272275656461716,0.004889770410954952
50x50 largo,1161,1486080.0,0.12500037252902985,0.125,,,2.0,0.0,3.484375,0.9943249225616455,0.707226574420929,0.4408051371574402,0.00844834465533495,0.2045269012451172,0.006220465525984764
50x50 largo,1162,1487360.0,0.0031250000465661287,0.0,,,0.0,1.0,3.453125,0.9943249225616455,0.7279297113418579,0.4489624500274658,0.002009222749620676,0.14788836240768433,4.464131052372977e-05
50x50 largo,1163,1488640.0,0.0062500000931322575,0.0,,,0.0,2.0,3.59765625,0.9943249225616455,0.740039050579071,0.42580342292785645,0.0025583566166460514,0.15001830458641052,3.987498348578811e-05
50x50 largo,1164,1489920.0,0.06880812346935272,0.0625,,,1.0,2.0,3.66015625,0.995074987411499,0.7494140863418579,0.4380345940589905,0.002644340740516782,0.11669967323541641,0.0032646143808960915
50x50 largo,1165,1491200.0,0.06874999403953552,0.0625,,,1.0,2.0,3.6937501430511475,0.995074987411499,0.7339844107627869,0.46614325046539307,0.00715258065611124,0.11224759370088577,0.002577242674306035
50x50 largo,1166,1492480.0,0.06562499701976776,0.0625,,,1.0,1.0,3.7328126430511475,0.995074987411499,0.698046863079071,0.4389462471008301,0.001394352177157998,0.12737752497196198,0.0032351224217563868
50x50 largo,1167,1493760.0,0.3125,0.3125,,,5.0,0.0,3.60546875,0.995074987411499,0.6988281607627869,0.45496460795402527,0.003561480902135372,0.21208038926124573,0.014589276164770126
50x50 largo,1168,1495040.0,0.0625736266374588,0.0625,,,1.0,0.0,3.4203126430511475,0.9958499670028687,0.6898437738418579,0.43336522579193115,0.005155701655894518,0.13400959968566895,0.003350862767547369
50x50 largo,1169,1496320.0,0.1281295120716095,0.125,,,2.0,1.0,3.332812547683716,0.9960249662399292,0.7054687738418579,0.4401915371417999,0.005203268490731716,0.14138349890708923,0.005985308438539505
50x50 largo,1170,1497600.0,0.19385913014411926,0.1875,,,3.0,2.0,3.282031297683716,0.9971250295639038,0.6923828125,0.4249943494796753,0.0022162040695548058,0.19040314853191376,0.009204317815601826
50x50 largo,1171,1498880.0,0.31250035762786865,0.3125,,,5.0,0.0,3.0687501430511475,0.9971749782562256,0.685546875,0.44440531730651855,0.003393029561266303,0.1782020479440689,0.012701225467026234
50x50 largo,1172,1500160.0,0.5240975618362427,0.4375,,,7.0,5.0,2.44921875,0.006099999882280827,0.646289050579071,0.4692879915237427,0.003724019043147564,0.1961824744939804,0.01925562508404255
50x50 largo,1173,1501440.0,0.7839115858078003,0.0625,,,1.0,20.0,0.885937511920929,0.060774996876716614,0.633007824420929,0.5800706148147583,0.0047637540847063065,0.327314168214798,0.006496184039860964
50x50 largo,1174,1502720.0,0.6789935231208801,0.0625,,,1.0,15.0,1.71875,0.11092499643564224,0.632617175579071,0.5222083330154419,0.0022919103503227234,0.24030521512031555,0.00412647845223546
50x50 largo,1175,1504000.0,0.5808885097503662,0.0,,,0.0,3.0,2.4398438930511475,0.16430000960826874,0.692187488079071,0.4770933985710144,0.0005217237630859017,0.21391619741916656,0.0008156601106747985
50x50 largo,1176,1505280.0,0.4751199781894684,0.0,,,0.0,9.0,2.8031251430511475,0.20907500386238098,0.7001953125,0.4778997302055359,0.0032778549939393997,0.18281739950180054,0.0005631495732814074
50x50 largo,1177,1506560.0,0.376050740480423,0.0,,,0.0,3.0,3.2093751430511475,0.24809999763965607,0.7259765863418579,0.4265957176685333,0.0033418098464608192,0.21522796154022217,0.00010383287735749036
50x50 largo,1178,1507840.0,0.3552297353744507,0.0,,,0.0,1.0,3.297656297683716,0.28782498836517334,0.757031261920929,0.4429625868797302,0.0016469730762764812,0.20391124486923218,6.713531911373138e-05
50x50 largo,1179,1509120.0,0.38629937171936035,0.0625,,,1.0,2.0,3.32421875,0.3256250023841858,0.7457031607627869,0.4152085483074188,0.004312776494771242,0.13995754718780518,0.0030152162071317434
50x50 largo,1180,1510400.0,0.3251647353172302,0.0,,,0.0,6.0,3.6148438453674316,0.36422497034072876,0.770703136920929,0.4309473931789398,0.0007463715737685561,0.136946439743042,0.0001431278942618519
50x50 largo,1181,1511680.0,0.415957510471344,0.125,,,2.0,4.0,3.8648438453674316,0.4014750123023987,0.783984363079071,0.4616301953792572,0.005481663625687361,0.2601836025714874,0.005795219913125038
50x50 largo,1182,1512960.0,0.2547284960746765,0.0,,,0.0,1.0,3.89453125,0.4365749955177307,0.7466797232627869,0.4380950331687927,0.0023276573047041893,0.15654973685741425,0.00011826983245555311
50x50 largo,1183,1514240.0,0.23325474560260773,0.0,,,0.0,1.0,3.9703125953674316,0.4701000154018402,0.7767578363418579,0.4561534523963928,0.0028452551923692226,0.20473140478134155,0.00011689453094732016
50x50 largo,1184,1515520.0,0.22884587943553925,0.0,,,0.0,0.0,4.0,0.5061249732971191,0.7642578482627869,0.4257151484489441,0.0030618361197412014,0.19781160354614258,0.00011544516019057482
50x50 largo,1185,1516800.0,0.271467000246048,0.0625,,,1.0,0.0,3.979687452316284,0.5411750078201294,0.7583984732627869,0.4696734845638275,0.002642047358676791,0.20029398798942566,0.0033603538759052753
50x50 largo,1186,1518080.0,0.1934477537870407,0.0,,,0.0,0.0,3.9375,0.5758249759674072,0.738476574420929,0.4688779413700104,0.0009628672269172966,0.17425909638404846,0.00012225660611875355
50x50 largo,1187,1519360.0,0.18889650702476501,0.0,,,0.0,1.0,3.9632813930511475,0.6119749546051025,0.7445312738418579,0.47775357961654663,0.0010063436347991228,0.1692964732646942,0.00016673604841344059
50x50 largo,1188,1520640.0,0.18316975235939026,0.0,,,0.0,0.0,4.0,0.651824951171875,0.7455078363418579,0.4573839008808136,0.0027875835075974464,0.14613944292068481,0.00015446858014911413
50x50 largo,1189,1521920.0,0.2165992558002472,0.0625,,,1.0,0.0,3.96875,0.6895500421524048,0.755859375,0.47409117221832275,0.0034155305474996567,0.19576746225357056,0.003296375274658203
50x50 largo,1190,1523200.0,0.32928115129470825,0.1875,,,3.0,0.0,3.885937452316284,0.7285250425338745,0.7388672232627869,0.4530673027038574,0.003617075737565756,0.17217259109020233,0.028437644243240356
50x50 largo,1191,1524480.0,0.11442413926124573,0.0,,,0.0,0.0,3.75,0.7634999752044678,0.7425781488418579,0.49440905451774597,0.002156634582206607,0.19513049721717834,0.0001136363935074769
50x50 largo,1192,1525760.0,0.1692804992198944,0.0625,,,1.0,2.0,3.7593750953674316,0.7973499298095703,0.725781261920929,0.4523161053657532,0.006341579835861921,0.1399335265159607,0.0032988209277391434
50x50 largo,1193,1527040.0,0.08591850847005844,0.0,,,0.0,1.0,3.8148438930511475,0.8308249711990356,0.7373046875,0.4644013047218323,0.0007705037714913487,0.16126489639282227,0.00010409663809696212
50x50 largo,1194,1528320.0,0.19367612898349762,0.125,,,2.0,0.0,3.835156202316284,0.8621000051498413,0.7542968988418579,0.4697701930999756,0.0022432785481214523,0.15274116396903992,0.006188401021063328
50x50 largo,1195,1529600.0,0.18411825597286224,0.125,,,2.0,2.0,3.8609375953674316,0.8898500204086304,0.7232422232627869,0.4960249960422516,0.0031258161179721355,0.17253048717975616,0.006445023231208324
50x50 largo,1196,1530880.0,0.10586437582969666,0.0625,,,1.0,1.0,3.778125047683716,0.913974940776825,0.694531261920929,0.4670708179473877,0.004095872864127159,0.1698196530342102,0.0033402089029550552
50x50 largo,1197,1532160.0,0.15913614630699158,0.125,,,2.0,2.0,3.7132813930511475,0.9353749752044678,0.704296886920929,0.49915269017219543,0.004388665780425072,0.15411150455474854,0.0058283512480556965
50x50 largo,1198,1533440.0,0.14948812127113342,0.125,,,2.0,2.0,3.7750000953674316,0.9529749751091003,0.6783203482627869,0.48713594675064087,0.0013777741696685553,0.1899929791688919,0.006519520655274391
50x50 largo,1199,1534720.0,0.39536213874816895,0.375,,,6.0,3.0,3.65625,0.9697499871253967,0.6875,0.5134376287460327,0.0014276155270636082,0.18783681094646454,0.017502404749393463
50x50 largo,1200,1536000.0,0.26061150431632996,0.25,,,4.0,2.0,3.492968797683716,0.9800000190734863,0.6669921875,0.5164809226989746,0.0005628284416161478,0.1557660549879074,0.015230374410748482
50x50 largo,1201,1537280.0,0.3948851227760315,0.375,,,6.0,6.0,3.375,0.9847249984741211,0.640820324420929,0.5249620676040649,0.0006332072662189603,0.19727419316768646,0.012735086493194103
50x50 largo,1202,1538560.0,0.7045532464981079,0.6875,,,11.0,5.0,3.2265625,0.9916249513626099,0.6224609613418579,0.531548023223877,0.0012003642041236162,0.24088478088378906,0.04233544319868088
50x50 largo,1203,1539840.0,0.5723050832748413,0.5625,,,9.0,3.0,2.944531202316284,0.9938499927520752,0.618945300579071,0.5484364032745361,0.0031410246156156063,0.33008742332458496,0.028024639934301376
50x50 largo,1204,1541120.0,0.39692574739456177,0.375,,,6.0,7.0,2.5679688453674316,0.9945499897003174,0.5912109613418579,0.5414319038391113,0.0028848631773144007,0.21446450054645538,0.01612001657485962
50x50 largo,1205,1542400.0,0.078125,0.0625,,,1.0,5.0,2.856250047683716,0.9945499897003174,0.5894531607627869,0.5435879230499268,0.008179020136594772,0.2610933780670166,0.0035416302271187305
50x50 largo,1206,1543680.0,0.08125162124633789,0.0625,,,1.0,6.0,3.13671875,0.994575023651123,0.5513672232627869,0.5227916240692139,0.007817053236067295,0.24799111485481262,0.0035905621480196714
50x50 largo,1207,1544960.0,0.0062500000931322575,0.0,,,0.0,2.0,3.31640625,0.994575023651123,0.6128906607627869,0.5273505449295044,0.0009536988800391555,0.25930383801460266,0.00042147267959080637
50x50 largo,1208,1546240.0,0.06562499701976776,0.0625,,,1.0,1.0,3.40625,0.994575023651123,0.5990234613418579,0.5066896080970764,0.006738167256116867,0.193401038646698,0.0031442767940461636
50x50 largo,1209,1547520.0,0.06875000149011612,0.0625,,,1.0,2.0,3.5171875953674316,0.994575023651123,0.660937488079071,0.5099802613258362,0.0018134033307433128,0.22049951553344727,0.003429841250181198
50x50 largo,1210,1548800.0,0.0062500000931322575,0.0,,,0.0,2.0,3.6000001430511475,0.994575023651123,0.6630859375,0.5115492343902588,0.0037103041540831327,0.17806637287139893,0.00017410214059054852
50x50 largo,1211,1550080.0,0.13437499105930328,0.125,,,2.0,3.0,3.637500047683716,0.994575023651123,0.6390625238418579,0.5236529111862183,0.007154813036322594,0.17580634355545044,0.005784294102340937
50x50 largo,1212,1551360.0,0.19687499105930328,0.1875,,,3.0,3.0,3.671875,0.994575023651123,0.5992187857627869,0.5229622721672058,0.005287925247102976,0.16563932597637177,0.009523255750536919
50x50 largo,1213,1552640.0,0.0625,0.0625,,,1.0,0.0,3.686718702316284,0.994575023651123,0.5630859732627869,0.525000274181366,0.0028823958709836006,0.11146128177642822,0.00348180765286088
50x50 largo,1214,1553920.0,0.07500849664211273,0.0625,,,1.0,4.0,3.676562547683716,0.9947749972343445,0.540234386920929,0.529083251953125,0.0034549525007605553,0.16395902633666992,0.002176332985982299
50x50 largo,1215,1555200.0,0.12500125169754028,0.125,,,2.0,0.0,3.7359375953674316,0.9948749542236328,0.5302734375,0.5236353874206543,0.004221223294734955,0.24558031558990479,0.00566619960591197
50x50 largo,1216,1556480.0,0.0031250000465661287,0.0,,,0.0,1.0,3.690624952316284,0.9948749542236328,0.5533203482627869,0.5204296112060547,0.002920495579019189,0.14445535838603973,8.222907490562648e-05
50x50 largo,1217,1557760.0,0.0031250000465661287,0.0,,,0.0,1.0,3.8109376430511475,0.9948749542236328,0.587109386920929,0.5013408660888672,0.0022097239270806313,0.19312280416488647,5.3513307648245245e-05
50x50 largo,1218,1559040.0,0.06562499701976776,0.0625,,,1.0,1.0,3.8695313930511475,0.9948749542236328,0.5843750238418579,0.5162925720214844,0.006033167243003845,0.1828024983406067,0.0033625466749072075
50x50 largo,1219,1560320.0,0.0,0.0,,,0.0,0.0,3.8125,0.9948749542236328,0.5835937857627869,0.5006633996963501,0.0018711516167968512,0.18031449615955353,3.28884125337936e-05
50x50 largo,1220,1561600.0,0.19062499701976776,0.1875,,,3.0,1.0,3.7562501430511475,0.9948749542236328,0.582226574420929,0.4855019450187683,0.009954500943422318,0.16898030042648315,0.012879140675067902
50x50 largo,1221,1562880.0,0.19064949452877045,0.1875,,,3.0,1.0,3.616406202316284,0.995074987411499,0.615429699420929,0.49888402223587036,0.0005788329290226102,0.14154958724975586,0.009732821956276894
50x50 largo,1222,1564160.0,0.0031250000465661287,0.0,,,0.0,1.0,3.612499952316284,0.995074987411499,0.6060547232627869,0.510886549949646,0.0025736200623214245,0.16196542978286743,4.399987665237859e-05
50x50 largo,1223,1565440.0,0.0,0.0,,,0.0,0.0,3.625,0.995074987411499,0.58984375,0.5113933086395264,0.0016153231263160706,0.17328579723834991,3.0246585083659738e-05
50x50 largo,1224,1566720.0,0.0031250000465661287,0.0,,,0.0,1.0,3.684375047683716,0.995074987411499,0.598828136920929,0.5196665525436401,0.002469429513439536,0.15430296957492828,2.3392301955027506e-05
50x50 largo,1225,1568000.0,0.19374999403953552,0.1875,,,3.0,2.0,3.604687452316284,0.995074987411499,0.591015636920929,0.5038614869117737,0.0018210423877462745,0.14998182654380798,0.009279248304665089
50x50 largo,1226,1569280.0,0.06874999403953552,0.0625,,,1.0,2.0,3.590625047683716,0.995074987411499,0.600390613079071,0.5244699716567993,0.002941661514341831,0.14265219867229462,0.002747843973338604
50x50 largo,1227,1570560.0,0.13124999403953552,0.125,,,2.0,2.0,3.6640625,0.995074987411499,0.584765613079071,0.524747371673584,0.0012789227766916156,0.16596642136573792,0.004509160295128822
50x50 largo,1228,1571840.0,0.06562962383031845,0.0625,,,1.0,1.0,3.676562547683716,0.9951000213623047,0.593554675579071,0.5223686099052429,0.0010549124563112855,0.12246815860271454,0.001064135110937059
50x50 largo,1229,1573120.0,0.25,0.25,,,4.0,0.0,3.557812452316284,0.9951000213623047,0.578125,0.5322146415710449,0.002526048570871353,0.18078085780143738,0.012226971797645092
50x50 largo,1230,1574400.0,0.3125031292438507,0.3125,,,5.0,0.0,3.257031202316284,0.9951249957084656,0.529101550579071,0.5297597646713257,0.004940073937177658,0.2539103925228119,0.013987641781568527
50x50 largo,1231,1575680.0,0.19374999403953552,0.1875,,,3.0,2.0,3.153125047683716,0.9951249957084656,0.5111328363418579,0.5236366391181946,0.004397606011480093,0.16972565650939941,0.009413805790245533
50x50 largo,1232,1576960.0,0.6906286478042603,0.6875,,,11.0,1.0,2.799999952316284,0.995324969291687,0.5142578482627869,0.5348896980285645,0.0022685430012643337,0.2501245141029358,0.042414143681526184
50x50 largo,1233,1578240.0,0.328125,0.3125,,,5.0,5.0,2.344531297683716,0.995324969291687,0.4716796875,0.5354503989219666,0.0023171729408204556,0.20879442989826202,0.013931347988545895
50x50 largo,1234,1579520.0,0.44375449419021606,0.4375,,,7.0,2.0,2.288281202316284,0.9953500032424927,0.4310546815395355,0.5359774827957153,0.004219038877636194,0.25057393312454224,0.025301683694124222
50x50 largo,1235,1580800.0,0.13437500596046448,0.125,,,2.0,3.0,2.120312452316284,0.9953500032424927,0.4076171815395355,0.537614643573761,0.007805227767676115,0.24335232377052307,0.004051571246236563
50x50 largo,1236,1582080.0,0.00937500037252903,0.0,,,0.0,3.0,2.3203125,0.9953500032424927,0.45820313692092896,0.515527606010437,0.003349089529365301,0.23488745093345642,0.00026343122590333223
50x50 largo,1237,1583360.0,0.00937500037252903,0.0,,,0.0,3.0,2.44921875,0.9953500032424927,0.4457031190395355,0.5208510160446167,0.0033340437803417444,0.2434634119272232,0.0002427548315608874
50x50 largo,1238,1584640.0,0.07499999552965164,0.0625,,,1.0,4.0,2.696093797683716,0.9953500032424927,0.494140625,0.5239840745925903,0.001005355385132134,0.1657211035490036,0.0034271995536983013
50x50 largo,1239,1585920.0,0.13749998807907104,0.125,,,2.0,4.0,2.792187452316284,0.9953500032424927,0.482421875,0.5145819187164307,0.004632257390767336,0.20067353546619415,0.006327921524643898
50x50 largo,1240,1587200.0,0.06874999403953552,0.0625,,,1.0,2.0,2.9007813930511475,0.9953500032424927,0.47148439288139343,0.5171583890914917,0.005042458884418011,0.1696750521659851,0.0033094685059040785
50x50 largo,1241,1588480.0,0.07813999801874161,0.0625,,,1.0,5.0,3.1000001430511475,0.9957249760627747,0.46210938692092896,0.5125739574432373,0.0010034535080194473,0.16379350423812866,0.003390780882909894
50x50 largo,1242,1589760.0,0.012500000186264515,0.0,,,0.0,4.0,3.354687452316284,0.9957249760627747,0.47382813692092896,0.5153293609619141,0.0030826381407678127,0.1958061009645462,0.00011213510151719674
50x50 largo,1243,1591040.0,0.19062499701976776,0.1875,,,3.0,1.0,3.270312547683716,0.9957249760627747,0.4701171815395355,0.5180363655090332,0.002612479031085968,0.1431901454925537,0.006717701442539692
50x50 largo,1244,1592320.0,0.13124999403953552,0.125,,,2.0,2.0,3.2992188930511475,0.9957249760627747,0.47265625,0.511692464351654,0.008897922933101654,0.19282466173171997,0.004378095269203186
50x50 largo,1245,1593600.0,0.06562750041484833,0.0625,,,1.0,1.0,3.3617188930511475,0.9957500100135803,0.44023439288139343,0.5003139972686768,0.010889725759625435,0.2146068960428238,0.0033232185523957014
50x50 largo,1246,1594880.0,0.07499999552965164,0.0625,,,1.0,4.0,3.3984375,0.9957500100135803,0.41093751788139343,0.5073597431182861,0.003795206779614091,0.17564299702644348,0.0031132949516177177
50x50 largo,1247,1596160.0,0.0625,0.0625,,,1.0,0.0,3.45703125,0.9957500100135803,0.43867188692092896,0.5082300901412964,0.0012650794815272093,0.14223980903625488,0.003167948219925165
50x50 largo,1248,1597440.0,0.0031250000465661287,0.0,,,0.0,1.0,3.473437547683716,0.9957500100135803,0.44902345538139343,0.5111175179481506,0.002795042470097542,0.19901588559150696,4.5176868297858164e-05
50x50 largo,1249,1598720.0,0.0625,0.0625,,,1.0,0.0,3.471874952316284,0.9957500100135803,0.44140625,0.5090100169181824,0.00399232842028141,0.14398561418056488,0.0032744063064455986
50x50 largo,1250,1600000.0,0.12812499701976776,0.125,,,2.0,1.0,3.4710938930511475,0.9957500100135803,0.4087890684604645,0.5081080198287964,0.008263062685728073,0.24411135911941528,0.006454651243984699
50x50 largo,1251,1601280.0,0.6878616213798523,0.0,,,0.0,15.0,0.32343751192092896,0.05327499657869339,0.37617188692092896,0.5975990295410156,0.010657128877937794,0.44094085693359375,0.0025129367131739855
50x50 largo,1252,1602560.0,0.7066709995269775,0.0,,,0.0,22.0,1.825781226158142,0.1091499999165535,0.37617188692092896,0.5611975193023682,0.004705851431936026,0.3434760570526123,0.0021445518359541893
50x50 largo,1253,1603840.0,0.6107285022735596,0.0,,,0.0,10.0,2.7132813930511475,0.16334998607635498,0.4339843690395355,0.5255817174911499,0.006025488954037428,0.31832319498062134,0.00169026805087924
50x50 largo,1254,1605120.0,0.5603709816932678,0.0,,,0.0,7.0,3.09375,0.21719999611377716,0.4515624940395355,0.5309098362922668,0.0015712479362264276,0.25206315517425537,0.000809348130133003
50x50 largo,1255,1606400.0,0.5338178873062134,0.0,,,0.0,4.0,3.586718797683716,0.2734749913215637,0.4691406190395355,0.5569271445274353,0.0034507527016103268,0.2229212522506714,0.0006648966227658093
50x50 largo,1256,1607680.0,0.5484917163848877,0.0625,,,1.0,3.0,3.663281202316284,0.3292500078678131,0.4560546875,0.5585368275642395,0.0007122608367353678,0.20167967677116394,0.003368146251887083
50x50 largo,1257,1608960.0,0.4867050051689148,0.0625,,,1.0,1.0,3.76953125,0.3824499845504761,0.47773438692092896,0.5541324615478516,0.001810554414987564,0.18007773160934448,0.003673090133816004
50x50 largo,1258,1610240.0,0.41816774010658264,0.0625,,,1.0,0.0,3.7484376430511475,0.4313499927520752,0.4732421934604645,0.5555164217948914,0.003671322949230671,0.15331129729747772,0.002551498357206583
50x50 largo,1259,1611520.0,0.30461061000823975,0.0,,,0.0,2.0,3.770312547683716,0.4757499694824219,0.4488281309604645,0.548244833946228,0.0029654144309461117,0.13364021480083466,0.0001325123739661649
50x50 largo,1260,1612800.0,0.3043728768825531,0.0625,,,1.0,0.0,3.758593797683716,0.5148000121116638,0.4359374940395355,0.5547822713851929,0.0014399699866771698,0.1380203664302826,0.0023540272377431393
50x50 largo,1261,1614080.0,0.3776983618736267,0.125,,,2.0,0.0,3.6968750953674316,0.5596500039100647,0.4214843809604645,0.5474299192428589,0.0013868624810129404,0.14705832302570343,0.005523966159671545
50x50 largo,1262,1615360.0,0.3070649802684784,0.125,,,2.0,2.0,3.6351563930511475,0.594925045967102,0.4154296815395355,0.5524337291717529,0.0082090487703681,0.22564396262168884,0.005887320265173912
50x50 largo,1263,1616640.0,0.2875204086303711,0.125,,,2.0,2.0,3.6234376430511475,0.6287750005722046,0.3910156190395355,0.5745284557342529,0.005502316169440746,0.16486209630966187,0.004323982633650303
50x50 largo,1264,1617920.0,0.2003374993801117,0.0625,,,1.0,0.0,3.5679688453674316,0.6591750383377075,0.41972658038139343,0.571432888507843,0.0019853953272104263,0.2380281239748001,0.002125257859006524
50x50 largo,1265,1619200.0,0.07835600525140762,0.0,,,0.0,2.0,3.617968797683716,0.6774749755859375,0.41386720538139343,0.5557756423950195,0.0016921517672017217,0.1310102343559265,0.00015573478594888002
50x50 largo,1266,1620480.0,0.20996712148189545,0.125,,,2.0,2.0,3.671093702316284,0.6980249881744385,0.3958984315395355,0.5555710792541504,0.001750449649989605,0.23105934262275696,0.005605601239949465
50x50 largo,1267,1621760.0,0.1989557445049286,0.125,,,2.0,2.0,3.746875047683716,0.7180999517440796,0.4107421934604645,0.5460208058357239,0.0017741576302796602,0.19142359495162964,0.0053576999343931675
50x50 largo,1268,1623040.0,0.12454238533973694,0.0625,,,1.0,1.0,3.6617188453674316,0.7362500429153442,0.4019531309604645,0.5259840488433838,0.0021348369773477316,0.127439945936203,0.0032978130038827658
50x50 largo,1269,1624320.0,0.18029701709747314,0.125,,,2.0,0.0,3.608593702316284,0.7554500102996826,0.37968751788139343,0.5245538949966431,0.0023280286695808172,0.1660362035036087,0.00363705912604928
50x50 largo,1270,1625600.0,0.09359700232744217,0.0625,,,1.0,1.0,3.561718702316284,0.7684749960899353,0.3564453125,0.5226907134056091,0.0020417217165231705,0.1814076453447342,0.003004183294251561
50x50 largo,1271,1626880.0,0.10507100075483322,0.0625,,,1.0,3.0,3.6117188930511475,0.7828749418258667,0.36347657442092896,0.5292235612869263,0.00436580553650856,0.16074475646018982,0.00337698170915246
50x50 largo,1272,1628160.0,0.2253468930721283,0.1875,,,3.0,1.0,3.719531297683716,0.7974250316619873,0.3460937440395355,0.5492366552352905,0.0007165094139054418,0.23282532393932343,0.00823153741657734
50x50 largo,1273,1629440.0,0.0824272558093071,0.0625,,,1.0,1.0,3.592968702316284,0.8063249588012695,0.34296876192092896,0.5579991340637207,0.0020519262179732323,0.13707426190376282,0.003250961657613516
50x50 largo,1274,1630720.0,0.2119911164045334,0.1875,,,3.0,2.0,3.58203125,0.814799964427948,0.36542969942092896,0.5742315053939819,0.006574886851012707,0.22834673523902893,0.006555876694619656
50x50 largo,1275,1632000.0,0.22124487161636353,0.1875,,,3.0,1.0,3.378124952316284,0.8267999887466431,0.3814453184604645,0.568536102771759,0.0036641289480030537,0.13418373465538025,0.007887354120612144
50x50 largo,1276,1633280.0,0.14598476886749268,0.125,,,2.0,0.0,3.3125,0.8349499702453613,0.4000000059604645,0.5644323229789734,0.0011766478419303894,0.1425899863243103,0.005616405047476292
50x50 largo,1277,1634560.0,0.14822275936603546,0.125,,,2.0,1.0,3.249218702316284,0.8421249985694885,0.3861328065395355,0.5683594942092896,0.001542394980788231,0.16977760195732117,0.006596637424081564
50x50 largo,1278,1635840.0,0.14465424418449402,0.125,,,2.0,1.0,3.153125047683716,0.8475749492645264,0.3873046934604645,0.5755074620246887,0.0024040094576776028,0.1520572006702423,0.005282641388475895
50x50 largo,1279,1637120.0,0.2088608741760254,0.1875,,,3.0,1.0,3.0367188453674316,0.854200005531311,0.40605470538139343,0.5728480815887451,0.002483110409229994,0.1863059252500534,0.008672656491398811
50x50 largo,1280,1638400.0,0.2046402394771576,0.1875,,,3.0,4.0,3.085156202316284,0.8565249443054199,0.40703126788139343,0.5690659284591675,0.0013855589786544442,0.16033314168453217,0.00878908857703209
50x50 largo,1281,1639680.0,0.20615962147712708,0.1875,,,3.0,2.0,3.039843797683716,0.861549973487854,0.40410158038139343,0.5742852687835693,0.002697858028113842,0.1255289763212204,0.008838891983032227
50x50 largo,1282,1640960.0,0.014167001470923424,0.0,,,0.0,2.0,3.078125,0.8656749725341797,0.40644532442092896,0.5873249173164368,0.0033241529017686844,0.17621412873268127,0.00017098512034863234
50x50 largo,1283,1642240.0,0.14596900343894958,0.125,,,2.0,3.0,3.1273438930511475,0.8715749979019165,0.4189453125,0.5799364447593689,0.001328330603428185,0.21045063436031342,0.005962538067251444
50x50 largo,1284,1643520.0,0.10112950950860977,0.0625,,,1.0,7.0,3.3609375953674316,0.8777999877929688,0.4164062440395355,0.5727165937423706,0.003552392590790987,0.12726745009422302,0.0030969169456511736
50x50 largo,1285,1644800.0,0.1409815102815628,0.125,,,2.0,0.0,3.477343797683716,0.8830749988555908,0.38496094942092896,0.5710827708244324,0.002851167693734169,0.13494232296943665,0.0056409891694784164
50x50 largo,1286,1646080.0,0.20521551370620728,0.1875,,,3.0,2.0,3.483593702316284,0.8872999548912048,0.380859375,0.5443111062049866,0.008642853237688541,0.21845711767673492,0.0076738023199141026
50x50 largo,1287,1647360.0,0.080144502222538,0.0625,,,1.0,1.0,3.3960938453674316,0.8934500217437744,0.32207033038139343,0.5343623757362366,0.0035149124450981617,0.11007368564605713,0.0028770421631634235
50x50 largo,1288,1648640.0,0.08532936871051788,0.0625,,,1.0,3.0,3.4312500953674316,0.8995999693870544,0.3179687559604645,0.5238339304924011,0.0023773736320436,0.12437016516923904,0.0020251113455742598
50x50 largo,1289,1649920.0,0.023191876709461212,0.0,,,0.0,3.0,3.551562547683716,0.9061499834060669,0.29511719942092896,0.5342695116996765,0.0003964598581660539,0.20246940851211548,7.418701716233045e-05
50x50 largo,1290,1651200.0,0.20330950617790222,0.1875,,,3.0,1.0,3.6273438930511475,0.913474977016449,0.30585938692092896,0.5167593359947205,0.0035641237627714872,0.16664108633995056,0.006709542125463486
50x50 largo,1291,1652480.0,0.07808837294578552,0.0625,,,1.0,1.0,3.58203125,0.920799970626831,0.28339844942092896,0.5355305671691895,0.003841565689072013,0.17440728843212128,0.0023073789197951555
50x50 largo,1292,1653760.0,0.015267751179635525,0.0,,,0.0,2.0,3.6304688453674316,0.9259250164031982,0.29472658038139343,0.5106430053710938,0.002921433188021183,0.245130717754364,6.978458259254694e-05
50x50 largo,1293,1655040.0,0.14536261558532715,0.125,,,2.0,2.0,3.703125,0.932574987411499,0.28398439288139343,0.5307585000991821,0.00120204733684659,0.17839322984218597,0.005098952911794186
50x50 largo,1294,1656320.0,0.07414037734270096,0.0625,,,1.0,0.0,3.66796875,0.9387749433517456,0.3021484315395355,0.5231485366821289,0.0009409418562427163,0.1505277007818222,0.002261735964566469
50x50 largo,1295,1657600.0,0.2001396268606186,0.1875,,,3.0,1.0,3.633593797683716,0.9440249800682068,0.28242188692092896,0.4934439957141876,0.00598573824390769,0.21300990879535675,0.007714863866567612
50x50 largo,1296,1658880.0,0.32724249362945557,0.3125,,,5.0,1.0,3.3890626430511475,0.9521249532699585,0.2548828125,0.4846321940422058,0.0034189641010016203,0.16788920760154724,0.011242473497986794
50x50 largo,1297,1660160.0,0.008519375696778297,0.0,,,0.0,0.0,3.25,0.9577000141143799,0.24550782144069672,0.47785985469818115,0.0024469802156090736,0.18669351935386658,0.00013422133633866906
50x50 largo,1298,1661440.0,0.01617950201034546,0.0,,,0.0,3.0,3.33203125,0.9626250267028809,0.2333984375,0.47767823934555054,0.0003324754652567208,0.10733078420162201,8.963826985564083e-05
50x50 largo,1299,1662720.0,0.19238001108169556,0.1875,,,3.0,0.0,3.328906297683716,0.9666249752044678,0.22675780951976776,0.48655015230178833,0.00037815989344380796,0.21675065159797668,0.008998283185064793
50x50 largo,1300,1664000.0,0.015630749985575676,0.0,,,0.0,4.0,3.436718702316284,0.9713249802589417,0.23886719346046448,0.508744478225708,0.003450167365372181,0.16364172101020813,7.287191692739725e-05
50x50 largo,1301,1665280.0,0.1310603767633438,0.125,,,2.0,1.0,3.496875047683716,0.9752749800682068,0.2603515684604645,0.5152462124824524,0.001071021775715053,0.20855063199996948,0.005913645960390568
50x50 largo,1302,1666560.0,0.004341626074165106,0.0,,,0.0,1.0,3.4937500953674316,0.9778249263763428,0.2691406309604645,0.5320910215377808,0.0025371427182108164,0.19847887754440308,6.212128937477246e-05
50x50 largo,1303,1667840.0,0.18869102001190186,0.1875,,,3.0,0.0,3.4453125,0.9804749488830566,0.2861328125,0.5248134732246399,0.00047723643365316093,0.1687886267900467,0.009093109518289566
50x50 largo,1304,1669120.0,0.25397789478302,0.25,,,4.0,1.0,3.164843797683716,0.9838249683380127,0.2705078125,0.5051617622375488,0.0011912385234609246,0.1732507199048996,0.01298770122230053
50x50 largo,1305,1670400.0,0.0031487501692026854,0.0,,,0.0,1.0,3.1585938930511475,0.9843000173568726,0.2919921875,0.5222707986831665,0.0035034052561968565,0.19184401631355286,8.752679423196241e-05
50x50 largo,1306,1671680.0,0.06598799675703049,0.0625,,,1.0,1.0,3.1429688930511475,0.9851250052452087,0.2828125059604645,0.5249544382095337,0.0020943242125213146,0.12477442622184753,0.0022119376808404922
50x50 largo,1307,1672960.0,0.1315963715314865,0.125,,,2.0,2.0,3.121875047683716,0.9864000082015991,0.31816408038139343,0.5174883604049683,0.0021111194510012865,0.16427092254161835,0.005573048256337643
50x50 largo,1308,1674240.0,0.38164839148521423,0.375,,,6.0,2.0,3.014843702316284,0.9882500171661377,0.2923828065395355,0.5091239213943481,0.0013496078317984939,0.1641346514225006,0.01614459417760372
50x50 largo,1309,1675520.0,0.19386062026023865,0.1875,,,3.0,2.0,2.9164063930511475,0.9886249899864197,0.2896484434604645,0.5133442282676697,0.0020991037599742413,0.1655978262424469,0.008728792890906334
50x50 largo,1310,1676800.0,0.010072125121951103,0.0,,,0.0,3.0,2.9937500953674316,0.990149974822998,0.2916015684604645,0.5285979509353638,0.0010938975028693676,0.19935765862464905,0.0001128820949816145
50x50 largo,1311,1678080.0,0.13142262399196625,0.125,,,2.0,2.0,3.067187547683716,0.990725040435791,0.30097657442092896,0.5172387361526489,0.000584316672757268,0.15893304347991943,0.0035018811468034983
50x50 largo,1312,1679360.0,0.12841013073921204,0.125,,,2.0,1.0,3.0679688453674316,0.9917750358581543,0.2861328125,0.5314791798591614,0.0016460298793390393,0.18630066514015198,0.005929990671575069
50x50 largo,1313,1680640.0,0.06879112124443054,0.0625,,,1.0,2.0,2.9515626430511475,0.9919500350952148,0.30449220538139343,0.5524260997772217,0.0033655313309282064,0.167556494474411,0.002596834674477577
50x50 largo,1314,1681920.0,0.3812500238418579,0.375,,,6.0,2.0,2.910937547683716,0.9919500350952148,0.3238281309604645,0.5406743288040161,0.0006174579611979425,0.21595370769500732,0.01076103188097477
50x50 largo,1315,1683200.0,0.13132399320602417,0.125,,,2.0,2.0,2.7796876430511475,0.9925749897956848,0.31621095538139343,0.5282353758811951,0.0014354941667988896,0.14114323258399963,0.0033913124352693558
50x50 largo,1316,1684480.0,0.19702711701393127,0.1875,,,3.0,3.0,2.8578126430511475,0.9937750101089478,0.302734375,0.5234344005584717,0.0010796294081956148,0.14240673184394836,0.009082019329071045
50x50 largo,1317,1685760.0,0.3282371461391449,0.3125,,,5.0,5.0,2.8414063453674316,0.9948249459266663,0.31757813692092896,0.5161336660385132,0.0024072881788015366,0.1964065134525299,0.011652511544525623
50x50 largo,1318,1687040.0,0.13764038681983948,0.125,,,2.0,4.0,2.821093797683716,0.9958750009536743,0.29082033038139343,0.5024368762969971,0.001685134251601994,0.1603584736585617,0.002945028943940997
50x50 largo,1319,1688320.0,0.06876812130212784,0.0625,,,1.0,2.0,2.953906297683716,0.9961999654769897,0.28046876192092896,0.4887070953845978,0.002025377005338669,0.16399912536144257,0.0029720240272581577
50x50 largo,1320,1689600.0,0.13453137874603271,0.125,,,2.0,3.0,2.946093797683716,0.9980499744415283,0.2660156190395355,0.49604475498199463,0.00046640128130093217,0.16149337589740753,0.004856170620769262
50x50 largo,1321,1690880.0,0.1312623769044876,0.125,,,2.0,2.0,3.1015625,0.998199999332428,0.27421876788139343,0.5060023069381714,0.0004986621788702905,0.1247396469116211,0.0030735936015844345
50x50 largo,1322,1692160.0,0.13126137852668762,0.125,,,2.0,2.0,3.051562547683716,0.9985499978065491,0.28046876192092896,0.4918285012245178,0.0007359615410678089,0.16769781708717346,0.005459246225655079
50x50 largo,1323,1693440.0,0.06875000149011612,0.0625,,,1.0,2.0,3.0765626430511475,0.9985499978065491,0.26347658038139343,0.4874512553215027,0.0009314502822235227,0.16703876852989197,0.0026019448414444923
50x50 largo,1324,1694720.0,0.12812499701976776,0.125,,,2.0,1.0,3.108593702316284,0.9985499978065491,0.25410157442092896,0.5131360292434692,0.004981979727745056,0.22129473090171814,0.005964853800833225
50x50 largo,1325,1696000.0,0.26249998807907104,0.25,,,4.0,4.0,3.063281297683716,0.9985499978065491,0.2757812440395355,0.4735819101333618,0.005210060626268387,0.16870686411857605,0.008837047964334488
50x50 largo,1326,1697280.0,0.012500000186264515,0.0,,,0.0,4.0,3.18359375,0.9985499978065491,0.2509765625,0.44507232308387756,0.004052883014082909,0.14695993065834045,0.0001829543471103534
50x50 largo,1327,1698560.0,0.3125,0.3125,,,5.0,0.0,3.171875,0.9985499978065491,0.23496094346046448,0.45477741956710815,0.0004890760174021125,0.17289166152477264,0.01395934633910656
50x50 largo,1328,1699840.0,0.07499999552965164,0.0625,,,1.0,4.0,3.1484375,0.9985499978065491,0.22636719048023224,0.4822987914085388,0.0031322746071964502,0.12851953506469727,0.003127855947241187
50x50 largo,1329,1701120.0,0.6313724517822266,0.0,,,0.0,18.0,0.9234375357627869,0.047599997371435165,0.2564453184604645,0.5238081812858582,0.0008996825199574232,0.253395676612854,0.002415359951555729
50x50 largo,1330,1702400.0,0.7268052101135254,0.0,,,0.0,26.0,2.1148438453674316,0.10372500121593475,0.29121094942092896,0.4908826947212219,0.02410115674138069,0.30061376094818115,0.0018450304633006454
50x50 largo,1331,1703680.0,0.6314046382904053,0.0,,,0.0,9.0,2.918750047683716,0.15952499210834503,0.26445314288139343,0.5104893445968628,0.0009779103565961123,0.2326044738292694,0.0014753749128431082
50x50 largo,1332,1704960.0,0.5623191595077515,0.0,,,0.0,2.0,3.3500001430511475,0.21467499434947968,0.24589844048023224,0.5076109766960144,0.00037576432805508375,0.1828816533088684,0.0008341132197529078
50x50 largo,1333,1706240.0,0.4888784885406494,0.0,,,0.0,2.0,3.48828125,0.265500009059906,0.24882812798023224,0.5509195327758789,0.0034371609799563885,0.18731117248535156,0.00046836244291625917
50x50 largo,1334,1707520.0,0.5321582555770874,0.0625,,,1.0,6.0,3.69921875,0.31687498092651367,0.2945312559604645,0.5226603150367737,0.0015256272163242102,0.13887068629264832,0.003553525311872363
50x50 largo,1335,1708800.0,0.3967938721179962,0.0,,,0.0,0.0,3.875,0.36592501401901245,0.29960939288139343,0.5174359083175659,0.0017859674990177155,0.12357165664434433,0.00020169265917502344
50x50 largo,1336,1710080.0,0.3748191297054291,0.0,,,0.0,1.0,3.914843797683716,0.4153999984264374,0.32050782442092896,0.528093159198761,0.001452788943424821,0.17435811460018158,0.0003536259173415601
50x50 largo,1337,1711360.0,0.31137213110923767,0.0,,,0.0,0.0,3.9375,0.45909997820854187,0.322265625,0.5690827369689941,0.004076429642736912,0.18406981229782104,0.000385839695809409
50x50 largo,1338,1712640.0,0.4380403757095337,0.1875,,,3.0,2.0,3.9039063453674316,0.4966000020503998,0.3251953125,0.5516958832740784,0.0006701007951050997,0.16937565803527832,0.009562958963215351
50x50 largo,1339,1713920.0,0.18426476418972015,0.0625,,,1.0,1.0,3.9117188453674316,0.516450047492981,0.33671876788139343,0.5378754734992981,0.0015301737003028393,0.189790278673172,0.002775008324533701
50x50 largo,1340,1715200.0,0.14793837070465088,0.0625,,,1.0,0.0,3.8617188930511475,0.5313249826431274,0.3013671934604645,0.5557615756988525,0.00099251011852175,0.2377210408449173,0.0021059380378574133
50x50 largo,1341,1716480.0,0.20824724435806274,0.125,,,2.0,3.0,3.874218702316284,0.545074999332428,0.2994140684604645,0.5429000854492188,0.001936182496137917,0.16807372868061066,0.006304491311311722
50x50 largo,1342,1717760.0,0.13396699726581573,0.0625,,,1.0,0.0,3.8695313930511475,0.5594249963760376,0.2808593809604645,0.5071770548820496,0.0027893385849893093,0.10518893599510193,0.0027313712053000927
50x50 largo,1343,1719040.0,0.2366570234298706,0.1875,,,3.0,0.0,3.7421875,0.5696250200271606,0.2662109434604645,0.5205748081207275,0.002014054451137781,0.14560467004776,0.005479759536683559
50x50 largo,1344,1720320.0,0.10830649733543396,0.0625,,,1.0,3.0,3.7406251430511475,0.5777249932289124,0.3070312440395355,0.5089623928070068,0.0059983450919389725,0.17051133513450623,0.002712774556130171
50x50 largo,1345,1721600.0,0.10889023542404175,0.0625,,,1.0,2.0,3.8304688930511475,0.5870249271392822,0.26777344942092896,0.4890515208244324,0.0022582951933145523,0.18558934330940247,0.002887978218495846
50x50 largo,1346,1722880.0,0.052279628813266754,0.0,,,0.0,3.0,3.848437547683716,0.5979000329971313,0.24472656846046448,0.4564560055732727,0.0034913874696940184,0.15108145773410797,0.0001664443116169423
50x50 largo,1347,1724160.0,0.16952773928642273,0.125,,,2.0,0.0,3.9312500953674316,0.6088749766349792,0.20781250298023224,0.436322957277298,0.0016396867576986551,0.1784975230693817,0.004238482099026442
50x50 largo,1348,1725440.0,0.17992275953292847,0.125,,,2.0,0.0,3.8031251430511475,0.6223249435424805,0.19355468451976776,0.45288074016571045,0.0022358782589435577,0.17336323857307434,0.0044492753222584724
50x50 largo,1349,1726720.0,0.13020974397659302,0.0625,,,1.0,2.0,3.821093797683716,0.6379749774932861,0.20781250298023224,0.5001493096351624,0.003831448033452034,0.1852564513683319,0.002403680235147476
50x50 largo,1350,1728000.0,0.1846921145915985,0.125,,,2.0,2.0,3.827343702316284,0.6518499851226807,0.22890625894069672,0.47369176149368286,0.00043449102668091655,0.13648013770580292,0.008038231171667576
50x50 largo,1351,1729280.0,0.18303948640823364,0.125,,,2.0,2.0,3.8531250953674316,0.6642500162124634,0.23183594644069672,0.4684697091579437,0.00030243967194110155,0.12038007378578186,0.003735153004527092
50x50 largo,1352,1730560.0,0.055527880787849426,0.0,,,0.0,0.0,3.8125,0.6789250373840332,0.21933594346046448,0.4683994650840759,0.0013941876823082566,0.12323755770921707,0.00019781780429184437
50x50 largo,1353,1731840.0,0.06504462659358978,0.0,,,0.0,0.0,3.8125,0.69569993019104,0.23320312798023224,0.4846772849559784,0.000976746203377843,0.17383575439453125,0.000189751764992252
50x50 largo,1354,1733120.0,0.37679174542427063,0.3125,,,5.0,2.0,3.749218702316284,0.7122499942779541,0.24042968451976776,0.4604029953479767,0.0009428515331819654,0.17302899062633514,0.009943915531039238
50x50 largo,1355,1734400.0,0.07488400489091873,0.0,,,0.0,4.0,3.7484376430511475,0.7286249399185181,0.23027344048023224,0.4601272940635681,0.00139574462082237,0.13839662075042725,0.00018671472207643092
50x50 largo,1356,1735680.0,0.12550687789916992,0.0625,,,1.0,0.0,3.8257813453674316,0.7453500032424927,0.24277344346046448,0.46382346749305725,0.002557423897087574,0.1725960373878479,0.002897938247770071
50x50 largo,1357,1736960.0,0.11297900229692459,0.0625,,,1.0,0.0,3.803906202316284,0.7600749731063843,0.2578125,0.4434354901313782,0.0018190456321462989,0.08582647144794464,0.002449986757710576
50x50 largo,1358,1738240.0,0.058448247611522675,0.0,,,0.0,0.0,3.75,0.7784249782562256,0.24335937201976776,0.41585779190063477,0.0043127103708684444,0.1137549951672554,8.71344018378295e-05
50x50 largo,1359,1739520.0,0.11727099120616913,0.0625,,,1.0,1.0,3.7265625,0.7953749895095825,0.22128906846046448,0.45401230454444885,0.0025283703580498695,0.14005857706069946,0.0022605187259614468
50x50 largo,1360,1740800.0,0.1897440105676651,0.125,,,2.0,3.0,3.80078125,0.8144499659538269,0.2314453125,0.42803287506103516,0.0018601183546707034,0.177239790558815,0.005781920626759529
50x50 largo,1361,1742080.0,0.046688251197338104,0.0,,,0.0,0.0,3.8125,0.830299973487854,0.22812500596046448,0.43618881702423096,0.0007676857057958841,0.12511812150478363,8.032716141315177e-05
50x50 largo,1362,1743360.0,0.11459225416183472,0.0625,,,1.0,2.0,3.8359375,0.8490499258041382,0.23183594644069672,0.4520553648471832,0.004808049649000168,0.11669323593378067,0.003364869859069586
50x50 largo,1363,1744640.0,0.16632461547851562,0.125,,,2.0,1.0,3.8960938453674316,0.865399956703186,0.2591796815395355,0.4596397876739502,0.0017518368549644947,0.15690511465072632,0.005688239820301533
50x50 largo,1364,1745920.0,0.044244877994060516,0.0,,,0.0,1.0,3.828906297683716,0.8848999738693237,0.2640624940395355,0.4414917230606079,0.0012231761356815696,0.15987363457679749,9.302741091232747e-05
50x50 largo,1365,1747200.0,0.08931112289428711,0.0625,,,1.0,0.0,3.852343797683716,0.8991999626159668,0.27363282442092896,0.45415687561035156,0.005702729802578688,0.17106947302818298,0.002785648452118039
50x50 largo,1366,1748480.0,0.15287598967552185,0.125,,,2.0,1.0,3.7992188930511475,0.9141249656677246,0.29082033038139343,0.4279404878616333,0.0067627583630383015,0.20625057816505432,0.006387005560100079
50x50 largo,1367,1749760.0,0.08663099259138107,0.0625,,,1.0,1.0,3.7328126430511475,0.9287499189376831,0.2632812559604645,0.4123871624469757,0.0011464369017630816,0.1573093980550766,0.00282735051587224
50x50 largo,1368,1751040.0,0.14431625604629517,0.125,,,2.0,1.0,3.7125000953674316,0.9408999681472778,0.24492187798023224,0.41361406445503235,0.0009682038798928261,0.14191250503063202,0.005016213282942772
50x50 largo,1369,1752320.0,0.14764748513698578,0.125,,,2.0,3.0,3.731250047683716,0.9531999826431274,0.2523437440395355,0.41606664657592773,0.0018878974951803684,0.1304560899734497,0.0040495493449270725
50x50 largo,1370,1753600.0,0.07593601942062378,0.0625,,,1.0,2.0,3.785937547683716,0.9630249738693237,0.2642578184604645,0.39094093441963196,0.00067322445102036,0.16171342134475708,0.002625271212309599
50x50 largo,1371,1754880.0,0.1279042661190033,0.125,,,2.0,0.0,3.729687452316284,0.9666500091552734,0.29082033038139343,0.4286225438117981,0.006589769385755062,0.17469710111618042,0.005013017915189266
50x50 largo,1372,1756160.0,0.004897250793874264,0.0,,,0.0,1.0,3.721874952316284,0.96875,0.2841796875,0.40920519828796387,0.003762777429074049,0.19566628336906433,8.292852726299316e-05
50x50 largo,1373,1757440.0,0.06672049313783646,0.0625,,,1.0,1.0,3.805468797683716,0.9713249802589417,0.2662109434604645,0.39451831579208374,0.001988084986805916,0.16483984887599945,0.003003316232934594
50x50 largo,1374,1758720.0,0.1314813643693924,0.125,,,2.0,2.0,3.7281250953674316,0.972599983215332,0.28925782442092896,0.39785462617874146,0.0015498001594096422,0.12163828313350677,0.00534428283572197
50x50 largo,1375,1760000.0,0.1251012533903122,0.125,,,2.0,0.0,3.7007813453674316,0.9734999537467957,0.2720703184604645,0.41621100902557373,0.0024194258730858564,0.1523679792881012,0.00488534290343523
50x50 largo,1376,1761280.0,0.06562499701976776,0.0625,,,1.0,1.0,3.614062547683716,0.9734999537467957,0.27617189288139343,0.41082000732421875,0.0011531042400747538,0.1529756486415863,0.0014195535331964493
50x50 largo,1377,1762560.0,0.3159118890762329,0.3125,,,5.0,1.0,3.526562452316284,0.973924994468689,0.3001953065395355,0.43071243166923523,0.003403241280466318,0.2856962978839874,0.017822913825511932
50x50 largo,1378,1763840.0,0.19062499701976776,0.1875,,,3.0,1.0,3.299999952316284,0.973924994468689,0.2857421934604645,0.4031597375869751,0.002752698492258787,0.17607933282852173,0.0078194634988904
50x50 largo,1379,1765120.0,0.00937500037252903,0.0,,,0.0,3.0,3.4000000953674316,0.973924994468689,0.2994140684604645,0.42145204544067383,0.0029790950939059258,0.14592403173446655,0.00015583222557324916
50x50 largo,1380,1766400.0,0.19062499701976776,0.1875,,,3.0,1.0,3.4320313930511475,0.973924994468689,0.31621095538139343,0.4074968993663788,0.003252278082072735,0.15086150169372559,0.011163240298628807
50x50 largo,1381,1767680.0,0.13450811803340912,0.125,,,2.0,3.0,3.3421876430511475,0.975024938583374,0.3140625059604645,0.4071046710014343,0.010550820268690586,0.18773500621318817,0.004543848801404238
50x50 largo,1382,1768960.0,0.012500000186264515,0.0,,,0.0,4.0,3.492968797683716,0.975024938583374,0.2806640565395355,0.4142633080482483,0.002514853607863188,0.13227248191833496,0.00012057687854394317
50x50 largo,1383,1770240.0,0.13126561045646667,0.125,,,2.0,2.0,3.63671875,0.9750499725341797,0.3134765625,0.4246896207332611,0.002165496814996004,0.15667448937892914,0.004986774176359177
50x50 largo,1384,1771520.0,0.1908867508172989,0.1875,,,3.0,1.0,3.575000047683716,0.9753499627113342,0.3037109375,0.4262383282184601,0.0010468470863997936,0.2261231243610382,0.005721337161958218
50x50 largo,1385,1772800.0,0.13824698328971863,0.125,,,2.0,4.0,3.5257813930511475,0.9763749837875366,0.283203125,0.38891199231147766,0.00464567169547081,0.11149332672357559,0.005123823881149292
50x50 largo,1386,1774080.0,0.187504380941391,0.1875,,,3.0,0.0,3.573437452316284,0.9764000177383423,0.24433593451976776,0.3822365999221802,0.001383461756631732,0.1241864413022995,0.00888323225080967
50x50 largo,1387,1775360.0,0.06562499701976776,0.0625,,,1.0,1.0,3.469531297683716,0.9764000177383423,0.24355469644069672,0.37844061851501465,0.0006590248085558414,0.13657504320144653,0.0030429083853960037
50x50 largo,1388,1776640.0,0.06602000445127487,0.0625,,,1.0,1.0,3.4468750953674316,0.9776250123977661,0.25898438692092896,0.40096592903137207,0.0030094427056610584,0.13556665182113647,0.0020498521625995636
50x50 largo,1389,1777920.0,0.0658164992928505,0.0625,,,1.0,1.0,3.409374952316284,0.9783999919891357,0.2787109315395355,0.39351698756217957,0.002645227825269103,0.11544112116098404,0.0019411742687225342
50x50 largo,1390,1779200.0,0.006368250120431185,0.0,,,0.0,2.0,3.510937452316284,0.9786750078201294,0.2611328065395355,0.3943065404891968,0.0012280759401619434,0.17161034047603607,9.016197873279452e-05
50x50 largo,1391,1780480.0,0.0032566250301897526,0.0,,,0.0,1.0,3.585156202316284,0.9788999557495117,0.2642578184604645,0.4050365090370178,0.0026587950997054577,0.19168919324874878,5.361309740692377e-05
50x50 largo,1392,1781760.0,0.00646937545388937,0.0,,,0.0,2.0,3.714062452316284,0.9795499444007874,0.27617189288139343,0.39253902435302734,0.0011610635556280613,0.13528773188591003,4.258752232999541e-05
50x50 largo,1393,1783040.0,0.0006425005849450827,0.0,,,0.0,0.0,3.75,0.9812749624252319,0.2906250059604645,0.405628502368927,0.0006161821074783802,0.1650417447090149,2.5116834876826033e-05
50x50 largo,1394,1784320.0,0.12812499701976776,0.125,,,2.0,1.0,3.657031297683716,0.9812749624252319,0.3109374940395355,0.41372501850128174,0.004319175146520138,0.15220913290977478,0.0034588791895657778
50x50 largo,1395,1785600.0,0.0625,0.0625,,,1.0,0.0,3.633593797683716,0.9812749624252319,0.28300783038139343,0.43929168581962585,0.003523958148434758,0.1400231122970581,0.0022655553184449673
50x50 largo,1396,1786880.0,0.06254762411117554,0.0625,,,1.0,0.0,3.5843751430511475,0.9813499450683594,0.2763671875,0.4147985279560089,0.0014740338083356619,0.1883901059627533,0.0029467414133250713
50x50 largo,1397,1788160.0,0.1945992410182953,0.1875,,,3.0,2.0,3.559375047683716,0.9833250045776367,0.2822265625,0.4385884404182434,0.0018550337990745902,0.1522635966539383,0.008049041964113712
50x50 largo,1398,1789440.0,0.0032410004641860723,0.0,,,0.0,1.0,3.551562547683716,0.984049916267395,0.28046876192092896,0.42247962951660156,0.0030453242361545563,0.15982568264007568,5.7574994571041316e-05
50x50 largo,1399,1790720.0,0.1875,0.1875,,,3.0,0.0,3.492968797683716,0.984049916267395,0.2783203125,0.44544100761413574,0.0035850759595632553,0.2234930694103241,0.009479831904172897
50x50 largo,1400,1792000.0,0.06562924385070801,0.0625,,,1.0,1.0,3.41015625,0.9840749502182007,0.30488282442092896,0.45159977674484253,0.0045190658420324326,0.14460135996341705,0.002977204043418169
50x50 largo,1401,1793280.0,0.0031250000465661287,0.0,,,0.0,1.0,3.3765625953674316,0.9840749502182007,0.2710937559604645,0.4374280869960785,0.0008769490523263812,0.11144306510686874,4.480057395994663e-05
50x50 largo,1402,1794560.0,0.13124999403953552,0.125,,,2.0,2.0,3.366406202316284,0.9840749502182007,0.265625,0.4431292414665222,0.002117397030815482,0.149684339761734,0.004635860212147236
50x50 largo,1403,1795840.0,0.06562499701976776,0.0625,,,1.0,1.0,3.4234375953674316,0.9840749502182007,0.26582032442092896,0.41188639402389526,0.0017157775582745671,0.1438729166984558,0.0007729697390459478
50x50 largo,1404,1797120.0,0.32499998807907104,0.3125,,,5.0,4.0,3.453906297683716,0.9840749502182007,0.26933595538139343,0.43467646837234497,0.002008860930800438,0.18932446837425232,0.01617182232439518
50x50 largo,1405,1798400.0,0.0031250000465661287,0.0,,,0.0,1.0,3.4351563453674316,0.9840749502182007,0.2808593809604645,0.43723055720329285,0.00042914351797662675,0.19191426038742065,7.656423258595169e-05
50x50 largo,1406,1799680.0,0.0625,0.0625,,,1.0,0.0,3.409374952316284,0.9840749502182007,0.2900390625,0.4382096529006958,0.0009033873211592436,0.2055583894252777,0.0030383479315787554
50x50 largo,1407,1800960.0,0.7106078267097473,0.0,,,0.0,14.0,1.18359375,0.05537499859929085,0.3531250059604645,0.5652017593383789,0.0021969000808894634,0.2738857567310333,0.002035103738307953
50x50 largo,1408,1802240.0,0.8727899789810181,0.0,,,0.0,16.0,1.43359375,0.12799999117851257,0.3130859434604645,0.5233408212661743,0.0010930532589554787,0.2582010328769684,0.0019180679228156805
50x50 largo,1409,1803520.0,0.7069638967514038,0.0,,,0.0,10.0,2.1781251430511475,0.1928499937057495,0.322265625,0.5181334018707275,0.005545773543417454,0.2532229721546173,0.0012842066353186965
50x50 largo,1410,1804800.0,0.6677011251449585,0.0,,,0.0,14.0,2.9765625,0.25769999623298645,0.376953125,0.4997795820236206,0.005593057721853256,0.2093731164932251,0.000988691346719861
50x50 largo,1411,1806080.0,0.49011099338531494,0.0,,,0.0,4.0,3.4984376430511475,0.31185001134872437,0.369140625,0.5248314142227173,0.002837910084053874,0.19863057136535645,0.000432929111411795
50x50 largo,1412,1807360.0,0.4614522457122803,0.0625,,,1.0,2.0,3.6304688453674316,0.3599749803543091,0.35527345538139343,0.47675803303718567,0.0028484459035098553,0.1890679895877838,0.00284286355599761
50x50 largo,1413,1808640.0,0.46327775716781616,0.125,,,2.0,3.0,3.754687547683716,0.4041249752044678,0.33222657442092896,0.49356743693351746,0.0015167553210631013,0.14299826323986053,0.006173201836645603
50x50 largo,1414,1809920.0,0.28519824147224426,0.0,,,0.0,3.0,3.844531297683716,0.4445749819278717,0.3412109315395355,0.5085462331771851,0.0025785446632653475,0.19422534108161926,0.00030085278558544815
50x50 largo,1415,1811200.0,0.23969537019729614,0.0,,,0.0,1.0,3.9859375953674316,0.48250001668930054,0.3373046815395355,0.49174195528030396,0.0010806501377373934,0.15549111366271973,0.00019062522915191948
50x50 largo,1416,1812480.0,0.2029816210269928,0.0,,,0.0,0.0,4.0,0.5174750089645386,0.32988283038139343,0.4641917943954468,0.003844517283141613,0.21443140506744385,0.000138452960527502
50x50 largo,1417,1813760.0,0.3427579998970032,0.125,,,2.0,1.0,3.953906297683716,0.5555000305175781,0.31640625,0.4955676198005676,0.004016468301415443,0.1655486524105072,0.0055686431005597115
50x50 largo,1418,1815040.0,0.26819324493408203,0.0625,,,1.0,1.0,3.921875,0.5934749841690063,0.34355470538139343,0.4832383692264557,0.0048943450674414635,0.1735519915819168,0.0031034210696816444
50x50 largo,1419,1816320.0,0.22769886255264282,0.0625,,,1.0,0.0,3.9359376430511475,0.62704998254776,0.3193359375,0.4785117506980896,0.0014150389470160007,0.16660039126873016,0.003303027246147394
50x50 largo,1420,1817600.0,0.19465412199497223,0.0625,,,1.0,1.0,3.91015625,0.6581000089645386,0.30878907442092896,0.47655943036079407,0.0028845181223005056,0.14636293053627014,0.002910312730818987
50x50 largo,1421,1818880.0,0.34486037492752075,0.25,,,4.0,1.0,3.784374952316284,0.6833499670028687,0.30000001192092896,0.4839569926261902,0.0027985977940261364,0.1623656153678894,0.009499697014689445
50x50 largo,1422,1820160.0,0.20814189314842224,0.125,,,2.0,2.0,3.672656297683716,0.7050750255584717,0.3050781190395355,0.4970170557498932,0.003339619841426611,0.16700729727745056,0.005466978065669537
50x50 largo,1423,1821440.0,0.26519110798835754,0.1875,,,3.0,0.0,3.612499952316284,0.7281000018119812,0.3062500059604645,0.47703418135643005,0.0012138958554714918,0.1325097680091858,0.00785975530743599
50x50 largo,1424,1822720.0,0.4732476472854614,0.375,,,6.0,2.0,3.2734375,0.7541499733924866,0.3121093809604645,0.4885661005973816,0.0013280630810186267,0.17874827980995178,0.013495644554495811
50x50 largo,1425,1824000.0,0.22230111062526703,0.125,,,2.0,4.0,3.282031297683716,0.7789000272750854,0.31914064288139343,0.46382588148117065,0.004680623300373554,0.1967622935771942,0.004468915052711964
50x50 largo,1426,1825280.0,0.27838027477264404,0.1875,,,3.0,3.0,3.464062452316284,0.8051999807357788,0.2958984375,0.4836713671684265,0.001953259576112032,0.11229972541332245,0.008336326107382774
50x50 largo,1427,1826560.0,0.1966782510280609,0.125,,,2.0,3.0,3.390625,0.8284499645233154,0.3111328184604645,0.49895018339157104,0.003608932252973318,0.1431540846824646,0.004784819204360247
50x50 largo,1428,1827840.0,0.25424614548683167,0.1875,,,3.0,3.0,3.4546875953674316,0.8517999649047852,0.3373046815395355,0.46434661746025085,0.00763412332162261,0.1826733648777008,0.009062586352229118
50x50 largo,1429,1829120.0,0.17445699870586395,0.125,,,2.0,2.0,3.44921875,0.8689249753952026,0.3033203184604645,0.4991133213043213,0.00302240252494812,0.13319380581378937,0.005991415586322546
50x50 largo,1430,1830400.0,0.18459725379943848,0.125,,,2.0,4.0,3.484375,0.8927499651908875,0.31562501192092896,0.4758389890193939,0.0022696885280311108,0.17109769582748413,0.004224064759910107
50x50 largo,1431,1831680.0,0.22078412771224976,0.1875,,,3.0,0.0,3.484375,0.9113249778747559,0.32500001788139343,0.4712977111339569,0.0004036646569147706,0.1582813262939453,0.008460156619548798
50x50 largo,1432,1832960.0,0.3488534986972809,0.3125,,,5.0,4.0,3.340625047683716,0.927299976348877,0.33183595538139343,0.49927401542663574,0.0032035200856626034,0.23336289823055267,0.012891881167888641
50x50 largo,1433,1834240.0,0.1467556208372116,0.125,,,2.0,3.0,3.288281202316284,0.9372249841690063,0.3218750059604645,0.4946976602077484,0.0013574536424130201,0.23400089144706726,0.004247064236551523
50x50 largo,1434,1835520.0,0.08403149992227554,0.0625,,,1.0,4.0,3.5414063930511475,0.9459749460220337,0.32246094942092896,0.49548202753067017,0.0022755577228963375,0.20887725055217743,0.00267622503452003
50x50 largo,1435,1836800.0,0.13372187316417694,0.125,,,2.0,1.0,3.539843797683716,0.9524750113487244,0.3525390625,0.4966023564338684,0.0016673363279551268,0.21106091141700745,0.005858872551470995
50x50 largo,1436,1838080.0,0.13581737875938416,0.125,,,2.0,2.0,3.448437452316284,0.9566249847412109,0.3423828184604645,0.5231168270111084,0.005150557495653629,0.18669511377811432,0.004263991490006447
50x50 largo,1437,1839360.0,0.011307626031339169,0.0,,,0.0,2.0,3.53515625,0.9619999527931213,0.3646484315395355,0.5285018682479858,0.005424973554909229,0.27461695671081543,8.130645437631756e-05
50x50 largo,1438,1840640.0,0.06835037469863892,0.0625,,,1.0,1.0,3.608593702316284,0.9656999707221985,0.3675781190395355,0.5217044353485107,0.0034442974720150232,0.16676798462867737,0.0032599144615232944
50x50 largo,1439,1841920.0,0.007163626607507467,0.0,,,0.0,1.0,3.6507813930511475,0.9715750217437744,0.38496094942092896,0.5209059715270996,0.0021909361239522696,0.1836930215358734,4.747229104395956e-05
50x50 largo,1440,1843200.0,0.2556930184364319,0.25,,,4.0,1.0,3.6070313453674316,0.9753499627113342,0.37890625,0.5020852088928223,0.007392507512122393,0.22892756760120392,0.010603714734315872
50x50 largo,1441,1844480.0,0.26260825991630554,0.25,,,4.0,3.0,3.39453125,0.9800499677658081,0.3408203125,0.5188367366790771,0.002360261045396328,0.12259305268526077,0.011386151425540447
50x50 largo,1442,1845760.0,0.19134937226772308,0.1875,,,3.0,1.0,3.35546875,0.9815499782562256,0.38261720538139343,0.4858943819999695,0.004835985600948334,0.15065419673919678,0.007542222272604704
50x50 largo,1443,1847040.0,0.006398750469088554,0.0,,,0.0,2.0,3.3890626430511475,0.9821749925613403,0.3482421934604645,0.4863138198852539,0.0015394659712910652,0.16358748078346252,8.476461516693234e-05
50x50 largo,1444,1848320.0,0.31596022844314575,0.3125,,,5.0,1.0,3.323437452316284,0.9838249683380127,0.3525390625,0.5023971796035767,0.0019815838895738125,0.2224329113960266,0.014818614348769188
50x50 largo,1445,1849600.0,0.13482524454593658,0.125,,,2.0,3.0,3.296875,0.9853249788284302,0.33613282442092896,0.5075623989105225,0.003344664117321372,0.11588479578495026,0.006514084525406361
50x50 largo,1446,1850880.0,0.25992438197135925,0.25,,,4.0,3.0,3.190624952316284,0.986924946308136,0.34687501192092896,0.5096597075462341,0.0018686880357563496,0.19442710280418396,0.010913737118244171
50x50 largo,1447,1852160.0,0.2537468671798706,0.25,,,4.0,1.0,3.0531251430511475,0.9891250133514404,0.36152344942092896,0.5000975131988525,0.002613083692267537,0.14903482794761658,0.017254319041967392
50x50 largo,1448,1853440.0,0.06604374945163727,0.0625,,,1.0,1.0,3.02734375,0.9907999634742737,0.3550781309604645,0.5111761689186096,0.0030828097369521856,0.1685120165348053,0.0032860052306205034
50x50 largo,1449,1854720.0,0.009505750611424446,0.0,,,0.0,3.0,3.143749952316284,0.9917999505996704,0.34160158038139343,0.5343277454376221,0.0032359787728637457,0.2721189856529236,0.00010393942648079246
50x50 largo,1450,1856000.0,0.14377787709236145,0.125,,,2.0,6.0,3.348437547683716,0.9922499656677246,0.35527345538139343,0.49796104431152344,0.0022191903553903103,0.20645317435264587,0.005271207541227341
50x50 largo,1451,1857280.0,0.19375862181186676,0.1875,,,3.0,2.0,3.34375,0.9925500154495239,0.34492188692092896,0.5193741917610168,0.0026593259535729885,0.1576259434223175,0.00716746598482132
50x50 largo,1452,1858560.0,0.06566112488508224,0.0625,,,1.0,1.0,3.399218797683716,0.9929749965667725,0.349609375,0.5492311716079712,0.006742001511156559,0.20429176092147827,0.003300012554973364
50x50 largo,1453,1859840.0,0.19072026014328003,0.1875,,,3.0,1.0,3.3179688453674316,0.993399977684021,0.3853515684604645,0.5441126823425293,0.006463756784796715,0.22389273345470428,0.008823918178677559
50x50 largo,1454,1861120.0,0.06886561959981918,0.0625,,,1.0,2.0,3.288281202316284,0.993649959564209,0.40605470538139343,0.5447503328323364,0.0016254391521215439,0.1637505441904068,0.0032547134906053543
50x50 largo,1455,1862400.0,0.06562499701976776,0.0625,,,1.0,1.0,3.331249952316284,0.993649959564209,0.40605470538139343,0.5512896776199341,0.0037015965208411217,0.2309531271457672,0.003256639000028372
50x50 largo,1456,1863680.0,0.0625315010547638,0.0625,,,1.0,0.0,3.3062500953674316,0.9938749670982361,0.4183593690395355,0.5269795656204224,0.006401831284165382,0.1862761676311493,0.003366591176018119
50x50 largo,1457,1864960.0,0.19380438327789307,0.1875,,,3.0,2.0,3.2242188453674316,0.9945999979972839,0.3857421875,0.5354456305503845,0.001290268381126225,0.17839643359184265,0.008828159421682358
50x50 largo,1458,1866240.0,0.19079475104808807,0.1875,,,3.0,1.0,3.120312452316284,0.9954749941825867,0.3968749940395355,0.5362926721572876,0.002852264791727066,0.17614543437957764,0.009052416309714317
50x50 largo,1459,1867520.0,0.12517599761486053,0.125,,,2.0,0.0,2.99609375,0.9962499737739563,0.3744140565395355,0.5455063581466675,0.005237143486738205,0.21388107538223267,0.0062061939388513565
50x50 largo,1460,1868800.0,0.13440874218940735,0.125,,,2.0,3.0,2.891406297683716,0.996749997138977,0.40742188692092896,0.5259628891944885,0.002244505099952221,0.17883561551570892,0.005542548839002848
50x50 largo,1461,1870080.0,0.1969130039215088,0.1875,,,3.0,3.0,2.9742188453674316,0.9972249269485474,0.40507814288139343,0.5365467667579651,0.0010654085781425238,0.13391076028347015,0.0073233176954090595
50x50 largo,1462,1871360.0,0.06253200024366379,0.0625,,,1.0,0.0,2.95703125,0.9974249601364136,0.3912109434604645,0.5442919135093689,0.0027120148297399282,0.14246727526187897,0.0027481261640787125
50x50 largo,1463,1872640.0,0.07192812860012054,0.0625,,,1.0,3.0,3.026562452316284,0.9976749420166016,0.40156251192092896,0.5557699203491211,0.0008797172922641039,0.13857197761535645,0.003114012535661459
50x50 largo,1464,1873920.0,0.015625,0.0,,,0.0,5.0,3.214062452316284,0.9976749420166016,0.4017578065395355,0.5162389278411865,0.007246770896017551,0.23989512026309967,7.207739690784365e-05
50x50 largo,1465,1875200.0,0.18752974271774292,0.1875,,,3.0,0.0,3.2906250953674316,0.9978499412536621,0.3837890625,0.5201796293258667,0.0005320124910213053,0.16100376844406128,0.009379870258271694
50x50 largo,1466,1876480.0,0.13131126761436462,0.125,,,2.0,2.0,3.1328125,0.9987499713897705,0.3705078065395355,0.5064738988876343,0.004436456132680178,0.1467723548412323,0.003493653144687414
50x50 largo,1467,1877760.0,0.3125090003013611,0.3125,,,5.0,0.0,3.0445313453674316,0.9990999698638916,0.3681640625,0.5177480578422546,0.0014506521401926875,0.20183312892913818,0.014434202574193478
50x50 largo,1468,1879040.0,0.19687499105930328,0.1875,,,3.0,3.0,2.9164063930511475,0.9990999698638916,0.3896484375,0.5437681674957275,0.004196525551378727,0.2508802115917206,0.009382322430610657
50x50 largo,1469,1880320.0,0.0062500000931322575,0.0,,,0.0,2.0,2.952343702316284,0.9990999698638916,0.4115234315395355,0.5264379978179932,0.006179171614348888,0.20155581831932068,0.00010702098370529711
50x50 largo,1470,1881600.0,0.12812499701976776,0.125,,,2.0,1.0,2.9625000953674316,0.9990999698638916,0.39628908038139343,0.5388008952140808,0.0018072838429361582,0.1556202471256256,0.005448623560369015
50x50 largo,1471,1882880.0,0.009388125501573086,0.0,,,0.0,3.0,3.026562452316284,0.9994499683380127,0.3896484375,0.5342368483543396,0.0037507470697164536,0.17498016357421875,7.332568929996341e-05
50x50 largo,1472,1884160.0,0.12812499701976776,0.125,,,2.0,1.0,3.0492188930511475,0.9994499683380127,0.3755859434604645,0.5119982361793518,0.0022311354987323284,0.1828785389661789,0.002984182443469763
50x50 largo,1473,1885440.0,0.12812499701976776,0.125,,,2.0,1.0,3.0257813930511475,0.9994499683380127,0.3812499940395355,0.5050560235977173,0.001272968016564846,0.11511831730604172,0.0049748849123716354
50x50 largo,1474,1886720.0,0.0625,0.0625,,,1.0,0.0,2.9984376430511475,0.9994499683380127,0.3667968809604645,0.48155108094215393,0.004333587363362312,0.2075641006231308,0.0033815382048487663
50x50 largo,1475,1888000.0,0.25,0.25,,,4.0,0.0,2.7718751430511475,0.9994499683380127,0.34296876192092896,0.48638176918029785,0.0013178737135604024,0.1509655863046646,0.013388242572546005
50x50 largo,1476,1889280.0,0.19374999403953552,0.1875,,,3.0,2.0,2.617968797683716,0.9994499683380127,0.3466796875,0.5179845690727234,0.00482267327606678,0.20308157801628113,0.007948653772473335
50x50 largo,1477,1890560.0,0.06874999403953552,0.0625,,,1.0,2.0,2.671093702316284,0.9994499683380127,0.3802734315395355,0.5339030623435974,0.0018777211662381887,0.13799309730529785,0.003194770310074091
50x50 largo,1478,1891840.0,0.2593749761581421,0.25,,,4.0,3.0,2.6000001430511475,0.9994499683380127,0.3763671815395355,0.5387899279594421,0.0025306916795670986,0.2066214382648468,0.008743193931877613
50x50 largo,1479,1893120.0,0.0062500000931322575,0.0,,,0.0,2.0,2.664843797683716,0.9994499683380127,0.3802734315395355,0.5360036492347717,0.00272749038413167,0.17590534687042236,6.114080315455794e-05
50x50 largo,1480,1894400.0,0.00937500037252903,0.0,,,0.0,3.0,2.817187547683716,0.9994499683380127,0.3707031309604645,0.5556551218032837,0.005005709361284971,0.2692253291606903,5.012413748772815e-05
50x50 largo,1481,1895680.0,0.13437500596046448,0.125,,,2.0,3.0,2.9937500953674316,0.9994499683380127,0.37285158038139343,0.5509015321731567,0.0008654476259835064,0.19651903212070465,0.006152011454105377
50x50 largo,1482,1896960.0,0.00937500037252903,0.0,,,0.0,3.0,3.1171875,0.9994499683380127,0.3792968690395355,0.5371410846710205,0.0018029394559562206,0.173760324716568,4.776457717525773e-05
50x50 largo,1483,1898240.0,0.2562499940395355,0.25,,,4.0,2.0,3.0218751430511475,0.9994499683380127,0.39375001192092896,0.5477043986320496,0.0019225847208872437,0.18229301273822784,0.01049353089183569
50x50 largo,1484,1899520.0,0.19374999403953552,0.1875,,,3.0,2.0,3.08984375,0.9994499683380127,0.39667969942092896,0.5500174164772034,0.002664681989699602,0.23004932701587677,0.009432580322027206
50x50 largo,1485,1900800.0,0.5061285495758057,0.0,,,0.0,7.0,1.27734375,0.03999999910593033,0.530078113079071,0.5855002403259277,0.0017917692894116044,0.22406235337257385,0.001986429560929537
50x50 largo,1486,1902080.0,1.0144014358520508,0.125,,,2.0,20.0,1.1796875,0.11192499846220016,0.501953125,0.5916603207588196,0.0005421912064775825,0.3037954568862915,0.014156700111925602
50x50 largo,1487,1903360.0,0.7906599640846252,0.0,,,0.0,20.0,2.1265625953674316,0.1807750016450882,0.47285157442092896,0.5533725619316101,0.0015482360031455755,0.2697755694389343,0.0013859806349501014
50x50 largo,1488,1904640.0,0.6736793518066406,0.0,,,0.0,6.0,2.985156297683716,0.2479250133037567,0.42207032442092896,0.5417519211769104,0.0016753007657825947,0.19500230252742767,0.0007579064695164561
50x50 largo,1489,1905920.0,0.6713556051254272,0.0625,,,1.0,7.0,3.321093797683716,0.31417497992515564,0.447265625,0.5165971517562866,0.008835947141051292,0.2496507167816162,0.003601058619096875
50x50 largo,1490,1907200.0,0.5952921509742737,0.0625,,,1.0,2.0,3.6343750953674316,0.3796750009059906,0.3814453184604645,0.5128417611122131,0.001932108891196549,0.12309187650680542,0.00332995830103755
50x50 largo,1491,1908480.0,0.5831707715988159,0.1875,,,3.0,2.0,3.6015625,0.43324998021125793,0.41289064288139343,0.5046261548995972,0.004082759842276573,0.18451130390167236,0.007122275419533253
50x50 largo,1492,1909760.0,0.355790376663208,0.0,,,0.0,3.0,3.6312501430511475,0.48567497730255127,0.4117187559604645,0.5292549133300781,0.0015734824119135737,0.1625487208366394,0.0002383230021223426
50x50 largo,1493,1911040.0,0.35437488555908203,0.0625,,,1.0,3.0,3.83203125,0.5327500104904175,0.4048828184604645,0.5343064069747925,0.0013406380312517285,0.14501062035560608,0.001174097415059805
50x50 largo,1494,1912320.0,0.36372965574264526,0.125,,,2.0,2.0,3.871875047683716,0.5764249563217163,0.419921875,0.5309532880783081,0.0011871173046529293,0.14978665113449097,0.00590621680021286
50x50 largo,1495,1913600.0,0.2122117578983307,0.0,,,0.0,0.0,3.875,0.6195250153541565,0.4156250059604645,0.5441213846206665,0.0010678507387638092,0.16194766759872437,0.00020217860583215952
50x50 largo,1496,1914880.0,0.23430335521697998,0.0625,,,1.0,0.0,3.83984375,0.6585500240325928,0.4271484315395355,0.544672429561615,0.0011580749414861202,0.2539939284324646,0.0030703842639923096
50x50 largo,1497,1916160.0,0.16578687727451324,0.0,,,0.0,1.0,3.817187547683716,0.697950005531311,0.4150390625,0.5462695956230164,0.0009440073044970632,0.17158761620521545,0.000260382512351498
50x50 largo,1498,1917440.0,0.13054876029491425,0.0,,,0.0,0.0,3.875,0.7343499660491943,0.40703126788139343,0.5452066659927368,0.0017974935472011566,0.17632275819778442,0.000225018709897995
50x50 largo,1499,1918720.0,0.17729750275611877,0.0625,,,1.0,0.0,3.8531250953674316,0.771174967288971,0.4124999940395355,0.554901123046875,0.0023205799516290426,0.14069300889968872,0.0032029077410697937
50x50 largo,1500,1920000.0,0.09759537875652313,0.0,,,0.0,0.0,3.8125,0.8033249378204346,0.43828126788139343,0.5557856559753418,0.002563740126788616,0.16061542928218842,0.00022341616568155587
50x50 largo,1501,1921280.0,0.32217538356781006,0.25,,,4.0,1.0,3.733593702316284,0.8299249410629272,0.42070314288139343,0.5665297508239746,0.0017866099951788783,0.1754019856452942,0.010292038321495056
50x50 largo,1502,1922560.0,0.0636688768863678,0.0,,,0.0,1.0,3.668750047683716,0.8554749488830566,0.4029296934604645,0.5535322427749634,0.0005064615979790688,0.17120154201984406,0.00020999755361117423
50x50 largo,1503,1923840.0,0.296575129032135,0.25,,,4.0,0.0,3.624218702316284,0.8776749968528748,0.3939453065395355,0.5631930232048035,0.0008567621698603034,0.21175670623779297,0.011890494264662266
50x50 largo,1504,1925120.0,0.179795503616333,0.125,,,2.0,5.0,3.594531297683716,0.9000499844551086,0.4058593809604645,0.5880963802337646,0.006698714569211006,0.23095470666885376,0.006175423972308636
50x50 largo,1505,1926400.0,0.0887797474861145,0.0625,,,1.0,2.0,3.6898438930511475,0.9127750396728516,0.4501953125,0.5621038675308228,0.0016431668773293495,0.19990962743759155,0.0033766201231628656
50x50 largo,1506,1927680.0,0.07992801070213318,0.0625,,,1.0,1.0,3.7171876430511475,0.9236500263214111,0.4521484375,0.5793565511703491,0.003522454760968685,0.19695481657981873,0.003456039819866419
50x50 largo,1507,1928960.0,0.14725714921951294,0.125,,,2.0,2.0,3.789843797683716,0.9390749931335449,0.45429688692092896,0.5642816424369812,0.0054072909988462925,0.21961277723312378,0.006527033634483814
50x50 largo,1508,1930240.0,0.012310252524912357,0.0,,,0.0,1.0,3.7132813930511475,0.9507999420166016,0.4242187440395355,0.5744231939315796,0.0016258291434496641,0.21078738570213318,0.0001504179963376373
50x50 largo,1509,1931520.0,0.1380082666873932,0.125,,,2.0,2.0,3.760937452316284,0.9617249965667725,0.4310546815395355,0.5975877046585083,0.007623399142175913,0.20925822854042053,0.0062909722328186035
50x50 largo,1510,1932800.0,0.1932617425918579,0.1875,,,3.0,1.0,3.63671875,0.9682749509811401,0.45527344942092896,0.5866991281509399,0.0028209222946316004,0.1611420065164566,0.008410203270614147
50x50 largo,1511,1934080.0,0.4390016198158264,0.4375,,,7.0,0.0,3.3257813453674316,0.9722999334335327,0.4791015684604645,0.6022034287452698,0.0019614784978330135,0.20189689099788666,0.015932681038975716
50x50 largo,1512,1935360.0,0.20432201027870178,0.1875,,,3.0,5.0,3.254687547683716,0.9766249656677246,0.4853515625,0.5686627626419067,0.00597587414085865,0.2191849648952484,0.0076332418248057365
50x50 largo,1513,1936640.0,0.2571974992752075,0.25,,,4.0,2.0,3.23828125,0.9791499376296997,0.447265625,0.581339955329895,0.0021652420982718468,0.2077350616455078,0.010520962998270988
50x50 largo,1514,1937920.0,0.25339213013648987,0.25,,,4.0,1.0,3.125781297683716,0.9802500009536743,0.4478515684604645,0.5808451175689697,0.001621045172214508,0.22824141383171082,0.015618136152625084
50x50 largo,1515,1939200.0,0.1414322555065155,0.125,,,2.0,5.0,3.0992188453674316,0.9822249412536621,0.4457031190395355,0.5763299465179443,0.0034673712216317654,0.17843440175056458,0.005502212792634964
50x50 largo,1516,1940480.0,0.20073089003562927,0.1875,,,3.0,4.0,3.1898438930511475,0.9852499961853027,0.43769532442092896,0.5666961669921875,0.0047599240206182,0.14194907248020172,0.008906085044145584
50x50 largo,1517,1941760.0,0.2663910984992981,0.25,,,4.0,5.0,3.264843702316284,0.9885249733924866,0.408203125,0.5640988945960999,0.0009144636569544673,0.1510848104953766,0.0115469079464674
50x50 largo,1518,1943040.0,0.2502189874649048,0.25,,,4.0,0.0,3.16796875,0.9893250465393066,0.42890626192092896,0.5419896841049194,0.005486415699124336,0.17696669697761536,0.009675513952970505
50x50 largo,1519,1944320.0,0.06593162566423416,0.0625,,,1.0,1.0,3.05859375,0.9908999800682068,0.3902343809604645,0.5641534924507141,0.0015378955285996199,0.19083315134048462,0.0032049876172095537
50x50 largo,1520,1945600.0,0.0719161257147789,0.0625,,,1.0,3.0,3.098437547683716,0.991225004196167,0.4087890684604645,0.5606732368469238,0.0014202442253008485,0.1823752373456955,0.0032832850702106953
50x50 largo,1521,1946880.0,0.06880399584770203,0.0625,,,1.0,2.0,3.2171876430511475,0.9919999837875366,0.41972658038139343,0.5673108100891113,0.0007070760475471616,0.19881707429885864,0.002864639274775982
50x50 largo,1522,1948160.0,0.07510574907064438,0.0625,,,1.0,4.0,3.3101563453674316,0.992900013923645,0.40449219942092896,0.5776661038398743,0.001028176280669868,0.1801023781299591,0.0032593118958175182
50x50 largo,1523,1949440.0,0.07189949601888657,0.0625,,,1.0,3.0,3.535937547683716,0.9930750131607056,0.40937501192092896,0.5965960621833801,0.0029657194390892982,0.1450023055076599,0.003278501331806183
50x50 largo,1524,1950720.0,0.13446450233459473,0.125,,,2.0,3.0,3.586718797683716,0.9934750199317932,0.4365234375,0.587472677230835,0.002516302512958646,0.15860533714294434,0.006053617224097252
50x50 largo,1525,1952000.0,0.1250113844871521,0.125,,,2.0,0.0,3.5140626430511475,0.9935250282287598,0.44160157442092896,0.5857893228530884,0.002802941482514143,0.1530124843120575,0.003661188529804349
50x50 largo,1526,1953280.0,0.193919375538826,0.1875,,,3.0,2.0,3.512500047683716,0.9940249919891357,0.4292968809604645,0.5840574502944946,0.0031486940570175648,0.23087334632873535,0.009435297921299934
50x50 largo,1527,1954560.0,0.06875086575746536,0.0625,,,1.0,2.0,3.473437547683716,0.9940500259399414,0.45781251788139343,0.5733193159103394,0.0033461181446909904,0.13481807708740234,0.003221512772142887
50x50 largo,1528,1955840.0,0.12525486946105957,0.125,,,2.0,0.0,3.4296875,0.9948500394821167,0.4458984434604645,0.5656715035438538,0.0012601949274539948,0.1180165708065033,0.006025816313922405
50x50 largo,1529,1957120.0,0.06884036958217621,0.0625,,,1.0,2.0,3.444531202316284,0.9954500198364258,0.4712890684604645,0.5482826232910156,0.0018575163558125496,0.13096922636032104,0.003050393657758832
50x50 largo,1530,1958400.0,0.13124999403953552,0.125,,,2.0,2.0,3.4085938930511475,0.9954500198364258,0.46601563692092896,0.5386034250259399,0.0014591218205168843,0.14105123281478882,0.00405524019151926
50x50 largo,1531,1959680.0,0.06874999403953552,0.0625,,,1.0,2.0,3.467968702316284,0.9954500198364258,0.4892578125,0.5374889373779297,0.00037377537228167057,0.1555303931236267,0.001762585248798132
50x50 largo,1532,1960960.0,0.06568687409162521,0.0625,,,1.0,1.0,3.499218702316284,0.9957000017166138,0.509960949420929,0.5485333800315857,0.0016422320622950792,0.16301235556602478,0.003205148736014962
50x50 largo,1533,1962240.0,0.06566386669874191,0.0625,,,1.0,1.0,3.5453126430511475,0.9960999488830566,0.4927734434604645,0.5644772052764893,0.0036735772155225277,0.12110374867916107,0.0033050503116101027
50x50 largo,1534,1963520.0,0.06253637373447418,0.0625,,,1.0,0.0,3.4554688930511475,0.9963749647140503,0.506054699420929,0.5490093231201172,0.0030663879588246346,0.171899676322937,0.00312456744723022
50x50 largo,1535,1964800.0,0.31878748536109924,0.3125,,,5.0,2.0,3.293750047683716,0.9969750046730042,0.49042969942092896,0.5374244451522827,0.0020246943458914757,0.22014299035072327,0.017612546682357788
50x50 largo,1536,1966080.0,0.1281343698501587,0.125,,,2.0,1.0,3.2445313930511475,0.9972249865531921,0.49296876788139343,0.5534080266952515,0.002821200992912054,0.18198588490486145,0.0063830213621258736
50x50 largo,1537,1967360.0,0.06874999403953552,0.0625,,,1.0,2.0,3.296875,0.9972249865531921,0.4794921875,0.5358076095581055,0.004803535528481007,0.17196893692016602,0.0033876574598252773
50x50 largo,1538,1968640.0,0.25,0.25,,,4.0,0.0,3.1226563453674316,0.9972249865531921,0.4560546875,0.5408703088760376,0.0023281839676201344,0.17630523443222046,0.011655409820377827
50x50 largo,1539,1969920.0,0.14063435792922974,0.125,,,2.0,5.0,3.124218702316284,0.9973750114440918,0.4496093690395355,0.5989749431610107,0.005537236109375954,0.22672033309936523,0.006487620994448662
50x50 largo,1540,1971200.0,0.19687499105930328,0.1875,,,3.0,3.0,3.253124952316284,0.9973750114440918,0.46210938692092896,0.5929557681083679,0.004268975462764502,0.19988375902175903,0.009465220384299755
50x50 largo,1541,1972480.0,0.19687499105930328,0.1875,,,3.0,3.0,3.1015625,0.9973750114440918,0.4654296934604645,0.6112460494041443,0.0015420301351696253,0.20241372287273407,0.005674662999808788
50x50 largo,1542,1973760.0,0.0031250000465661287,0.0,,,0.0,1.0,3.1953125,0.9973750114440918,0.4507812559604645,0.604674220085144,0.0023845513351261616,0.21790170669555664,9.122984192799777e-05
50x50 largo,1543,1975040.0,0.19374999403953552,0.1875,,,3.0,2.0,3.254687547683716,0.9973750114440918,0.45781251788139343,0.6015342473983765,0.0006943506887182593,0.1604275405406952,0.008110477589070797
50x50 largo,1544,1976320.0,0.1250630021095276,0.125,,,2.0,0.0,3.08203125,0.9977749586105347,0.4585937559604645,0.6145488023757935,0.0015820411499589682,0.12239670008420944,0.004095130600035191
50x50 largo,1545,1977600.0,0.12812812626361847,0.125,,,2.0,1.0,3.0015625953674316,0.9979000091552734,0.4449218809604645,0.6093335747718811,0.0032591274939477444,0.18931668996810913,0.006986166350543499
50x50 largo,1546,1978880.0,0.1937556266784668,0.1875,,,3.0,2.0,2.960156202316284,0.9979749917984009,0.4662109315395355,0.613188624382019,0.006004813592880964,0.2266951948404312,0.008218351751565933
50x50 largo,1547,1980160.0,0.13749998807907104,0.125,,,2.0,4.0,2.93359375,0.9979749917984009,0.4970703125,0.5811151266098022,0.004597011487931013,0.11796025931835175,0.00626181298866868
50x50 largo,1548,1981440.0,0.009382249787449837,0.0,,,0.0,3.0,3.147656202316284,0.998075008392334,0.44941407442092896,0.6097898483276367,0.0015456406399607658,0.19177335500717163,7.973705942276865e-05
50x50 largo,1549,1982720.0,0.3156346082687378,0.3125,,,5.0,1.0,3.112499952316284,0.9983500242233276,0.4632812440395355,0.6065719127655029,0.002560390392318368,0.16953249275684357,0.013273773714900017
50x50 largo,1550,1984000.0,0.12815387547016144,0.125,,,2.0,1.0,2.973437547683716,0.9987000226974487,0.45292970538139343,0.6104208827018738,0.002427880186587572,0.1645871102809906,0.004118325188755989
50x50 largo,1551,1985280.0,0.06875687092542648,0.0625,,,1.0,2.0,2.973437547683716,0.9988250136375427,0.44648438692092896,0.5689095258712769,0.008035333827137947,0.14730852842330933,0.003352546598762274
50x50 largo,1552,1986560.0,0.07187499850988388,0.0625,,,1.0,3.0,3.047656297683716,0.9988250136375427,0.4085937440395355,0.5937365889549255,0.0006039231084287167,0.17922374606132507,0.0032895980402827263
50x50 largo,1553,1987840.0,0.018751874566078186,0.0,,,0.0,6.0,3.2632813453674316,0.9989500045776367,0.4253906309604645,0.5972558259963989,0.005011436063796282,0.2250557243824005,8.34756501717493e-05
50x50 largo,1554,1989120.0,0.13124999403953552,0.125,,,2.0,2.0,3.46875,0.9989500045776367,0.45683595538139343,0.6051335334777832,0.004460442811250687,0.23673416674137115,0.005154633428901434
50x50 largo,1555,1990400.0,0.125,0.125,,,2.0,0.0,3.4375,0.9989500045776367,0.44843751192092896,0.6049537062644958,0.0032039459329098463,0.14579835534095764,0.0061195483431220055
50x50 largo,1556,1991680.0,0.0,0.0,,,0.0,0.0,3.375,0.9989500045776367,0.47050783038139343,0.5889381170272827,0.001452531199902296,0.24684341251850128,4.645042645279318e-05
50x50 largo,1557,1992960.0,0.006255625281482935,0.0,,,0.0,2.0,3.453125,0.9991750121116638,0.48359376192092896,0.5839117169380188,0.0014337282627820969,0.1424519270658493,3.742893022717908e-05
50x50 largo,1558,1994240.0,0.1875,0.1875,,,3.0,0.0,3.4742188453674316,0.9991750121116638,0.4808593690395355,0.576049268245697,0.0030944892205297947,0.17558933794498444,0.009481902234256268
50x50 largo,1559,1995520.0,0.12500037252902985,0.125,,,2.0,0.0,3.20703125,0.9992250204086304,0.4888671934604645,0.5726935863494873,0.0010914953891187906,0.1378677785396576,0.003867663675919175
50x50 largo,1560,1996800.0,0.19374999403953552,0.1875,,,3.0,2.0,3.1500000953674316,0.9992250204086304,0.4740234315395355,0.55145663022995,0.0023514810018241405,0.15875433385372162,0.009240145795047283
50x50 largo,1561,1998080.0,0.0031250000465661287,0.0,,,0.0,1.0,3.164843797683716,0.9992250204086304,0.4833984375,0.5726504921913147,0.0028571574948728085,0.17700113356113434,7.277783879544586e-05
50x50 largo,1562,1999360.0,0.0625,0.0625,,,1.0,0.0,3.147656202316284,0.9992250204086304,0.49882814288139343,0.5931157469749451,0.002719217911362648,0.17002198100090027,0.003107633674517274
50x50 largo,1563,2000640.0,0.41912925243377686,0.0625,,,1.0,19.0,1.9289063215255737,0.024525001645088196,0.579882800579071,0.6144295930862427,0.004258154891431332,0.22434183955192566,0.0030785039998590946
50x50 largo,1564,2001920.0,0.8898202180862427,0.0,,,0.0,16.0,1.7468750476837158,0.09634999930858612,0.4720703065395355,0.6453972458839417,0.0038969165179878473,0.3721596598625183,0.0039815763011574745
50x50 largo,1565,2003200.0,0.7273442149162292,0.0,,,0.0,10.0,2.515625,0.16107499599456787,0.4248046875,0.6384907960891724,0.0041265059262514114,0.4030245542526245,0.0024965754710137844
50x50 largo,1566,2004480.0,0.6365540027618408,0.0625,,,1.0,6.0,2.8765625953674316,0.21712498366832733,0.44648438692092896,0.6282892227172852,0.0025985403917729855,0.18787039816379547,0.0028636769857257605
50x50 largo,1567,2005760.0,0.45197799801826477,0.0,,,0.0,5.0,3.1968750953674316,0.26502498984336853,0.46367189288139343,0.627926230430603,0.0024726460687816143,0.14626199007034302,0.0005483562126755714
50x50 largo,1568,2007040.0,0.3870759904384613,0.0,,,0.0,1.0,3.397656202316284,0.31052500009536743,0.4873046875,0.6345474123954773,0.002822963520884514,0.18734529614448547,0.0002213187253801152
50x50 largo,1569,2008320.0,0.4304826259613037,0.0,,,0.0,3.0,3.4750001430511475,0.36434999108314514,0.4476562440395355,0.6338984966278076,0.005322800017893314,0.3395995497703552,0.0002571125514805317
50x50 largo,1570,2009600.0,0.400934100151062,0.0,,,0.0,2.0,3.680468797683716,0.420199990272522,0.435546875,0.6309241652488708,0.0015195379965007305,0.19364818930625916,0.00029342580819502473
50x50 largo,1571,2010880.0,0.542610764503479,0.125,,,2.0,1.0,3.7281250953674316,0.48397499322891235,0.41679689288139343,0.6185649633407593,0.00652483943849802,0.1736227571964264,0.005968102253973484
50x50 largo,1572,2012160.0,0.35474562644958496,0.0,,,0.0,4.0,3.8343751430511475,0.5399249792098999,0.3958984315395355,0.5897401571273804,0.0032747318036854267,0.21257880330085754,0.0003338101087138057
50x50 largo,1573,2013440.0,0.35189878940582275,0.0625,,,1.0,1.0,3.926562547683716,0.5935249328613281,0.3667968809604645,0.6101493835449219,0.002139186952263117,0.16182613372802734,0.0023770558182150126
50x50 largo,1574,2014720.0,0.24685588479042053,0.0,,,0.0,1.0,3.9437501430511475,0.64267498254776,0.3882812559604645,0.6415098905563354,0.005752669647336006,0.2100687026977539,0.00039756670594215393
50x50 largo,1575,2016000.0,0.18202662467956543,0.0,,,0.0,0.0,4.0,0.6825499534606934,0.44550782442092896,0.6347299814224243,0.0017282729968428612,0.18790490925312042,0.000283120694803074
50x50 largo,1576,2017280.0,0.2891610264778137,0.125,,,2.0,0.0,3.9398438930511475,0.7247250080108643,0.46894532442092896,0.6460980772972107,0.002724395366385579,0.18764354288578033,0.005891395732760429
50x50 largo,1577,2018560.0,0.39450427889823914,0.25,,,4.0,0.0,3.7757813930511475,0.7671250104904175,0.4111328125,0.649224042892456,0.0026149777695536613,0.21411335468292236,0.010490771383047104
50x50 largo,1578,2019840.0,0.6254091262817383,0.5,,,8.0,3.0,3.4789063930511475,0.8035999536514282,0.4253906309604645,0.6097468137741089,0.0018168288515880704,0.27478647232055664,0.02365056984126568
50x50 largo,1579,2021120.0,0.4126197397708893,0.3125,,,5.0,3.0,3.167187452316284,0.8340749740600586,0.38886719942092896,0.6482549905776978,0.006537782959640026,0.22411464154720306,0.01350126788020134
50x50 largo,1580,2022400.0,0.7099443674087524,0.625,,,10.0,6.0,2.956249952316284,0.8579999804496765,0.41621094942092896,0.6092596054077148,0.001882959040813148,0.30996572971343994,0.02669506147503853
50x50 largo,1581,2023680.0,0.5097405910491943,0.4375,,,7.0,7.0,3.00390625,0.8789499998092651,0.4105468690395355,0.6238540410995483,0.002516473177820444,0.24967919290065765,0.017249058932065964
50x50 largo,1582,2024960.0,0.30550163984298706,0.25,,,4.0,7.0,3.0414063930511475,0.8953249454498291,0.43046876788139343,0.6359755992889404,0.0040870667435228825,0.2114132046699524,0.011442977003753185
50x50 largo,1583,2026240.0,0.14500823616981506,0.125,,,2.0,1.0,3.0765626430511475,0.9056999683380127,0.4498046934604645,0.6192353963851929,0.0007251611677929759,0.1463695466518402,0.008499685674905777
50x50 largo,1584,2027520.0,0.2044450044631958,0.1875,,,3.0,3.0,3.07421875,0.9126750230789185,0.4400390684604645,0.6517306566238403,0.0077898139134049416,0.253373384475708,0.007894495502114296
50x50 largo,1585,2028800.0,0.13173575699329376,0.125,,,2.0,0.0,3.038281202316284,0.9191499948501587,0.46699219942092896,0.6283904314041138,0.011108489707112312,0.30080604553222656,0.006116101518273354
50x50 largo,1586,2030080.0,0.017306126654148102,0.0,,,0.0,3.0,2.999218702316284,0.9265499711036682,0.45625001192092896,0.6421647071838379,0.0017587863840162754,0.20446062088012695,0.0005263586062937975
50x50 largo,1587,2031360.0,0.009075876325368881,0.0,,,0.0,0.0,3.125,0.9342999458312988,0.4642578065395355,0.6366775035858154,0.0015796786174178123,0.19753289222717285,0.00026732883998192847
50x50 largo,1588,2032640.0,0.07730474323034286,0.0625,,,1.0,3.0,3.1734375953674316,0.940500020980835,0.4791015684604645,0.6606811285018921,0.003959854133427143,0.23860153555870056,0.0032389499247074127
50x50 largo,1589,2033920.0,0.14428149163722992,0.125,,,2.0,5.0,3.367968797683716,0.945099949836731,0.529101550579071,0.6529827117919922,0.008027040399610996,0.20757374167442322,0.006321173161268234
50x50 largo,1590,2035200.0,0.2590610980987549,0.25,,,4.0,2.0,3.379687547683716,0.9493750333786011,0.541796863079071,0.6567894220352173,0.0031646033748984337,0.1701098084449768,0.01186092384159565
50x50 largo,1591,2036480.0,0.06563299149274826,0.0625,,,1.0,0.0,3.293750047683716,0.9530249834060669,0.5316406488418579,0.6467920541763306,0.010029032826423645,0.1957973837852478,0.0033896341919898987
50x50 largo,1592,2037760.0,0.1363760232925415,0.125,,,2.0,3.0,3.2750000953674316,0.956125020980835,0.57421875,0.6570827960968018,0.001397895161062479,0.20924630761146545,0.006436620838940144
50x50 largo,1593,2039040.0,0.1932007372379303,0.1875,,,3.0,1.0,3.2437500953674316,0.960099995136261,0.570507824420929,0.6530341506004333,0.003918142057955265,0.194227933883667,0.00840116199105978
50x50 largo,1594,2040320.0,0.2611827254295349,0.25,,,4.0,3.0,3.133593797683716,0.9630249738693237,0.5521484613418579,0.6699439287185669,0.0023965947329998016,0.19499704241752625,0.013543447479605675
50x50 largo,1595,2041600.0,0.26146936416625977,0.25,,,4.0,3.0,3.137500047683716,0.9657249450683594,0.525195300579071,0.6557047963142395,0.005687769036740065,0.1542150378227234,0.012516272254288197
50x50 largo,1596,2042880.0,0.1351308673620224,0.125,,,2.0,3.0,3.0914063453674316,0.9673500061035156,0.49042969942092896,0.6715537309646606,0.002169942483305931,0.193939208984375,0.006096271798014641
50x50 largo,1597,2044160.0,0.01046800147742033,0.0,,,0.0,3.0,3.2242188453674316,0.9707499742507935,0.49394533038139343,0.6832625269889832,0.0038261432200670242,0.2749687433242798,0.0001831093686632812
50x50 largo,1598,2045440.0,0.13508300483226776,0.125,,,2.0,3.0,3.3851563930511475,0.9728999137878418,0.528515636920929,0.6678222417831421,0.0009641576325520873,0.2098209410905838,0.00647167582064867
50x50 largo,1599,2046720.0,0.06312775611877441,0.0625,,,1.0,0.0,3.3734376430511475,0.9747999906539917,0.5425781607627869,0.6631609201431274,0.0039466749876737595,0.21405456960201263,0.0034990606363862753
50x50 largo,1600,2048000.0,0.12611201405525208,0.125,,,2.0,0.0,3.2906250953674316,0.9775500297546387,0.5220703482627869,0.6981643438339233,0.004009705036878586,0.1896173059940338,0.006512965075671673
50x50 largo,1601,2049280.0,0.010152250528335571,0.0,,,0.0,3.0,3.336718797683716,0.9794749617576599,0.520312488079071,0.6945664286613464,0.0029724775813519955,0.27383488416671753,0.00010123952233698219
50x50 largo,1602,2050560.0,0.12870538234710693,0.125,,,2.0,1.0,3.325000047683716,0.9809749722480774,0.513867199420929,0.7147098183631897,0.0031315924134105444,0.27825796604156494,0.005477376282215118
50x50 largo,1603,2051840.0,0.1348033845424652,0.125,,,2.0,3.0,3.3203125,0.9828000068664551,0.517578125,0.7130764722824097,0.0013526896946132183,0.2899671196937561,0.005059985443949699
50x50 largo,1604,2053120.0,0.06583036482334137,0.0625,,,1.0,1.0,3.3695313930511475,0.9838500022888184,0.558398425579071,0.6720881462097168,0.008175060153007507,0.1868865042924881,0.003037889488041401
50x50 largo,1605,2054400.0,0.06903524696826935,0.0625,,,1.0,2.0,3.410937547683716,0.9850749969482422,0.518750011920929,0.7003612518310547,0.0060341390781104565,0.17635437846183777,0.0034057500306516886
50x50 largo,1606,2055680.0,0.1879117637872696,0.1875,,,3.0,0.0,3.325000047683716,0.986050009727478,0.520703136920929,0.7124693989753723,0.0019478264730423689,0.1864856630563736,0.009182929992675781
50x50 largo,1607,2056960.0,0.2504838705062866,0.25,,,4.0,0.0,3.121875047683716,0.9876499772071838,0.5316406488418579,0.6915342211723328,0.00372689263895154,0.21141783893108368,0.011795410886406898
50x50 largo,1608,2058240.0,0.13150711357593536,0.125,,,2.0,2.0,3.0445313453674316,0.9884499907493591,0.539257824420929,0.7127784490585327,0.009620736353099346,0.17115485668182373,0.006277380511164665
50x50 largo,1609,2059520.0,0.1908208727836609,0.1875,,,3.0,1.0,2.97265625,0.9894999861717224,0.5541015863418579,0.6818482279777527,0.002886011730879545,0.2142680287361145,0.01537320576608181
50x50 largo,1610,2060800.0,0.07211913168430328,0.0625,,,1.0,3.0,2.9203126430511475,0.9905499815940857,0.5126953125,0.7006422281265259,0.004050338640809059,0.1696072369813919,0.0030159447342157364
50x50 largo,1611,2062080.0,0.12514713406562805,0.125,,,2.0,0.0,2.9046876430511475,0.990975022315979,0.5140625238418579,0.6704245805740356,0.005906226113438606,0.22208482027053833,0.005740959197282791
50x50 largo,1612,2063360.0,0.13768936693668365,0.125,,,2.0,4.0,2.9000000953674316,0.9917500019073486,0.46308594942092896,0.6949819326400757,0.00219363858923316,0.17334774136543274,0.007143150549381971
50x50 largo,1613,2064640.0,0.06569412350654602,0.0625,,,1.0,1.0,3.0218751430511475,0.9922249913215637,0.4730468690395355,0.663526713848114,0.005441759247332811,0.22277677059173584,0.003224635496735573
50x50 largo,1614,2065920.0,0.06569899618625641,0.0625,,,1.0,1.0,3.046875,0.9928499460220337,0.4339843690395355,0.6830559968948364,0.012735416181385517,0.26178812980651855,0.003366449847817421
50x50 largo,1615,2067200.0,0.1312897503376007,0.125,,,2.0,2.0,3.0257813930511475,0.9935749769210815,0.4097656309604645,0.675999104976654,0.0026726487558335066,0.19197775423526764,0.006337846629321575
50x50 largo,1616,2068480.0,0.18762625753879547,0.1875,,,3.0,0.0,2.831249952316284,0.994225025177002,0.4115234315395355,0.6607757806777954,0.005560890305787325,0.17779383063316345,0.009563839063048363
50x50 largo,1617,2069760.0,0.13750675320625305,0.125,,,2.0,4.0,2.86328125,0.9943000078201294,0.40019533038139343,0.6794285774230957,0.005531191825866699,0.17728880047798157,0.006254144944250584
50x50 largo,1618,2071040.0,0.2593953609466553,0.25,,,4.0,3.0,2.883593797683716,0.9944249391555786,0.44140625,0.6743595004081726,0.0024475117679685354,0.16966760158538818,0.009581945836544037
50x50 largo,1619,2072320.0,0.0063058752566576,0.0,,,0.0,2.0,2.9453125,0.9948999881744385,0.4615234434604645,0.6632438898086548,0.0017473993357270956,0.17871344089508057,5.182574750506319e-05
50x50 largo,1620,2073600.0,0.19375625252723694,0.1875,,,3.0,2.0,2.9507813453674316,0.9949499368667603,0.4332031309604645,0.6550357341766357,0.003764407243579626,0.1558952033519745,0.007424243725836277
50x50 largo,1621,2074880.0,0.12813276052474976,0.125,,,2.0,1.0,2.8687500953674316,0.9951249361038208,0.40742188692092896,0.6660295128822327,0.001670675352215767,0.18871870636940002,0.005160467699170113
50x50 largo,1622,2076160.0,0.06254050135612488,0.0625,,,1.0,0.0,2.8343751430511475,0.995574951171875,0.4496093690395355,0.6682806015014648,0.0016853198176249862,0.1871466338634491,0.0032274529803544283
50x50 largo,1623,2077440.0,0.07190962135791779,0.0625,,,1.0,3.0,2.975781202316284,0.9959249496459961,0.4658203125,0.6611613035202026,0.0031577632762491703,0.14985059201717377,0.0033564469777047634
50x50 largo,1624,2078720.0,0.19693173468112946,0.1875,,,3.0,3.0,2.9765625,0.9964499473571777,0.46406251192092896,0.6605669260025024,0.004115430638194084,0.20429927110671997,0.011039325967431068
50x50 largo,1625,2080000.0,0.12813061475753784,0.125,,,2.0,1.0,2.9203126430511475,0.9964999556541443,0.50390625,0.6429420709609985,0.003214656375348568,0.1949959397315979,0.003699769265949726
50x50 largo,1626,2081280.0,0.2500150203704834,0.25,,,4.0,0.0,2.737499952316284,0.996649980545044,0.4644531309604645,0.6411491632461548,0.0018268382409587502,0.20830626785755157,0.011224872432649136
50x50 largo,1627,2082560.0,0.0687594935297966,0.0625,,,1.0,2.0,2.628124952316284,0.9967749714851379,0.4462890625,0.6600731611251831,0.004371361806988716,0.1463785171508789,0.002995061920955777
50x50 largo,1628,2083840.0,0.006251499988138676,0.0,,,0.0,2.0,2.7523438930511475,0.9967999458312988,0.4730468690395355,0.6629129648208618,0.004839177243411541,0.20521996915340424,6.272757309488952e-05
50x50 largo,1629,2085120.0,0.19687874615192413,0.1875,,,3.0,3.0,2.8296875953674316,0.9968749284744263,0.49882814288139343,0.6599336862564087,0.007056822534650564,0.2245960533618927,0.006680808030068874
50x50 largo,1630,2086400.0,0.25312501192092896,0.25,,,4.0,1.0,2.715625047683716,0.9968749284744263,0.45097658038139343,0.6411114931106567,0.0025810953229665756,0.19632643461227417,0.010324299335479736
50x50 largo,1631,2087680.0,0.07187499105930328,0.0625,,,1.0,3.0,2.707812547683716,0.9968749284744263,0.4378906190395355,0.6622925996780396,0.006761519704014063,0.13674575090408325,0.003438838291913271
50x50 largo,1632,2088960.0,0.20000000298023224,0.1875,,,3.0,4.0,2.737499952316284,0.9968749284744263,0.46464845538139343,0.6497025489807129,0.004854963161051273,0.19154635071754456,0.006731256376951933
50x50 largo,1633,2090240.0,0.13124999403953552,0.125,,,2.0,2.0,2.835156202316284,0.9968749284744263,0.4476562440395355,0.6464666724205017,0.0014620127622038126,0.1763504445552826,0.006210186053067446
50x50 largo,1634,2091520.0,0.26251786947250366,0.25,,,4.0,4.0,2.80859375,0.9972000122070312,0.4574218690395355,0.6297585368156433,0.006748960353434086,0.20994603633880615,0.011485684663057327
50x50 largo,1635,2092800.0,0.13750335574150085,0.125,,,2.0,4.0,2.8726563453674316,0.9973499774932861,0.39453125,0.638421356678009,0.002455685054883361,0.22961680591106415,0.004230135586112738
50x50 largo,1636,2094080.0,0.06562499701976776,0.0625,,,1.0,1.0,2.9156250953674316,0.9973499774932861,0.3857421875,0.667036771774292,0.00893433392047882,0.17481225728988647,0.0028232401236891747
50x50 largo,1637,2095360.0,0.13124999403953552,0.125,,,2.0,2.0,2.985156297683716,0.9973499774932861,0.4398437440395355,0.6731274127960205,0.00251326197758317,0.1771375983953476,0.006411278620362282
50x50 largo,1638,2096640.0,0.19374999403953552,0.1875,,,3.0,2.0,2.9609375,0.9973499774932861,0.4867187440395355,0.6441435813903809,0.005186288617551327,0.19929355382919312,0.009417017921805382
50x50 largo,1639,2097920.0,0.0062500000931322575,0.0,,,0.0,2.0,2.934375047683716,0.9973499774932861,0.521679699420929,0.6351929903030396,0.0016685540322214365,0.17582914233207703,7.04806880094111e-05
50x50 largo,1640,2099200.0,0.19374999403953552,0.1875,,,3.0,2.0,2.9125001430511475,0.9973499774932861,0.5052734613418579,0.6621428728103638,0.0013644399587064981,0.2243618369102478,0.007273335941135883
50x50 largo,1641,2100480.0,0.40036001801490784,0.0625,,,1.0,4.0,1.861718773841858,0.026850000023841858,0.5708984732627869,0.6415179967880249,0.012256065383553505,0.3929067850112915,0.0028837008867412806
50x50 largo,1642,2101760.0,1.1234203577041626,0.0,,,0.0,22.0,0.8617187738418579,0.1180499941110611,0.4673828184604645,0.6696131825447083,0.003307248931378126,0.36666446924209595,0.004061337560415268
50x50 largo,1643,2103040.0,0.8583618402481079,0.0,,,0.0,13.0,1.98828125,0.19600000977516174,0.4779296815395355,0.653409481048584,0.0038545108400285244,0.3094194829463959,0.001908887061290443
50x50 largo,1644,2104320.0,0.6502804756164551,0.0,,,0.0,8.0,2.66796875,0.26134997606277466,0.544140636920929,0.6431786417961121,0.009247919544577599,0.31259870529174805,0.000665242609102279
50x50 largo,1645,2105600.0,0.5185472369194031,0.0,,,0.0,4.0,3.078906297683716,0.3190249800682068,0.593554675579071,0.6475926041603088,0.008121935650706291,0.23286966979503632,0.00035281555028632283
50x50 largo,1646,2106880.0,0.5519449710845947,0.0625,,,1.0,2.0,3.1937501430511475,0.37927496433258057,0.62890625,0.6030936241149902,0.005715989042073488,0.15994027256965637,0.0028019603341817856
50x50 largo,1647,2108160.0,0.4416361153125763,0.0,,,0.0,3.0,3.336718797683716,0.4377249777317047,0.6460937857627869,0.5793362855911255,0.0014636992709711194,0.1766311377286911,0.0003144575748592615
50x50 largo,1648,2109440.0,0.3889363706111908,0.0,,,0.0,2.0,3.542187452316284,0.49617499113082886,0.6568359732627869,0.6048028469085693,0.00792631320655346,0.3013337254524231,0.0001608735037734732
50x50 largo,1649,2110720.0,0.3812846541404724,0.0625,,,1.0,1.0,3.57421875,0.5498749613761902,0.602734386920929,0.6047016382217407,0.003126669442281127,0.1638592779636383,0.003087937831878662
50x50 largo,1650,2112000.0,0.2989320158958435,0.0,,,0.0,1.0,3.578906297683716,0.6047750115394592,0.6226562857627869,0.6029536724090576,0.0012836275855079293,0.184616819024086,0.00021440240379888564
50x50 largo,1651,2113280.0,0.27926963567733765,0.0,,,0.0,3.0,3.6851563453674316,0.6638749837875366,0.6123046875,0.6216511726379395,0.008054803125560284,0.3262384831905365,0.0001578681985847652
50x50 largo,1652,2114560.0,0.223282128572464,0.0,,,0.0,2.0,3.891406297683716,0.7191749811172485,0.5830078125,0.601293683052063,0.002988322637975216,0.20478728413581848,0.00020490515453275293
50x50 largo,1653,2115840.0,0.23530125617980957,0.0625,,,1.0,1.0,3.9921875,0.7708999514579773,0.6175781488418579,0.590096116065979,0.0038769301027059555,0.16167612373828888,0.0036159020382910967
50x50 largo,1654,2117120.0,0.6346243619918823,0.5,,,8.0,1.0,3.719531297683716,0.8203250169754028,0.569531261920929,0.6214611530303955,0.0025033545680344105,0.23531758785247803,0.02431582845747471
50x50 largo,1655,2118400.0,0.7265169620513916,0.625,,,10.0,9.0,3.359375,0.8539749979972839,0.5453125238418579,0.6098061203956604,0.001084302319213748,0.26123732328414917,0.0200616717338562
50x50 largo,1656,2119680.0,0.8079882860183716,0.75,,,12.0,5.0,3.225781202316284,0.8775249719619751,0.533203125,0.5995906591415405,0.0036589123774319887,0.22068627178668976,0.035454824566841125
50x50 largo,1657,2120960.0,0.4752822518348694,0.4375,,,7.0,5.0,2.9351563453674316,0.8930999636650085,0.5787109732627869,0.593675971031189,0.0006082768086344004,0.2296571284532547,0.024166449904441833
50x50 largo,1658,2122240.0,0.4156329929828644,0.375,,,6.0,9.0,3.0367188453674316,0.9027249813079834,0.5511718988418579,0.6115525960922241,0.0015774699859321117,0.18698233366012573,0.016648799180984497
50x50 largo,1659,2123520.0,0.19743585586547852,0.1875,,,3.0,2.0,3.010937452316284,0.9058499932289124,0.5748047232627869,0.5996677875518799,0.0013473699800670147,0.2569054365158081,0.008030169643461704
50x50 largo,1660,2124800.0,0.01667575165629387,0.0,,,0.0,2.0,3.0757813453674316,0.9141249656677246,0.585156261920929,0.5769591927528381,0.0030677011236548424,0.25167399644851685,0.0008410894079133868
50x50 largo,1661,2126080.0,0.14424186944961548,0.125,,,2.0,4.0,3.2484376430511475,0.9203749895095825,0.552929699420929,0.6185756325721741,0.005100537557154894,0.2233281284570694,0.006737360265105963
50x50 largo,1662,2127360.0,0.08057951182126999,0.0625,,,1.0,4.0,3.421093702316284,0.9260749816894531,0.592968761920929,0.6047395467758179,0.0036649543326348066,0.2208237200975418,0.0038913125172257423
50x50 largo,1663,2128640.0,0.01419762708246708,0.0,,,0.0,3.0,3.47265625,0.9314500093460083,0.5425781607627869,0.6099349856376648,0.006635498721152544,0.3143705725669861,0.0005413530161604285
50x50 largo,1664,2129920.0,0.0035997512750327587,0.0,,,0.0,0.0,3.625,0.9354749917984009,0.511523425579071,0.6274523735046387,0.0043297428637743,0.23082630336284637,0.00043002492748200893
50x50 largo,1665,2131200.0,0.07290349900722504,0.0625,,,1.0,2.0,3.639843702316284,0.9412999749183655,0.4996093809604645,0.6232072114944458,0.004598118364810944,0.19290614128112793,0.003407471813261509
50x50 largo,1666,2132480.0,0.06681549549102783,0.0625,,,1.0,0.0,3.671093702316284,0.9471999406814575,0.4658203125,0.6202600002288818,0.0011793014127761126,0.1601082980632782,0.003154536709189415
50x50 largo,1667,2133760.0,0.07072723656892776,0.0625,,,1.0,2.0,3.6265625953674316,0.9503499269485474,0.4722656309604645,0.6057851910591125,0.005452386103570461,0.19479715824127197,0.003243254264816642
50x50 largo,1668,2135040.0,0.2546863853931427,0.25,,,4.0,0.0,3.5718750953674316,0.9582499861717224,0.4371093809604645,0.6157206296920776,0.0018214719602838159,0.1871185451745987,0.011521225795149803
50x50 largo,1669,2136320.0,0.505275547504425,0.5,,,8.0,1.0,3.231250047683716,0.962149977684021,0.46796876192092896,0.6037402153015137,0.0018021117430180311,0.2377527803182602,0.0211760476231575
50x50 largo,1670,2137600.0,0.5151370763778687,0.5,,,8.0,4.0,2.8265626430511475,0.9671000242233276,0.4609375,0.6095899343490601,0.0017726379446685314,0.21890854835510254,0.019895382225513458
50x50 largo,1671,2138880.0,0.5135272741317749,0.5,,,8.0,4.0,2.582812547683716,0.969249963760376,0.4632812440395355,0.6157479286193848,0.0016733902739360929,0.2090248465538025,0.026138514280319214
50x50 largo,1672,2140160.0,0.06933224946260452,0.0625,,,1.0,2.0,2.55078125,0.970674991607666,0.49492189288139343,0.6146000027656555,0.0027282435912638903,0.18541251122951508,0.0035463771782815456
50x50 largo,1673,2141440.0,0.0853310078382492,0.0625,,,1.0,7.0,2.7320313453674316,0.9731500148773193,0.4927734434604645,0.6267907619476318,0.002827014308422804,0.20006915926933289,0.003413915168493986
50x50 largo,1674,2142720.0,0.32252371311187744,0.3125,,,5.0,3.0,2.8343751430511475,0.9750499725341797,0.4996093809604645,0.6227753162384033,0.006771605461835861,0.210759237408638,0.018838107585906982
50x50 largo,1675,2144000.0,0.2565686106681824,0.25,,,4.0,2.0,2.7281250953674316,0.9758999347686768,0.5302734375,0.6144814491271973,0.005042913369834423,0.16264742612838745,0.01119399443268776
50x50 largo,1676,2145280.0,0.12843137979507446,0.125,,,2.0,1.0,2.657031297683716,0.9768749475479126,0.515429675579071,0.6173437237739563,0.003237872151657939,0.15423689782619476,0.006309437565505505
50x50 largo,1677,2146560.0,0.07195912301540375,0.0625,,,1.0,3.0,2.7632813453674316,0.9771249890327454,0.5380859375,0.625408411026001,0.0019407356157898903,0.18429623544216156,0.0033798411022871733
50x50 largo,1678,2147840.0,0.06883999705314636,0.0625,,,1.0,2.0,2.7718751430511475,0.9774750471115112,0.506640613079071,0.6087349057197571,0.0032280213199555874,0.16110096871852875,0.002775391098111868
50x50 largo,1679,2149120.0,0.009392875246703625,0.0,,,0.0,3.0,2.875,0.9775500297546387,0.512890636920929,0.6161310076713562,0.0013639891985803843,0.17295332252979279,0.0001580030657351017
50x50 largo,1680,2150400.0,0.0062500000931322575,0.0,,,0.0,2.0,3.046093702316284,0.9775500297546387,0.5111328363418579,0.6079046726226807,0.003780171973630786,0.15707150101661682,0.00010999199002981186
50x50 largo,1681,2151680.0,0.009473500773310661,0.0,,,0.0,3.0,3.21484375,0.9779999852180481,0.49433594942092896,0.6249384880065918,0.005606546066701412,0.25905007123947144,8.68287097546272e-05
50x50 largo,1682,2152960.0,0.00022087522665970027,0.0,,,0.0,0.0,3.3125,0.9786999821662903,0.5316406488418579,0.6169190406799316,0.007960375398397446,0.28992319107055664,4.369472662801854e-05
50x50 largo,1683,2154240.0,0.006340500432997942,0.0,,,0.0,2.0,3.342968702316284,0.9790499210357666,0.4654296934604645,0.6326063275337219,0.0025552120059728622,0.24299024045467377,4.6493965783156455e-05
50x50 largo,1684,2155520.0,0.06575912237167358,0.0625,,,1.0,1.0,3.4242188930511475,0.9794999361038208,0.4619140625,0.6247594952583313,0.0021719872020184994,0.15135276317596436,0.003407679032534361
50x50 largo,1685,2156800.0,0.12836387753486633,0.125,,,2.0,1.0,3.3734376430511475,0.9802500009536743,0.45039063692092896,0.6310436725616455,0.00047271628864109516,0.16499385237693787,0.00615908857434988
50x50 largo,1686,2158080.0,0.0031372499652206898,0.0,,,0.0,1.0,3.405468702316284,0.9802999496459961,0.46308594942092896,0.6263114213943481,0.0019054210279136896,0.17782539129257202,3.608957922551781e-05
50x50 largo,1687,2159360.0,0.13131624460220337,0.125,,,2.0,2.0,3.4359376430511475,0.9805999994277954,0.48164063692092896,0.6173207759857178,0.005045285448431969,0.11533433943986893,0.006488440558314323
50x50 largo,1688,2160640.0,0.25318726897239685,0.25,,,4.0,1.0,3.358593702316284,0.980774998664856,0.4302734434604645,0.6365657448768616,0.0028403927572071552,0.1629236340522766,0.012915060855448246
50x50 largo,1689,2161920.0,0.3157328963279724,0.3125,,,5.0,1.0,3.1328125,0.9812250137329102,0.44609376788139343,0.6177858114242554,0.0025128358975052834,0.21552550792694092,0.014743110164999962
50x50 largo,1690,2163200.0,0.5065186023712158,0.5,,,8.0,2.0,2.890625,0.9822499752044678,0.4642578065395355,0.5814521312713623,0.0057211280800402164,0.2782205641269684,0.024140629917383194
50x50 largo,1691,2164480.0,0.3251851201057434,0.3125,,,5.0,4.0,2.585156202316284,0.9828999638557434,0.439453125,0.5757139921188354,0.002696249634027481,0.22660519182682037,0.012103564105927944
50x50 largo,1692,2165760.0,0.3906562626361847,0.375,,,6.0,5.0,2.4359376430511475,0.9831249713897705,0.43046876788139343,0.584180474281311,0.00227381382137537,0.27323466539382935,0.014770330861210823
50x50 largo,1693,2167040.0,0.1968996226787567,0.1875,,,3.0,3.0,2.4554688930511475,0.9832500219345093,0.4183593690395355,0.6052373647689819,0.0011708755046129227,0.2179427593946457,0.008130880072712898
50x50 largo,1694,2168320.0,0.3750563859939575,0.375,,,6.0,0.0,2.2734375,0.9834250211715698,0.4287109375,0.5828492641448975,0.00840652734041214,0.30332550406455994,0.02125871181488037
50x50 largo,1695,2169600.0,0.07187499850988388,0.0625,,,1.0,3.0,2.1429688930511475,0.9834250211715698,0.40605470538139343,0.6141435503959656,0.005158225540071726,0.2116955816745758,0.0034940573386847973
50x50 largo,1696,2170880.0,0.20000000298023224,0.1875,,,3.0,4.0,2.2710938453674316,0.9834250211715698,0.47343751788139343,0.6083765029907227,0.0016647852025926113,0.2005871832370758,0.009463545866310596
50x50 largo,1697,2172160.0,0.07188011705875397,0.0625,,,1.0,3.0,2.358593702316284,0.9834499359130859,0.4458984434604645,0.61005699634552,0.007400137837976217,0.14045903086662292,0.0033346505369991064
50x50 largo,1698,2173440.0,0.09062500298023224,0.0625,,,1.0,9.0,2.6078126430511475,0.9834499359130859,0.4007812440395355,0.6092134714126587,0.0040488094091415405,0.22078034281730652,0.0033370947930961847
50x50 largo,1699,2174720.0,0.07500000298023224,0.0625,,,1.0,4.0,3.02734375,0.9834499359130859,0.3984375,0.6146565675735474,0.003384598297998309,0.1518033742904663,0.0034369544591754675
50x50 largo,1700,2176000.0,0.0656297504901886,0.0625,,,1.0,1.0,3.12109375,0.9834749698638916,0.42500001192092896,0.6229671239852905,0.003760108258575201,0.13558602333068848,0.0034030056558549404
50x50 largo,1701,2177280.0,0.0031250000465661287,0.0,,,0.0,1.0,3.14453125,0.9834749698638916,0.4525390565395355,0.6282684803009033,0.0028837728314101696,0.21589750051498413,0.00012066318595316261
50x50 largo,1702,2178560.0,0.0062500000931322575,0.0,,,0.0,2.0,3.26953125,0.9834749698638916,0.47265625,0.6234372854232788,0.0010200375691056252,0.2093840390443802,9.661556396167725e-05
50x50 largo,1703,2179840.0,0.0062500000931322575,0.0,,,0.0,2.0,3.3843750953674316,0.9834749698638916,0.48125001788139343,0.6277714967727661,0.0008488193852826953,0.20317675173282623,7.374602137133479e-05
50x50 largo,1704,2181120.0,0.0,0.0,,,0.0,0.0,3.4375,0.9834749698638916,0.49042969942092896,0.6353163123130798,0.002915366552770138,0.22108641266822815,4.8579204303678125e-05
50x50 largo,1705,2182400.0,0.19062499701976776,0.1875,,,3.0,1.0,3.3968751430511475,0.9834749698638916,0.47343751788139343,0.6362252235412598,0.0017886771820485592,0.16492220759391785,0.0094338683411479
50x50 largo,1706,2183680.0,0.12813061475753784,0.125,,,2.0,1.0,3.2796876430511475,0.9835000038146973,0.45488283038139343,0.6010296940803528,0.010055560618638992,0.25068897008895874,0.006371017545461655
50x50 largo,1707,2184960.0,0.2500096261501312,0.25,,,4.0,0.0,3.1273438930511475,0.9835500121116638,0.39824220538139343,0.6261470913887024,0.004541629925370216,0.166586235165596,0.01209082081913948
50x50 largo,1708,2186240.0,0.3843749761581421,0.375,,,6.0,3.0,2.9296875,0.9835500121116638,0.4248046875,0.5924726724624634,0.0070479270070791245,0.201754629611969,0.015532403253018856
50x50 largo,1709,2187520.0,0.37813299894332886,0.375,,,6.0,1.0,2.67578125,0.9835999608039856,0.41796875,0.5929477214813232,0.0022789156064391136,0.22008700668811798,0.021702231839299202
50x50 largo,1710,2188800.0,0.2562612295150757,0.25,,,4.0,2.0,2.4625000953674316,0.9837249517440796,0.41875001788139343,0.6271481513977051,0.005290342029184103,0.18737217783927917,0.012105099856853485
50x50 largo,1711,2190080.0,0.26250186562538147,0.25,,,4.0,4.0,2.3671875,0.9837499856948853,0.45781251788139343,0.6021157503128052,0.0016432481352239847,0.1911437064409256,0.01156738679856062
50x50 largo,1712,2191360.0,0.19687961041927338,0.1875,,,3.0,3.0,2.3531250953674316,0.9837749600410461,0.4332031309604645,0.6028900146484375,0.002150321379303932,0.18952524662017822,0.008539199829101562
50x50 largo,1713,2192640.0,0.31562837958335876,0.3125,,,5.0,1.0,2.1968750953674316,0.9838249683380127,0.4544921815395355,0.6059665083885193,0.006425440777093172,0.14775216579437256,0.01172685157507658
50x50 largo,1714,2193920.0,0.265625,0.25,,,4.0,5.0,2.1703126430511475,0.9838249683380127,0.4828124940395355,0.6045359373092651,0.004602709319442511,0.20118093490600586,0.009965186007320881
50x50 largo,1715,2195200.0,0.31562501192092896,0.3125,,,5.0,1.0,2.003124952316284,0.9838249683380127,0.48125001788139343,0.6014819741249084,0.004674322437494993,0.17032165825366974,0.010424909181892872
50x50 largo,1716,2196480.0,0.2562546133995056,0.25,,,4.0,2.0,1.9679688215255737,0.9838500022888184,0.5240234732627869,0.5872130990028381,0.0009251676965504885,0.20809897780418396,0.012261562049388885
50x50 largo,1717,2197760.0,0.19375500082969666,0.1875,,,3.0,2.0,1.77734375,0.9838749766349792,0.53125,0.5682538151741028,0.0011305675143375993,0.1450338512659073,0.008116383105516434
50x50 largo,1718,2199040.0,0.07500487565994263,0.0625,,,1.0,4.0,1.850000023841858,0.9838999509811401,0.5390625,0.5646990537643433,0.01313471607863903,0.20500873029232025,0.0034559261985123158
50x50 largo,1719,2200320.0,0.2540697455406189,0.0,,,0.0,13.0,1.692968726158142,0.017650000751018524,0.645703136920929,0.5390470027923584,0.0031858268193900585,0.1449611783027649,0.0006799057009629905
50x50 largo,1720,2201600.0,0.9490879774093628,0.0,,,0.0,20.0,1.0929688215255737,0.09302499890327454,0.625195324420929,0.5828500986099243,0.002308088820427656,0.302276611328125,0.0029028458520770073
50x50 largo,1721,2202880.0,0.8064713478088379,0.0,,,0.0,14.0,2.190624952316284,0.1634499877691269,0.612109363079071,0.5669097900390625,0.0019432278349995613,0.2788734436035156,0.001655801315791905
50x50 largo,1722,2204160.0,0.6984198093414307,0.0,,,0.0,8.0,2.8609375953674316,0.23137499392032623,0.7035156488418579,0.5080677270889282,0.0006018726271577179,0.21770665049552917,0.0011425773845985532
50x50 largo,1723,2205440.0,0.5841720104217529,0.0,,,0.0,7.0,3.274218797683716,0.29339998960494995,0.750195324420929,0.49979159235954285,0.003647472010925412,0.23661887645721436,0.000633492018096149
50x50 largo,1724,2206720.0,0.5261709690093994,0.0,,,0.0,2.0,3.5531251430511475,0.3558499813079834,0.7437500357627869,0.4878304600715637,0.0011793402954936028,0.23697462677955627,0.0006327421288006008
50x50 largo,1725,2208000.0,0.4485248923301697,0.0,,,0.0,1.0,3.6851563453674316,0.41542500257492065,0.730664074420929,0.5171749591827393,0.0012311359168961644,0.17126384377479553,0.00025502676726318896
50x50 largo,1726,2209280.0,0.3938899636268616,0.0,,,0.0,3.0,3.7984375953674316,0.47269999980926514,0.741992175579071,0.483940988779068,0.0024760919623076916,0.14110949635505676,0.0002042202977463603
50x50 largo,1727,2210560.0,0.4383498728275299,0.125,,,2.0,2.0,3.867968797683716,0.5236999988555908,0.773242175579071,0.5005639791488647,0.0038422164507210255,0.10897625982761383,0.0046396199613809586
50x50 largo,1728,2211840.0,0.3218754827976227,0.0625,,,1.0,0.0,3.817187547683716,0.5712999701499939,0.734570324420929,0.5019129514694214,0.00307815452106297,0.13425281643867493,0.0019864155910909176
50x50 largo,1729,2213120.0,0.23304301500320435,0.0,,,0.0,2.0,3.890625,0.6169000267982483,0.7164062857627869,0.5092983245849609,0.0011991946958005428,0.18315958976745605,0.00014808331616222858
50x50 largo,1730,2214400.0,0.24954275786876678,0.0625,,,1.0,1.0,3.921093702316284,0.6571499705314636,0.7007812857627869,0.48668554425239563,0.006548979319632053,0.11595724523067474,0.0028556273318827152
50x50 largo,1731,2215680.0,0.2073737382888794,0.0625,,,1.0,1.0,3.9742188453674316,0.6928750276565552,0.7470703125,0.4649866819381714,0.0004272487130947411,0.14923478662967682,0.002222580835223198
50x50 largo,1732,2216960.0,0.19933514297008514,0.0625,,,1.0,0.0,3.926562547683716,0.7299249768257141,0.7533203363418579,0.49533721804618835,0.004029561765491962,0.16131511330604553,0.0019210410537198186
50x50 largo,1733,2218240.0,0.3187706172466278,0.1875,,,3.0,2.0,3.921093702316284,0.7681249380111694,0.7269531488418579,0.4700624346733093,0.005205391440540552,0.1664034128189087,0.008777093142271042
50x50 largo,1734,2219520.0,0.0979125052690506,0.0,,,0.0,1.0,3.840625047683716,0.8020249605178833,0.750195324420929,0.48858514428138733,0.0033109679352492094,0.1793185919523239,0.0001814207062125206
50x50 largo,1735,2220800.0,0.2716265022754669,0.1875,,,3.0,2.0,3.8179688453674316,0.8296749591827393,0.733203113079071,0.4959982931613922,0.0027624941430985928,0.19248047471046448,0.00803498923778534
50x50 largo,1736,2222080.0,0.07334324717521667,0.0,,,0.0,2.0,3.8882813453674316,0.8564749956130981,0.70703125,0.5171157121658325,0.0014802622608840466,0.23699426651000977,0.00015943925245665014
50x50 largo,1737,2223360.0,0.17444726824760437,0.125,,,2.0,0.0,3.90234375,0.8793999552726746,0.7021484375,0.5036805868148804,0.0009806391317397356,0.18700960278511047,0.006419781595468521
50x50 largo,1738,2224640.0,0.10861650854349136,0.0625,,,1.0,2.0,3.875781297683716,0.9016749858856201,0.703906238079071,0.5264260768890381,0.0012148668756708503,0.09260240197181702,0.0034634557086974382
50x50 largo,1739,2225920.0,0.09586350619792938,0.0625,,,1.0,2.0,3.921875,0.9212249517440796,0.6939453482627869,0.4852849245071411,0.007937310263514519,0.21822625398635864,0.002810334088280797
50x50 largo,1740,2227200.0,0.08402863144874573,0.0625,,,1.0,1.0,3.917187452316284,0.937250018119812,0.7416015863418579,0.5150694847106934,0.005335905589163303,0.16012881696224213,0.003277986543253064
50x50 largo,1741,2228480.0,0.20406213402748108,0.1875,,,3.0,1.0,3.922656297683716,0.950249969959259,0.708984375,0.5064845085144043,0.0016144460532814264,0.13277770578861237,0.009408579207956791
50x50 largo,1742,2229760.0,0.45500725507736206,0.4375,,,7.0,2.0,3.6187500953674316,0.9637499451637268,0.6937500238418579,0.5294214487075806,0.002821256872266531,0.1918659210205078,0.01925288513302803
50x50 largo,1743,2231040.0,0.3887712359428406,0.375,,,6.0,3.0,3.3515625,0.9696500301361084,0.661328136920929,0.52405846118927,0.001310048159211874,0.1855427473783493,0.012991135008633137
50x50 largo,1744,2232320.0,0.4621236324310303,0.4375,,,7.0,7.0,3.2945313453674316,0.9738500118255615,0.638476550579071,0.5257790684700012,0.004736291244626045,0.3008882701396942,0.017075644806027412
50x50 largo,1745,2233600.0,0.2632964849472046,0.25,,,4.0,4.0,3.2828125953674316,0.9757750034332275,0.615039050579071,0.5161376595497131,0.005460195709019899,0.1300836205482483,0.011330465786159039
50x50 largo,1746,2234880.0,0.3254907429218292,0.3125,,,5.0,4.0,3.3617188930511475,0.9770999550819397,0.610546886920929,0.5082758069038391,0.001110648037865758,0.21100932359695435,0.015275693498551846
50x50 largo,1747,2236160.0,0.6376027464866638,0.625,,,10.0,4.0,3.0687501430511475,0.9774500131607056,0.572070300579071,0.5295335650444031,0.0012503815814852715,0.22418932616710663,0.024886440485715866
50x50 largo,1748,2237440.0,0.009616125375032425,0.0,,,0.0,3.0,2.952343702316284,0.9782500267028809,0.591796875,0.5131975412368774,0.003252770286053419,0.19785723090171814,0.0003921605530194938
50x50 largo,1749,2238720.0,0.00941300019621849,0.0,,,0.0,3.0,3.1734375953674316,0.9783999919891357,0.632031261920929,0.5223969221115112,0.0004485712852329016,0.17149730026721954,0.0003593084402382374
50x50 largo,1750,2240000.0,0.2658630907535553,0.25,,,4.0,5.0,3.2421875,0.9791499376296997,0.6484375,0.4931568503379822,0.004102157894521952,0.20974966883659363,0.008572055958211422
50x50 largo,1751,2241280.0,0.07190237194299698,0.0625,,,1.0,3.0,3.4437501430511475,0.9792499542236328,0.69140625,0.49527451395988464,0.0010082826483994722,0.12044455111026764,0.003595076035708189
50x50 largo,1752,2242560.0,0.003218624973669648,0.0,,,0.0,1.0,3.495312452316284,0.979574978351593,0.681835949420929,0.5140318274497986,0.0020467517897486687,0.21250313520431519,0.00018647880642674863
50x50 largo,1753,2243840.0,0.07194562256336212,0.0625,,,1.0,3.0,3.5843751430511475,0.9798250198364258,0.6917968988418579,0.4629583954811096,0.0036903314758092165,0.1175801232457161,0.003070004051551223
50x50 largo,1754,2245120.0,0.006277250126004219,0.0,,,0.0,2.0,3.692187547683716,0.9799249768257141,0.7417969107627869,0.4665331244468689,0.0008498391835018992,0.18648992478847504,0.00011793266457971185
50x50 largo,1755,2246400.0,0.12814174592494965,0.125,,,2.0,1.0,3.74609375,0.9799999594688416,0.733203113079071,0.4867679476737976,0.001140730339102447,0.12939462065696716,0.006536485161632299
50x50 largo,1756,2247680.0,0.06563049554824829,0.0625,,,1.0,1.0,3.668750047683716,0.9800249934196472,0.708789050579071,0.4980607032775879,0.0010508595732972026,0.21891538798809052,0.0032833460718393326
50x50 largo,1757,2248960.0,0.006410500500351191,0.0,,,0.0,2.0,3.7757813930511475,0.9806749820709229,0.697460949420929,0.5039089918136597,0.003104079281911254,0.14991331100463867,8.036498911678791e-05
50x50 largo,1758,2250240.0,0.1906578689813614,0.1875,,,3.0,1.0,3.7093751430511475,0.9808250069618225,0.675000011920929,0.506943941116333,0.0010866244556382298,0.10246967524290085,0.007818179205060005
50x50 largo,1759,2251520.0,0.0031530000269412994,0.0,,,0.0,1.0,3.7320313453674316,0.9809249639511108,0.6304687857627869,0.5314133763313293,0.004438374191522598,0.21327725052833557,5.489499744726345e-05
50x50 largo,1760,2252800.0,0.006378374993801117,0.0,,,0.0,2.0,3.871875047683716,0.981374979019165,0.620898425579071,0.5182627439498901,0.0018009175546467304,0.16702204942703247,4.617854574462399e-05
50x50 largo,1761,2254080.0,0.06255437433719635,0.0625,,,1.0,0.0,3.8226563930511475,0.9815499782562256,0.598437488079071,0.534783124923706,0.011260269209742546,0.15280231833457947,0.0027351398020982742
50x50 largo,1762,2255360.0,0.06253262609243393,0.0625,,,1.0,0.0,3.8062500953674316,0.9817000031471252,0.530078113079071,0.5493482351303101,0.005730916745960712,0.1859283745288849,0.003334765788167715
50x50 largo,1763,2256640.0,0.06885486841201782,0.0625,,,1.0,2.0,3.811718702316284,0.9820999503135681,0.542187511920929,0.5461467504501343,0.00025962709332816303,0.1478458046913147,0.003279126714915037
50x50 largo,1764,2257920.0,0.12812499701976776,0.125,,,2.0,1.0,3.73828125,0.9820999503135681,0.542187511920929,0.5430196523666382,0.009144671261310577,0.23260793089866638,0.005166084039956331
50x50 largo,1765,2259200.0,0.12822462618350983,0.125,,,2.0,1.0,3.714062452316284,0.9824999570846558,0.5830078125,0.5323460102081299,0.00025505744270049036,0.17723682522773743,0.005166251678019762
50x50 largo,1766,2260480.0,0.12816786766052246,0.125,,,2.0,1.0,3.610156297683716,0.9826749563217163,0.5892578363418579,0.526030421257019,0.0011515967780724168,0.14114047586917877,0.0045255739241838455
50x50 largo,1767,2261760.0,0.06569886952638626,0.0625,,,1.0,1.0,3.610156297683716,0.9829750061035156,0.590624988079071,0.5167185068130493,0.0027873904909938574,0.182409405708313,0.0031239897944033146
50x50 largo,1768,2263040.0,0.06874999403953552,0.0625,,,1.0,2.0,3.6234376430511475,0.9829750061035156,0.649609386920929,0.514024555683136,0.001964334398508072,0.17506471276283264,0.0030717365443706512
50x50 largo,1769,2264320.0,0.06250487267971039,0.0625,,,1.0,0.0,3.6820313930511475,0.9829999804496765,0.6923828125,0.5159518718719482,0.0049710581079125404,0.10219986736774445,0.0033343809191137552
50x50 largo,1770,2265600.0,0.25627562403678894,0.25,,,4.0,2.0,3.51171875,0.9831249713897705,0.643750011920929,0.5220379829406738,0.0018022932345047593,0.15194262564182281,0.011801181361079216
50x50 largo,1771,2266880.0,0.3187592327594757,0.3125,,,5.0,2.0,3.42578125,0.9831749796867371,0.618945300579071,0.5172898769378662,0.0005269104149192572,0.2222972959280014,0.016408272087574005
50x50 largo,1772,2268160.0,0.443795382976532,0.4375,,,7.0,2.0,3.2289063930511475,0.9834249019622803,0.629101574420929,0.5041946172714233,0.0020126437302678823,0.20276018977165222,0.02076728641986847
50x50 largo,1773,2269440.0,0.3250052332878113,0.3125,,,5.0,4.0,3.075000047683716,0.9834499359130859,0.643359363079071,0.5185464024543762,0.0005438068765215576,0.1646590232849121,0.015019254758954048
50x50 largo,1774,2270720.0,0.25939786434173584,0.25,,,4.0,3.0,2.9203126430511475,0.983549952507019,0.664257824420929,0.5084187388420105,0.0017400335054844618,0.1212032288312912,0.014195539057254791
50x50 largo,1775,2272000.0,0.4406302571296692,0.4375,,,7.0,1.0,2.793750047683716,0.9835749864578247,0.616992175579071,0.5320190191268921,0.0008325495291501284,0.22788748145103455,0.02142683044075966
50x50 largo,1776,2273280.0,0.01252949982881546,0.0,,,0.0,4.0,2.660937547683716,0.9837249517440796,0.602343738079071,0.5279097557067871,0.0036491898354142904,0.24723100662231445,0.0002818389912135899
50x50 largo,1777,2274560.0,0.20318123698234558,0.1875,,,3.0,5.0,2.8023438453674316,0.9839999675750732,0.5765625238418579,0.5477027893066406,0.0030487696640193462,0.1852336823940277,0.008671380579471588
50x50 largo,1778,2275840.0,0.1968897432088852,0.1875,,,3.0,3.0,2.811718702316284,0.9840749502182007,0.5146484375,0.5500428676605225,0.010731777176260948,0.26252663135528564,0.008092284202575684
50x50 largo,1779,2277120.0,0.1406441181898117,0.125,,,2.0,5.0,2.9468750953674316,0.9841749668121338,0.592968761920929,0.5545114278793335,0.0008286125957965851,0.1412305235862732,0.005647394806146622
50x50 largo,1780,2278400.0,0.07812899351119995,0.0625,,,1.0,5.0,3.153125047683716,0.9842000007629395,0.599414050579071,0.5542619228363037,0.0009415892418473959,0.1889561414718628,0.002823072951287031
50x50 largo,1781,2279680.0,0.07502886652946472,0.0625,,,1.0,4.0,3.284374952316284,0.9843499660491943,0.6128906607627869,0.5506052374839783,0.0061922380700707436,0.18106988072395325,0.0017030062153935432
50x50 largo,1782,2280960.0,0.006262999959290028,0.0,,,0.0,2.0,3.575000047683716,0.9844250082969666,0.5884765982627869,0.5477848052978516,0.0009430106147192419,0.15957361459732056,0.0001405656657880172
50x50 largo,1783,2282240.0,0.1906338781118393,0.1875,,,3.0,1.0,3.5992188453674316,0.9844750165939331,0.562695324420929,0.5646125078201294,0.0010396153666079044,0.21085453033447266,0.009539585560560226
50x50 largo,1784,2283520.0,0.07187937945127487,0.0625,,,1.0,3.0,3.5625,0.984499990940094,0.557421863079071,0.5722768902778625,0.003513422328978777,0.17964373528957367,0.0026135235093533993
50x50 largo,1785,2284800.0,0.0625082477927208,0.0625,,,1.0,0.0,3.609375,0.9845499992370605,0.517578125,0.5518596768379211,0.016588792204856873,0.19898450374603271,0.0033317592460662127
50x50 largo,1786,2286080.0,0.0,0.0,,,0.0,0.0,3.5625,0.9845499992370605,0.6044921875,0.5505285859107971,0.0012235015165060759,0.21569038927555084,6.897078128531575e-05
50x50 largo,1787,2287360.0,0.0062863752245903015,0.0,,,0.0,2.0,3.6460938453674316,0.9847249984741211,0.6119140982627869,0.5277236700057983,0.004630884621292353,0.2333190143108368,6.239014328457415e-05
50x50 largo,1788,2288640.0,0.12812499701976776,0.125,,,2.0,1.0,3.6695313453674316,0.9847249984741211,0.6744140982627869,0.5493252277374268,0.004018011037260294,0.1394146978855133,0.006044840440154076
50x50 largo,1789,2289920.0,0.12819449603557587,0.125,,,2.0,1.0,3.59375,0.9850749969482422,0.6460937857627869,0.5200093388557434,0.00334770604968071,0.11959441751241684,0.006381056271493435
50x50 largo,1790,2291200.0,0.006254750303924084,0.0,,,0.0,2.0,3.608593702316284,0.9850999712944031,0.655468761920929,0.5459444522857666,0.002744103316217661,0.1658104658126831,5.273144779494032e-05
50x50 largo,1791,2292480.0,0.006254625041037798,0.0,,,0.0,2.0,3.7593750953674316,0.985124945640564,0.662109375,0.515137791633606,0.006111730821430683,0.23054839670658112,4.421578341862187e-05
50x50 largo,1792,2293760.0,0.1281294971704483,0.125,,,2.0,1.0,3.7554688453674316,0.9851499795913696,0.6966797113418579,0.5069262981414795,0.001188100315630436,0.1920405775308609,0.010753225535154343
50x50 largo,1793,2295040.0,0.06562937051057816,0.0625,,,1.0,1.0,3.7437500953674316,0.9851750135421753,0.727343738079071,0.48545295000076294,0.0005745101370848715,0.11310915648937225,0.0032296234276145697
50x50 largo,1794,2296320.0,0.18750837445259094,0.1875,,,3.0,0.0,3.647656202316284,0.9852249622344971,0.7171875238418579,0.5109325647354126,0.0022627294529229403,0.18688847124576569,0.009899105876684189
50x50 largo,1795,2297600.0,0.18750424683094025,0.1875,,,3.0,0.0,3.428906202316284,0.9852499961853027,0.6753906607627869,0.533312201499939,0.0025275119114667177,0.13971789181232452,0.008229289203882217
50x50 largo,1796,2298880.0,0.06566062569618225,0.0625,,,1.0,1.0,3.3726563453674316,0.9854499697685242,0.6304687857627869,0.540936291217804,0.001243173610419035,0.20331117510795593,0.0032722377218306065
50x50 largo,1797,2300160.0,0.44719213247299194,0.3125,,,5.0,7.0,2.936718702316284,0.009475000202655792,0.6136718988418579,0.5569124221801758,0.0015184698859229684,0.16925391554832458,0.013486629351973534
50x50 largo,1798,2301440.0,0.9299419522285461,0.0,,,0.0,26.0,0.9859375357627869,0.08077499270439148,0.5029296875,0.6203737258911133,0.011593684554100037,0.4708758294582367,0.0031281933188438416
50x50 largo,1799,2302720.0,0.7128418684005737,0.0,,,0.0,12.0,2.364062547683716,0.14202499389648438,0.49335938692092896,0.6290097236633301,0.00305826123803854,0.2971126437187195,0.0016586820129305124
50x50 largo,1800,2304000.0,0.6230208873748779,0.0,,,0.0,7.0,2.8656251430511475,0.2008499950170517,0.5453125238418579,0.604927122592926,0.0013780322624370456,0.2161698341369629,0.001213667681440711
50x50 largo,1801,2305280.0,0.5264178514480591,0.0,,,0.0,5.0,3.147656202316284,0.2543500065803528,0.552734375,0.5857316255569458,0.005057775881141424,0.20691066980361938,0.0006074961274862289
50x50 largo,1802,2306560.0,0.4585064947605133,0.0,,,0.0,3.0,3.430468797683716,0.30512499809265137,0.614062488079071,0.572782576084137,0.0007824294152669609,0.21809765696525574,0.00032821076456457376
50x50 largo,1803,2307840.0,0.4552101492881775,0.0625,,,1.0,3.0,3.5703125,0.3518750071525574,0.647656261920929,0.5785659551620483,0.002424366772174835,0.23492014408111572,0.0035300510935485363
50x50 largo,1804,2309120.0,0.40869811177253723,0.0625,,,1.0,3.0,3.750781297683716,0.39592498540878296,0.624804675579071,0.5922220945358276,0.006232675164937973,0.20349732041358948,0.0030334549956023693
50x50 largo,1805,2310400.0,0.4525641202926636,0.125,,,2.0,1.0,3.821093797683716,0.4414249658584595,0.5576171875,0.5876846313476562,0.004419787786900997,0.19234733283519745,0.0037732501514256
50x50 largo,1806,2311680.0,0.43261200189590454,0.125,,,2.0,2.0,3.7164063453674316,0.4874500036239624,0.591992199420929,0.5744514465332031,0.0027944224420934916,0.1608743518590927,0.007429792080074549
50x50 largo,1807,2312960.0,0.25499436259269714,0.0,,,0.0,0.0,3.75,0.5297999382019043,0.584765613079071,0.5761314630508423,0.003652754006907344,0.2460448443889618,0.0002238276065327227
50x50 largo,1808,2314240.0,0.5355405807495117,0.3125,,,5.0,3.0,3.68359375,0.5685999989509583,0.5908203125,0.5838388204574585,0.004626786336302757,0.12448674440383911,0.018910162150859833
50x50 largo,1809,2315520.0,0.44657015800476074,0.25,,,4.0,5.0,3.5726563930511475,0.6040500402450562,0.5259765982627869,0.581672191619873,0.00168404052965343,0.21161650121212006,0.012314632534980774
50x50 largo,1810,2316800.0,0.16024425625801086,0.0,,,0.0,0.0,3.6875,0.6386749744415283,0.506640613079071,0.5792134404182434,0.0026660508010536432,0.16839182376861572,0.00027972785755991936
50x50 largo,1811,2318080.0,0.2814166247844696,0.125,,,2.0,1.0,3.7203125953674316,0.6756500005722046,0.503710925579071,0.5805963277816772,0.0012629618868231773,0.16360634565353394,0.005130987148731947
50x50 largo,1812,2319360.0,0.1418994963169098,0.0,,,0.0,0.0,3.625,0.7125749588012695,0.5152344107627869,0.5823439359664917,0.001037588226608932,0.15450720489025116,0.00012398061517160386
50x50 largo,1813,2320640.0,0.3110446333885193,0.1875,,,3.0,2.0,3.58984375,0.7480249404907227,0.4925781190395355,0.5769344568252563,0.008226238191127777,0.19691285490989685,0.008431807160377502
50x50 largo,1814,2321920.0,0.2381954938173294,0.125,,,2.0,3.0,3.55078125,0.7815249562263489,0.4410156309604645,0.5754495859146118,0.0019969057757407427,0.1407059133052826,0.0063455188646912575
50x50 largo,1815,2323200.0,0.15988776087760925,0.0625,,,1.0,3.0,3.6703126430511475,0.8137000203132629,0.43769532442092896,0.5881255865097046,0.0013219844549894333,0.17942142486572266,0.0032770640682429075
50x50 largo,1816,2324480.0,0.1980142593383789,0.125,,,2.0,1.0,3.7164063453674316,0.8414750099182129,0.4683593809604645,0.5761070847511292,0.003677137428894639,0.12065744400024414,0.005177772603929043
50x50 largo,1817,2325760.0,0.1244562491774559,0.0625,,,1.0,1.0,3.6820313930511475,0.8672000169754028,0.44902345538139343,0.568772554397583,0.0016429026145488024,0.1288904845714569,0.0034925774671137333
50x50 largo,1818,2327040.0,0.23778365552425385,0.1875,,,3.0,1.0,3.546875,0.8908499479293823,0.4437499940395355,0.5507463216781616,0.0039125606417655945,0.1518811583518982,0.006316326558589935
50x50 largo,1819,2328320.0,0.16691525280475616,0.125,,,2.0,2.0,3.5875000953674316,0.9110499620437622,0.4390625059604645,0.5479893684387207,0.0007460559718310833,0.1549111157655716,0.0052200546488165855
50x50 largo,1820,2329600.0,0.03417212888598442,0.0,,,0.0,3.0,3.6625001430511475,0.9293749928474426,0.4619140625,0.5613628625869751,0.004031657241284847,0.19641681015491486,8.17373875179328e-05
50x50 largo,1821,2330880.0,0.08291400969028473,0.0625,,,1.0,1.0,3.746875047683716,0.9439249634742737,0.529492199420929,0.5320388674736023,0.0008987656328827143,0.18944689631462097,0.003255007788538933
50x50 largo,1822,2332160.0,0.014675377868115902,0.0,,,0.0,1.0,3.80078125,0.9547749757766724,0.5472656488418579,0.5386236906051636,0.004706956446170807,0.2530209422111511,5.162999150343239e-05
50x50 largo,1823,2333440.0,0.2567523717880249,0.25,,,4.0,0.0,3.660937547683716,0.9630249738693237,0.5785156488418579,0.5355085134506226,0.00513144675642252,0.1529618203639984,0.009936301037669182
50x50 largo,1824,2334720.0,0.25985288619995117,0.25,,,4.0,2.0,3.514843702316284,0.9686999320983887,0.530468761920929,0.5346648693084717,0.006753649562597275,0.23917768895626068,0.012153888121247292
50x50 largo,1825,2336000.0,0.07339561730623245,0.0625,,,1.0,3.0,3.51171875,0.9708249568939209,0.579882800579071,0.5466019511222839,0.0010210606269538403,0.14058570563793182,0.0036772540770471096
50x50 largo,1826,2337280.0,0.263638973236084,0.25,,,4.0,4.0,3.56640625,0.9735749959945679,0.550000011920929,0.5592753887176514,0.003677426604554057,0.13937810063362122,0.011718996800482273
50x50 largo,1827,2338560.0,0.18822887539863586,0.1875,,,3.0,0.0,3.457812547683716,0.9757000207901001,0.5794922113418579,0.5677565336227417,0.0013381728203967214,0.2156010866165161,0.009247169829905033
50x50 largo,1828,2339840.0,0.009675750508904457,0.0,,,0.0,3.0,3.4781250953674316,0.976699948310852,0.620898425579071,0.5428104400634766,0.0023648380301892757,0.22629238665103912,9.250252333004028e-05
50x50 largo,1829,2341120.0,0.06264925748109818,0.0625,,,1.0,0.0,3.5101563930511475,0.9771999716758728,0.645312488079071,0.5254466533660889,0.004840098321437836,0.14267775416374207,0.0027497150003910065
50x50 largo,1830,2342400.0,0.07202737033367157,0.0625,,,1.0,3.0,3.518749952316284,0.977774977684021,0.6851562857627869,0.5135373473167419,0.0036927482578903437,0.1651318520307541,0.0031154307071119547
50x50 largo,1831,2343680.0,0.18776902556419373,0.1875,,,3.0,0.0,3.557812452316284,0.9785749912261963,0.7437500357627869,0.4823177456855774,0.001554566901177168,0.11869598180055618,0.009772645309567451
50x50 largo,1832,2344960.0,0.07817299664020538,0.0625,,,1.0,5.0,3.546875,0.9786999821662903,0.73046875,0.5125594139099121,0.007081449497491121,0.27522706985473633,0.0008695438737049699
50x50 largo,1833,2346240.0,0.13753437995910645,0.125,,,2.0,4.0,3.671875,0.9788249731063843,0.7119140625,0.5016053915023804,0.0005896604852750897,0.1545727401971817,0.006144334562122822
50x50 largo,1834,2347520.0,0.06568187475204468,0.0625,,,1.0,1.0,3.796875,0.9789999723434448,0.703906238079071,0.5340241193771362,0.0034382613375782967,0.163559228181839,0.0030657793395221233
50x50 largo,1835,2348800.0,0.1909363716840744,0.1875,,,3.0,1.0,3.739062547683716,0.9800499677658081,0.6880859732627869,0.5339993238449097,0.003362362738698721,0.16413190960884094,0.009211106225848198
50x50 largo,1836,2350080.0,0.0656568706035614,0.0625,,,1.0,1.0,3.6546876430511475,0.980199933052063,0.646289050579071,0.5651364326477051,0.009038685820996761,0.13173261284828186,0.0028656884096562862
50x50 largo,1837,2351360.0,0.06574637442827225,0.0625,,,1.0,1.0,3.710156202316284,0.9805749654769897,0.591015636920929,0.5688328742980957,0.01216176524758339,0.21278062462806702,0.003252476453781128
50x50 largo,1838,2352640.0,0.12820100784301758,0.125,,,2.0,1.0,3.624218702316284,0.9808250069618225,0.5210937857627869,0.5596022009849548,0.00202695420011878,0.15757855772972107,0.005148339085280895
50x50 largo,1839,2353920.0,0.32511112093925476,0.3125,,,5.0,4.0,3.567187547683716,0.9812749624252319,0.4921875,0.5456918478012085,0.00900895707309246,0.26499760150909424,0.018598541617393494
50x50 largo,1840,2355200.0,0.06250537186861038,0.0625,,,1.0,0.0,3.522656202316284,0.9812999963760376,0.44414064288139343,0.565391480922699,0.001416357234120369,0.12278933823108673,0.0032180596608668566
50x50 largo,1841,2356480.0,0.06568662077188492,0.0625,,,1.0,1.0,3.5179688930511475,0.9816499948501587,0.45136719942092896,0.557801365852356,0.002394687617197633,0.22621606290340424,0.003303995355963707
50x50 largo,1842,2357760.0,0.12812499701976776,0.125,,,2.0,1.0,3.483593702316284,0.9816499948501587,0.40234375,0.5783915519714355,0.0025662300176918507,0.22045570611953735,0.006320813205093145
50x50 largo,1843,2359040.0,0.12815336883068085,0.125,,,2.0,1.0,3.370312452316284,0.9817999601364136,0.4427734315395355,0.5725760459899902,0.00528643187135458,0.18255957961082458,0.006257205735892057
50x50 largo,1844,2360320.0,0.07501886785030365,0.0625,,,1.0,4.0,3.4828126430511475,0.981874942779541,0.48027345538139343,0.5683143138885498,0.0015547946095466614,0.16801799833774567,0.003407481126487255
50x50 largo,1845,2361600.0,0.1281793713569641,0.125,,,2.0,1.0,3.5257813930511475,0.9820749759674072,0.45136719942092896,0.5717898607254028,0.0018364721909165382,0.1988816261291504,0.006273898761719465
50x50 largo,1846,2362880.0,0.1906333714723587,0.1875,,,3.0,1.0,3.379687547683716,0.9821249842643738,0.4615234434604645,0.5738663673400879,0.002168999519199133,0.15346327424049377,0.006876316852867603
50x50 largo,1847,2364160.0,0.1875048726797104,0.1875,,,3.0,0.0,3.296093702316284,0.9821499586105347,0.4537109434604645,0.5540932416915894,0.0006303988629952073,0.21569198369979858,0.009372374974191189
50x50 largo,1848,2365440.0,0.1281796246767044,0.125,,,2.0,1.0,3.1507813930511475,0.9823499917984009,0.4515624940395355,0.5637995004653931,0.0012784814462065697,0.21328631043434143,0.006133486051112413
50x50 largo,1849,2366720.0,0.13449275493621826,0.125,,,2.0,3.0,3.1429688930511475,0.9828249216079712,0.4468750059604645,0.5661588311195374,0.002775045344606042,0.2398764193058014,0.004365045111626387
50x50 largo,1850,2368000.0,0.06874999403953552,0.0625,,,1.0,2.0,3.178906202316284,0.9828249216079712,0.4271484315395355,0.5670645833015442,0.0016973463352769613,0.16070008277893066,0.003316296264529228
50x50 largo,1851,2369280.0,0.0031442500185221434,0.0,,,0.0,1.0,3.284374952316284,0.9829249978065491,0.45625001192092896,0.5463011264801025,0.0018277966883033514,0.18576687574386597,3.604604717111215e-05
50x50 largo,1852,2370560.0,0.25313371419906616,0.25,,,4.0,1.0,3.172656297683716,0.9829750061035156,0.4183593690395355,0.5455434322357178,0.0020587837789207697,0.14789530634880066,0.011833323165774345
50x50 largo,1853,2371840.0,0.25628024339675903,0.25,,,4.0,2.0,3.1382813453674316,0.9830999970436096,0.3978515565395355,0.5365667343139648,0.001987987430766225,0.20881855487823486,0.01216147281229496
50x50 largo,1854,2373120.0,0.06879650056362152,0.0625,,,1.0,2.0,3.038281202316284,0.9832749366760254,0.3804687559604645,0.5499030947685242,0.0008560618152841926,0.1336956024169922,0.003306001890450716
50x50 largo,1855,2374400.0,0.006263624876737595,0.0,,,0.0,2.0,3.125781297683716,0.9833249449729919,0.3697265684604645,0.5212332010269165,0.006025622133165598,0.26997703313827515,5.757845792686567e-05
50x50 largo,1856,2375680.0,0.2500092387199402,0.25,,,4.0,0.0,2.985156297683716,0.9833749532699585,0.3343749940395355,0.5539357662200928,0.0038964864797890186,0.23451513051986694,0.00926542840898037
50x50 largo,1857,2376960.0,0.009452249854803085,0.0,,,0.0,3.0,3.022656202316284,0.9836999773979187,0.357421875,0.5136579275131226,0.0039217472076416016,0.1726384460926056,5.25900031789206e-05
50x50 largo,1858,2378240.0,0.06881887465715408,0.0625,,,1.0,2.0,3.163281202316284,0.9840499758720398,0.33378908038139343,0.5332642793655396,0.0018153436249122024,0.09633369743824005,0.0031928899697959423
50x50 largo,1859,2379520.0,0.2593749761581421,0.25,,,4.0,3.0,3.210156202316284,0.9840499758720398,0.34687501192092896,0.5304401516914368,0.0013910818379372358,0.14236970245838165,0.012045958079397678
50x50 largo,1860,2380800.0,0.1312592476606369,0.125,,,2.0,2.0,3.120312452316284,0.9840999841690063,0.33710938692092896,0.513790488243103,0.002049867296591401,0.19129055738449097,0.00630997633561492
50x50 largo,1861,2382080.0,0.20626422762870789,0.1875,,,3.0,6.0,3.253124952316284,0.9842000007629395,0.32734376192092896,0.5428659915924072,0.00542664248496294,0.22673101723194122,0.0095411641523242
50x50 largo,1862,2383360.0,0.12503862380981445,0.125,,,2.0,0.0,3.2835938930511475,0.9843999743461609,0.38789063692092896,0.5118994116783142,0.004214021377265453,0.15144948661327362,0.00647724699229002
50x50 largo,1863,2384640.0,0.12815025448799133,0.125,,,2.0,1.0,3.1312501430511475,0.9845249652862549,0.3466796875,0.49272602796554565,0.005971639417111874,0.18468692898750305,0.006253314670175314
50x50 largo,1864,2385920.0,0.13443300127983093,0.125,,,2.0,3.0,3.1460938453674316,0.9848499894142151,0.31132814288139343,0.472740113735199,0.0024268534034490585,0.13367252051830292,0.006128525827080011
50x50 largo,1865,2387200.0,0.00942737516015768,0.0,,,0.0,3.0,3.2679688930511475,0.9850749969482422,0.29082033038139343,0.4725653827190399,0.0012633034493774176,0.12192387133836746,7.247675966937095e-05
50x50 largo,1866,2388480.0,0.3218797743320465,0.3125,,,5.0,3.0,3.289843797683716,0.9850999712944031,0.26542970538139343,0.44222599267959595,0.007619520649313927,0.20025485754013062,0.012585403397679329
50x50 largo,1867,2389760.0,0.0031291251070797443,0.0,,,0.0,1.0,3.28515625,0.985124945640564,0.2294921875,0.4544330835342407,0.0007681430433876812,0.1225481852889061,5.483708082465455e-05
50x50 largo,1868,2391040.0,0.19062499701976776,0.1875,,,3.0,1.0,3.2398438453674316,0.985124945640564,0.23964844644069672,0.47214677929878235,0.0020850971341133118,0.12207219004631042,0.0067637707106769085
50x50 largo,1869,2392320.0,0.0031436251010745764,0.0,,,0.0,1.0,3.223437547683716,0.9852249622344971,0.2607421875,0.492284893989563,0.001270319102331996,0.26368749141693115,4.65848388557788e-05
50x50 largo,1870,2393600.0,0.06875399500131607,0.0625,,,1.0,2.0,3.280468702316284,0.9852499961853027,0.2734375,0.5071697235107422,0.001927011413499713,0.1238519474864006,0.0010583663824945688
50x50 largo,1871,2394880.0,0.0625,0.0625,,,1.0,0.0,3.292187452316284,0.9852499961853027,0.2894531190395355,0.473516047000885,0.006615583784878254,0.1817590296268463,0.003287910483777523
50x50 largo,1872,2396160.0,0.3843820095062256,0.375,,,6.0,3.0,3.192187547683716,0.9852999448776245,0.24394531548023224,0.4923527240753174,0.0007738732383586466,0.16839346289634705,0.020975615829229355
50x50 largo,1873,2397440.0,0.1250075101852417,0.125,,,2.0,0.0,2.973437547683716,0.9853500127792358,0.27128908038139343,0.48777517676353455,0.00044926709961146116,0.20945066213607788,0.005573502741754055
50x50 largo,1874,2398720.0,0.128132626414299,0.125,,,2.0,1.0,2.874218702316284,0.9853999614715576,0.2890625,0.5192086100578308,0.005419889930635691,0.20561815798282623,0.00629638135433197
50x50 largo,1875,2400000.0,0.06876624375581741,0.0625,,,1.0,2.0,2.9273438453674316,0.9854999780654907,0.3089843690395355,0.48578524589538574,0.0034688981249928474,0.18356624245643616,0.002249309094622731
50x50 largo,1876,2401280.0,1.0765206813812256,0.1875,,,3.0,12.0,0.25859376788139343,0.07114999741315842,0.3960937559604645,0.5763758420944214,0.0008222746546380222,0.34872081875801086,0.03559597581624985
50x50 largo,1877,2402560.0,0.8445229530334473,0.0,,,0.0,12.0,0.9554687738418579,0.14380000531673431,0.2984375059604645,0.5817184448242188,0.0036400125827640295,0.2816523313522339,0.002824440598487854
50x50 largo,1878,2403840.0,0.7117651700973511,0.0,,,0.0,15.0,1.794531226158142,0.2087249904870987,0.3042968809604645,0.5704494714736938,0.00434916652739048,0.2516464591026306,0.0009858703706413507
50x50 largo,1879,2405120.0,0.624906063079834,0.0,,,0.0,15.0,2.753124952316284,0.27015000581741333,0.3082031309604645,0.5715981721878052,0.004430067725479603,0.2931632995605469,0.0005856415373273194
50x50 largo,1880,2406400.0,0.5432946085929871,0.0,,,0.0,7.0,3.479687452316284,0.3305499851703644,0.34199219942092896,0.5221086740493774,0.0018310773884877563,0.14714309573173523,0.0003244549152441323
50x50 largo,1881,2407680.0,0.4754471182823181,0.0625,,,1.0,2.0,3.617968797683716,0.38212502002716064,0.29316407442092896,0.4926620423793793,0.004765525460243225,0.10436658561229706,0.0026734638959169388
50x50 largo,1882,2408960.0,0.37488651275634766,0.0,,,0.0,1.0,3.710156202316284,0.4337499737739563,0.27460938692092896,0.5371139645576477,0.003158020321279764,0.18563485145568848,0.00012632503057830036
50x50 largo,1883,2410240.0,0.5874148607254028,0.25,,,4.0,4.0,3.793750047683716,0.48337501287460327,0.3353515565395355,0.5334478616714478,0.002691177185624838,0.26652130484580994,0.013279053382575512
50x50 largo,1884,2411520.0,0.3861292600631714,0.1875,,,3.0,1.0,3.715625047683716,0.5160249471664429,0.3345703184604645,0.5320534110069275,0.001135207712650299,0.22981083393096924,0.006695442833006382
50x50 largo,1885,2412800.0,0.22087712585926056,0.0625,,,1.0,2.0,3.6382813453674316,0.5429250001907349,0.31328126788139343,0.49082526564598083,0.008595967665314674,0.2354775071144104,0.002708559622988105
50x50 largo,1886,2414080.0,0.31515374779701233,0.1875,,,3.0,1.0,3.59375,0.5664499998092651,0.27265626192092896,0.4610043466091156,0.0061439028941094875,0.21290656924247742,0.010613982565701008
50x50 largo,1887,2415360.0,0.1634826362133026,0.0625,,,1.0,1.0,3.5648438930511475,0.5863000154495239,0.22695313394069672,0.45194506645202637,0.0006111240945756435,0.12574231624603271,0.0024366462603211403
50x50 largo,1888,2416640.0,0.14453162252902985,0.0625,,,1.0,0.0,3.5218751430511475,0.604449987411499,0.21601562201976776,0.4292462170124054,0.0011373369488865137,0.1547585129737854,0.0026740278117358685
50x50 largo,1889,2417920.0,0.08253037929534912,0.0,,,0.0,1.0,3.510937452316284,0.623199999332428,0.203125,0.42848581075668335,0.0005539882695302367,0.15759721398353577,0.00023932717158459127
50x50 largo,1890,2419200.0,0.0893036276102066,0.0,,,0.0,4.0,3.727343797683716,0.6418750286102295,0.19550780951976776,0.4481157660484314,0.0014220779994502664,0.15511110424995422,0.00016849533130880445
50x50 largo,1891,2420480.0,0.13483211398124695,0.0625,,,1.0,1.0,3.8257813453674316,0.66034996509552,0.20703125,0.4602498412132263,0.0006024270551279187,0.13747403025627136,0.0023458637297153473
50x50 largo,1892,2421760.0,0.2575811445713043,0.1875,,,3.0,0.0,3.711718797683716,0.6787500381469727,0.22226563096046448,0.49955642223358154,0.004817994311451912,0.2229396104812622,0.005219826474785805
50x50 largo,1893,2423040.0,0.19798313081264496,0.125,,,2.0,0.0,3.567187547683716,0.6969249844551086,0.24726562201976776,0.4785652160644531,0.0008632501703687012,0.16297191381454468,0.005128899589180946
50x50 largo,1894,2424320.0,0.2852746546268463,0.1875,,,3.0,4.0,3.5570313930511475,0.7188499569892883,0.23828125,0.468669593334198,0.0026589911431074142,0.14239132404327393,0.013769900426268578
50x50 largo,1895,2425600.0,0.08438712358474731,0.0,,,0.0,2.0,3.641406297683716,0.7403749823570251,0.2353515625,0.45836499333381653,0.0008227418293245137,0.13514457643032074,0.0001573413028381765
50x50 largo,1896,2426880.0,0.13576200604438782,0.0625,,,1.0,1.0,3.6507813930511475,0.7621250152587891,0.23320312798023224,0.4773556590080261,0.001291977008804679,0.15491309762001038,0.0028326697647571564
50x50 largo,1897,2428160.0,0.24664288759231567,0.1875,,,3.0,0.0,3.629687547683716,0.7821999788284302,0.24472656846046448,0.472482293844223,0.0004238380352035165,0.14422324299812317,0.007931388914585114
50x50 largo,1898,2429440.0,0.056722380220890045,0.0,,,0.0,2.0,3.553906202316284,0.7988249659538269,0.24082031846046448,0.4811100959777832,0.00250468822196126,0.1993100643157959,0.00010894139268202707
50x50 largo,1899,2430720.0,0.11830688267946243,0.0625,,,1.0,3.0,3.671093702316284,0.8157999515533447,0.25117188692092896,0.4642865061759949,0.0014688713708892465,0.14224612712860107,0.003504449035972357
50x50 largo,1900,2432000.0,0.10824312269687653,0.0625,,,1.0,2.0,3.7679688930511475,0.8317499756813049,0.23847655951976776,0.46351468563079834,0.0009068061481229961,0.1767023801803589,0.0023027139250189066
50x50 largo,1901,2433280.0,0.3528680205345154,0.3125,,,5.0,2.0,3.749218702316284,0.8476999998092651,0.2535156309604645,0.484350323677063,0.0016762816812843084,0.19883809983730316,0.010165962390601635
50x50 largo,1902,2434560.0,0.09147188067436218,0.0625,,,1.0,2.0,3.659374952316284,0.8619499802589417,0.2759765684604645,0.49780720472335815,0.0008242105832323432,0.22263312339782715,0.002333348849788308
50x50 largo,1903,2435840.0,0.26795801520347595,0.25,,,4.0,1.0,3.56640625,0.8715749979019165,0.2626953125,0.4914805293083191,0.0021984176710247993,0.16256138682365417,0.006283325143158436
50x50 largo,1904,2437120.0,0.1462247520685196,0.125,,,2.0,1.0,3.418750047683716,0.8815999031066895,0.2640624940395355,0.5318106412887573,0.00576879782602191,0.18783104419708252,0.004135000519454479
50x50 largo,1905,2438400.0,0.3872518539428711,0.375,,,6.0,1.0,3.2750000953674316,0.8894749879837036,0.3138671815395355,0.5244706273078918,0.0002480842813383788,0.2272784411907196,0.014717090874910355
50x50 largo,1906,2439680.0,0.012884876690804958,0.0,,,0.0,2.0,3.206249952316284,0.8939249515533447,0.31464844942092896,0.5321633815765381,0.0007177388179115951,0.1803077757358551,0.00019606653950177133
50x50 largo,1907,2440960.0,0.20352286100387573,0.1875,,,3.0,2.0,3.151562452316284,0.8998249769210815,0.3062500059604645,0.5513659715652466,0.003796891774982214,0.16041111946105957,0.007152102887630463
50x50 largo,1908,2442240.0,0.13645663857460022,0.125,,,2.0,1.0,3.200000047683716,0.9041249752044678,0.3451171815395355,0.5362340211868286,0.0026726850774139166,0.16934463381767273,0.010508667677640915
50x50 largo,1909,2443520.0,0.20677822828292847,0.1875,,,3.0,3.0,3.077343702316284,0.9077499508857727,0.3246093690395355,0.538581132888794,0.0005146615440025926,0.1386290043592453,0.007139945402741432
50x50 largo,1910,2444800.0,0.1403914988040924,0.125,,,2.0,0.0,3.092968702316284,0.9124000072479248,0.3232421875,0.5529743432998657,0.0029218888375908136,0.17069056630134583,0.006640690378844738
50x50 largo,1911,2446080.0,0.02781975083053112,0.0,,,0.0,5.0,3.133593797683716,0.9167249798774719,0.337890625,0.5459409952163696,0.0010016951709985733,0.17734763026237488,0.0001302295277127996
50x50 largo,1912,2447360.0,0.2076243758201599,0.1875,,,3.0,2.0,3.246875047683716,0.922374963760376,0.333984375,0.5643432140350342,0.005319750867784023,0.19886347651481628,0.008908255025744438
50x50 largo,1913,2448640.0,0.2199338674545288,0.1875,,,3.0,4.0,3.293750047683716,0.9302499890327454,0.375,0.5526987314224243,0.0006870107026770711,0.21420715749263763,0.008553450927138329
50x50 largo,1914,2449920.0,0.20760050415992737,0.1875,,,3.0,1.0,3.2265625,0.9381499886512756,0.376953125,0.5498531460762024,0.0007345670601353049,0.17005124688148499,0.008284065872430801
50x50 largo,1915,2451200.0,0.08266112208366394,0.0625,,,1.0,2.0,3.2984375953674316,0.9461249709129333,0.3753906190395355,0.5649270415306091,0.007184596266597509,0.18093201518058777,0.002853069454431534
50x50 largo,1916,2452480.0,0.07997837662696838,0.0625,,,1.0,2.0,3.266406297683716,0.9551249742507935,0.40839844942092896,0.5443236827850342,0.0023252498358488083,0.11166814714670181,0.00253285956569016
50x50 largo,1917,2453760.0,0.26369214057922363,0.25,,,4.0,2.0,3.2828125953674316,0.960474967956543,0.38066408038139343,0.5442714095115662,0.0008902217959985137,0.1590527594089508,0.011346605606377125
50x50 largo,1918,2455040.0,0.14001750946044922,0.125,,,2.0,3.0,3.272656202316284,0.96527498960495,0.39628908038139343,0.5596565008163452,0.007031215354800224,0.21802277863025665,0.005395469255745411
50x50 largo,1919,2456320.0,0.0667678713798523,0.0625,,,1.0,0.0,3.223437547683716,0.969124972820282,0.4375,0.5524587631225586,0.0004984262632206082,0.15771576762199402,0.0033690975978970528
50x50 largo,1920,2457600.0,0.19978812336921692,0.1875,,,3.0,3.0,3.2281250953674316,0.9713499546051025,0.43183594942092896,0.5383735299110413,0.0047554876655340195,0.18827272951602936,0.008751834742724895
50x50 largo,1921,2458880.0,0.011541374959051609,0.0,,,0.0,3.0,3.2796876430511475,0.973675012588501,0.3871093690395355,0.5361838340759277,0.0016105340328067541,0.18024364113807678,0.00015646975953131914
50x50 largo,1922,2460160.0,0.13251425325870514,0.125,,,2.0,2.0,3.42578125,0.975849986076355,0.39082032442092896,0.5519255995750427,0.0057588377967476845,0.20021556317806244,0.007451618555933237
50x50 largo,1923,2461440.0,0.07531000673770905,0.0625,,,1.0,4.0,3.50390625,0.9768999814987183,0.39921876788139343,0.5429314970970154,0.004687918350100517,0.2546066641807556,0.003147535026073456
50x50 largo,1924,2462720.0,0.06251712888479233,0.0625,,,1.0,0.0,3.5328125953674316,0.9769499897956848,0.3828125,0.5313825607299805,0.0023900745436549187,0.14634090662002563,0.003177870297804475
50x50 largo,1925,2464000.0,0.1250038743019104,0.125,,,2.0,0.0,3.436718702316284,0.9769749641418457,0.35664063692092896,0.5303341150283813,0.0008198178256861866,0.18563532829284668,0.005340210162103176
50x50 largo,1926,2465280.0,0.13146287202835083,0.125,,,2.0,2.0,3.421093702316284,0.9772999882698059,0.3785156309604645,0.5519450306892395,0.006726396735757589,0.2774220108985901,0.00575596746057272
50x50 largo,1927,2466560.0,0.25953859090805054,0.25,,,4.0,3.0,3.339062452316284,0.9775750041007996,0.40253907442092896,0.5417753458023071,0.0007645746227353811,0.17993469536304474,0.010535885579884052
50x50 largo,1928,2467840.0,0.0625041276216507,0.0625,,,1.0,0.0,3.2875001430511475,0.9775999784469604,0.3984375,0.5451903343200684,0.0006526431534439325,0.13986116647720337,0.003268107771873474
50x50 largo,1929,2469120.0,0.06926562637090683,0.0625,,,1.0,2.0,3.2710938453674316,0.9787499904632568,0.4105468690395355,0.5422154664993286,0.0016364498296752572,0.13398705422878265,0.0033516534604132175
50x50 largo,1930,2470400.0,0.1906382441520691,0.1875,,,3.0,1.0,3.2445313930511475,0.9787999987602234,0.42265626788139343,0.5452191233634949,0.0035000622738152742,0.1583831012248993,0.007035297807306051
50x50 largo,1931,2471680.0,0.3188013732433319,0.3125,,,5.0,2.0,3.1500000953674316,0.9789999723434448,0.4478515684604645,0.5379748344421387,0.0011903616832569242,0.14431539177894592,0.013966282829642296
50x50 largo,1932,2472960.0,0.07225123047828674,0.0625,,,1.0,3.0,3.032031297683716,0.9801499843597412,0.4408203065395355,0.5433663725852966,0.001040108734741807,0.12323729693889618,0.002865657676011324
50x50 largo,1933,2474240.0,0.18750637769699097,0.1875,,,3.0,0.0,3.0289063453674316,0.9801749587059021,0.4330078065395355,0.5402339696884155,0.0025891540572047234,0.162847638130188,0.00840203370898962
50x50 largo,1934,2475520.0,0.3125,0.3125,,,5.0,0.0,2.7367188930511475,0.9801749587059021,0.4126953184604645,0.5454397201538086,0.002801361260935664,0.18889157474040985,0.01080821268260479
50x50 largo,1935,2476800.0,0.07187499850988388,0.0625,,,1.0,3.0,2.62890625,0.9801749587059021,0.42500001192092896,0.5565304756164551,0.004601902794092894,0.22011028230190277,0.001602468895725906
50x50 largo,1936,2478080.0,0.07187499850988388,0.0625,,,1.0,3.0,2.76953125,0.9801749587059021,0.4560546875,0.5411776304244995,0.006122395396232605,0.18087905645370483,0.003203727537766099
50x50 largo,1937,2479360.0,0.31562501192092896,0.3125,,,5.0,1.0,2.6820313930511475,0.9801749587059021,0.4244140684604645,0.5575036406517029,0.0029710764065384865,0.17654567956924438,0.015780851244926453
50x50 largo,1938,2480640.0,0.1906501203775406,0.1875,,,3.0,1.0,2.600781202316284,0.9802499413490295,0.43964844942092896,0.5530619621276855,0.0009568280074745417,0.19972211122512817,0.008927949704229832
50x50 largo,1939,2481920.0,0.140625,0.125,,,2.0,5.0,2.5062501430511475,0.9802499413490295,0.4283203184604645,0.5538358092308044,0.0014733257703483105,0.17757193744182587,0.005434735678136349
50x50 largo,1940,2483200.0,0.06562499701976776,0.0625,,,1.0,1.0,2.6703126430511475,0.9802499413490295,0.419921875,0.5581939220428467,0.0027702718507498503,0.11945270746946335,0.0030504371970891953
50x50 largo,1941,2484480.0,0.26566848158836365,0.25,,,4.0,5.0,2.702343702316284,0.9804499745368958,0.447265625,0.5603598356246948,0.0022521873470395803,0.16360841691493988,0.011921193450689316
50x50 largo,1942,2485760.0,0.19687499105930328,0.1875,,,3.0,3.0,2.7601563930511475,0.9804499745368958,0.4292968809604645,0.5695927739143372,0.0054027363657951355,0.17419007420539856,0.009313339367508888
50x50 largo,1943,2487040.0,0.012500000186264515,0.0,,,0.0,4.0,2.8726563453674316,0.9804499745368958,0.47089844942092896,0.5651825070381165,0.001171395997516811,0.14889109134674072,0.0001322267926298082
50x50 largo,1944,2488320.0,0.13450837135314941,0.125,,,2.0,3.0,3.0132813453674316,0.9809999465942383,0.45429688692092896,0.5591604709625244,0.000555303180590272,0.1844179481267929,0.006412481889128685
50x50 largo,1945,2489600.0,0.07188312709331512,0.0625,,,1.0,3.0,3.1031250953674316,0.981024980545044,0.45585939288139343,0.5651611089706421,0.007472489029169083,0.1802636682987213,0.0030327066779136658
50x50 largo,1946,2490880.0,0.19999998807907104,0.1875,,,3.0,4.0,3.2445313930511475,0.981024980545044,0.49042969942092896,0.564633846282959,0.001594471512362361,0.1573237180709839,0.00901802722364664
50x50 largo,1947,2492160.0,0.0687590017914772,0.0625,,,1.0,2.0,3.25,0.9810749888420105,0.5287109613418579,0.5580297112464905,0.002784191630780697,0.1517622172832489,0.0011111032217741013
50x50 largo,1948,2493440.0,0.19375398755073547,0.1875,,,3.0,2.0,3.182812452316284,0.9810999631881714,0.5042968988418579,0.5527498722076416,0.008612336590886116,0.20608162879943848,0.00805727206170559
50x50 largo,1949,2494720.0,0.06876474618911743,0.0625,,,1.0,2.0,3.297656297683716,0.9811500310897827,0.4634765684604645,0.5566257238388062,0.003011600114405155,0.2594624161720276,0.003321551252156496
50x50 largo,1950,2496000.0,2.862501969502773e-05,0.0,,,0.0,0.0,3.3125,0.9812250137329102,0.48164063692092896,0.5497977137565613,0.004587062634527683,0.1958935707807541,4.503837408265099e-05
50x50 largo,1951,2497280.0,0.13124999403953552,0.125,,,2.0,2.0,3.305468797683716,0.9812250137329102,0.44843751192092896,0.5597000122070312,0.0068738386034965515,0.2005901038646698,0.006315401289612055
50x50 largo,1952,2498560.0,0.1375044882297516,0.125,,,2.0,4.0,3.40625,0.981249988079071,0.47636720538139343,0.5572758316993713,0.0005432582693174481,0.2122674584388733,0.006308743730187416
50x50 largo,1953,2499840.0,0.19401250779628754,0.1875,,,3.0,2.0,3.4437501430511475,0.9818750023841858,0.4664062559604645,0.5609933137893677,0.0005041291005909443,0.1453862488269806,0.0070912498049438
50x50 largo,1954,2501120.0,0.8382512331008911,0.0625,,,1.0,18.0,0.949999988079071,0.0598750002682209,0.529492199420929,0.5987041592597961,0.00120829651132226,0.27026286721229553,0.0068812076933681965
50x50 largo,1955,2502400.0,0.7644904851913452,0.0,,,0.0,10.0,1.33203125,0.12484999746084213,0.508593738079071,0.5843704342842102,0.005503606051206589,0.3434518873691559,0.0021478047128766775
50x50 largo,1956,2503680.0,0.6789517402648926,0.0625,,,1.0,14.0,2.0648438930511475,0.17947500944137573,0.47675782442092896,0.5766163468360901,0.0025933075230568647,0.2703830599784851,0.005461073946207762
50x50 largo,1957,2504960.0,0.4848257303237915,0.0,,,0.0,12.0,2.882031202316284,0.2250249981880188,0.478515625,0.5800872445106506,0.002579090651124716,0.18966025114059448,0.0004537435597740114
50x50 largo,1958,2506240.0,0.43664148449897766,0.0625,,,1.0,4.0,3.2203125953674316,0.2640250027179718,0.46484375,0.5855067372322083,0.004923004657030106,0.2152293175458908,0.0042699286714196205
50x50 largo,1959,2507520.0,0.36114850640296936,0.0,,,0.0,5.0,3.5726563930511475,0.3030499815940857,0.5005859732627869,0.5661979913711548,0.004835215397179127,0.13626062870025635,0.00018465107132215053
50x50 largo,1960,2508800.0,0.34147560596466064,0.0,,,0.0,2.0,3.7515625953674316,0.343625009059906,0.4556640684604645,0.5655752420425415,0.003773485543206334,0.1777193248271942,0.00012411564239300787
50x50 largo,1961,2510080.0,0.301335871219635,0.0,,,0.0,1.0,3.840625047683716,0.3818250000476837,0.4468750059604645,0.5479357838630676,0.0058824894949793816,0.26097598671913147,0.0001290209183935076
50x50 largo,1962,2511360.0,0.25807562470436096,0.0,,,0.0,0.0,3.875,0.41679999232292175,0.3990234434604645,0.5722424983978271,0.0035741454921662807,0.20288167893886566,8.632648678030819e-05
50x50 largo,1963,2512640.0,0.31521862745285034,0.0625,,,1.0,0.0,3.817187547683716,0.4531249701976776,0.4107421934604645,0.5563795566558838,0.0025087338872253895,0.1501891314983368,0.001991758355870843
50x50 largo,1964,2513920.0,0.3077809810638428,0.0625,,,1.0,0.0,3.770312547683716,0.48989999294281006,0.390625,0.5788502097129822,0.01055290549993515,0.2217358946800232,0.0033882497809827328
50x50 largo,1965,2515200.0,0.24629837274551392,0.0,,,0.0,0.0,3.75,0.5302749872207642,0.44921875,0.5590632557868958,0.006035002414137125,0.1403043419122696,0.0001573307381477207
50x50 largo,1966,2516480.0,0.29316237568855286,0.0625,,,1.0,3.0,3.8031251430511475,0.5697000026702881,0.4144531190395355,0.5739341974258423,0.0004261723661329597,0.16587071120738983,0.00303202448412776
50x50 largo,1967,2517760.0,0.27300935983657837,0.0625,,,1.0,1.0,3.86328125,0.6110249757766724,0.41425782442092896,0.5531138181686401,0.005299416370689869,0.1451970487833023,0.0032084111589938402
50x50 largo,1968,2519040.0,0.24530062079429626,0.0625,,,1.0,0.0,3.842968702316284,0.649899959564209,0.37031251192092896,0.5666009187698364,0.002601760672405362,0.1519247591495514,0.002903092885389924
50x50 largo,1969,2520320.0,0.2230728715658188,0.0625,,,1.0,0.0,3.79296875,0.6886999607086182,0.38457033038139343,0.5448058843612671,0.0015949883963912725,0.1594218909740448,0.003171679098159075
50x50 largo,1970,2521600.0,0.19437913596630096,0.0625,,,1.0,1.0,3.758593797683716,0.7232249975204468,0.36503908038139343,0.5458180904388428,0.0008046773145906627,0.21091288328170776,0.0031131154391914606
50x50 largo,1971,2522880.0,0.12136775255203247,0.0,,,0.0,1.0,3.8101563453674316,0.7577999830245972,0.375,0.5661945343017578,0.002759224269539118,0.13386504352092743,0.00012859415437560529
50x50 largo,1972,2524160.0,0.10414988547563553,0.0,,,0.0,2.0,3.9039063453674316,0.7905499935150146,0.38593751192092896,0.5523529052734375,0.005536955781280994,0.20156535506248474,0.00011353997979313135
50x50 largo,1973,2525440.0,0.08968387544155121,0.0,,,0.0,0.0,3.9375,0.8250999450683594,0.3607421815395355,0.5243275165557861,0.007322133518755436,0.22231271862983704,9.566725930199027e-05
50x50 largo,1974,2526720.0,0.06970750540494919,0.0,,,0.0,0.0,3.9375,0.8557249307632446,0.35039064288139343,0.5319725275039673,0.000938879675231874,0.12534871697425842,9.419818525202572e-05
50x50 largo,1975,2528000.0,0.17964474856853485,0.125,,,2.0,1.0,3.8695313930511475,0.8830749988555908,0.3531250059604645,0.5457415580749512,0.0033253354486078024,0.21398523449897766,0.005707939155399799
50x50 largo,1976,2529280.0,0.035111378878355026,0.0,,,0.0,0.0,3.875,0.9070999622344971,0.37773439288139343,0.540913462638855,0.003882171120494604,0.3340780735015869,7.318597636185586e-05
50x50 largo,1977,2530560.0,0.08759325742721558,0.0625,,,1.0,0.0,3.866406202316284,0.9283000230789185,0.4009765684604645,0.5310832262039185,0.0009679411305114627,0.15486031770706177,0.0033380351960659027
50x50 largo,1978,2531840.0,0.3298626244068146,0.3125,,,5.0,0.0,3.5718750953674316,0.9458500146865845,0.37285158038139343,0.5434271097183228,0.0016180140664801002,0.1985377073287964,0.012148462235927582
50x50 largo,1979,2533120.0,0.6409494876861572,0.625,,,10.0,3.0,3.375781297683716,0.9548499584197998,0.3646484315395355,0.5550017356872559,0.0032121040858328342,0.31335532665252686,0.04073058068752289
50x50 largo,1980,2534400.0,0.5055306553840637,0.5,,,8.0,1.0,2.7867188453674316,0.9593499898910522,0.3931640684604645,0.5439352989196777,0.0024295069742947817,0.22606465220451355,0.025820042937994003
50x50 largo,1981,2535680.0,0.21491001546382904,0.1875,,,3.0,8.0,2.8539063930511475,0.9638749957084656,0.40546876192092896,0.5271973013877869,0.00106038770172745,0.17391355335712433,0.009308376349508762
50x50 largo,1982,2536960.0,0.6380139589309692,0.625,,,10.0,4.0,2.5835938453674316,0.9649249315261841,0.3890624940395355,0.5380372405052185,0.0017738000024110079,0.23225516080856323,0.034404315054416656
50x50 largo,1983,2538240.0,0.26253649592399597,0.25,,,4.0,4.0,2.5648438930511475,0.9649999737739563,0.3980468809604645,0.5278148651123047,0.0024372434709221125,0.11375964432954788,0.010774657130241394
50x50 largo,1984,2539520.0,0.20645761489868164,0.1875,,,3.0,6.0,2.668750047683716,0.9653749465942383,0.38886719942092896,0.49631595611572266,0.004210632294416428,0.13442349433898926,0.009072912856936455
50x50 largo,1985,2540800.0,0.0877552479505539,0.0625,,,1.0,8.0,2.870312452316284,0.965874969959259,0.3408203125,0.5329619646072388,0.0013863948406651616,0.17118006944656372,0.0033559519797563553
50x50 largo,1986,2542080.0,0.019275374710559845,0.0,,,0.0,6.0,3.371875047683716,0.9671750068664551,0.3759765625,0.505893886089325,0.0051233237609267235,0.2922039031982422,0.00028226483846083283
50x50 largo,1987,2543360.0,0.00631249975413084,0.0,,,0.0,2.0,3.6484375,0.9673500061035156,0.33867189288139343,0.5367564558982849,0.004642973653972149,0.19245238602161407,0.00023349278490059078
50x50 largo,1988,2544640.0,0.0750109851360321,0.0625,,,1.0,4.0,3.784374952316284,0.9673749804496765,0.35371094942092896,0.5078537464141846,0.002813220489770174,0.1778295338153839,0.0023763689678162336
50x50 largo,1989,2545920.0,0.0,0.0,,,0.0,0.0,3.875,0.9673749804496765,0.32929688692092896,0.5112481117248535,0.00045334509923122823,0.19362619519233704,0.00013781960296910256
50x50 largo,1990,2547200.0,0.0659673735499382,0.0625,,,1.0,1.0,3.8804688453674316,0.9681999683380127,0.3271484375,0.5149940252304077,0.001102933892980218,0.14801549911499023,0.0030813016928732395
50x50 largo,1991,2548480.0,0.06563324481248856,0.0625,,,1.0,1.0,3.8500001430511475,0.9682250022888184,0.3349609375,0.4876938760280609,0.004594473168253899,0.15149328112602234,0.0032935391645878553
50x50 largo,1992,2549760.0,0.0,0.0,,,0.0,0.0,3.875,0.9682250022888184,0.29316407442092896,0.47604742646217346,0.0032551034819334745,0.20098617672920227,6.87038991600275e-05
50x50 largo,1993,2551040.0,0.00017975019000004977,0.0,,,0.0,0.0,3.875,0.9688249826431274,0.3011718690395355,0.4613836407661438,0.0033028521575033665,0.2890145480632782,5.609283107332885e-05
50x50 largo,1994,2552320.0,0.2502027451992035,0.25,,,4.0,0.0,3.723437547683716,0.9692249894142151,0.2789062559604645,0.49555227160453796,0.0037738278042525053,0.19066917896270752,0.011375953443348408
50x50 largo,1995,2553600.0,0.006488624960184097,0.0,,,0.0,2.0,3.729687452316284,0.969825029373169,0.29472658038139343,0.4798945188522339,0.0008108353358693421,0.1805027723312378,5.076876550447196e-05
50x50 largo,1996,2554880.0,0.13127562403678894,0.125,,,2.0,2.0,3.774218797683716,0.9698749780654907,0.2998046875,0.5031601190567017,0.007602780591696501,0.12990552186965942,0.0047248657792806625
50x50 largo,1997,2556160.0,0.06253162771463394,0.0625,,,1.0,0.0,3.7367188930511475,0.9699499607086182,0.33710938692092896,0.5165354013442993,0.0018197937170043588,0.16608867049217224,0.0030215131118893623
50x50 largo,1998,2557440.0,0.06286150217056274,0.0625,,,1.0,0.0,3.639843702316284,0.9707499742507935,0.3529296815395355,0.5200306177139282,0.007578319404274225,0.17153920233249664,0.0026795733720064163
50x50 largo,1999,2558720.0,0.003149499883875251,0.0,,,0.0,1.0,3.671093702316284,0.9708249568939209,0.37617188692092896,0.4879583716392517,0.004275271203368902,0.20433902740478516,3.881358134094626e-05
50x50 largo,2000,2560000.0,0.12502387166023254,0.125,,,2.0,0.0,3.610156297683716,0.9708999991416931,0.3525390625,0.4999715983867645,0.0011846271809190512,0.1291491836309433,0.005374409258365631
50x50 largo,2001,2561280.0,0.1937589943408966,0.1875,,,3.0,2.0,3.5804688930511475,0.970924973487854,0.3724609315395355,0.4857192039489746,0.004091192968189716,0.2713128328323364,0.013703868724405766
50x50 largo,2002,2562560.0,0.06575199961662292,0.0625,,,1.0,1.0,3.5234375,0.9712749719619751,0.3648437559604645,0.4825195074081421,0.00047549069859087467,0.1326182782649994,0.0033237608149647713
50x50 largo,2003,2563840.0,0.38127413392066956,0.375,,,6.0,2.0,3.34765625,0.9713500142097473,0.3589843809604645,0.4896755814552307,0.0020625069737434387,0.24677729606628418,0.01600874960422516
50x50 largo,2004,2565120.0,0.2568148672580719,0.25,,,4.0,2.0,3.1953125,0.9728749990463257,0.35957032442092896,0.48800164461135864,0.004740568343549967,0.21393340826034546,0.01129697635769844
50x50 largo,2005,2566400.0,0.32210299372673035,0.3125,,,5.0,3.0,3.0562500953674316,0.9734749794006348,0.3589843809604645,0.5087535381317139,0.0031498176977038383,0.2143256962299347,0.01427454873919487
50x50 largo,2006,2567680.0,0.5125374794006348,0.5,,,8.0,4.0,2.893749952316284,0.9735999703407288,0.3296875059604645,0.4927838146686554,0.0059966277331113815,0.2509603500366211,0.02171851508319378
50x50 largo,2007,2568960.0,0.509381890296936,0.5,,,8.0,3.0,2.4945313930511475,0.9736249446868896,0.32343751192092896,0.5168163776397705,0.003085225820541382,0.1857871115207672,0.02465536817908287
50x50 largo,2008,2570240.0,0.20001685619354248,0.1875,,,3.0,4.0,2.4164063930511475,0.9736999273300171,0.3656249940395355,0.49240994453430176,0.0012032371014356613,0.16035445034503937,0.008519819937646389
50x50 largo,2009,2571520.0,7.750000804662704e-06,0.0,,,0.0,0.0,2.5,0.9737249612808228,0.3421874940395355,0.5094647407531738,0.005926264449954033,0.2764818072319031,0.0002502393035683781
50x50 largo,2010,2572800.0,0.0906674936413765,0.0625,,,1.0,9.0,2.766406297683716,0.9738249778747559,0.36210939288139343,0.4923451244831085,0.0019952792208641768,0.1646500825881958,0.003270127810537815
50x50 largo,2011,2574080.0,0.20314660668373108,0.1875,,,3.0,5.0,3.0921876430511475,0.9738749265670776,0.3324218690395355,0.5153181552886963,0.004719715565443039,0.25076383352279663,0.009867621585726738
50x50 largo,2012,2575360.0,0.012500000186264515,0.0,,,0.0,4.0,3.2953126430511475,0.9738749265670776,0.36406251788139343,0.5113914012908936,0.0011665215715765953,0.17786243557929993,0.0002034796925727278
50x50 largo,2013,2576640.0,0.1375119984149933,0.125,,,2.0,4.0,3.4632813930511475,0.9738999605178833,0.37226563692092896,0.5080880522727966,0.0014271266991272569,0.12937164306640625,0.006705692503601313
50x50 largo,2014,2577920.0,0.13126187026500702,0.125,,,2.0,2.0,3.4898438453674316,0.973924994468689,0.35820314288139343,0.48275360465049744,0.0060605257749557495,0.13264548778533936,0.006204518489539623
50x50 largo,2015,2579200.0,0.0625,0.0625,,,1.0,0.0,3.4664063453674316,0.973924994468689,0.3121093809604645,0.46826863288879395,0.0007279381970874965,0.13331666588783264,0.0032911093439906836
50x50 largo,2016,2580480.0,0.13150636851787567,0.125,,,2.0,2.0,3.4007813930511475,0.9746500253677368,0.31367188692092896,0.5060375928878784,0.008068582974374294,0.215431809425354,0.006304461508989334
50x50 largo,2017,2581760.0,0.3781401216983795,0.375,,,6.0,1.0,3.229687452316284,0.9746999740600586,0.3607421815395355,0.5277248620986938,0.008595001883804798,0.23866936564445496,0.018285777419805527
50x50 largo,2018,2583040.0,0.0062500000931322575,0.0,,,0.0,2.0,3.1898438930511475,0.9746999740600586,0.3960937559604645,0.5097334384918213,0.0012508440995588899,0.1639038473367691,0.00012833878281526268
50x50 largo,2019,2584320.0,0.13438937067985535,0.125,,,2.0,3.0,3.3203125,0.9747499227523804,0.39238283038139343,0.4928424060344696,0.003062141127884388,0.15883496403694153,0.005545093212276697
50x50 largo,2020,2585600.0,0.19375598430633545,0.1875,,,3.0,2.0,3.21875,0.974774956703186,0.373046875,0.489996075630188,0.0007631505723111331,0.11422349512577057,0.008787807077169418
50x50 largo,2021,2586880.0,0.06564775109291077,0.0625,,,1.0,1.0,3.223437547683716,0.9748499393463135,0.3697265684604645,0.48530036211013794,0.000430894288001582,0.10510095953941345,0.002243978902697563
50x50 largo,2022,2588160.0,0.13124999403953552,0.125,,,2.0,2.0,3.296875,0.9748499393463135,0.3701171875,0.5098044276237488,0.004649699665606022,0.16065359115600586,0.006027200259268284
50x50 largo,2023,2589440.0,0.1875,0.1875,,,3.0,0.0,3.1695313453674316,0.9748499393463135,0.4058593809604645,0.48822611570358276,0.0016980803338810802,0.12491517513990402,0.008901220746338367
50x50 largo,2024,2590720.0,0.1875080019235611,0.1875,,,3.0,0.0,2.9351563453674316,0.9748749732971191,0.4208984375,0.4765111804008484,0.002628249116241932,0.13063061237335205,0.007917305454611778
50x50 largo,2025,2592000.0,0.19071437418460846,0.1875,,,3.0,1.0,2.807812452316284,0.9751999378204346,0.36835938692092896,0.47673356533050537,0.0010451069101691246,0.16655075550079346,0.008608454838395119
50x50 largo,2026,2593280.0,0.32188040018081665,0.3125,,,5.0,3.0,2.696093797683716,0.9752249717712402,0.4013671875,0.4984806180000305,0.0021318886429071426,0.21837565302848816,0.01464906521141529
50x50 largo,2027,2594560.0,0.13124999403953552,0.125,,,2.0,2.0,2.6625001430511475,0.9752249717712402,0.3841796815395355,0.5038501024246216,0.000882419291883707,0.12659849226474762,0.006501629948616028
50x50 largo,2028,2595840.0,0.19062499701976776,0.1875,,,3.0,1.0,2.4781250953674316,0.9752249717712402,0.3910156190395355,0.5176733732223511,0.002612821524962783,0.12615442276000977,0.007908673956990242
50x50 largo,2029,2597120.0,0.07188012450933456,0.0625,,,1.0,3.0,2.578906297683716,0.9752500057220459,0.3779296875,0.5223197937011719,0.008318405598402023,0.20569264888763428,0.003281916491687298
50x50 largo,2030,2598400.0,0.1375117301940918,0.125,,,2.0,4.0,2.6156251430511475,0.975274920463562,0.41718751192092896,0.5192722082138062,0.005952539853751659,0.15580445528030396,0.0050274161621928215
50x50 largo,2031,2599680.0,0.06564249843358994,0.0625,,,1.0,1.0,2.6968750953674316,0.9753249883651733,0.4273437559604645,0.5066958665847778,0.00419655442237854,0.12398655712604523,0.002617985475808382
50x50 largo,2032,2600960.0,0.8054201602935791,0.0625,,,1.0,32.0,1.58984375,0.0533749982714653,0.48828125,0.5988087058067322,0.002385089173913002,0.2950499653816223,0.007785856258124113
50x50 largo,2033,2602240.0,0.9300724267959595,0.0,,,0.0,11.0,2.3140625953674316,0.13257500529289246,0.5250000357627869,0.552841067314148,0.004336711019277573,0.3651312291622162,0.0029085208661854267
50x50 largo,2034,2603520.0,0.7010215520858765,0.0625,,,1.0,10.0,2.8968751430511475,0.19049999117851257,0.45390626788139343,0.5523542165756226,0.002467550802975893,0.2934572398662567,0.00494906771928072
50x50 largo,2035,2604800.0,0.5120392441749573,0.0,,,0.0,4.0,3.285937547683716,0.2414499968290329,0.4749999940395355,0.5503535270690918,0.003532086033374071,0.21970312297344208,0.0006822467548772693
50x50 largo,2036,2606080.0,0.5075716376304626,0.0,,,0.0,3.0,3.573437452316284,0.2960749864578247,0.503125011920929,0.547159731388092,0.0024553299881517887,0.19751906394958496,0.000756989698857069
50x50 largo,2037,2607360.0,0.43435925245285034,0.0,,,0.0,2.0,3.6703126430511475,0.3469749987125397,0.529492199420929,0.5349762439727783,0.0020328653044998646,0.15313275158405304,0.000570226286072284
50x50 largo,2038,2608640.0,0.4002952575683594,0.0,,,0.0,0.0,3.75,0.3984999656677246,0.5318359732627869,0.5275174379348755,0.0016452348791062832,0.2090754210948944,0.0003334070206619799
50x50 largo,2039,2609920.0,0.3401493728160858,0.0,,,0.0,0.0,3.75,0.4459249973297119,0.552539050579071,0.5149524211883545,0.00182110327295959,0.21341440081596375,0.00021550434757955372
50x50 largo,2040,2611200.0,0.3169521391391754,0.0,,,0.0,2.0,3.813281297683716,0.49332496523857117,0.5533203482627869,0.5115221738815308,0.0036022597923874855,0.1412573754787445,0.00021371539332903922
50x50 largo,2041,2612480.0,0.3458319902420044,0.0625,,,1.0,0.0,3.8578126430511475,0.5409749746322632,0.5687500238418579,0.5165480375289917,0.006098137702792883,0.20860564708709717,0.003064412157982588
50x50 largo,2042,2613760.0,0.3567681312561035,0.125,,,2.0,1.0,3.8343751430511475,0.5836249589920044,0.608593761920929,0.5050711631774902,0.0018459393177181482,0.20287968218326569,0.006143130362033844
50x50 largo,2043,2615040.0,0.23615926504135132,0.0625,,,1.0,0.0,3.733593702316284,0.6193499565124512,0.573046863079071,0.5040225982666016,0.0007920875214040279,0.19365833699703217,0.0023421866353601217
50x50 largo,2044,2616320.0,0.1687033772468567,0.0,,,0.0,0.0,3.6875,0.6580250263214111,0.5615234375,0.5170750021934509,0.004829227924346924,0.21872414648532867,0.00019758709822781384
50x50 largo,2045,2617600.0,0.13447187840938568,0.0,,,0.0,1.0,3.71875,0.6934000253677368,0.592968761920929,0.5233399868011475,0.0031416078563779593,0.2297465056180954,0.00021097913850098848
50x50 largo,2046,2618880.0,0.25214600563049316,0.125,,,2.0,2.0,3.80859375,0.7306999564170837,0.5863281488418579,0.5334411859512329,0.001630330691114068,0.2112305462360382,0.01159539632499218
50x50 largo,2047,2620160.0,0.1038845032453537,0.0,,,0.0,0.0,3.75,0.7652249932289124,0.5439453125,0.5356413125991821,0.0060850270092487335,0.24078527092933655,0.00024019133707042783
50x50 largo,2048,2621440.0,0.27431437373161316,0.1875,,,3.0,0.0,3.6742188930511475,0.7976000308990479,0.540234386920929,0.5426579713821411,0.0015059253200888634,0.1848309338092804,0.00925507303327322
50x50 largo,2049,2622720.0,0.39669039845466614,0.3125,,,5.0,3.0,3.5882813930511475,0.8280999660491943,0.5384765863418579,0.5572043061256409,0.004358743317425251,0.1842781901359558,0.013721871189773083
50x50 largo,2050,2624000.0,0.3642385005950928,0.3125,,,5.0,2.0,3.4398438930511475,0.849049985408783,0.49980470538139343,0.578425407409668,0.0037726382724940777,0.15385091304779053,0.013421361334621906
50x50 largo,2051,2625280.0,0.10103137791156769,0.0625,,,1.0,2.0,3.297656297683716,0.8668999671936035,0.5357422232627869,0.5688883066177368,0.0026738604065030813,0.25871890783309937,0.0029038884676992893
50x50 largo,2052,2626560.0,0.5847492218017578,0.5625,,,9.0,2.0,3.13671875,0.8780999779701233,0.530078113079071,0.5707257986068726,0.006241448223590851,0.26541197299957275,0.03473711386322975
50x50 largo,2053,2627840.0,0.3429601192474365,0.3125,,,5.0,7.0,2.9242188930511475,0.8854499459266663,0.502148449420929,0.5592926740646362,0.003191394964233041,0.1632358729839325,0.01112908124923706
50x50 largo,2054,2629120.0,0.25662899017333984,0.25,,,4.0,1.0,2.985156297683716,0.8889999985694885,0.5218750238418579,0.5719852447509766,0.0025411201640963554,0.21637748181819916,0.021840300410985947
50x50 largo,2055,2630400.0,0.0711866244673729,0.0625,,,1.0,2.0,2.914843797683716,0.891374945640564,0.520703136920929,0.57566237449646,0.0023658480495214462,0.13985466957092285,0.0034418893046677113
50x50 largo,2056,2631680.0,0.132998988032341,0.125,,,2.0,2.0,2.828906297683716,0.8932749629020691,0.550585925579071,0.5834851264953613,0.003140202723443508,0.12839487195014954,0.0034692087210714817
50x50 largo,2057,2632960.0,0.13560599088668823,0.125,,,2.0,2.0,2.91796875,0.8967249989509583,0.537304699420929,0.5663475394248962,0.009103808552026749,0.2603847086429596,0.007458982057869434
50x50 largo,2058,2634240.0,0.13406912982463837,0.125,,,2.0,2.0,2.874218702316284,0.8991999626159668,0.49531251192092896,0.568365216255188,0.007513714488595724,0.17902305722236633,0.005555206444114447
50x50 largo,2059,2635520.0,0.13859987258911133,0.125,,,2.0,4.0,3.01171875,0.9005999565124512,0.4585937559604645,0.5615835189819336,0.008399623446166515,0.23980233073234558,0.00602586567401886
50x50 largo,2060,2636800.0,0.07973138242959976,0.0625,,,1.0,5.0,3.194531202316284,0.9025499820709229,0.46074220538139343,0.5640055537223816,0.0011899698292836547,0.1992713212966919,0.0034636608324944973
50x50 largo,2061,2638080.0,0.07052549719810486,0.0625,,,1.0,2.0,3.25,0.9046750068664551,0.42460939288139343,0.5895362496376038,0.004398340359330177,0.15795442461967468,0.002941163256764412
50x50 largo,2062,2639360.0,0.1293802559375763,0.125,,,2.0,1.0,3.2445313930511475,0.9062749743461609,0.44941407442092896,0.5701919198036194,0.006818211171776056,0.17475289106369019,0.0036620183382183313
50x50 largo,2063,2640640.0,0.13322573900222778,0.125,,,2.0,2.0,3.2242188453674316,0.9087499380111694,0.470703125,0.5661489963531494,0.0009746865835040808,0.16085311770439148,0.005401954986155033
50x50 largo,2064,2641920.0,0.19798962771892548,0.1875,,,3.0,3.0,3.258593797683716,0.9104000329971313,0.4996093809604645,0.5648231506347656,0.0014007019344717264,0.2524053752422333,0.009244747459888458
50x50 largo,2065,2643200.0,0.06362562626600266,0.0625,,,1.0,0.0,3.200000047683716,0.9121999740600586,0.4791015684604645,0.5417556762695312,0.005641619209200144,0.20015905797481537,0.0027489098720252514
50x50 largo,2066,2644480.0,0.12935462594032288,0.125,,,2.0,1.0,3.2007813453674316,0.9141249656677246,0.42578125,0.563073456287384,0.0018404501024633646,0.21347592771053314,0.0056118713691830635
50x50 largo,2067,2645760.0,0.12888400256633759,0.125,,,2.0,1.0,3.135937452316284,0.9149749279022217,0.4296875,0.5583662986755371,0.000865632202476263,0.18221083283424377,0.006434643641114235
50x50 largo,2068,2647040.0,0.1327899992465973,0.125,,,2.0,2.0,3.015625,0.9163999557495117,0.44550782442092896,0.5722098350524902,0.005386208184063435,0.2073672115802765,0.005623648874461651
50x50 largo,2069,2648320.0,0.0724596232175827,0.0625,,,1.0,3.0,3.178906202316284,0.9172499775886536,0.46601563692092896,0.5457923412322998,0.006223983597010374,0.18941712379455566,0.00329658598639071
50x50 largo,2070,2649600.0,0.1946685016155243,0.1875,,,3.0,2.0,3.1898438930511475,0.9186499118804932,0.412109375,0.5374812483787537,0.0027762153185904026,0.2010543793439865,0.007435221690684557
50x50 largo,2071,2650880.0,0.12920862436294556,0.125,,,2.0,1.0,3.0882813930511475,0.9190999269485474,0.4244140684604645,0.5393271446228027,0.0034189396537840366,0.1636195331811905,0.005859365686774254
50x50 largo,2072,2652160.0,0.1317404955625534,0.125,,,2.0,2.0,3.0992188453674316,0.9200249910354614,0.39238283038139343,0.5200232267379761,0.006831240840256214,0.14710721373558044,0.0049084248021245
50x50 largo,2073,2653440.0,0.31579309701919556,0.3125,,,5.0,1.0,2.8539063930511475,0.920324981212616,0.3666015565395355,0.5223203897476196,0.002099900972098112,0.1545843780040741,0.009626608341932297
50x50 largo,2074,2654720.0,0.06586311757564545,0.0625,,,1.0,1.0,2.776562452316284,0.9204999804496765,0.3970703184604645,0.5283538699150085,0.0040396894328296185,0.1635400354862213,0.0031774472445249557
50x50 largo,2075,2656000.0,0.07369937002658844,0.0625,,,1.0,3.0,2.891406297683716,0.9212499856948853,0.4330078065395355,0.5379099249839783,0.004468474071472883,0.14981037378311157,0.0029827728867530823
50x50 largo,2076,2657280.0,0.06597887724637985,0.0625,,,1.0,1.0,2.967968702316284,0.9215999841690063,0.43632814288139343,0.5508492588996887,0.005493826232850552,0.20005130767822266,0.003196274396032095
50x50 largo,2077,2658560.0,0.1876901090145111,0.1875,,,3.0,0.0,2.8882813453674316,0.9219250082969666,0.4683593809604645,0.55237877368927,0.0017050188034772873,0.16482609510421753,0.007471421733498573
50x50 largo,2078,2659840.0,0.0033271252177655697,0.0,,,0.0,1.0,2.764843702316284,0.9222750067710876,0.4634765684604645,0.5374259948730469,0.0007212066557258368,0.17964619398117065,0.0001894002198241651
50x50 largo,2079,2661120.0,0.25649499893188477,0.25,,,4.0,2.0,2.71484375,0.9226750135421753,0.4681640565395355,0.5554656386375427,0.001991177909076214,0.16169926524162292,0.01103081926703453
50x50 largo,2080,2662400.0,0.25641900300979614,0.25,,,4.0,2.0,2.610156297683716,0.922950029373169,0.4742187559604645,0.5815645456314087,0.0028106444515287876,0.1707203984260559,0.01155021134763956
50x50 largo,2081,2663680.0,0.26584187150001526,0.25,,,4.0,5.0,2.628124952316284,0.9234249591827393,0.4839843809604645,0.5755401253700256,0.0010451439302414656,0.18781262636184692,0.011247454211115837
50x50 largo,2082,2664960.0,0.0625,0.0625,,,1.0,0.0,2.592968702316284,0.9234249591827393,0.4873046875,0.5656470060348511,0.003471597097814083,0.23225024342536926,0.0033009015023708344
50x50 largo,2083,2666240.0,0.07192975282669067,0.0625,,,1.0,3.0,2.625781297683716,0.9235249757766724,0.5123047232627869,0.5793346166610718,0.0060979644767940044,0.1615215688943863,0.0025016004219651222
50x50 largo,2084,2667520.0,0.0,0.0,,,0.0,0.0,2.6875,0.9235249757766724,0.48710939288139343,0.6014678478240967,0.001826845807954669,0.1827157437801361,6.534524436574429e-05
50x50 largo,2085,2668800.0,0.12814874947071075,0.125,,,2.0,1.0,2.6539063453674316,0.9235999584197998,0.4921875,0.5974797010421753,0.0029101702384650707,0.14834809303283691,0.006501364521682262
50x50 largo,2086,2670080.0,0.0,0.0,,,0.0,0.0,2.625,0.9235999584197998,0.5074219107627869,0.5876359939575195,0.0067041851580142975,0.24909166991710663,4.980340600013733e-05
50x50 largo,2087,2671360.0,0.06874999403953552,0.0625,,,1.0,2.0,2.649218797683716,0.9235999584197998,0.553906261920929,0.5894114375114441,0.003454427234828472,0.12945032119750977,0.0027153538540005684
50x50 largo,2088,2672640.0,0.0,0.0,,,0.0,0.0,2.6875,0.9235999584197998,0.546875,0.590747594833374,0.004041953478008509,0.2288285791873932,4.854570943280123e-05
50x50 largo,2089,2673920.0,0.06562499701976776,0.0625,,,1.0,1.0,2.717968702316284,0.9235999584197998,0.563281238079071,0.5904812812805176,0.0047239260748028755,0.14803442358970642,0.002732594031840563
50x50 largo,2090,2675200.0,0.0,0.0,,,0.0,0.0,2.6875,0.9235999584197998,0.566601574420929,0.5952507257461548,0.003464572597295046,0.2003045529127121,5.779452476417646e-05
50x50 largo,2091,2676480.0,0.07291974872350693,0.0625,,,1.0,3.0,2.745312452316284,0.9242249727249146,0.568359375,0.5519680976867676,0.00573192723095417,0.18053242564201355,0.003333009546622634
50x50 largo,2092,2677760.0,0.0698353722691536,0.0625,,,1.0,1.0,2.7750000953674316,0.9263249635696411,0.5992187857627869,0.5543121099472046,0.0037097232416272163,0.1605849266052246,0.0007609674939885736
50x50 largo,2093,2679040.0,0.13190136849880219,0.125,,,2.0,1.0,2.79296875,0.9286499619483948,0.630859375,0.5387844443321228,0.005234073381870985,0.13616064190864563,0.0063586365431547165
50x50 largo,2094,2680320.0,0.13148437440395355,0.125,,,2.0,1.0,2.6968750953674316,0.9318249821662903,0.640820324420929,0.5474917888641357,0.005819967016577721,0.1603681594133377,0.0064631071873009205
50x50 largo,2095,2681600.0,0.07202950119972229,0.0625,,,1.0,3.0,2.8070313930511475,0.9320499897003174,0.615429699420929,0.5442132353782654,0.0013250624760985374,0.15606090426445007,0.003301721764728427
50x50 largo,2096,2682880.0,0.06632350385189056,0.0625,,,1.0,1.0,2.813281297683716,0.9330999851226807,0.6259765625,0.5270038843154907,0.0012082727625966072,0.15978208184242249,0.0032598681282252073
50x50 largo,2097,2684160.0,0.06575950235128403,0.0625,,,1.0,1.0,2.7679688930511475,0.9333499670028687,0.6099609732627869,0.5433776378631592,0.00485056359320879,0.1670178472995758,0.0026743593625724316
50x50 largo,2098,2685440.0,0.003343750024214387,0.0,,,0.0,1.0,2.821093797683716,0.9337499737739563,0.6357421875,0.5408989787101746,0.0019852137193083763,0.18304288387298584,3.203822416253388e-05
50x50 largo,2099,2686720.0,0.0006776254158467054,0.0,,,0.0,0.0,2.875,0.9350999593734741,0.6474609375,0.5597074031829834,0.0030561862513422966,0.1837729811668396,1.666926618781872e-05
50x50 largo,2100,2688000.0,3.1375027901958674e-05,0.0,,,0.0,0.0,2.875,0.9351750016212463,0.632031261920929,0.509918212890625,0.006468451581895351,0.176680326461792,1.1449938938312698e-05
50x50 largo,2101,2689280.0,0.06257612258195877,0.0625,,,1.0,0.0,2.8734376430511475,0.9353500008583069,0.655468761920929,0.5192199349403381,0.0033277575857937336,0.1628023087978363,0.003342923242598772
50x50 largo,2102,2690560.0,0.12512050569057465,0.125,,,2.0,0.0,2.742968797683716,0.9355999827384949,0.6507812738418579,0.5390303730964661,0.0036448899190872908,0.12918072938919067,0.005728892982006073
50x50 largo,2103,2691840.0,0.06564762443304062,0.0625,,,1.0,1.0,2.6664063930511475,0.9356499910354614,0.652148425579071,0.5480120182037354,0.0058600581251084805,0.20131725072860718,0.0031005728524178267
50x50 largo,2104,2693120.0,0.0687597468495369,0.0625,,,1.0,2.0,2.739062547683716,0.9356749653816223,0.6103515625,0.5379346013069153,0.001001307973638177,0.12470816820859909,0.0032491155434399843
50x50 largo,2105,2694400.0,0.06256062537431717,0.0625,,,1.0,0.0,2.727343797683716,0.9357999563217163,0.608203113079071,0.5453455448150635,0.004962063394486904,0.13523702323436737,0.003267844207584858
50x50 largo,2106,2695680.0,1.1000000085914508e-05,0.0,,,0.0,0.0,2.6875,0.935824990272522,0.5951172113418579,0.5363861322402954,0.0019489462720230222,0.21782192587852478,1.8780730897560716e-05
50x50 largo,2107,2696960.0,0.0625,0.0625,,,1.0,0.0,2.6382813453674316,0.935824990272522,0.5888671875,0.5307803153991699,0.0015473449602723122,0.10553562641143799,0.002923456486314535
50x50 largo,2108,2698240.0,0.06250787526369095,0.0625,,,1.0,0.0,2.62109375,0.9358499646186829,0.6025390625,0.5573195219039917,0.002078407909721136,0.1410892903804779,0.0033191232942044735
50x50 largo,2109,2699520.0,0.1875077486038208,0.1875,,,3.0,0.0,2.5218751430511475,0.9358749389648438,0.572265625,0.5486545562744141,0.005598326679319143,0.23899009823799133,0.01040936354547739
50x50 largo,2110,2700800.0,0.5969483852386475,0.0625,,,1.0,19.0,1.2921875715255737,0.039274998009204865,0.661914050579071,0.5324477553367615,0.0039200689643621445,0.24111130833625793,0.010174448601901531
50x50 largo,2111,2702080.0,0.8451513051986694,0.0,,,0.0,13.0,1.60546875,0.108924999833107,0.6751953363418579,0.49614983797073364,0.0010087040718644857,0.3162536025047302,0.0034768092446029186
50x50 largo,2112,2703360.0,0.5647498965263367,0.0,,,0.0,5.0,2.1234376430511475,0.15997499227523804,0.6490234732627869,0.4920973479747772,0.0032148496247828007,0.2785027027130127,0.0011439609806984663
50x50 largo,2113,2704640.0,0.5062587857246399,0.0625,,,1.0,7.0,2.4632813930511475,0.20132499933242798,0.663281261920929,0.5432411432266235,0.006798140704631805,0.20203645527362823,0.0016400685999542475
50x50 largo,2114,2705920.0,0.4224177598953247,0.0,,,0.0,7.0,2.907031297683716,0.24269999563694,0.6630859375,0.5276886224746704,0.0015464924508705735,0.1689123511314392,0.0003488866495899856
50x50 largo,2115,2707200.0,0.48293888568878174,0.0625,,,1.0,5.0,3.2125000953674316,0.2871749997138977,0.666210949420929,0.5371299386024475,0.0030312156304717064,0.17457863688468933,0.003325850935652852
50x50 largo,2116,2708480.0,0.39775311946868896,0.0,,,0.0,3.0,3.5218751430511475,0.33285000920295715,0.6566406488418579,0.529165506362915,0.001064562238752842,0.2537494897842407,0.00043847219785675406
50x50 largo,2117,2709760.0,0.34703925251960754,0.0,,,0.0,2.0,3.578125,0.37607499957084656,0.6419922113418579,0.5579866170883179,0.0025964071974158287,0.20139345526695251,0.00019464539946056902
50x50 largo,2118,2711040.0,0.38346052169799805,0.0625,,,1.0,0.0,3.6390626430511475,0.4199249744415283,0.611328125,0.5733823180198669,0.005067368503659964,0.13805672526359558,0.0034037544392049313
50x50 largo,2119,2712320.0,0.3631611466407776,0.0625,,,1.0,1.0,3.589062452316284,0.46412497758865356,0.5947265625,0.5699043273925781,0.005485497880727053,0.18812721967697144,0.0026723439805209637
50x50 largo,2120,2713600.0,0.309990257024765,0.0,,,0.0,0.0,3.625,0.5149499773979187,0.576171875,0.5758112668991089,0.007341304793953896,0.3094819188117981,0.00016180859529413283
50x50 largo,2121,2714880.0,0.38503289222717285,0.125,,,2.0,0.0,3.534374952316284,0.5609999895095825,0.5531250238418579,0.5675280094146729,0.001167844980955124,0.18575438857078552,0.00443512387573719
50x50 largo,2122,2716160.0,0.2953353524208069,0.0625,,,1.0,1.0,3.481250047683716,0.6062500476837158,0.537890613079071,0.5609792470932007,0.0019060657359659672,0.1277545690536499,0.0033832674380391836
50x50 largo,2123,2717440.0,0.27634626626968384,0.0625,,,1.0,1.0,3.4820313453674316,0.6525499820709229,0.5433593988418579,0.5625275373458862,0.0020190607756376266,0.16415482759475708,0.002971736015751958
50x50 largo,2124,2718720.0,0.1939021348953247,0.0,,,0.0,2.0,3.530468702316284,0.7010999917984009,0.529492199420929,0.568850040435791,0.004072460345923901,0.2328074872493744,0.00017235823906958103
50x50 largo,2125,2720000.0,0.3150211572647095,0.125,,,2.0,2.0,3.6695313453674316,0.7531249523162842,0.5619140863418579,0.5682395696640015,0.0029374444857239723,0.1724998950958252,0.00626717321574688
50x50 largo,2126,2721280.0,0.19934213161468506,0.0625,,,1.0,2.0,3.69921875,0.7960749864578247,0.570507824420929,0.5613417625427246,0.004615373443812132,0.21720010042190552,0.0034220085944980383
50x50 largo,2127,2722560.0,0.28585314750671387,0.1875,,,3.0,0.0,3.5960938930511475,0.835349977016449,0.6097656488418579,0.5421842336654663,0.004672073759138584,0.1961253136396408,0.015672795474529266
50x50 largo,2128,2723840.0,0.6968768835067749,0.625,,,10.0,3.0,3.184375047683716,0.8657000064849854,0.617382824420929,0.5292913913726807,0.002350463531911373,0.22135348618030548,0.025224879384040833
50x50 largo,2129,2725120.0,0.6122584939002991,0.5625,,,9.0,3.0,2.87109375,0.8875499963760376,0.615039050579071,0.5378613471984863,0.0015856839017942548,0.2673660218715668,0.02748163416981697
50x50 largo,2130,2726400.0,0.547885000705719,0.5,,,8.0,4.0,2.469531297683716,0.9047499895095825,0.59765625,0.5477733016014099,0.004239375703036785,0.19237777590751648,0.019404632970690727
50x50 largo,2131,2727680.0,0.3024882674217224,0.25,,,4.0,8.0,2.526562452316284,0.9169249534606934,0.6103515625,0.5513901114463806,0.0025189819280058146,0.2772200107574463,0.01058301329612732
50x50 largo,2132,2728960.0,0.41345739364624023,0.375,,,6.0,7.0,2.723437547683716,0.9262749552726746,0.5804687738418579,0.559788703918457,0.0077239274978637695,0.25541114807128906,0.019912637770175934
50x50 largo,2133,2730240.0,0.2663072347640991,0.25,,,4.0,2.0,2.717968702316284,0.9317499399185181,0.562695324420929,0.5522687435150146,0.0031178873032331467,0.17246194183826447,0.011908585205674171
50x50 largo,2134,2731520.0,0.08948225528001785,0.0625,,,1.0,7.0,2.848437547683716,0.9358499646186829,0.599414050579071,0.5514782071113586,0.000863583292812109,0.17751771211624146,0.002567798364907503
50x50 largo,2135,2732800.0,0.07577725499868393,0.0625,,,1.0,3.0,3.0570313930511475,0.9393249750137329,0.576953113079071,0.5575636625289917,0.001162380212917924,0.19026188552379608,0.0035596597008407116
50x50 largo,2136,2734080.0,0.07102588564157486,0.0625,,,1.0,2.0,3.1617188453674316,0.941724956035614,0.596484363079071,0.5380715727806091,0.008315155282616615,0.2759339213371277,0.0025511858984827995
50x50 largo,2137,2735360.0,0.013792501762509346,0.0,,,0.0,4.0,3.328906297683716,0.9434999227523804,0.6480469107627869,0.5637014508247375,0.004710526205599308,0.26585060358047485,0.0003087349177803844
50x50 largo,2138,2736640.0,0.20487023890018463,0.1875,,,3.0,5.0,3.51953125,0.9459749460220337,0.6255859732627869,0.5503207445144653,0.002285710535943508,0.16463299095630646,0.009286629036068916
50x50 largo,2139,2737920.0,0.13217024505138397,0.125,,,2.0,2.0,3.55859375,0.9474499821662903,0.6421875357627869,0.5673707127571106,0.007216361351311207,0.19481223821640015,0.004892056807875633
50x50 largo,2140,2739200.0,0.06773549318313599,0.0625,,,1.0,1.0,3.539843797683716,0.9499749541282654,0.6087890863418579,0.5542148351669312,0.0029352966230362654,0.21820852160453796,0.00302317226305604
50x50 largo,2141,2740480.0,0.19806724786758423,0.1875,,,3.0,3.0,3.5484375953674316,0.9515999555587769,0.5707031488418579,0.5631449222564697,0.005197120364755392,0.18006809055805206,0.00759059377014637
50x50 largo,2142,2741760.0,0.131954625248909,0.125,,,2.0,2.0,3.5406250953674316,0.9527750015258789,0.564453125,0.5477677583694458,0.001191072864457965,0.1566668003797531,0.009034750983119011
50x50 largo,2143,2743040.0,0.06653288006782532,0.0625,,,1.0,1.0,3.58203125,0.9541999697685242,0.570507824420929,0.5559031963348389,0.0009074500994756818,0.14314013719558716,0.003331452142447233
50x50 largo,2144,2744320.0,0.13140086829662323,0.125,,,2.0,2.0,3.5406250953674316,0.9544499516487122,0.583203136920929,0.5615500807762146,0.005663109011948109,0.16446036100387573,0.005905118305236101
50x50 largo,2145,2745600.0,0.12845250964164734,0.125,,,2.0,1.0,3.5960938930511475,0.9550249576568604,0.572460949420929,0.5544660091400146,0.008889779448509216,0.17535504698753357,0.006271137855947018
50x50 largo,2146,2746880.0,0.06278499960899353,0.0625,,,1.0,0.0,3.44921875,0.9553999900817871,0.4917968809604645,0.5443940162658691,0.0033972898963838816,0.21627387404441833,0.0027949910145252943
50x50 largo,2147,2748160.0,0.3760499954223633,0.375,,,6.0,0.0,3.342968702316284,0.9571749567985535,0.47968751192092896,0.5452330112457275,0.0008130912901833653,0.22039854526519775,0.017460092902183533
50x50 largo,2148,2749440.0,0.1971636265516281,0.1875,,,3.0,3.0,3.075000047683716,0.9576999545097351,0.49199220538139343,0.53289395570755,0.0013434458523988724,0.16788005828857422,0.00928456149995327
50x50 largo,2149,2750720.0,0.438138484954834,0.4375,,,7.0,0.0,2.8460938930511475,0.9591749906539917,0.49609375,0.5198156833648682,0.002782858442515135,0.20189911127090454,0.018501751124858856
50x50 largo,2150,2752000.0,0.32242900133132935,0.3125,,,5.0,3.0,2.5375001430511475,0.960224986076355,0.5072265863418579,0.5157687067985535,0.004595537204295397,0.24964553117752075,0.014556994661688805
50x50 largo,2151,2753280.0,0.6437499523162842,0.625,,,10.0,6.0,2.3109376430511475,0.960224986076355,0.46699219942092896,0.5178384780883789,0.005222016014158726,0.27962958812713623,0.0249941423535347
50x50 largo,2152,2754560.0,0.3847939968109131,0.375,,,6.0,3.0,2.049999952316284,0.9610249996185303,0.4869140684604645,0.5170230269432068,0.005271639674901962,0.18498441576957703,0.023006442934274673
50x50 largo,2153,2755840.0,0.08496550470590591,0.0625,,,1.0,7.0,2.321093797683716,0.9624249935150146,0.5083984732627869,0.5196065306663513,0.001404070993885398,0.2824137508869171,0.003464022884145379
50x50 largo,2154,2757120.0,0.14382025599479675,0.125,,,2.0,6.0,2.573437452316284,0.9625999927520752,0.5240234732627869,0.534336507320404,0.00341983325779438,0.1762976348400116,0.006640251725912094
50x50 largo,2155,2758400.0,0.2662573456764221,0.25,,,4.0,5.0,2.664843797683716,0.9638499617576599,0.509960949420929,0.5329230427742004,0.0008377798367291689,0.20865672826766968,0.009975811466574669
50x50 largo,2156,2759680.0,0.18761049211025238,0.1875,,,3.0,0.0,2.6773438453674316,0.9641749858856201,0.5208984613418579,0.5375674962997437,0.0014556962996721268,0.14245156943798065,0.009393023326992989
50x50 largo,2157,2760960.0,0.012500000186264515,0.0,,,0.0,4.0,2.664843797683716,0.9641749858856201,0.525390625,0.5245636105537415,0.0017287719529122114,0.22176066040992737,0.0002509610203560442
50x50 largo,2158,2762240.0,0.07193725556135178,0.0625,,,1.0,3.0,2.8460938930511475,0.9642750024795532,0.5445312857627869,0.5278739929199219,0.004068216308951378,0.17753775417804718,0.00247947103343904
50x50 largo,2159,2763520.0,0.26249998807907104,0.25,,,4.0,4.0,2.9234375953674316,0.9642750024795532,0.565625011920929,0.5154139995574951,0.008645059540867805,0.24492904543876648,0.009605638682842255
50x50 largo,2160,2764800.0,0.012523875571787357,0.0,,,0.0,4.0,3.0296876430511475,0.9643250107765198,0.593554675579071,0.5333099365234375,0.0024133268743753433,0.1948046237230301,0.00015959999291226268
50x50 largo,2161,2766080.0,0.2564307451248169,0.25,,,4.0,2.0,3.1898438930511475,0.9646499752998352,0.5748047232627869,0.5438406467437744,0.002323842141777277,0.1744951605796814,0.011958646588027477
50x50 largo,2162,2767360.0,0.00329400016926229,0.0,,,0.0,1.0,3.086718797683716,0.9649749398231506,0.548046886920929,0.5308254957199097,0.0053301528096199036,0.22712071239948273,0.00014093387289904058
50x50 largo,2163,2768640.0,0.06259562820196152,0.0625,,,1.0,0.0,3.110156297683716,0.9651999473571777,0.5804687738418579,0.5505349636077881,0.001859376672655344,0.17330315709114075,0.003357737325131893
50x50 largo,2164,2769920.0,0.13136275112628937,0.125,,,2.0,2.0,3.0453126430511475,0.9655749797821045,0.5533203482627869,0.5417499542236328,0.003229378489777446,0.14874444901943207,0.006303934846073389
50x50 largo,2165,2771200.0,0.06893449276685715,0.0625,,,1.0,2.0,3.0648438930511475,0.9661749601364136,0.5380859375,0.5382236838340759,0.0004955856129527092,0.13701994717121124,0.0030929045751690865
50x50 largo,2166,2772480.0,0.07234650105237961,0.0625,,,1.0,3.0,3.200000047683716,0.9671999216079712,0.5648437738418579,0.5341711044311523,0.0025683478452265263,0.12399789690971375,0.0033638724125921726
50x50 largo,2167,2773760.0,0.375,0.375,,,6.0,0.0,3.0296876430511475,0.9671999216079712,0.570507824420929,0.5427615642547607,0.001496578915975988,0.20490160584449768,0.015041491016745567
50x50 largo,2168,2775040.0,0.31584635376930237,0.3125,,,5.0,1.0,2.733593702316284,0.9677499532699585,0.541015625,0.5342258810997009,0.004580996930599213,0.1927722841501236,0.017011500895023346
50x50 largo,2169,2776320.0,0.3812499940395355,0.375,,,6.0,2.0,2.481250047683716,0.9677499532699585,0.5234375,0.5286262035369873,0.0032017820049077272,0.21238842606544495,0.015548864379525185
50x50 largo,2170,2777600.0,0.13149762153625488,0.125,,,2.0,2.0,2.35546875,0.9684999585151672,0.5435547232627869,0.5106147527694702,0.005192475859075785,0.18085265159606934,0.005402143578976393
50x50 largo,2171,2778880.0,0.3251189887523651,0.3125,,,5.0,4.0,2.3671875,0.9688999652862549,0.5755859613418579,0.5207046866416931,0.005887742154300213,0.2583593428134918,0.01469065435230732
50x50 largo,2172,2780160.0,0.38754820823669434,0.375,,,6.0,4.0,2.311718702316284,0.968999981880188,0.5533203482627869,0.5131198167800903,0.0026929411105811596,0.1877698004245758,0.019958706572651863
50x50 largo,2173,2781440.0,0.3218749761581421,0.3125,,,5.0,3.0,2.1156251430511475,0.968999981880188,0.5576171875,0.51331627368927,0.000785285490565002,0.1881893128156662,0.0120722446590662
50x50 largo,2174,2782720.0,0.19687500596046448,0.1875,,,3.0,3.0,2.039843797683716,0.968999981880188,0.548046886920929,0.5105521082878113,0.0021428416948765516,0.14995217323303223,0.009169427677989006
50x50 largo,2175,2784000.0,0.07499999552965164,0.0625,,,1.0,4.0,2.223437547683716,0.968999981880188,0.562695324420929,0.5102032423019409,0.0016552318120375276,0.17479208111763,0.0035973284393548965
50x50 largo,2176,2785280.0,0.203125,0.1875,,,3.0,5.0,2.3609375953674316,0.968999981880188,0.552929699420929,0.5157523155212402,0.0019471247214823961,0.12402701377868652,0.009019728749990463
50x50 largo,2177,2786560.0,0.06874999403953552,0.0625,,,1.0,2.0,2.4398438930511475,0.968999981880188,0.550976574420929,0.5158171653747559,0.0017926699947565794,0.20146150887012482,0.003152786986902356
50x50 largo,2178,2787840.0,0.12819649279117584,0.125,,,2.0,1.0,2.44921875,0.9691749811172485,0.5462890863418579,0.5106971263885498,0.006128416862338781,0.16991737484931946,0.0065378909930586815
50x50 largo,2179,2789120.0,0.203125,0.1875,,,3.0,5.0,2.5218751430511475,0.9691749811172485,0.5833984613418579,0.49704957008361816,0.009992075152695179,0.24832744896411896,0.009358571842312813
50x50 largo,2180,2790400.0,0.0031250000465661287,0.0,,,0.0,1.0,2.5625,0.9691749811172485,0.595703125,0.5350943803787231,0.0037890938110649586,0.23581290245056152,0.00016447791131213307
50x50 largo,2181,2791680.0,0.009508250281214714,0.0,,,0.0,3.0,2.6625001430511475,0.9694749712944031,0.5824218988418579,0.5212712287902832,0.0014618121786043048,0.15995439887046814,0.00013391974789556116
50x50 largo,2182,2792960.0,0.2031249850988388,0.1875,,,3.0,5.0,2.7796876430511475,0.9694749712944031,0.594921886920929,0.5267449617385864,0.0039279889315366745,0.1974593997001648,0.008681796491146088
50x50 largo,2183,2794240.0,0.19394312798976898,0.1875,,,3.0,2.0,2.80078125,0.9698499441146851,0.5765625238418579,0.5381368398666382,0.0016370612429454923,0.16089728474617004,0.007347243372350931
50x50 largo,2184,2795520.0,0.06563687324523926,0.0625,,,1.0,1.0,2.7906250953674316,0.9698749780654907,0.5630859732627869,0.5343769192695618,0.0056594908237457275,0.16329801082611084,0.0016024444485083222
50x50 largo,2185,2796800.0,0.19687499105930328,0.1875,,,3.0,3.0,2.807812452316284,0.9698749780654907,0.5298828482627869,0.5274698734283447,0.007993912324309349,0.13859708607196808,0.006703978404402733
50x50 largo,2186,2798080.0,0.0,0.0,,,0.0,0.0,2.8125,0.9698749780654907,0.5726562738418579,0.5377073884010315,0.003515191376209259,0.16517499089241028,6.376689998432994e-05
50x50 largo,2187,2799360.0,0.20000000298023224,0.1875,,,3.0,4.0,2.9156250953674316,0.9698749780654907,0.560546875,0.5370533466339111,0.003285044804215431,0.2122991681098938,0.009436252526938915
50x50 largo,2188,2800640.0,0.4861085116863251,0.0625,,,1.0,9.0,1.525781273841858,0.03265000134706497,0.669921875,0.5137782096862793,0.003321094438433647,0.20153075456619263,0.004662841092795134
50x50 largo,2189,2801920.0,1.0388401746749878,0.0,,,0.0,15.0,0.934374988079071,0.11879999935626984,0.634570300579071,0.527262806892395,0.0030952102970331907,0.3785092234611511,0.005083206109702587
50x50 largo,2190,2803200.0,0.7596306800842285,0.0,,,0.0,10.0,1.8015625476837158,0.18824999034404755,0.6015625,0.5341985821723938,0.004030819516628981,0.24484317004680634,0.0023894216865301132
50x50 largo,2191,2804480.0,0.7802383899688721,0.125,,,2.0,9.0,2.260937452316284,0.25312501192092896,0.589062511920929,0.5296716094017029,0.0008140747086144984,0.26690882444381714,0.006104784552007914
50x50 largo,2192,2805760.0,0.6340132355690002,0.0625,,,1.0,7.0,2.6226563453674316,0.31472498178482056,0.5894531607627869,0.5442794561386108,0.0011845084372907877,0.2904509902000427,0.003676207270473242
50x50 largo,2193,2807040.0,0.5078741312026978,0.0,,,0.0,5.0,3.003124952316284,0.37587499618530273,0.591992199420929,0.5393193960189819,0.0024402437265962362,0.15015816688537598,0.00047132105100899935
50x50 largo,2194,2808320.0,0.40777587890625,0.0,,,0.0,4.0,3.391406297683716,0.4296000003814697,0.5853515863418579,0.5309841632843018,0.0024072634987533092,0.13453128933906555,0.00028295221272855997
50x50 largo,2195,2809600.0,0.48473048210144043,0.125,,,2.0,4.0,3.5,0.4819750189781189,0.6001953482627869,0.5298088788986206,0.003154103411361575,0.1515074223279953,0.006008198019117117
50x50 largo,2196,2810880.0,0.5268078446388245,0.1875,,,3.0,3.0,3.5210938453674316,0.5358499884605408,0.6142578125,0.5172335505485535,0.0034793103113770485,0.25185316801071167,0.007896407507359982
50x50 largo,2197,2812160.0,0.3296038806438446,0.0,,,0.0,4.0,3.7265625,0.5936249494552612,0.6263672113418579,0.5295625925064087,0.0011078002862632275,0.19886231422424316,0.00037601112853735685
50x50 largo,2198,2813440.0,0.3107312321662903,0.0625,,,1.0,2.0,3.87109375,0.644349992275238,0.6314453482627869,0.5356143116950989,0.002366835018619895,0.17053011059761047,0.003088105469942093
50x50 largo,2199,2814720.0,0.22289839386940002,0.0,,,0.0,0.0,3.875,0.6969749927520752,0.6019531488418579,0.5327461361885071,0.002682738471776247,0.18229399621486664,0.0002331991563551128
50x50 largo,2200,2816000.0,0.22347700595855713,0.0625,,,1.0,0.0,3.84375,0.741974949836731,0.5892578363418579,0.5273716449737549,0.001755901612341404,0.14956282079219818,0.0024234119337052107
50x50 largo,2201,2817280.0,0.2815088927745819,0.125,,,2.0,1.0,3.7554688453674316,0.7932999730110168,0.6005859375,0.5478407144546509,0.0011124266311526299,0.1629696786403656,0.0035622557625174522
50x50 largo,2202,2818560.0,0.7395851612091064,0.625,,,10.0,2.0,3.4296875,0.8369499444961548,0.5882812738418579,0.551028311252594,0.0036766515113413334,0.35610002279281616,0.02296428009867668
50x50 largo,2203,2819840.0,0.7675451040267944,0.6875,,,11.0,5.0,2.890625,0.8682499527931213,0.594921886920929,0.5518321990966797,0.0023285557981580496,0.19411417841911316,0.03030501678586006
50x50 largo,2204,2821120.0,0.412339985370636,0.375,,,6.0,4.0,2.893749952316284,0.8830249905586243,0.6083984375,0.5457069873809814,0.001993249636143446,0.20959556102752686,0.015000874176621437
50x50 largo,2205,2822400.0,0.7219504714012146,0.6875,,,11.0,6.0,2.7007813453674316,0.8941999673843384,0.601757824420929,0.5368497371673584,0.0018062221352010965,0.26017478108406067,0.040214333683252335
50x50 largo,2206,2823680.0,0.4620751142501831,0.4375,,,7.0,5.0,2.4296875,0.9003999829292297,0.5611328482627869,0.5440455675125122,0.0016593853943049908,0.18291056156158447,0.017205890268087387
50x50 largo,2207,2824960.0,0.3328837454319,0.3125,,,5.0,5.0,2.293750047683716,0.90482497215271,0.5615234375,0.5433109402656555,0.0029192790389060974,0.19868165254592896,0.011238185688853264
50x50 largo,2208,2826240.0,0.2264973521232605,0.1875,,,3.0,11.0,2.589062452316284,0.9086249470710754,0.5863281488418579,0.5386172533035278,0.001331681851297617,0.18857276439666748,0.009074676781892776
50x50 largo,2209,2827520.0,0.019018501043319702,0.0,,,0.0,4.0,2.961718797683716,0.9142749905586243,0.5765625238418579,0.5533115863800049,0.004517830908298492,0.24646088480949402,0.0006993861170485616
50x50 largo,2210,2828800.0,0.19735673069953918,0.1875,,,3.0,2.0,2.9664063453674316,0.91777503490448,0.6060547232627869,0.5821363925933838,0.006765754893422127,0.2299511432647705,0.008614761754870415
50x50 largo,2211,2830080.0,0.13875462114810944,0.125,,,2.0,3.0,3.018749952316284,0.9220999479293823,0.5796875357627869,0.5719410181045532,0.004777317866683006,0.18616889417171478,0.0058221351355314255
50x50 largo,2212,2831360.0,0.14135675132274628,0.125,,,2.0,4.0,3.1304688453674316,0.9262750148773193,0.5482422113418579,0.5709255933761597,0.0020228971261531115,0.15812945365905762,0.0065095080062747
50x50 largo,2213,2832640.0,0.013529876247048378,0.0,,,0.0,3.0,3.328906297683716,0.9314249753952026,0.567187488079071,0.5682859420776367,0.0031158640049397945,0.21586871147155762,0.00042786222184076905
50x50 largo,2214,2833920.0,0.2671065032482147,0.25,,,4.0,4.0,3.35546875,0.936199963092804,0.5406250357627869,0.5789455771446228,0.004442576318979263,0.19346240162849426,0.012124618515372276
50x50 largo,2215,2835200.0,0.19681812822818756,0.1875,,,3.0,2.0,3.3187501430511475,0.939799964427948,0.525195300579071,0.5750464200973511,0.00462693627923727,0.19518586993217468,0.010461455211043358
50x50 largo,2216,2836480.0,0.3150743842124939,0.3125,,,5.0,0.0,3.250781297683716,0.9431250095367432,0.4917968809604645,0.5587606430053711,0.0020905586425215006,0.166130930185318,0.015128041617572308
50x50 largo,2217,2837760.0,0.27160024642944336,0.25,,,4.0,6.0,3.17578125,0.9473000168800354,0.5042968988418579,0.5590956211090088,0.0020549288019537926,0.22073085606098175,0.01767156645655632
50x50 largo,2218,2839040.0,0.3205939829349518,0.3125,,,5.0,2.0,3.0015625953674316,0.9493750333786011,0.4818359315395355,0.5497943162918091,0.007594660390168428,0.24006929993629456,0.012349830940365791
50x50 largo,2219,2840320.0,0.3822219967842102,0.375,,,6.0,2.0,2.778125047683716,0.9508249759674072,0.46171876788139343,0.5378860235214233,0.0030784960836172104,0.1809629499912262,0.017156144604086876
50x50 largo,2220,2841600.0,0.06900600343942642,0.0625,,,1.0,2.0,2.684375047683716,0.9512249231338501,0.443359375,0.5127983093261719,0.003640545764937997,0.1630149781703949,0.003444547997787595
50x50 largo,2221,2842880.0,0.26068276166915894,0.25,,,4.0,3.0,2.696093797683716,0.9532749652862549,0.4349609315395355,0.5148133635520935,0.001643587020225823,0.16035322844982147,0.012753352522850037
50x50 largo,2222,2844160.0,0.14178898930549622,0.125,,,2.0,5.0,2.71875,0.9553499221801758,0.43183594942092896,0.5094659924507141,0.0007626618607901037,0.19885092973709106,0.006318899802863598
50x50 largo,2223,2845440.0,0.31675976514816284,0.3125,,,5.0,1.0,2.7523438930511475,0.9573749899864197,0.43144533038139343,0.5255279541015625,0.0013310268986970186,0.17121842503547668,0.011937916278839111
50x50 largo,2224,2846720.0,0.12862224876880646,0.125,,,2.0,1.0,2.6304688453674316,0.958175003528595,0.4417968690395355,0.5232164263725281,0.0012753598857671022,0.1926974654197693,0.006432743277400732
50x50 largo,2225,2848000.0,0.06926538050174713,0.0625,,,1.0,2.0,2.6000001430511475,0.9590499401092529,0.43671876192092896,0.5131562948226929,0.002812271472066641,0.20374849438667297,0.0034328908659517765
50x50 largo,2226,2849280.0,0.3883906304836273,0.375,,,6.0,4.0,2.578906297683716,0.9606499671936035,0.42109376192092896,0.5273846387863159,0.0014000069350004196,0.1935998797416687,0.017089013010263443
50x50 largo,2227,2850560.0,0.012585749849677086,0.0,,,0.0,4.0,2.6460938453674316,0.9607999324798584,0.44218751788139343,0.5226185917854309,0.0022088850382715464,0.24028600752353668,0.00023027148563414812
50x50 largo,2228,2851840.0,0.07194837182760239,0.0625,,,1.0,3.0,2.8031251430511475,0.9609500169754028,0.43828126788139343,0.5346893072128296,0.0009707300341688097,0.2201876938343048,0.00333628011867404
50x50 largo,2229,2853120.0,0.20047074556350708,0.1875,,,3.0,4.0,2.832812547683716,0.9617749452590942,0.4339843690395355,0.5315830111503601,0.0020329048857092857,0.18045242130756378,0.0062643191777169704
50x50 largo,2230,2854400.0,0.19721224904060364,0.1875,,,3.0,3.0,2.8734376430511475,0.9624499678611755,0.4345703125,0.5308941602706909,0.0027638801839202642,0.1982521414756775,0.0045461393892765045
50x50 largo,2231,2855680.0,0.3222792446613312,0.3125,,,5.0,3.0,2.9000000953674316,0.9634499549865723,0.43437501788139343,0.5504578351974487,0.0025680605322122574,0.17894163727760315,0.01515138242393732
50x50 largo,2232,2856960.0,0.25353488326072693,0.25,,,4.0,1.0,2.66015625,0.9644249677658081,0.4605468809604645,0.5410451889038086,0.003721755463629961,0.20102837681770325,0.010182918980717659
50x50 largo,2233,2858240.0,0.1347772479057312,0.125,,,2.0,3.0,2.6820313930511475,0.965149998664856,0.4722656309604645,0.5444613099098206,0.0012053180253133178,0.22417379915714264,0.0061873686499893665
50x50 largo,2234,2859520.0,0.19699136912822723,0.1875,,,3.0,3.0,2.7328126430511475,0.965399980545044,0.46660158038139343,0.5356802940368652,0.0016553396126255393,0.15105101466178894,0.00913308747112751
50x50 largo,2235,2860800.0,0.44428548216819763,0.4375,,,7.0,2.0,2.495312452316284,0.9665999412536621,0.4789062440395355,0.5414522886276245,0.001006226404570043,0.2042696177959442,0.018916305154561996
50x50 largo,2236,2862080.0,0.2594124972820282,0.25,,,4.0,3.0,2.3203125,0.9666749835014343,0.5005859732627869,0.5368882417678833,0.002777155488729477,0.21709957718849182,0.01173429749906063
50x50 largo,2237,2863360.0,0.1315387487411499,0.125,,,2.0,2.0,2.3203125,0.9673749804496765,0.4888671934604645,0.5353225469589233,0.002808013465255499,0.19633032381534576,0.008436954580247402
50x50 largo,2238,2864640.0,0.19380837678909302,0.1875,,,3.0,2.0,2.313281297683716,0.9675250053405762,0.502734363079071,0.5392841100692749,0.004972142167389393,0.16697187721729279,0.009586182422935963
50x50 largo,2239,2865920.0,0.07224074751138687,0.0625,,,1.0,3.0,2.2992188930511475,0.9682499170303345,0.4828124940395355,0.5574676990509033,0.005319354124367237,0.17709939181804657,0.003356949659064412
50x50 largo,2240,2867200.0,0.20353135466575623,0.1875,,,3.0,5.0,2.4390625953674316,0.9693499803543091,0.4974609315395355,0.5583027005195618,0.0031580121722072363,0.20052659511566162,0.008323943242430687
50x50 largo,2241,2868480.0,0.19381262362003326,0.1875,,,3.0,2.0,2.4085938930511475,0.9695249795913696,0.4886718690395355,0.551231324672699,0.0017231614328920841,0.15569059550762177,0.007333943620324135
50x50 largo,2242,2869760.0,0.13765062391757965,0.125,,,2.0,4.0,2.489062547683716,0.9699000120162964,0.46367189288139343,0.5477720499038696,0.004414835013449192,0.17071804404258728,0.006382419727742672
50x50 largo,2243,2871040.0,0.07204912602901459,0.0625,,,1.0,3.0,2.6031250953674316,0.9703499674797058,0.4527343809604645,0.5555809736251831,0.0013763350434601307,0.16985538601875305,0.003299212781712413
50x50 largo,2244,2872320.0,0.25331124663352966,0.25,,,4.0,1.0,2.5703125,0.9709749817848206,0.44023439288139343,0.5600584149360657,0.0057039340026676655,0.1819443702697754,0.01221564318984747
50x50 largo,2245,2873600.0,0.1312953680753708,0.125,,,2.0,2.0,2.444531202316284,0.9710500240325928,0.4798828065395355,0.5472770929336548,0.0047214338555932045,0.17489582300186157,0.004945104941725731
50x50 largo,2246,2874880.0,0.06881062686443329,0.0625,,,1.0,2.0,2.5328125953674316,0.9711999893188477,0.4501953125,0.5443753004074097,0.0005767351249232888,0.12811043858528137,0.0022941124625504017
50x50 largo,2247,2876160.0,0.13124999403953552,0.125,,,2.0,2.0,2.5687501430511475,0.9711999893188477,0.46464845538139343,0.5511013865470886,0.004198420327156782,0.18986687064170837,0.0061980485916137695
50x50 largo,2248,2877440.0,0.1313062459230423,0.125,,,2.0,2.0,2.5570313930511475,0.9714249968528748,0.44511720538139343,0.5499348640441895,0.002312629483640194,0.1605076938867569,0.006399259902536869
50x50 largo,2249,2878720.0,0.07876162230968475,0.0625,,,1.0,5.0,2.5875000953674316,0.9727499485015869,0.47265625,0.538450300693512,0.00124598597176373,0.18206700682640076,0.0008541323477402329
50x50 largo,2250,2880000.0,0.01339462585747242,0.0,,,0.0,4.0,2.8687500953674316,0.9752500057220459,0.45292970538139343,0.5527917742729187,0.0010796389542520046,0.16378074884414673,0.00011588926281547174
50x50 largo,2251,2881280.0,0.19390974938869476,0.1875,,,3.0,2.0,2.979687452316284,0.9757500290870667,0.455078125,0.5513759851455688,0.0011700638569891453,0.21622800827026367,0.00922759436070919
50x50 largo,2252,2882560.0,0.06275899708271027,0.0625,,,1.0,0.0,2.9937500953674316,0.9764000177383423,0.47578126192092896,0.5462582111358643,0.002856557723134756,0.19404685497283936,0.003387512406334281
50x50 largo,2253,2883840.0,0.38151228427886963,0.375,,,6.0,2.0,2.8375000953674316,0.9772000312805176,0.4820312559604645,0.5221187472343445,0.00630590645596385,0.30678656697273254,0.027024386450648308
50x50 largo,2254,2885120.0,0.1313316375017166,0.125,,,2.0,2.0,2.632031202316284,0.9774999618530273,0.44746094942092896,0.5348916053771973,0.003517452161759138,0.2066650688648224,0.006274062674492598
50x50 largo,2255,2886400.0,0.20002973079681396,0.1875,,,3.0,4.0,2.6773438453674316,0.9775999784469604,0.47773438692092896,0.5259253978729248,0.0009823222644627094,0.1680244505405426,0.009562231600284576
50x50 largo,2256,2887680.0,0.13129612803459167,0.125,,,2.0,2.0,2.7320313453674316,0.977774977684021,0.4839843809604645,0.5154420733451843,0.0013364043552428484,0.16171935200691223,0.006421491503715515
50x50 largo,2257,2888960.0,0.19065749645233154,0.1875,,,3.0,1.0,2.6976563930511475,0.977899968624115,0.4839843809604645,0.5150541067123413,0.00189054140355438,0.16320428252220154,0.009052608162164688
50x50 largo,2258,2890240.0,0.25328826904296875,0.25,,,4.0,1.0,2.4765625,0.9784499406814575,0.4869140684604645,0.5158141851425171,0.00593110267072916,0.20174822211265564,0.010999117977917194
50x50 largo,2259,2891520.0,0.19381648302078247,0.1875,,,3.0,2.0,2.364062547683716,0.9786499738693237,0.5208984613418579,0.5077219009399414,0.0023957802914083004,0.1871139407157898,0.008652226999402046
50x50 largo,2260,2892800.0,0.20001435279846191,0.1875,,,3.0,4.0,2.481250047683716,0.9786999225616455,0.4937500059604645,0.5067234635353088,0.004888401832431555,0.1701722890138626,0.00929558277130127
50x50 largo,2261,2894080.0,0.25626862049102783,0.25,,,4.0,2.0,2.3414063453674316,0.9787749648094177,0.49394533038139343,0.5089977383613586,0.0009528369409963489,0.16040566563606262,0.008918085135519505
50x50 largo,2262,2895360.0,0.13126099109649658,0.125,,,2.0,2.0,2.299999952316284,0.9788249731063843,0.494140625,0.49378350377082825,0.005081935785710812,0.18142972886562347,0.0059136999770998955
50x50 largo,2263,2896640.0,0.01875000074505806,0.0,,,0.0,6.0,2.538281202316284,0.9788249731063843,0.5142578482627869,0.5036616921424866,0.0037135938182473183,0.2299165576696396,0.00014796116738580167
50x50 largo,2264,2897920.0,0.19062499701976776,0.1875,,,3.0,1.0,2.682812452316284,0.9788249731063843,0.5302734375,0.4942748546600342,0.001029159757308662,0.21245509386062622,0.010264133103191853
50x50 largo,2265,2899200.0,0.20314185321331024,0.1875,,,3.0,5.0,2.5414063930511475,0.9788749814033508,0.5185546875,0.5226131677627563,0.001658898894675076,0.13376294076442719,0.007559101562947035
50x50 largo,2266,2900480.0,0.44735997915267944,0.0625,,,1.0,16.0,1.8546875715255737,0.02759999968111515,0.591015636920929,0.5163079500198364,0.0034555960446596146,0.18697315454483032,0.004711910150945187
50x50 largo,2267,2901760.0,1.2239192724227905,0.0625,,,1.0,14.0,1.3601562976837158,0.12482498586177826,0.6185547113418579,0.46469223499298096,0.003242156933993101,0.291057288646698,0.0072148749604821205
50x50 largo,2268,2903040.0,0.9364296197891235,0.0,,,0.0,10.0,2.032031297683716,0.21254998445510864,0.562695324420929,0.4844522476196289,0.0007279436103999615,0.2687411904335022,0.0026396848261356354
50x50 largo,2269,2904320.0,1.0014586448669434,0.25,,,4.0,11.0,2.438281297683716,0.290024995803833,0.559765636920929,0.49823492765426636,0.001367836375720799,0.295070081949234,0.019675903022289276
50x50 largo,2270,2905600.0,0.7219709157943726,0.125,,,2.0,4.0,2.7796876430511475,0.36037498712539673,0.554492175579071,0.49961429834365845,0.003581840544939041,0.22373807430267334,0.006829984486103058
50x50 largo,2271,2906880.0,0.6373236179351807,0.125,,,2.0,4.0,2.961718797683716,0.4273749887943268,0.5406250357627869,0.4984668493270874,0.008433887735009193,0.23699745535850525,0.006880566477775574
50x50 largo,2272,2908160.0,0.49232837557792664,0.0625,,,1.0,4.0,3.0140626430511475,0.49092498421669006,0.517578125,0.4890124499797821,0.0013517668703570962,0.16152337193489075,0.0035011498257517815
50x50 largo,2273,2909440.0,0.4515935182571411,0.0625,,,1.0,3.0,3.289843797683716,0.5552499890327454,0.512499988079071,0.5126053094863892,0.004988073371350765,0.1337515115737915,0.003575908951461315
50x50 largo,2274,2910720.0,0.5893493890762329,0.25,,,4.0,5.0,3.374218702316284,0.6168999671936035,0.4613281190395355,0.5113080143928528,0.0017101800767704844,0.17585700750350952,0.01162758283317089
50x50 largo,2275,2912000.0,0.2702692747116089,0.0,,,0.0,3.0,3.492968797683716,0.6733999848365784,0.4722656309604645,0.526116132736206,0.0031145440880209208,0.23989060521125793,0.0004340256564319134
50x50 largo,2276,2913280.0,0.26805126667022705,0.0625,,,1.0,2.0,3.559375047683716,0.7242749929428101,0.5064453482627869,0.5225858092308044,0.004274865612387657,0.19489030539989471,0.002693810500204563
50x50 largo,2277,2914560.0,0.19357487559318542,0.0625,,,1.0,2.0,3.7328126430511475,0.7612749338150024,0.46855470538139343,0.5261534452438354,0.0022733306977897882,0.17416419088840485,0.0037213522009551525
50x50 largo,2278,2915840.0,0.27806076407432556,0.1875,,,3.0,1.0,3.6304688453674316,0.7898249626159668,0.46699219942092896,0.5055904984474182,0.0022048968821763992,0.16451407968997955,0.009265437722206116
50x50 largo,2279,2917120.0,0.17495939135551453,0.125,,,2.0,1.0,3.5445313453674316,0.8083249926567078,0.4291015565395355,0.5053611993789673,0.0009664120734669268,0.14787843823432922,0.0067490567453205585
50x50 largo,2280,2918400.0,0.7257111072540283,0.6875,,,11.0,5.0,3.2085938453674316,0.8181250095367432,0.451171875,0.4957050681114197,0.001954223494976759,0.16437819600105286,0.028637059032917023
50x50 largo,2281,2919680.0,0.5402162671089172,0.5,,,8.0,5.0,3.092968702316284,0.8288249969482422,0.4306640625,0.5027850866317749,0.0019513467559590936,0.19789400696754456,0.023272616788744926
50x50 largo,2282,2920960.0,0.2763184905052185,0.25,,,4.0,1.0,2.8187501430511475,0.8391500115394592,0.4390625059604645,0.515180766582489,0.0025699075777083635,0.17058728635311127,0.011424455791711807
50x50 largo,2283,2922240.0,0.09653137624263763,0.0625,,,1.0,5.0,2.893749952316284,0.8484999537467957,0.4603515565395355,0.5136445164680481,0.003072077641263604,0.19458425045013428,0.0032674612011760473
50x50 largo,2284,2923520.0,0.09797313064336777,0.0625,,,1.0,2.0,3.0859375,0.8640249371528625,0.44140625,0.525564968585968,0.001335970708169043,0.21008841693401337,0.0036636400036513805
50x50 largo,2285,2924800.0,0.034604378044605255,0.0,,,0.0,4.0,3.180468797683716,0.8771499395370483,0.4351562559604645,0.5286813974380493,0.002754373475909233,0.1974010169506073,0.0003860266297124326
50x50 largo,2286,2926080.0,0.28447312116622925,0.25,,,4.0,5.0,3.4320313930511475,0.8899749517440796,0.46269533038139343,0.5203720331192017,0.003227624576538801,0.1743542104959488,0.012789564207196236
50x50 largo,2287,2927360.0,0.14584824442863464,0.125,,,2.0,2.0,3.424999952316284,0.900475025177002,0.46308594942092896,0.533298134803772,0.0039677401073277,0.17703877389431,0.006544751580804586
50x50 largo,2288,2928640.0,0.13714849948883057,0.125,,,2.0,0.0,3.3031251430511475,0.9096750020980835,0.4759765565395355,0.5477488040924072,0.0031391456723213196,0.20336835086345673,0.006297191604971886
50x50 largo,2289,2929920.0,0.3887796401977539,0.375,,,6.0,2.0,3.1703126430511475,0.9162499904632568,0.498046875,0.5329847931861877,0.0056853932328522205,0.26531919836997986,0.023417837917804718
50x50 largo,2290,2931200.0,0.08610275387763977,0.0625,,,1.0,6.0,3.1226563453674316,0.9210749864578247,0.46210938692092896,0.5227859020233154,0.0010809050872921944,0.224994957447052,0.0037885429337620735
50x50 largo,2291,2932480.0,0.1960068643093109,0.1875,,,3.0,2.0,3.2554688453674316,0.9237499237060547,0.45136719942092896,0.5320079922676086,0.006401188671588898,0.20902657508850098,0.007664395496249199
50x50 largo,2292,2933760.0,0.3828483819961548,0.375,,,6.0,1.0,3.073437452316284,0.9283000230789185,0.4791015684604645,0.5269584059715271,0.006969419773668051,0.2078842967748642,0.015586849302053452
50x50 largo,2293,2935040.0,0.3968731164932251,0.375,,,6.0,6.0,2.936718702316284,0.9318749904632568,0.4453125,0.5213843584060669,0.0022179000079631805,0.19184748828411102,0.01602528989315033
50x50 largo,2294,2936320.0,0.1936158835887909,0.1875,,,3.0,1.0,2.9234375953674316,0.9353249669075012,0.4642578065395355,0.5053213238716125,0.0074583375826478004,0.1990063339471817,0.010318111628293991
50x50 largo,2295,2937600.0,0.2625890076160431,0.25,,,4.0,3.0,2.7554688453674316,0.939424991607666,0.4253906309604645,0.5148886442184448,0.0005778134800493717,0.19743680953979492,0.011182842776179314
50x50 largo,2296,2938880.0,0.13967950642108917,0.125,,,2.0,4.0,2.836718797683716,0.9419499635696411,0.43085938692092896,0.519536554813385,0.0021018576808273792,0.2038530707359314,0.006280305329710245
50x50 largo,2297,2940160.0,0.07907261699438095,0.0625,,,1.0,4.0,2.9296875,0.9466999769210815,0.43867188692092896,0.5278428792953491,0.0026058354414999485,0.17183040082454681,0.0021300516091287136
50x50 largo,2298,2941440.0,0.20840735733509064,0.1875,,,3.0,6.0,3.1156251430511475,0.9495999813079834,0.4544921815395355,0.5287590026855469,0.0022631471510976553,0.1482182890176773,0.009437581524252892
50x50 largo,2299,2942720.0,0.14507174491882324,0.125,,,2.0,6.0,3.3359375,0.9515249729156494,0.4296875,0.5414323210716248,0.00321031641215086,0.20810359716415405,0.006669183261692524
50x50 largo,2300,2944000.0,0.26466473937034607,0.25,,,4.0,4.0,3.520312547683716,0.9544249773025513,0.4576171934604645,0.5414688587188721,0.005147739313542843,0.19311560690402985,0.013023275882005692
50x50 largo,2301,2945280.0,0.13541361689567566,0.125,,,2.0,3.0,3.526562452316284,0.9561499953269958,0.4945312440395355,0.5305143594741821,0.0038670722860842943,0.15449629724025726,0.006468852050602436
50x50 largo,2302,2946560.0,0.1990019977092743,0.1875,,,3.0,3.0,3.522656202316284,0.9598999619483948,0.43828126788139343,0.5436916351318359,0.004472396336495876,0.18037739396095276,0.008345922455191612
50x50 largo,2303,2947840.0,0.13199976086616516,0.125,,,2.0,2.0,3.567187547683716,0.9612749814987183,0.4605468809604645,0.5366596579551697,0.0019933762960135937,0.1794687956571579,0.0068763671442866325
50x50 largo,2304,2949120.0,0.2573671340942383,0.25,,,4.0,2.0,3.4242188930511475,0.9634000062942505,0.4955078065395355,0.5307614803314209,0.0023910561576485634,0.18593645095825195,0.010295968502759933
50x50 largo,2305,2950400.0,0.3848573863506317,0.375,,,6.0,3.0,3.3578126430511475,0.964449942111969,0.5005859732627869,0.5200711488723755,0.0010727128246799111,0.18230652809143066,0.015702979639172554
50x50 largo,2306,2951680.0,0.3224717676639557,0.3125,,,5.0,3.0,3.211718797683716,0.9656749963760376,0.49140626192092896,0.5135129690170288,0.00571108516305685,0.2175290286540985,0.014990054070949554
50x50 largo,2307,2952960.0,0.19706299901008606,0.1875,,,3.0,3.0,3.16015625,0.9661749601364136,0.5283203125,0.5065380334854126,0.0032287253998219967,0.16306990385055542,0.009431838057935238
50x50 largo,2308,2954240.0,0.2566869854927063,0.25,,,4.0,2.0,3.0093750953674316,0.9672249555587769,0.5162109732627869,0.5034172534942627,0.0029401646461337805,0.17839674651622772,0.011643956415355206
50x50 largo,2309,2955520.0,0.25660860538482666,0.25,,,4.0,2.0,2.9359376430511475,0.9678249955177307,0.508593738079071,0.5135183334350586,0.0026291462127119303,0.18198023736476898,0.011168249882757664
50x50 largo,2310,2956800.0,0.1377975046634674,0.125,,,2.0,4.0,2.90234375,0.9684749841690063,0.505859375,0.503718376159668,0.0014416570775210857,0.20844502747058868,0.006617151200771332
50x50 largo,2311,2958080.0,0.13461612164974213,0.125,,,2.0,3.0,3.0210938453674316,0.9690499305725098,0.5238281488418579,0.5105922222137451,0.0008205559570342302,0.16568678617477417,0.005738317966461182
50x50 largo,2312,2959360.0,0.131589874625206,0.125,,,2.0,2.0,3.030468702316284,0.9698500037193298,0.5179687738418579,0.5119308829307556,0.005949012003839016,0.18594759702682495,0.005393735133111477
50x50 largo,2313,2960640.0,0.2752843499183655,0.25,,,4.0,8.0,3.082812547683716,0.9706000089645386,0.5152344107627869,0.5138485431671143,0.0033592586405575275,0.15618059039115906,0.00894725788384676
50x50 largo,2314,2961920.0,0.31279700994491577,0.3125,,,5.0,0.0,3.1875,0.9713499546051025,0.555468738079071,0.5229904651641846,0.003829076187685132,0.20519527792930603,0.018212206661701202
50x50 largo,2315,2963200.0,0.3227177560329437,0.3125,,,5.0,3.0,2.899218797683716,0.9736499786376953,0.5341796875,0.509414792060852,0.000860262312926352,0.15426947176456451,0.012525169178843498
50x50 largo,2316,2964480.0,0.2594367265701294,0.25,,,4.0,3.0,2.760937452316284,0.9738500118255615,0.522265613079071,0.4977891445159912,0.0019689234904944897,0.15986314415931702,0.010453663766384125
50x50 largo,2317,2965760.0,0.1939529925584793,0.1875,,,3.0,2.0,2.8179688453674316,0.9744750261306763,0.507617175579071,0.4917382299900055,0.004189539700746536,0.14549389481544495,0.009014885872602463
50x50 largo,2318,2967040.0,0.565825343132019,0.5625,,,9.0,1.0,2.465625047683716,0.9751999378204346,0.531054675579071,0.49134886264801025,0.003838818520307541,0.20484879612922668,0.02841031365096569
50x50 largo,2319,2968320.0,0.2125321328639984,0.1875,,,3.0,8.0,2.442187547683716,0.9752749800682068,0.514843761920929,0.47735369205474854,0.001847748877480626,0.1390763521194458,0.00722228828817606
50x50 largo,2320,2969600.0,0.1375424861907959,0.125,,,2.0,4.0,2.6929688453674316,0.9753999710083008,0.503125011920929,0.4661320745944977,0.0006016375846229494,0.19621475040912628,0.006590955890715122
50x50 largo,2321,2970880.0,0.19376400113105774,0.1875,,,3.0,2.0,2.6273438930511475,0.9754499197006226,0.4976562559604645,0.4872490167617798,0.006435277406126261,0.19089247286319733,0.00753085408359766
50x50 largo,2322,2972160.0,0.078125,0.0625,,,1.0,5.0,2.74609375,0.9754499197006226,0.540820300579071,0.499801367521286,0.0017872466705739498,0.18637555837631226,0.0033640661276876926
50x50 largo,2323,2973440.0,0.19069787859916687,0.1875,,,3.0,1.0,2.823437452316284,0.9757000207901001,0.5328125357627869,0.49548983573913574,0.003486726898699999,0.16696932911872864,0.009004050865769386
50x50 largo,2324,2974720.0,0.19387224316596985,0.1875,,,3.0,2.0,2.684375047683716,0.9761749505996704,0.538281261920929,0.4878994822502136,0.007491798140108585,0.14378109574317932,0.008620861917734146
50x50 largo,2325,2976000.0,0.07196037471294403,0.0625,,,1.0,3.0,2.7593750953674316,0.9764249324798584,0.47539064288139343,0.49102726578712463,0.0006153458962216973,0.16183897852897644,0.0028753604274243116
50x50 largo,2326,2977280.0,0.13131500780582428,0.125,,,2.0,2.0,2.87109375,0.9766249656677246,0.49628907442092896,0.49006330966949463,0.0018527312204241753,0.13247521221637726,0.0064988816156983376
50x50 largo,2327,2978560.0,0.20000538229942322,0.1875,,,3.0,4.0,2.840625047683716,0.9766499400138855,0.49921876192092896,0.49943017959594727,0.0025927124079316854,0.19307902455329895,0.0070802816189825535
50x50 largo,2328,2979840.0,0.3218749761581421,0.3125,,,5.0,3.0,2.875,0.9766499400138855,0.48828125,0.5014346837997437,0.001569141517393291,0.2034239023923874,0.01830402761697769
50x50 largo,2329,2981120.0,0.06570074707269669,0.0625,,,1.0,1.0,2.723437547683716,0.9768499135971069,0.47539064288139343,0.48735326528549194,0.001976344268769026,0.14009538292884827,0.0033095781691372395
50x50 largo,2330,2982400.0,0.1312623769044876,0.125,,,2.0,2.0,2.72265625,0.9768999814987183,0.4931640625,0.4797400236129761,0.0017760946648195386,0.1529008001089096,0.006284492090344429
50x50 largo,2331,2983680.0,0.1282304972410202,0.125,,,2.0,1.0,2.703125,0.9772749543190002,0.4970703125,0.48156189918518066,0.002789171412587166,0.17280042171478271,0.004211223218590021
50x50 largo,2332,2984960.0,0.2593803405761719,0.25,,,4.0,3.0,2.6507813930511475,0.9772999286651611,0.4781250059604645,0.48599445819854736,0.001284095924347639,0.1600775420665741,0.010054552927613258
50x50 largo,2333,2986240.0,0.2562500238418579,0.25,,,4.0,2.0,2.5375001430511475,0.9772999286651611,0.5042968988418579,0.4751160740852356,0.001730651594698429,0.16200074553489685,0.013764983043074608
50x50 largo,2334,2987520.0,0.20315274596214294,0.1875,,,3.0,5.0,2.5796875953674316,0.9773749709129333,0.4791015684604645,0.48110419511795044,0.001086741336621344,0.16555050015449524,0.00946225505322218
50x50 largo,2335,2988800.0,0.26249998807907104,0.25,,,4.0,4.0,2.6625001430511475,0.9773749709129333,0.46484375,0.49132224917411804,0.0030057374387979507,0.2299373745918274,0.012723922729492188
50x50 largo,2336,2990080.0,0.19375574588775635,0.1875,,,3.0,2.0,2.578906297683716,0.9773999452590942,0.4994140565395355,0.49789130687713623,0.0022432063706219196,0.12762829661369324,0.008199406787753105
50x50 largo,2337,2991360.0,0.19063961505889893,0.1875,,,3.0,1.0,2.417187452316284,0.9774499535560608,0.50390625,0.5071523189544678,0.002433822490274906,0.18782293796539307,0.003982833586633205
50x50 largo,2338,2992640.0,0.0031300000846385956,0.0,,,0.0,1.0,2.438281297683716,0.9774749875068665,0.47441408038139343,0.4952515959739685,0.002616617362946272,0.20289893448352814,0.00017719145398586988
50x50 largo,2339,2993920.0,0.14063537120819092,0.125,,,2.0,5.0,2.594531297683716,0.977524995803833,0.49531251192092896,0.499053418636322,0.0033196862787008286,0.15024802088737488,0.00400101114064455
50x50 largo,2340,2995200.0,0.07189575582742691,0.0625,,,1.0,3.0,2.7265625,0.9775999784469604,0.5054687857627869,0.504754364490509,0.0035236545372754335,0.18747691810131073,0.0033468883484601974
50x50 largo,2341,2996480.0,0.07187499850988388,0.0625,,,1.0,3.0,2.811718702316284,0.9775999784469604,0.47636720538139343,0.5126708745956421,0.001904647215269506,0.17619788646697998,0.0032568764872848988
50x50 largo,2342,2997760.0,0.31562501192092896,0.3125,,,5.0,1.0,2.891406297683716,0.9775999784469604,0.501953125,0.5110839009284973,0.003258876036852598,0.17750269174575806,0.015149546787142754
50x50 largo,2343,2999040.0,0.3125058710575104,0.3125,,,5.0,0.0,2.4554688930511475,0.9776250123977661,0.529492199420929,0.5111963748931885,0.003594198962673545,0.17575496435165405,0.015694208443164825
50x50 largo,2344,3000320.0,0.25827521085739136,0.0625,,,1.0,3.0,1.841406226158142,0.015449999831616879,0.5611328482627869,0.5249819755554199,0.0035780153702944517,0.18202117085456848,0.0035934611223638058
50x50 largo,2345,3001600.0,1.0564196109771729,0.0,,,0.0,16.0,0.542187511920929,0.10132500529289246,0.592578113079071,0.539864182472229,0.0010165125131607056,0.308761328458786,0.0035308522637933493
50x50 largo,2346,3002880.0,1.0477761030197144,0.0,,,0.0,16.0,1.536718726158142,0.1956000030040741,0.5083984732627869,0.553168535232544,0.0061501916497945786,0.3898761570453644,0.003043148433789611
50x50 largo,2347,3004160.0,1.0734177827835083,0.1875,,,3.0,8.0,2.352343797683716,0.2870499789714813,0.5064453482627869,0.550391674041748,0.0033177747391164303,0.3636408746242523,0.011645503342151642
50x50 largo,2348,3005440.0,0.700975775718689,0.0,,,0.0,6.0,2.600781202316284,0.3695499897003174,0.5257812738418579,0.5248541831970215,0.004154275171458721,0.21769294142723083,0.0009200220229104161
50x50 largo,2349,3006720.0,0.8000837564468384,0.1875,,,3.0,3.0,2.7562501430511475,0.45249998569488525,0.506054699420929,0.550588846206665,0.002344676060602069,0.20940902829170227,0.010175658389925957
50x50 largo,2350,3008000.0,0.7195919156074524,0.25,,,4.0,6.0,2.8851563930511475,0.5233999490737915,0.4535156190395355,0.5339168310165405,0.0015359119279310107,0.202600359916687,0.01286536268889904
50x50 largo,2351,3009280.0,0.4599838852882385,0.1875,,,3.0,6.0,3.026562452316284,0.5670750141143799,0.5140625238418579,0.5400952100753784,0.002915338147431612,0.19809496402740479,0.0075226412154734135
50x50 largo,2352,3010560.0,0.4304497241973877,0.25,,,4.0,5.0,2.9906251430511475,0.5980499982833862,0.5052734613418579,0.5375727415084839,0.000678860698826611,0.2310396432876587,0.016607563942670822
50x50 largo,2353,3011840.0,0.22029489278793335,0.0625,,,1.0,1.0,3.1226563453674316,0.630424976348877,0.4673828184604645,0.530756950378418,0.0016439079772680998,0.18001045286655426,0.0030061351135373116
50x50 largo,2354,3013120.0,0.3291049003601074,0.1875,,,3.0,2.0,3.108593702316284,0.6612249612808228,0.4892578125,0.5290203094482422,0.0019460860639810562,0.13075369596481323,0.009517330676317215
50x50 largo,2355,3014400.0,0.3515448570251465,0.25,,,4.0,3.0,2.967968702316284,0.6842249631881714,0.4912109375,0.5230588912963867,0.0014752437127754092,0.17479369044303894,0.010054072365164757
50x50 largo,2356,3015680.0,0.22973087430000305,0.125,,,2.0,6.0,3.05078125,0.7078499794006348,0.4384765625,0.5160911083221436,0.0011128903133794665,0.18989135324954987,0.005870870314538479
50x50 largo,2357,3016960.0,0.27018851041793823,0.1875,,,3.0,3.0,3.1585938930511475,0.7272999882698059,0.5082031488418579,0.519517183303833,0.001635582884773612,0.173085018992424,0.00871597696095705
50x50 largo,2358,3018240.0,0.33140385150909424,0.25,,,4.0,4.0,3.1898438930511475,0.7470749616622925,0.503125011920929,0.5153459906578064,0.0016014372231438756,0.21596133708953857,0.013758755289018154
50x50 largo,2359,3019520.0,0.1194089949131012,0.0625,,,1.0,0.0,3.2320313453674316,0.7652000188827515,0.46875,0.5160877704620361,0.0013868949608877301,0.17910051345825195,0.003469666000455618
50x50 largo,2360,3020800.0,0.11389200389385223,0.0625,,,1.0,2.0,3.211718797683716,0.7810750007629395,0.45683595538139343,0.5118551254272461,0.003286109073087573,0.19443082809448242,0.0032425078097730875
50x50 largo,2361,3022080.0,0.1518305093050003,0.125,,,2.0,0.0,3.163281202316284,0.7915749549865723,0.4468750059604645,0.50579833984375,0.0017553175566717982,0.18816839158535004,0.005335577763617039
50x50 largo,2362,3023360.0,0.22565075755119324,0.1875,,,3.0,1.0,3.0289063453674316,0.8048999905586243,0.41191408038139343,0.5007449984550476,0.0020390814170241356,0.17345008254051208,0.00713859498500824
50x50 largo,2363,3024640.0,0.41240912675857544,0.375,,,6.0,2.0,2.8843750953674316,0.8172249794006348,0.4429687559604645,0.5017799139022827,0.0015761589165776968,0.2017895132303238,0.018273502588272095
50x50 largo,2364,3025920.0,0.1606062650680542,0.125,,,2.0,5.0,2.858593702316284,0.8250249624252319,0.43281251192092896,0.5192326903343201,0.0019184383563697338,0.1386536955833435,0.006350364536046982
50x50 largo,2365,3027200.0,0.270111620426178,0.25,,,4.0,2.0,2.940624952316284,0.8311749696731567,0.4300781190395355,0.5037931203842163,0.0026664857286959887,0.16130384802818298,0.015409297309815884
50x50 largo,2366,3028480.0,0.08602174371480942,0.0625,,,1.0,2.0,2.85546875,0.8389999866485596,0.443359375,0.502368688583374,0.0008328150142915547,0.16554462909698486,0.003226690925657749
50x50 largo,2367,3029760.0,0.07904338836669922,0.0625,,,1.0,1.0,2.856250047683716,0.8453999757766724,0.4111328125,0.49159932136535645,0.002787373960018158,0.25953733921051025,0.0034482323098927736
50x50 largo,2368,3031040.0,0.09289025515317917,0.0625,,,1.0,5.0,3.055468797683716,0.8531500101089478,0.39921876788139343,0.48961588740348816,0.0030409819446504116,0.15692725777626038,0.003306075930595398
50x50 largo,2369,3032320.0,0.14750275015830994,0.125,,,2.0,3.0,3.077343702316284,0.860124945640564,0.4130859375,0.5003098845481873,0.003275764174759388,0.16295167803764343,0.004767345264554024
50x50 largo,2370,3033600.0,0.08632000535726547,0.0625,,,1.0,4.0,3.231250047683716,0.8663999438285828,0.4183593690395355,0.5050661563873291,0.0011077031958848238,0.14416393637657166,0.003056846559047699
50x50 largo,2371,3034880.0,0.2656265199184418,0.25,,,4.0,2.0,3.2906250953674316,0.8712500333786011,0.41132813692092896,0.499982088804245,0.0044174231588840485,0.1930587887763977,0.010530734434723854
50x50 largo,2372,3036160.0,0.13329271972179413,0.125,,,2.0,1.0,3.2164063453674316,0.8749749660491943,0.42460939288139343,0.4909552335739136,0.0036402202676981688,0.15482226014137268,0.005675159394741058
50x50 largo,2373,3037440.0,0.32509714365005493,0.3125,,,5.0,2.0,3.1484375,0.8787999749183655,0.41386720538139343,0.49045196175575256,0.001054992899298668,0.16117894649505615,0.012314156629145145
50x50 largo,2374,3038720.0,0.13732075691223145,0.125,,,2.0,2.0,2.9554688930511475,0.8822499513626099,0.42500001192092896,0.4870838224887848,0.0013395743444561958,0.1793520450592041,0.004056350793689489
50x50 largo,2375,3040000.0,0.2580997347831726,0.25,,,4.0,1.0,2.9125001430511475,0.8854999542236328,0.45488283038139343,0.4881665110588074,0.0021740105003118515,0.14971823990345,0.011562159284949303
50x50 largo,2376,3041280.0,0.33357474207878113,0.3125,,,5.0,5.0,2.79296875,0.8884999752044678,0.4195312559604645,0.48354217410087585,0.0018666120013222098,0.2115497887134552,0.015195338986814022
50x50 largo,2377,3042560.0,0.1357859969139099,0.125,,,2.0,1.0,2.8421876430511475,0.8929999470710754,0.4322265684604645,0.49628394842147827,0.001333367545157671,0.13923406600952148,0.006721755489706993
50x50 largo,2378,3043840.0,0.09068937599658966,0.0625,,,1.0,6.0,2.924999952316284,0.8987999558448792,0.4244140684604645,0.47722339630126953,0.0022902011405676603,0.14785653352737427,0.002846349496394396
50x50 largo,2379,3045120.0,0.14431814849376678,0.125,,,2.0,4.0,3.0953125953674316,0.9033999443054199,0.416015625,0.4830007255077362,0.0015725892735645175,0.14595748484134674,0.004974672570824623
50x50 largo,2380,3046400.0,0.26188987493515015,0.25,,,4.0,3.0,3.137500047683716,0.9053750038146973,0.4541015625,0.4974314570426941,0.0037148790434002876,0.18686500191688538,0.007688757963478565
50x50 largo,2381,3047680.0,0.1989542543888092,0.1875,,,3.0,3.0,3.1429688930511475,0.9071499705314636,0.3910156190395355,0.49158814549446106,0.0030041621066629887,0.1802554726600647,0.006626841612160206
50x50 largo,2382,3048960.0,0.2617711126804352,0.25,,,4.0,3.0,3.143749952316284,0.9091249704360962,0.4134765565395355,0.49860021471977234,0.0028396709822118282,0.17618641257286072,0.016359921544790268
50x50 largo,2383,3050240.0,0.205179363489151,0.1875,,,3.0,5.0,3.0757813453674316,0.910849928855896,0.3912109434604645,0.5076457262039185,0.0019524003146216273,0.1659393608570099,0.007710046600550413
50x50 largo,2384,3051520.0,0.19661088287830353,0.1875,,,3.0,2.0,3.1109375953674316,0.9133249521255493,0.4271484315395355,0.510688304901123,0.0036255777813494205,0.16330674290657043,0.007183428388088942
50x50 largo,2385,3052800.0,0.2649768590927124,0.25,,,4.0,4.0,3.069531202316284,0.9156000018119812,0.4066406190395355,0.5023078918457031,0.0021691881120204926,0.18586072325706482,0.009537188336253166
50x50 largo,2386,3054080.0,0.32358190417289734,0.3125,,,5.0,3.0,3.1156251430511475,0.9171499609947205,0.3714843690395355,0.5034730434417725,0.003129113232716918,0.16648775339126587,0.013275223784148693
50x50 largo,2387,3055360.0,0.13076438009738922,0.125,,,2.0,1.0,2.98828125,0.9191499948501587,0.4019531309604645,0.5396692752838135,0.004258892964571714,0.17502376437187195,0.00529609527438879
50x50 largo,2388,3056640.0,0.1951422393321991,0.1875,,,3.0,2.0,2.858593702316284,0.92044997215271,0.40800783038139343,0.5418186783790588,0.0015776358777657151,0.21087345480918884,0.006717029958963394
50x50 largo,2389,3057920.0,0.1320745050907135,0.125,,,2.0,2.0,2.882031202316284,0.9213749766349792,0.35722658038139343,0.5269596576690674,0.0017963084392249584,0.1813490092754364,0.005963876377791166
50x50 largo,2390,3059200.0,0.2607342302799225,0.25,,,4.0,3.0,2.8218750953674316,0.9228500127792358,0.3656249940395355,0.5333041548728943,0.004272107034921646,0.2277907431125641,0.010703684762120247
50x50 largo,2391,3060480.0,0.08574049919843674,0.0625,,,1.0,7.0,2.932812452316284,0.9241249561309814,0.3980468809604645,0.5351136922836304,0.002142414916306734,0.29131990671157837,0.0031771138310432434
50x50 largo,2392,3061760.0,0.19499298930168152,0.1875,,,3.0,2.0,3.157031297683716,0.9256249666213989,0.3871093690395355,0.5345019698143005,0.003502064384520054,0.22029301524162292,0.007488186005502939
50x50 largo,2393,3063040.0,0.3856242299079895,0.375,,,6.0,3.0,3.061718702316284,0.9271749258041382,0.39277344942092896,0.5247952938079834,0.0039842273108661175,0.18735811114311218,0.021097049117088318
50x50 largo,2394,3064320.0,0.1976969987154007,0.1875,,,3.0,3.0,2.9281251430511475,0.9279749393463135,0.40019533038139343,0.5225668549537659,0.002232861239463091,0.24312955141067505,0.006700977683067322
50x50 largo,2395,3065600.0,0.2631521224975586,0.25,,,4.0,4.0,2.921875,0.928725004196167,0.37382814288139343,0.5353049039840698,0.0030956915579736233,0.17884491384029388,0.01343907043337822
50x50 largo,2396,3066880.0,0.004380625672638416,0.0,,,0.0,1.0,2.9906251430511475,0.9300500154495239,0.39042970538139343,0.552271842956543,0.003784003434702754,0.21644628047943115,0.0003226215485483408
50x50 largo,2397,3068160.0,0.19118010997772217,0.1875,,,3.0,1.0,2.9164063930511475,0.9306750297546387,0.42363283038139343,0.5340445041656494,0.0043870434165000916,0.17903974652290344,0.0075591434724628925
50x50 largo,2398,3069440.0,0.19445812702178955,0.1875,,,3.0,2.0,2.909374952316284,0.9312750101089478,0.3843750059604645,0.5384287238121033,0.002591687021777034,0.1345823109149933,0.008568236604332924
50x50 largo,2399,3070720.0,0.12683987617492676,0.125,,,2.0,0.0,2.7132813930511475,0.9325499534606934,0.375,0.540682852268219,0.0034814244136214256,0.12817668914794922,0.006630660966038704
50x50 largo,2400,3072000.0,0.07293375581502914,0.0625,,,1.0,3.0,2.7601563930511475,0.9336499571800232,0.3392578065395355,0.5225398540496826,0.0028458014130592346,0.1942472904920578,0.002621491439640522
50x50 largo,2401,3073280.0,0.13634848594665527,0.125,,,2.0,3.0,2.81640625,0.935824990272522,0.33417969942092896,0.5077574253082275,0.004145919810980558,0.19483688473701477,0.00563563359901309
50x50 largo,2402,3074560.0,0.06953300535678864,0.0625,,,1.0,2.0,2.882031202316284,0.9368249773979187,0.3369140625,0.5331400632858276,0.0019612752366811037,0.2709163427352905,0.002355736680328846
50x50 largo,2403,3075840.0,0.004021375440061092,0.0,,,0.0,1.0,2.9515626430511475,0.9379499554634094,0.390625,0.5640349388122559,0.0023195617832243443,0.20931169390678406,7.044408994261175e-05
50x50 largo,2404,3077120.0,0.0695747509598732,0.0625,,,1.0,2.0,2.9921875,0.9390499591827393,0.3642578125,0.5700821876525879,0.003901714226230979,0.1332336664199829,0.002987710991874337
50x50 largo,2405,3078400.0,0.190951868891716,0.1875,,,3.0,1.0,3.0171875953674316,0.9395250082015991,0.3892578184604645,0.5620352625846863,0.0051788026466965675,0.19623160362243652,0.007271485403180122
50x50 largo,2406,3079680.0,0.25382199883461,0.25,,,4.0,1.0,2.850781202316284,0.9404499530792236,0.4013671875,0.5652523040771484,0.0028136568143963814,0.16071414947509766,0.01041390374302864
50x50 largo,2407,3080960.0,0.010475751012563705,0.0,,,0.0,3.0,2.8460938930511475,0.9419999718666077,0.40312501788139343,0.5525612831115723,0.006038217805325985,0.24102210998535156,0.00012665211397688836
50x50 largo,2408,3082240.0,0.01287237461656332,0.0,,,0.0,4.0,3.0726563930511475,0.9425999522209167,0.4046874940395355,0.544846773147583,0.006619274616241455,0.24241891503334045,8.651403913972899e-05
50x50 largo,2409,3083520.0,0.253366619348526,0.25,,,4.0,1.0,3.012500047683716,0.9429999589920044,0.4007812440395355,0.5664461851119995,0.0031581593211740255,0.18025335669517517,0.015101168304681778
50x50 largo,2410,3084800.0,0.12563298642635345,0.125,,,2.0,0.0,2.9398438930511475,0.9439249634742737,0.4076171815395355,0.5776636004447937,0.0017992828506976366,0.19229665398597717,0.005612571723759174
50x50 largo,2411,3086080.0,0.0066726249642670155,0.0,,,0.0,2.0,2.95703125,0.9446249604225159,0.4037109315395355,0.5655460357666016,0.0032423282973468304,0.20350435376167297,0.0001237019314430654
50x50 largo,2412,3087360.0,0.00963400024920702,0.0,,,0.0,3.0,3.063281297683716,0.9450749754905701,0.3814453184604645,0.5570953488349915,0.0014273116830736399,0.18534104526042938,5.647067882819101e-05
50x50 largo,2413,3088640.0,0.2535247504711151,0.25,,,4.0,1.0,3.085156202316284,0.9457749724388123,0.4029296934604645,0.575463056564331,0.0010711934883147478,0.2209540605545044,0.011337881907820702
50x50 largo,2414,3089920.0,0.12833687663078308,0.125,,,2.0,1.0,3.000781297683716,0.9461499452590942,0.4095703065395355,0.5677028894424438,0.0026025138795375824,0.1983705461025238,0.004806517623364925
50x50 largo,2415,3091200.0,0.06262224912643433,0.0625,,,1.0,0.0,2.8882813453674316,0.9463749527931213,0.38750001788139343,0.5696450471878052,0.002471422078087926,0.15741530060768127,0.002751127351075411
50x50 largo,2416,3092480.0,0.0658859983086586,0.0625,,,1.0,1.0,2.828125,0.9467249512672424,0.41679689288139343,0.5757097005844116,0.0008935917867347598,0.1178615465760231,0.0010729242349043489
50x50 largo,2417,3093760.0,0.256595253944397,0.25,,,4.0,2.0,2.7679688930511475,0.9472749829292297,0.4068359434604645,0.5820639133453369,0.004086112603545189,0.23922280967235565,0.010089597664773464
50x50 largo,2418,3095040.0,0.2594853639602661,0.25,,,4.0,3.0,2.73046875,0.9474499225616455,0.42851564288139343,0.5829658508300781,0.005242462269961834,0.19754809141159058,0.009879443794488907
50x50 largo,2419,3096320.0,0.13457413017749786,0.125,,,2.0,3.0,2.758593797683716,0.9477999806404114,0.4105468690395355,0.587134838104248,0.003022537799552083,0.13363510370254517,0.00452893553301692
50x50 largo,2420,3097600.0,0.0032051249872893095,0.0,,,0.0,1.0,2.8101563453674316,0.9479749798774719,0.3935546875,0.5571543574333191,0.0018940204754471779,0.19550766050815582,0.00013315555406734347
50x50 largo,2421,3098880.0,0.06306213140487671,0.0625,,,1.0,0.0,2.8101563453674316,0.9487249851226807,0.38984376192092896,0.5857759714126587,0.003342210780829191,0.20361661911010742,0.003354302141815424
50x50 largo,2422,3100160.0,0.10655836760997772,0.0,,,0.0,2.0,2.410937547683716,0.008424999192357063,0.4146484434604645,0.6059936285018921,0.0036844268906861544,0.18240004777908325,0.00026736920699477196
50x50 largo,2423,3101440.0,1.1685750484466553,0.0625,,,1.0,20.0,0.6304687857627869,0.09700000286102295,0.41582033038139343,0.6174344420433044,0.000985034042969346,0.32222819328308105,0.00748336361721158
50x50 largo,2424,3102720.0,0.9777956008911133,0.0,,,0.0,8.0,1.5085937976837158,0.18719999492168427,0.38261720538139343,0.6514405012130737,0.0062726764008402824,0.4125817120075226,0.0035366383381187916
50x50 largo,2425,3104000.0,0.8876914978027344,0.0,,,0.0,11.0,2.2203125953674316,0.2764749825000763,0.40253907442092896,0.6300911903381348,0.0028941743075847626,0.22660940885543823,0.0023806539829820395
50x50 largo,2426,3105280.0,0.8748975992202759,0.25,,,4.0,12.0,2.809375047683716,0.344124972820282,0.4185546934604645,0.635351300239563,0.0013915090821683407,0.17588894069194794,0.013354549184441566
50x50 largo,2427,3106560.0,0.8788432478904724,0.375,,,6.0,9.0,3.09765625,0.4046499729156494,0.4091796875,0.6346644163131714,0.0036812603939324617,0.26050058007240295,0.016293108463287354
50x50 largo,2428,3107840.0,0.4966106116771698,0.0625,,,1.0,5.0,3.2601563930511475,0.463949978351593,0.39824220538139343,0.6002520322799683,0.004554202780127525,0.17605632543563843,0.0035719291772693396
50x50 largo,2429,3109120.0,0.3956911265850067,0.0625,,,1.0,2.0,3.4507813453674316,0.514549970626831,0.3675781190395355,0.6141438484191895,0.0017672721296548843,0.21678526699543,0.003209525253623724
50x50 largo,2430,3110400.0,0.5461851358413696,0.3125,,,5.0,1.0,3.352343797683716,0.5538749694824219,0.3695312440395355,0.612913966178894,0.0018428318435326219,0.22372516989707947,0.011447250843048096
50x50 largo,2431,3111680.0,0.1908929944038391,0.0,,,0.0,2.0,3.362499952316284,0.5890250205993652,0.3720703125,0.6081783771514893,0.001717328792437911,0.20501741766929626,0.00043961041956208646
50x50 largo,2432,3112960.0,0.2562509775161743,0.0625,,,1.0,2.0,3.4320313930511475,0.6270250082015991,0.36796876788139343,0.6033264398574829,0.0013536789920181036,0.19224457442760468,0.0029552513733506203
50x50 largo,2433,3114240.0,0.3456963896751404,0.1875,,,3.0,2.0,3.3492188453674316,0.6607249975204468,0.36210939288139343,0.6023311614990234,0.0025831074453890324,0.18700532615184784,0.006113995797932148
50x50 largo,2434,3115520.0,0.3543360233306885,0.25,,,4.0,1.0,3.336718797683716,0.6856749653816223,0.37675783038139343,0.59403395652771,0.003990890923887491,0.177281454205513,0.009854602627456188
50x50 largo,2435,3116800.0,0.2894047498703003,0.1875,,,3.0,2.0,3.20703125,0.711074948310852,0.38496094942092896,0.576500654220581,0.0007675840170122683,0.23324060440063477,0.0075034769251942635
50x50 largo,2436,3118080.0,0.2729382812976837,0.1875,,,3.0,3.0,3.221874952316284,0.7329000234603882,0.38105469942092896,0.5969830751419067,0.004343872889876366,0.23785516619682312,0.006458827760070562
50x50 largo,2437,3119360.0,0.2635021209716797,0.1875,,,3.0,3.0,3.1070313453674316,0.7534250020980835,0.3726562559604645,0.5988954901695251,0.0015650894492864609,0.16701532900333405,0.005886520259082317
50x50 largo,2438,3120640.0,0.24858801066875458,0.1875,,,3.0,7.0,3.18359375,0.7665749788284302,0.3802734315395355,0.59944748878479,0.003254851559177041,0.18670140206813812,0.008258601650595665
50x50 largo,2439,3121920.0,0.24021100997924805,0.1875,,,3.0,3.0,3.344531297683716,0.7820500135421753,0.3792968690395355,0.596684992313385,0.0022223470732569695,0.19259807467460632,0.007252401672303677
50x50 largo,2440,3123200.0,0.23364849388599396,0.1875,,,3.0,3.0,3.3257813453674316,0.7958249449729919,0.36835938692092896,0.5879546403884888,0.006527138873934746,0.1936326026916504,0.007702912203967571
50x50 largo,2441,3124480.0,0.048655375838279724,0.0,,,0.0,4.0,3.453125,0.8101749420166016,0.35917970538139343,0.5952720642089844,0.0013939928030595183,0.18551108241081238,0.0002490367623977363
50x50 largo,2442,3125760.0,0.0918746218085289,0.0625,,,1.0,1.0,3.6000001430511475,0.8211999535560608,0.34765625,0.6019614934921265,0.0020223530009388924,0.1679600179195404,0.0030938652344048023
50x50 largo,2443,3127040.0,0.26774072647094727,0.25,,,4.0,0.0,3.422656297683716,0.8299499750137329,0.3705078065395355,0.5904315710067749,0.005554629489779472,0.15128028392791748,0.008139118552207947
50x50 largo,2444,3128320.0,0.2799937427043915,0.25,,,4.0,2.0,3.3515625,0.8407250046730042,0.3384765684604645,0.5802132487297058,0.000685565231833607,0.17949709296226501,0.008896160870790482
50x50 largo,2445,3129600.0,0.16027075052261353,0.125,,,2.0,5.0,3.350781202316284,0.8509249687194824,0.3167968690395355,0.5737882852554321,0.0021729851141572,0.1933206170797348,0.004895924590528011
50x50 largo,2446,3130880.0,0.3318902552127838,0.3125,,,5.0,2.0,3.2718751430511475,0.857824981212616,0.3173828125,0.5642896890640259,0.0030504874885082245,0.16816753149032593,0.013501356355845928
50x50 largo,2447,3132160.0,0.3329988718032837,0.3125,,,5.0,3.0,3.1898438930511475,0.8641749620437622,0.29902344942092896,0.5298563241958618,0.005836360156536102,0.1922420859336853,0.01323174312710762
50x50 largo,2448,3133440.0,0.578685998916626,0.5625,,,9.0,1.0,2.899218797683716,0.8716999292373657,0.287109375,0.528654932975769,0.0014718733727931976,0.2168777585029602,0.026569180190563202
50x50 largo,2449,3134720.0,0.0856735035777092,0.0625,,,1.0,4.0,2.7476563453674316,0.8783749341964722,0.2818359434604645,0.5319369435310364,0.001338205998763442,0.2464347779750824,0.003827297128736973
50x50 largo,2450,3136000.0,0.1366412341594696,0.125,,,2.0,1.0,2.8070313930511475,0.8842499256134033,0.2806640565395355,0.5257443189620972,0.0027473182417452335,0.20710524916648865,0.006305189803242683
50x50 largo,2451,3137280.0,0.20297789573669434,0.1875,,,3.0,2.0,2.772656202316284,0.8908249735832214,0.2900390625,0.519905686378479,0.002816591178998351,0.17958085238933563,0.008408855646848679
50x50 largo,2452,3138560.0,0.2043752521276474,0.1875,,,3.0,3.0,2.686718702316284,0.8960999250411987,0.2779296934604645,0.519845187664032,0.0005824624095112085,0.21059948205947876,0.007824085652828217
50x50 largo,2453,3139840.0,0.09456175565719604,0.0625,,,1.0,8.0,2.8843750953674316,0.9011749625205994,0.26835939288139343,0.5196388959884644,0.001965214964002371,0.1663374900817871,0.0027358876541256905
50x50 largo,2454,3141120.0,0.26482611894607544,0.25,,,4.0,3.0,3.07421875,0.9053249359130859,0.2525390684604645,0.5291202068328857,0.0017185157630592585,0.17372824251651764,0.008599935099482536
50x50 largo,2455,3142400.0,0.2686973810195923,0.25,,,4.0,4.0,3.0960938930511475,0.9104999899864197,0.24921874701976776,0.5088024735450745,0.004086177330464125,0.14579671621322632,0.009475912898778915
50x50 largo,2456,3143680.0,0.19840538501739502,0.1875,,,3.0,2.0,3.0179688930511475,0.9145499467849731,0.24765625596046448,0.5092654228210449,0.0033761393278837204,0.15947775542736053,0.0075830030255019665
50x50 largo,2457,3144960.0,0.5132516622543335,0.5,,,8.0,3.0,2.7562501430511475,0.9179749488830566,0.24355469644069672,0.5075157880783081,0.002122333273291588,0.2494395673274994,0.021107429638504982
50x50 largo,2458,3146240.0,0.13830287754535675,0.125,,,2.0,3.0,2.6734375953674316,0.9216749668121338,0.259765625,0.5010144710540771,0.001141247688792646,0.17848822474479675,0.00616835243999958
50x50 largo,2459,3147520.0,0.1318216323852539,0.125,,,2.0,1.0,2.7007813453674316,0.9255250096321106,0.234375,0.5244748592376709,0.004072089679539204,0.17416392266750336,0.006100278347730637
50x50 largo,2460,3148800.0,0.32560062408447266,0.3125,,,5.0,3.0,2.6070313453674316,0.9291499853134155,0.2763671875,0.5470707416534424,0.003971812315285206,0.19988489151000977,0.014592831954360008
50x50 largo,2461,3150080.0,0.2734217643737793,0.25,,,4.0,7.0,2.614062547683716,0.9308749437332153,0.26777344942092896,0.5333499908447266,0.001669005025178194,0.16467930376529694,0.015595952980220318
50x50 largo,2462,3151360.0,0.0770149901509285,0.0625,,,1.0,4.0,2.882031202316284,0.9332249760627747,0.2583984434604645,0.5311609506607056,0.002354913856834173,0.2083786129951477,0.002999203745275736
50x50 largo,2463,3152640.0,0.007494875229895115,0.0,,,0.0,2.0,3.022656202316284,0.9346499443054199,0.2523437440395355,0.5280680060386658,0.002150591928511858,0.19587241113185883,0.00020302721532061696
50x50 largo,2464,3153920.0,0.14209714531898499,0.125,,,2.0,5.0,3.1781251430511475,0.9363999366760254,0.2552734315395355,0.5598284006118774,0.002148869913071394,0.1830042004585266,0.0055817728862166405
50x50 largo,2465,3155200.0,0.01422250084578991,0.0,,,0.0,4.0,3.3570313453674316,0.9385749697685242,0.26152345538139343,0.5653766393661499,0.004576107021421194,0.24860146641731262,0.00013613858027383685
50x50 largo,2466,3156480.0,0.0014220005832612514,0.0,,,0.0,0.0,3.5,0.940424919128418,0.28007814288139343,0.5538718700408936,0.003515189979225397,0.21097925305366516,9.24077321542427e-05
50x50 largo,2467,3157760.0,0.12958259880542755,0.125,,,2.0,1.0,3.47265625,0.9421249628067017,0.2724609375,0.5584784150123596,0.0013671863125637174,0.16112273931503296,0.006519025191664696
50x50 largo,2468,3159040.0,0.06407900154590607,0.0625,,,1.0,0.0,3.3851563930511475,0.9440999627113342,0.2685546875,0.5622469782829285,0.0007510853465646505,0.11637915670871735,0.002800659043714404
50x50 largo,2469,3160320.0,0.1293136179447174,0.125,,,2.0,1.0,3.3023438453674316,0.9457999467849731,0.287109375,0.5870675444602966,0.007510292809456587,0.18079856038093567,0.005956901237368584
50x50 largo,2470,3161600.0,0.25421077013015747,0.25,,,4.0,1.0,3.14453125,0.947274923324585,0.3187499940395355,0.5876619219779968,0.0021044882014393806,0.2573728561401367,0.012723631225526333
50x50 largo,2471,3162880.0,0.3229351341724396,0.3125,,,5.0,3.0,2.9156250953674316,0.9487749338150024,0.33378908038139343,0.5929376482963562,0.0023422061931341887,0.20364060997962952,0.01120401918888092
50x50 largo,2472,3164160.0,0.13204900920391083,0.125,,,2.0,2.0,3.0210938453674316,0.9498999714851379,0.35234376788139343,0.5902981758117676,0.0032899067737162113,0.16985636949539185,0.006311290897428989
50x50 largo,2473,3165440.0,0.12903587520122528,0.125,,,2.0,1.0,2.917187452316284,0.9512749910354614,0.3603515625,0.5983617305755615,0.006014604587107897,0.14782941341400146,0.005862031597644091
50x50 largo,2474,3166720.0,0.19469335675239563,0.1875,,,3.0,2.0,2.922656297683716,0.9528499841690063,0.37675783038139343,0.5861267447471619,0.0011973957298323512,0.17131435871124268,0.00818829145282507
50x50 largo,2475,3168000.0,0.18836301565170288,0.1875,,,3.0,0.0,2.8343751430511475,0.9541999697685242,0.37382814288139343,0.5691957473754883,0.0019635267090052366,0.15930190682411194,0.009066571481525898
50x50 largo,2476,3169280.0,0.06917688250541687,0.0625,,,1.0,2.0,2.6703126430511475,0.9548499584197998,0.3583984375,0.5488280057907104,0.007242691703140736,0.17110644280910492,0.0034234165214002132
50x50 largo,2477,3170560.0,0.19754774868488312,0.1875,,,3.0,3.0,2.7125000953674316,0.9559500217437744,0.3408203125,0.5743089914321899,0.001126025104895234,0.17360341548919678,0.009147451259195805
50x50 largo,2478,3171840.0,0.07538750022649765,0.0625,,,1.0,4.0,2.8460938930511475,0.9566749930381775,0.33906251192092896,0.559235155582428,0.0009623898076824844,0.14890053868293762,0.0028685240540653467
50x50 largo,2479,3173120.0,0.0097850002348423,0.0,,,0.0,3.0,3.04296875,0.9573999643325806,0.31718751788139343,0.55626380443573,0.001418375875800848,0.1894843578338623,0.00012530219100881368
50x50 largo,2480,3174400.0,0.3163732588291168,0.3125,,,5.0,1.0,3.028125047683716,0.9587249755859375,0.32929688692092896,0.5636939406394958,0.003383520059287548,0.23197202384471893,0.013786191120743752
50x50 largo,2481,3175680.0,0.1973356306552887,0.1875,,,3.0,3.0,2.874218702316284,0.9596249461174011,0.30390626192092896,0.5449999570846558,0.002911686897277832,0.1775776743888855,0.007338108494877815
50x50 largo,2482,3176960.0,0.1350686252117157,0.125,,,2.0,3.0,2.94921875,0.9611999988555908,0.2978515625,0.5447566509246826,0.0034138241317123175,0.15654753148555756,0.00622992217540741
50x50 largo,2483,3178240.0,0.1317676305770874,0.125,,,2.0,2.0,2.889843702316284,0.9621750116348267,0.2884765565395355,0.5611753463745117,0.0019026815425604582,0.17675602436065674,0.0055697765201330185
50x50 largo,2484,3179520.0,0.12511824071407318,0.125,,,2.0,0.0,2.907031297683716,0.9624249935150146,0.33183595538139343,0.5880259871482849,0.006322698667645454,0.2447299212217331,0.0073117599822580814
50x50 largo,2485,3180800.0,0.0032935000490397215,0.0,,,0.0,1.0,2.828906297683716,0.9627499580383301,0.35546875,0.5735304355621338,0.0014440931845456362,0.18813757598400116,0.00018648985133040696
50x50 largo,2486,3182080.0,0.1376507580280304,0.125,,,2.0,4.0,2.934375047683716,0.9631500244140625,0.33125001192092896,0.5678123235702515,0.002164246514439583,0.17868410050868988,0.005091143772006035
50x50 largo,2487,3183360.0,0.25663474202156067,0.25,,,4.0,2.0,2.96484375,0.9639250040054321,0.3427734375,0.5808711051940918,0.0030431358609348536,0.15809643268585205,0.009123358875513077
50x50 largo,2488,3184640.0,0.19379323720932007,0.1875,,,3.0,2.0,2.840625047683716,0.9640249609947205,0.3662109375,0.582102358341217,0.001071267295628786,0.19866825640201569,0.007873300462961197
50x50 largo,2489,3185920.0,0.27205246686935425,0.25,,,4.0,7.0,2.922656297683716,0.9643999338150024,0.3675781190395355,0.5731472373008728,0.0026681292802095413,0.22305433452129364,0.012489059939980507
50x50 largo,2490,3187200.0,0.006286125164479017,0.0,,,0.0,2.0,3.0703125,0.9644749164581299,0.353515625,0.5573468208312988,0.0014556094538420439,0.21535232663154602,9.075859270524234e-05
50x50 largo,2491,3188480.0,0.06265350431203842,0.0625,,,1.0,0.0,3.1156251430511475,0.9648249745368958,0.32148438692092896,0.5533661842346191,0.004015633836388588,0.13681626319885254,0.0031198407523334026
50x50 largo,2492,3189760.0,0.12514187395572662,0.125,,,2.0,0.0,2.992968797683716,0.9651249647140503,0.33964845538139343,0.5570217967033386,0.001163741573691368,0.1588873714208603,0.0063067227602005005
50x50 largo,2493,3191040.0,0.06573149561882019,0.0625,,,1.0,1.0,2.9156250953674316,0.9653499722480774,0.3246093690395355,0.5556458830833435,0.0008279022295027971,0.16517966985702515,0.0015043503371998668
50x50 largo,2494,3192320.0,0.13754461705684662,0.125,,,2.0,4.0,2.9703125953674316,0.9654499292373657,0.33671876788139343,0.5472002029418945,0.002663734368979931,0.176846444606781,0.006389861460775137
50x50 largo,2495,3193600.0,0.1938292533159256,0.1875,,,3.0,2.0,3.039843797683716,0.965624988079071,0.3167968690395355,0.5569510459899902,0.0034053893759846687,0.2064017802476883,0.008257238194346428
50x50 largo,2496,3194880.0,0.25312501192092896,0.25,,,4.0,1.0,2.848437547683716,0.965624988079071,0.34941408038139343,0.5649726390838623,0.0036497386172413826,0.2224266529083252,0.009722212329506874
50x50 largo,2497,3196160.0,0.12824437022209167,0.125,,,2.0,1.0,2.8109376430511475,0.965874969959259,0.35332033038139343,0.529513418674469,0.004850455559790134,0.14000004529953003,0.005939855240285397
50x50 largo,2498,3197440.0,0.38134849071502686,0.375,,,6.0,2.0,2.62890625,0.9660999774932861,0.30195313692092896,0.5470879077911377,0.0033709309063851833,0.23496422171592712,0.01560283824801445
50x50 largo,2499,3198720.0,0.009410874918103218,0.0,,,0.0,3.0,2.5921876430511475,0.9661749601364136,0.33906251192092896,0.5474072098731995,0.0017950715264305472,0.1526256501674652,0.00013690371997654438
50x50 largo,2500,3200000.0,0.25314652919769287,0.25,,,4.0,1.0,2.5960938930511475,0.9662249684333801,0.3544921875,0.5566077828407288,0.0033952523954212666,0.18947479128837585,0.011742500588297844
50x50 largo,2501,3201280.0,0.9647698402404785,0.0,,,0.0,17.0,0.6796875,0.0765250027179718,0.46210938692092896,0.6191288232803345,0.007361451629549265,0.31627118587493896,0.0034899371676146984
50x50 largo,2502,3202560.0,1.2162076234817505,0.125,,,2.0,15.0,1.5671875476837158,0.17204999923706055,0.34746095538139343,0.5930604934692383,0.002120500197634101,0.36190932989120483,0.01024500373750925
50x50 largo,2503,3203840.0,0.9749952554702759,0.0625,,,1.0,12.0,2.215625047683716,0.2618749737739563,0.36894533038139343,0.617006242275238,0.002099241130053997,0.32711508870124817,0.0052597844041883945
50x50 largo,2504,3205120.0,1.1933858394622803,0.375,,,6.0,9.0,2.581249952316284,0.35394996404647827,0.3853515684604645,0.6246090531349182,0.0009708948200568557,0.2936670184135437,0.01858218014240265
50x50 largo,2505,3206400.0,0.8293768167495728,0.1875,,,3.0,6.0,2.782031297683716,0.4365749657154083,0.3955078125,0.6387138366699219,0.003895093221217394,0.2705785036087036,0.011155212298035622
50x50 largo,2506,3207680.0,0.6501030921936035,0.125,,,2.0,6.0,3.092968702316284,0.5135499835014343,0.42363283038139343,0.6403428316116333,0.0010782865574583411,0.2075885534286499,0.0053115831688046455
50x50 largo,2507,3208960.0,0.45394501090049744,0.0625,,,1.0,5.0,3.28515625,0.5791749954223633,0.4437499940395355,0.6101431846618652,0.006892649456858635,0.16366161406040192,0.0026185300666838884
50x50 largo,2508,3210240.0,0.4340113699436188,0.125,,,2.0,6.0,3.5015625953674316,0.6381250023841858,0.4068359434604645,0.604640007019043,0.003728414885699749,0.18141457438468933,0.006089863367378712
50x50 largo,2509,3211520.0,0.693252444267273,0.5,,,8.0,2.0,3.5546875,0.6818999648094177,0.40019533038139343,0.5913131833076477,0.0036291424185037613,0.30347108840942383,0.02766774408519268
50x50 largo,2510,3212800.0,0.2676275372505188,0.125,,,2.0,3.0,3.3492188453674316,0.7175999879837036,0.3511718809604645,0.5427119731903076,0.008893750607967377,0.20856334269046783,0.006060733459889889
50x50 largo,2511,3214080.0,0.47869551181793213,0.375,,,6.0,6.0,3.299999952316284,0.742650032043457,0.31269532442092896,0.5615415573120117,0.002664226107299328,0.2548164129257202,0.015522897243499756
50x50 largo,2512,3215360.0,0.21577438712120056,0.125,,,2.0,4.0,3.4117188453674316,0.7684249877929688,0.3115234375,0.5654032230377197,0.0013507127296179533,0.21800099313259125,0.004102536477148533
50x50 largo,2513,3216640.0,0.44258373975753784,0.375,,,6.0,1.0,3.34765625,0.791949987411499,0.3246093690395355,0.5320004224777222,0.0037098019383847713,0.20350317656993866,0.01489652507007122
50x50 largo,2514,3217920.0,0.3107008635997772,0.25,,,4.0,6.0,3.3734376430511475,0.8084750175476074,0.306640625,0.5384424328804016,0.0018765456043183804,0.23057590425014496,0.012119992636144161
50x50 largo,2515,3219200.0,0.2907257378101349,0.25,,,4.0,3.0,3.37890625,0.8219499588012695,0.2935546934604645,0.5057921409606934,0.005816283635795116,0.1573614776134491,0.016495535150170326
50x50 largo,2516,3220480.0,0.09887074679136276,0.0625,,,1.0,4.0,3.344531297683716,0.8331999778747559,0.2630859315395355,0.5292350053787231,0.003785198787227273,0.16402605175971985,0.0032778612803667784
50x50 largo,2517,3221760.0,0.22035251557826996,0.1875,,,3.0,4.0,3.3929688930511475,0.8433499932289124,0.2845703065395355,0.5495390892028809,0.0035054439213126898,0.20060212910175323,0.007676059380173683
50x50 largo,2518,3223040.0,0.21364709734916687,0.1875,,,3.0,3.0,3.546875,0.8524249792098999,0.3167968690395355,0.5497002005577087,0.00308828242123127,0.1620059311389923,0.00906453374773264
50x50 largo,2519,3224320.0,0.3325997591018677,0.3125,,,5.0,1.0,3.485156297683716,0.8616249561309814,0.29765626788139343,0.5384587049484253,0.0006310138269327581,0.12452557682991028,0.02287321537733078
50x50 largo,2520,3225600.0,0.017910627648234367,0.0,,,0.0,2.0,3.25390625,0.868399977684021,0.3257812559604645,0.5423865914344788,0.0028811327647417784,0.18687725067138672,0.0003563008503988385
50x50 largo,2521,3226880.0,0.08535599708557129,0.0625,,,1.0,3.0,3.4898438453674316,0.8766499757766724,0.353515625,0.5749697685241699,0.00312227220274508,0.19602999091148376,0.0032968390733003616
50x50 largo,2522,3228160.0,0.45126450061798096,0.4375,,,7.0,0.0,3.223437547683716,0.886074960231781,0.3433593809604645,0.5478204488754272,0.0039920499548316,0.2551894783973694,0.022370822727680206
50x50 largo,2523,3229440.0,0.2787218689918518,0.25,,,4.0,7.0,3.1078126430511475,0.8911999464035034,0.3499999940395355,0.5203490257263184,0.008562203496694565,0.16982504725456238,0.010672064498066902
50x50 largo,2524,3230720.0,0.20649974048137665,0.1875,,,3.0,4.0,3.2171876430511475,0.8959499597549438,0.2841796875,0.526268482208252,0.001743004540912807,0.18154671788215637,0.007755953818559647
50x50 largo,2525,3232000.0,0.3238266110420227,0.3125,,,5.0,2.0,3.2757813930511475,0.8996999859809875,0.2978515625,0.5354047417640686,0.005007272120565176,0.17606064677238464,0.02232171595096588
50x50 largo,2526,3233280.0,0.13593561947345734,0.125,,,2.0,2.0,3.08203125,0.9030749797821045,0.31640625,0.5121042132377625,0.0034921832848340273,0.23424670100212097,0.0036810473538935184
50x50 largo,2527,3234560.0,0.33601152896881104,0.3125,,,5.0,6.0,3.1578125953674316,0.907124936580658,0.30058595538139343,0.5079314708709717,0.0012624557130038738,0.23390750586986542,0.009233190678060055
50x50 largo,2528,3235840.0,0.2047438770532608,0.1875,,,3.0,4.0,3.219531297683716,0.9114749431610107,0.2806640565395355,0.5158729553222656,0.002014850964769721,0.1861557960510254,0.008989166468381882
50x50 largo,2529,3237120.0,0.08291187137365341,0.0625,,,1.0,5.0,3.3921875953674316,0.9154499769210815,0.28437501192092896,0.5251254439353943,0.0025991122238337994,0.16827213764190674,0.003057963214814663
50x50 largo,2530,3238400.0,0.20524334907531738,0.1875,,,3.0,4.0,3.58203125,0.920199990272522,0.27460938692092896,0.5139961838722229,0.001591718290001154,0.19653499126434326,0.009086651727557182
50x50 largo,2531,3239680.0,0.3221186101436615,0.3125,,,5.0,2.0,3.4789063930511475,0.9235749244689941,0.2992187440395355,0.553536593914032,0.005430500954389572,0.19612397253513336,0.018540842458605766
50x50 largo,2532,3240960.0,0.39063191413879395,0.375,,,6.0,4.0,3.1937501430511475,0.9268249869346619,0.34375,0.5126011967658997,0.006051740143448114,0.19892166554927826,0.020364239811897278
50x50 largo,2533,3242240.0,0.2606123685836792,0.25,,,4.0,3.0,3.241406202316284,0.9282749891281128,0.3111328184604645,0.5287278890609741,0.0018134373240172863,0.20557284355163574,0.014827323146164417
50x50 largo,2534,3243520.0,0.3273006081581116,0.3125,,,5.0,4.0,3.1109375953674316,0.9308749437332153,0.30390626192092896,0.514793872833252,0.001282586483284831,0.17659270763397217,0.011231672018766403
50x50 largo,2535,3244800.0,0.3154721260070801,0.3125,,,5.0,0.0,3.035937547683716,0.9339249730110168,0.3115234375,0.5336705446243286,0.0022027844097465277,0.16489435732364655,0.014437301084399223
50x50 largo,2536,3246080.0,0.20436611771583557,0.1875,,,3.0,5.0,2.932812452316284,0.9353499412536621,0.33710938692092896,0.5119166970252991,0.0010306737385690212,0.21455451846122742,0.01275142002850771
50x50 largo,2537,3247360.0,0.32287800312042236,0.3125,,,5.0,3.0,2.9000000953674316,0.9365749955177307,0.31640625,0.5168824195861816,0.0021161739714443684,0.1982506662607193,0.013468276709318161
50x50 largo,2538,3248640.0,0.27579888701438904,0.25,,,4.0,8.0,2.977343797683716,0.937624990940094,0.32050782442092896,0.5211233496665955,0.0013724652817472816,0.16983219981193542,0.015627676621079445
50x50 largo,2539,3249920.0,0.2007528841495514,0.1875,,,3.0,4.0,3.15234375,0.9386000037193298,0.3363281190395355,0.5477126836776733,0.0029736212454736233,0.16215519607067108,0.008693640120327473
50x50 largo,2540,3251200.0,0.20080462098121643,0.1875,,,3.0,4.0,3.2632813453674316,0.939674973487854,0.3427734375,0.5309769511222839,0.00413950951769948,0.2263229489326477,0.008412075228989124
50x50 largo,2541,3252480.0,0.07264024764299393,0.0625,,,1.0,3.0,3.270312547683716,0.9408000111579895,0.3335937559604645,0.519202709197998,0.0011932064080610871,0.16502952575683594,0.0024524913169443607
50x50 largo,2542,3253760.0,0.06908999383449554,0.0625,,,1.0,2.0,3.3984375,0.9412750005722046,0.29960939288139343,0.5030113458633423,0.0038391442503780127,0.16878555715084076,0.003358609275892377
50x50 largo,2543,3255040.0,0.3196292519569397,0.3125,,,5.0,2.0,3.299999952316284,0.9426499605178833,0.2884765565395355,0.5320631265640259,0.005730932112783194,0.23665475845336914,0.013403070159256458
50x50 largo,2544,3256320.0,0.25384825468063354,0.25,,,4.0,1.0,3.0796875953674316,0.943774938583374,0.3212890625,0.5049099922180176,0.003667794167995453,0.16535156965255737,0.010775274597108364
50x50 largo,2545,3257600.0,0.07523474842309952,0.0625,,,1.0,4.0,3.094531297683716,0.9441999197006226,0.3099609315395355,0.5173455476760864,0.0005467308219522238,0.15954270958900452,0.0033343671821057796
50x50 largo,2546,3258880.0,0.3787422478199005,0.375,,,6.0,1.0,3.06640625,0.9450500011444092,0.29570314288139343,0.5250394344329834,0.0014802657533437014,0.20582856237888336,0.01652700826525688
50x50 largo,2547,3260160.0,0.20369437336921692,0.1875,,,3.0,5.0,2.907031297683716,0.9458500146865845,0.31757813692092896,0.5215428471565247,0.0012837552931159735,0.16548869013786316,0.011856533586978912
50x50 largo,2548,3261440.0,0.13164323568344116,0.125,,,2.0,2.0,3.071093797683716,0.946399986743927,0.3169921934604645,0.5100179314613342,0.0028155427426099777,0.17443329095840454,0.005168912000954151
50x50 largo,2549,3262720.0,0.14089548587799072,0.125,,,2.0,5.0,3.0140626430511475,0.9468249082565308,0.29296875,0.5097627639770508,0.0006118268938735127,0.18440809845924377,0.005403377115726471
50x50 largo,2550,3264000.0,0.3783458471298218,0.375,,,6.0,1.0,3.034374952316284,0.9473249912261963,0.32246094942092896,0.5249878168106079,0.0009489147923886776,0.18556037545204163,0.0118517205119133
50x50 largo,2551,3265280.0,0.13485199213027954,0.125,,,2.0,3.0,2.893749952316284,0.9478750228881836,0.3207031190395355,0.523956835269928,0.003947888035327196,0.15865488350391388,0.005308177322149277
50x50 largo,2552,3266560.0,0.2626946270465851,0.25,,,4.0,4.0,2.914843797683716,0.948199987411499,0.34355470538139343,0.5402734875679016,0.003653845051303506,0.18297898769378662,0.009960904717445374
50x50 largo,2553,3267840.0,0.37514662742614746,0.375,,,6.0,0.0,2.733593702316284,0.948449969291687,0.35917970538139343,0.5174247622489929,0.0021926178596913815,0.13612639904022217,0.015333793126046658
50x50 largo,2554,3269120.0,0.13755786418914795,0.125,,,2.0,4.0,2.52734375,0.9485499858856201,0.3833984434604645,0.520126461982727,0.0023398888297379017,0.18107636272907257,0.004873865284025669
50x50 largo,2555,3270400.0,0.13797174394130707,0.125,,,2.0,4.0,2.7007813453674316,0.949275016784668,0.3746093809604645,0.5278953313827515,0.0021176342852413654,0.1725625842809677,0.006234518252313137
50x50 largo,2556,3271680.0,0.1939183622598648,0.1875,,,3.0,2.0,2.7992188930511475,0.949524998664856,0.40449219942092896,0.521003246307373,0.0010253407526761293,0.1570354700088501,0.00868326984345913
50x50 largo,2557,3272960.0,0.13455937802791595,0.125,,,2.0,3.0,2.7875001430511475,0.9498250484466553,0.4087890684604645,0.5213889479637146,0.0008585321484133601,0.16990500688552856,0.005958152934908867
50x50 largo,2558,3274240.0,0.1439574956893921,0.125,,,2.0,6.0,2.9359376430511475,0.950124979019165,0.3882812559604645,0.5215786695480347,0.00419488875195384,0.1881415992975235,0.006391479633748531
50x50 largo,2559,3275520.0,0.13756875693798065,0.125,,,2.0,4.0,3.1343750953674316,0.9502499103546143,0.36445313692092896,0.5202984809875488,0.0002629410591907799,0.17180135846138,0.0064197443425655365
50x50 largo,2560,3276800.0,0.1877128779888153,0.1875,,,3.0,0.0,3.141406297683716,0.9505999684333801,0.361328125,0.5292208194732666,0.000411717570386827,0.1959165334701538,0.009197652339935303
50x50 largo,2561,3278080.0,0.38487187027931213,0.375,,,6.0,3.0,2.821093797683716,0.9511999487876892,0.349609375,0.5140180587768555,0.0024054409004747868,0.22285133600234985,0.012813780456781387
50x50 largo,2562,3279360.0,0.13466887176036835,0.125,,,2.0,3.0,2.87890625,0.9515500068664551,0.35625001788139343,0.5128937363624573,0.0012166083324700594,0.2221752554178238,0.006318928673863411
50x50 largo,2563,3280640.0,0.26301109790802,0.25,,,4.0,4.0,2.887500047683716,0.9525499939918518,0.3187499940395355,0.5236004590988159,0.0019544963724911213,0.17131869494915009,0.012268598191440105
50x50 largo,2564,3281920.0,0.12817999720573425,0.125,,,2.0,1.0,2.825000047683716,0.9526749849319458,0.35136720538139343,0.5299661159515381,0.0022200378589332104,0.22138336300849915,0.005932554602622986
50x50 largo,2565,3283200.0,0.14716225862503052,0.125,,,2.0,7.0,3.034374952316284,0.9530749917030334,0.36015626788139343,0.5300503969192505,0.00226817955262959,0.15012675523757935,0.006127750501036644
50x50 largo,2566,3284480.0,0.25942713022232056,0.25,,,4.0,3.0,3.104687452316284,0.9531749486923218,0.3681640625,0.5352077484130859,0.003974284045398235,0.2326793372631073,0.009005917236208916
50x50 largo,2567,3285760.0,0.06933537125587463,0.0625,,,1.0,2.0,3.069531202316284,0.9537999629974365,0.40117189288139343,0.5449013710021973,0.004819020163267851,0.11837077140808105,0.0030129055958241224
50x50 largo,2568,3287040.0,0.3159306049346924,0.3125,,,5.0,1.0,2.9789063930511475,0.9541749954223633,0.42656251788139343,0.5301368832588196,0.0014268953818827868,0.16834187507629395,0.014310738071799278
50x50 largo,2569,3288320.0,0.4439496099948883,0.4375,,,7.0,2.0,2.651562452316284,0.9544249773025513,0.42578125,0.5143874287605286,0.0034964587539434433,0.2253846377134323,0.017730075865983963
50x50 largo,2570,3289600.0,0.18751350045204163,0.1875,,,3.0,0.0,2.3960938453674316,0.9544499516487122,0.4085937440395355,0.5088194012641907,0.001396999112330377,0.14974889159202576,0.009497898630797863
50x50 largo,2571,3290880.0,0.12814563512802124,0.125,,,2.0,1.0,2.360156297683716,0.9545249938964844,0.44023439288139343,0.5122805833816528,0.0014983536675572395,0.170981764793396,0.0060845185071229935
50x50 largo,2572,3292160.0,0.12506549060344696,0.125,,,2.0,0.0,2.272656202316284,0.9546499848365784,0.4166015684604645,0.5121038556098938,0.0011662081815302372,0.13806122541427612,0.0063946181908249855
50x50 largo,2573,3293440.0,0.15012836456298828,0.125,,,2.0,8.0,2.33984375,0.9548249244689941,0.4175781309604645,0.5236716270446777,0.0017041654791682959,0.2265583872795105,0.0036466983146965504
50x50 largo,2574,3294720.0,0.25654125213623047,0.25,,,4.0,2.0,2.5445313453674316,0.9553250074386597,0.42656251788139343,0.5351955890655518,0.004767008125782013,0.16873878240585327,0.012335585430264473
50x50 largo,2575,3296000.0,0.07513049244880676,0.0625,,,1.0,4.0,2.5093750953674316,0.955549955368042,0.45703125,0.5146896243095398,0.0023852321319282055,0.17667818069458008,0.0033067846670746803
50x50 largo,2576,3297280.0,0.14068099856376648,0.125,,,2.0,5.0,2.707812547683716,0.955674946308136,0.4498046934604645,0.5218225717544556,0.001428516348823905,0.21607588231563568,0.006796729750931263
50x50 largo,2577,3298560.0,0.2569683790206909,0.25,,,4.0,2.0,2.825000047683716,0.9566500186920166,0.4341796934604645,0.5201656818389893,0.003857104107737541,0.17390607297420502,0.012137942016124725
50x50 largo,2578,3299840.0,0.31613239645957947,0.3125,,,5.0,1.0,2.5218751430511475,0.957474946975708,0.43867188692092896,0.512305498123169,0.003563275560736656,0.17286273837089539,0.011326471343636513
50x50 largo,2579,3301120.0,0.795369029045105,0.0,,,0.0,23.0,1.033593773841858,0.06019999831914902,0.5667968988418579,0.5558472275733948,0.0016910942504182458,0.2910372018814087,0.002706140512600541
50x50 largo,2580,3302400.0,1.0838924646377563,0.0,,,0.0,14.0,1.88671875,0.15369999408721924,0.5072265863418579,0.565663754940033,0.002795308828353882,0.3434402644634247,0.002688064007088542
50x50 largo,2581,3303680.0,0.95026695728302,0.0625,,,1.0,8.0,2.5,0.2397499978542328,0.43144533038139343,0.5851972699165344,0.0021643172949552536,0.299894243478775,0.005630398169159889
50x50 largo,2582,3304960.0,0.7136037349700928,0.0,,,0.0,6.0,2.9312500953674316,0.31679999828338623,0.421875,0.5977250933647156,0.002451099921017885,0.2139744758605957,0.0013124882243573666
50x50 largo,2583,3306240.0,0.9532962441444397,0.3125,,,5.0,6.0,3.110156297683716,0.39419999718666077,0.3988281190395355,0.5882686376571655,0.003371523693203926,0.31097495555877686,0.01646185666322708
50x50 largo,2584,3307520.0,1.032731533050537,0.5,,,8.0,6.0,3.15234375,0.4662749767303467,0.3470703065395355,0.5623064637184143,0.001982529181987047,0.2538701295852661,0.02262882888317108
50x50 largo,2585,3308800.0,0.8162838220596313,0.5,,,8.0,6.0,3.0078125,0.5133499503135681,0.35625001788139343,0.5408468246459961,0.0014349410776048899,0.24414850771427155,0.027731699869036674
50x50 largo,2586,3310080.0,0.42999139428138733,0.25,,,4.0,8.0,3.0648438930511475,0.5406749844551086,0.3499999940395355,0.5413963794708252,0.001454165205359459,0.16057802736759186,0.010736418887972832
50x50 largo,2587,3311360.0,0.20110651850700378,0.0625,,,1.0,5.0,3.327343702316284,0.5639749765396118,0.3492187559604645,0.5482826828956604,0.0008388172136619687,0.20575839281082153,0.003295862814411521
50x50 largo,2588,3312640.0,0.3132752478122711,0.125,,,2.0,4.0,3.5023438930511475,0.5974999666213989,0.318359375,0.5363609790802002,0.0009215451427735388,0.25186020135879517,0.006902948021888733
50x50 largo,2589,3313920.0,0.34466123580932617,0.1875,,,3.0,1.0,3.46484375,0.6290500164031982,0.3203125,0.5214802026748657,0.0009133195853792131,0.1576065719127655,0.008672909811139107
50x50 largo,2590,3315200.0,0.6243906021118164,0.5,,,8.0,4.0,3.2757813930511475,0.6540749669075012,0.32695314288139343,0.4980617165565491,0.005799079313874245,0.2458389699459076,0.02211245894432068
50x50 largo,2591,3316480.0,0.2676067650318146,0.1875,,,3.0,4.0,3.1507813930511475,0.6703499555587769,0.3119140565395355,0.5175515413284302,0.0047638677060604095,0.18387985229492188,0.006299722474068403
50x50 largo,2592,3317760.0,0.06746974587440491,0.0,,,0.0,5.0,3.378124952316284,0.6835500001907349,0.30000001192092896,0.5129779577255249,0.002562501933425665,0.2601749897003174,0.0004716810944955796
50x50 largo,2593,3319040.0,0.3322787880897522,0.25,,,4.0,3.0,3.5257813930511475,0.7026999592781067,0.28046876192092896,0.529130220413208,0.00276325736194849,0.19435691833496094,0.010836901143193245
50x50 largo,2594,3320320.0,0.38824400305747986,0.3125,,,5.0,0.0,3.3656251430511475,0.7231500148773193,0.28515625,0.514808177947998,0.0007679668487980962,0.15449196100234985,0.014555076137185097
50x50 largo,2595,3321600.0,0.2427157312631607,0.1875,,,3.0,3.0,3.206249952316284,0.736175000667572,0.3037109375,0.525084376335144,0.001357475877739489,0.257260262966156,0.009515175595879555
50x50 largo,2596,3322880.0,0.23239675164222717,0.1875,,,3.0,2.0,3.168750047683716,0.74857497215271,0.3160156309604645,0.5392661094665527,0.0023245522752404213,0.17375585436820984,0.00879201851785183
50x50 largo,2597,3324160.0,0.03606775030493736,0.0,,,0.0,2.0,3.1859376430511475,0.7582749724388123,0.3271484375,0.5458935499191284,0.0018065395997837186,0.20370852947235107,0.00038004189264029264
50x50 largo,2598,3325440.0,0.0356413759291172,0.0,,,0.0,2.0,3.323437452316284,0.7686499953269958,0.31425783038139343,0.563720703125,0.004391485825181007,0.258830726146698,0.0003159305197186768
50x50 largo,2599,3326720.0,0.15470436215400696,0.125,,,2.0,0.0,3.3148438930511475,0.7790999412536621,0.349609375,0.5452064275741577,0.0020632308442145586,0.1427450180053711,0.0060661956667900085
50x50 largo,2600,3328000.0,0.24228638410568237,0.1875,,,3.0,5.0,3.358593702316284,0.7927999496459961,0.34746095538139343,0.5591268539428711,0.0028878035955131054,0.15604302287101746,0.008074438199400902
50x50 largo,2601,3329280.0,0.09451287984848022,0.0625,,,1.0,2.0,3.399218797683716,0.8027999401092529,0.36542969942092896,0.5757153630256653,0.007649506442248821,0.22501607239246368,0.0033263349905610085
50x50 largo,2602,3330560.0,0.08438712358474731,0.0625,,,1.0,0.0,3.4234375953674316,0.8119499683380127,0.38652345538139343,0.5844147205352783,0.003088168101385236,0.14370638132095337,0.00334170856513083
50x50 largo,2603,3331840.0,0.027985624969005585,0.0,,,0.0,1.0,3.40234375,0.8220000267028809,0.4007812440395355,0.5878183841705322,0.0047843907959759235,0.20240972936153412,9.960909665096551e-05
50x50 largo,2604,3333120.0,0.09404750168323517,0.0625,,,1.0,2.0,3.4593751430511475,0.8329249620437622,0.43046876788139343,0.5849721431732178,0.001958221662789583,0.14983996748924255,0.003422173671424389
50x50 largo,2605,3334400.0,0.08580411970615387,0.0625,,,1.0,1.0,3.4546875953674316,0.8423500061035156,0.41191408038139343,0.5801141262054443,0.0016839865129441023,0.14838822185993195,0.0028653161134570837
50x50 largo,2606,3335680.0,0.20544448494911194,0.1875,,,3.0,0.0,3.4546875953674316,0.8515750169754028,0.4175781309604645,0.5805184841156006,0.0027491983491927385,0.1702602505683899,0.009331107139587402
50x50 largo,2607,3336960.0,0.26617735624313354,0.25,,,4.0,0.0,3.098437547683716,0.860124945640564,0.4380859434604645,0.5724920630455017,0.002786274068057537,0.1964547038078308,0.00849736388772726
50x50 largo,2608,3338240.0,0.15157461166381836,0.125,,,2.0,4.0,3.1226563453674316,0.8678749203681946,0.4429687559604645,0.5621549487113953,0.005540854297578335,0.14351055026054382,0.006156459916383028
50x50 largo,2609,3339520.0,0.14768274128437042,0.125,,,2.0,3.0,3.196093797683716,0.8750249743461609,0.46269533038139343,0.5637152194976807,0.006425258703529835,0.14905789494514465,0.005752292461693287
50x50 largo,2610,3340800.0,0.07746424525976181,0.0625,,,1.0,2.0,3.2437500953674316,0.8804500102996826,0.5072265863418579,0.5511960983276367,0.001762567670084536,0.19731789827346802,0.00296436483040452
50x50 largo,2611,3342080.0,0.3883633613586426,0.375,,,6.0,2.0,3.1695313453674316,0.884774923324585,0.510546863079071,0.5677778124809265,0.004491654224693775,0.2607100009918213,0.016398601233959198
50x50 largo,2612,3343360.0,0.19548863172531128,0.1875,,,3.0,1.0,2.957812547683716,0.8877999782562256,0.4681640565395355,0.5719709992408752,0.006674612872302532,0.23381182551383972,0.009006926789879799
50x50 largo,2613,3344640.0,0.012124376371502876,0.0,,,0.0,1.0,2.9632813930511475,0.8935999870300293,0.509765625,0.5463208556175232,0.005377267487347126,0.183733731508255,0.00019120649085380137
50x50 largo,2614,3345920.0,0.25894126296043396,0.25,,,4.0,1.0,2.882031202316284,0.8979499936103821,0.508593738079071,0.5355657339096069,0.003642413765192032,0.2059694081544876,0.010642550885677338
50x50 largo,2615,3347200.0,0.07834712415933609,0.0625,,,1.0,3.0,2.9429688453674316,0.9025750160217285,0.484375,0.5367351174354553,0.0015500696608796716,0.195281982421875,0.0035360243637114763
50x50 largo,2616,3348480.0,0.2680499851703644,0.25,,,4.0,5.0,2.944531202316284,0.9045000076293945,0.48046875,0.538955807685852,0.002733035711571574,0.1925274133682251,0.009495259262621403
50x50 largo,2617,3349760.0,0.0658397525548935,0.0625,,,1.0,0.0,2.975781202316284,0.9072750210762024,0.4732421934604645,0.5578879117965698,0.003027286846190691,0.18864759802818298,0.0032211444340646267
50x50 largo,2618,3351040.0,0.1939871460199356,0.1875,,,3.0,1.0,2.8453125953674316,0.9099999666213989,0.48652344942092896,0.5401732921600342,0.0027383596170693636,0.22152407467365265,0.008404474705457687
50x50 largo,2619,3352320.0,0.13312825560569763,0.125,,,2.0,2.0,2.8046875,0.911424994468689,0.46210938692092896,0.5414168834686279,0.003170487005263567,0.19789338111877441,0.006063315086066723
50x50 largo,2620,3353600.0,0.19905075430870056,0.1875,,,3.0,3.0,2.895312547683716,0.9132249355316162,0.46953126788139343,0.54429030418396,0.0036959240678697824,0.18211457133293152,0.008160685189068317
50x50 largo,2621,3354880.0,0.1315496265888214,0.125,,,2.0,1.0,2.754687547683716,0.9157999753952026,0.5015625357627869,0.5400214195251465,0.0007582127000205219,0.17021095752716064,0.005186527501791716
50x50 largo,2622,3356160.0,0.26618149876594543,0.25,,,4.0,4.0,2.7125000953674316,0.9191499948501587,0.47929689288139343,0.5377512574195862,0.004810661543160677,0.23713642358779907,0.01260918565094471
50x50 largo,2623,3357440.0,0.14009936153888702,0.125,,,2.0,4.0,2.73828125,0.9218000173568726,0.4429687559604645,0.551956295967102,0.0025774172972887754,0.22892868518829346,0.00509296078234911
50x50 largo,2624,3358720.0,0.06767124682664871,0.0625,,,1.0,1.0,2.9203126430511475,0.9236749410629272,0.46953126788139343,0.5439150333404541,0.0031522682402282953,0.19582593441009521,0.00333132641389966
50x50 largo,2625,3360000.0,0.45579710602760315,0.4375,,,7.0,5.0,2.793750047683716,0.9262499809265137,0.44609376788139343,0.534238338470459,0.0031818184070289135,0.2819819450378418,0.01765947975218296
50x50 largo,2626,3361280.0,0.0642353743314743,0.0625,,,1.0,0.0,2.727343797683716,0.9280499219894409,0.4154296815395355,0.5358779430389404,0.003996966406702995,0.1790640950202942,0.0038346718065440655
50x50 largo,2627,3362560.0,0.1354803740978241,0.125,,,2.0,3.0,2.67578125,0.9293000102043152,0.42949220538139343,0.5269215703010559,0.0010758894495666027,0.1549457609653473,0.006136459298431873
50x50 largo,2628,3363840.0,0.0704677551984787,0.0625,,,1.0,2.0,2.7953126430511475,0.9313249588012695,0.42558595538139343,0.5241842269897461,0.0024014213122427464,0.18762639164924622,0.0031102225184440613
50x50 largo,2629,3365120.0,0.12583473324775696,0.125,,,2.0,0.0,2.7523438930511475,0.9321750402450562,0.4205078184604645,0.5159835815429688,0.0068815904669463634,0.18550869822502136,0.005937730893492699
50x50 largo,2630,3366400.0,0.2573762536048889,0.25,,,4.0,2.0,2.6226563453674316,0.9335749745368958,0.3974609375,0.535208523273468,0.00133602530695498,0.16889217495918274,0.010141056962311268
50x50 largo,2631,3367680.0,0.19430261850357056,0.1875,,,3.0,2.0,2.557812452316284,0.9343000054359436,0.40996095538139343,0.5308296084403992,0.00484627578407526,0.19423848390579224,0.008884444832801819
50x50 largo,2632,3368960.0,0.013504375703632832,0.0,,,0.0,4.0,2.621875047683716,0.9354250431060791,0.41328126192092896,0.5417270660400391,0.003028001170605421,0.2625165581703186,0.00017632977687753737
50x50 largo,2633,3370240.0,0.2569614052772522,0.25,,,4.0,2.0,2.735156297683716,0.9363999962806702,0.42304688692092896,0.546527624130249,0.00237440736964345,0.2578427791595459,0.011969376355409622
50x50 largo,2634,3371520.0,0.0036235000006854534,0.0,,,0.0,1.0,2.629687547683716,0.9369249939918518,0.41796875,0.549821138381958,0.0023493324406445026,0.2088487446308136,0.00016028378740884364
50x50 largo,2635,3372800.0,0.013093249872326851,0.0,,,0.0,4.0,2.774218797683716,0.9376749396324158,0.4166015684604645,0.5494740605354309,0.002414804883301258,0.1586141586303711,0.0001341106981271878
50x50 largo,2636,3374080.0,0.06939287483692169,0.0625,,,1.0,2.0,3.0257813930511475,0.9386999607086182,0.3960937559604645,0.5615098476409912,0.0013584719272330403,0.1566152423620224,0.0033954146783798933
50x50 largo,2637,3375360.0,0.1289803683757782,0.125,,,2.0,1.0,2.921093702316284,0.9397749900817871,0.3880859315395355,0.5661261081695557,0.002623273991048336,0.2135128676891327,0.0036685119848698378
50x50 largo,2638,3376640.0,0.1324792504310608,0.125,,,2.0,2.0,2.957812547683716,0.9414249658584595,0.3968749940395355,0.5783675312995911,0.0028721741400659084,0.16339677572250366,0.006272550672292709
50x50 largo,2639,3377920.0,0.06592100113630295,0.0625,,,1.0,1.0,2.9921875,0.9417999386787415,0.4310546815395355,0.5684415102005005,0.002940413076430559,0.18228936195373535,0.0022018926683813334
50x50 largo,2640,3379200.0,0.06890362501144409,0.0625,,,1.0,2.0,2.9554688930511475,0.9420250058174133,0.41914063692092896,0.5745936036109924,0.0024574731942266226,0.1959548443555832,0.0004995909985154867
50x50 largo,2641,3380480.0,0.3189568519592285,0.3125,,,5.0,2.0,2.8500001430511475,0.9423249959945679,0.3880859315395355,0.5580810308456421,0.004388272762298584,0.18388213217258453,0.014868644997477531
50x50 largo,2642,3381760.0,0.20359337329864502,0.1875,,,3.0,5.0,2.8695313930511475,0.9428749680519104,0.3746093809604645,0.5433186888694763,0.002287577837705612,0.19785621762275696,0.006920835003256798
50x50 largo,2643,3383040.0,0.06286787241697311,0.0625,,,1.0,0.0,2.936718702316284,0.9433249831199646,0.3433593809604645,0.5533636212348938,0.0017941519618034363,0.1497516632080078,0.00343304337002337
50x50 largo,2644,3384320.0,0.2565496265888214,0.25,,,4.0,2.0,2.8203125,0.9436999559402466,0.3499999940395355,0.5542612671852112,0.002803531475365162,0.23537951707839966,0.009740564972162247
50x50 largo,2645,3385600.0,0.131608247756958,0.125,,,2.0,2.0,2.7328126430511475,0.9441999793052673,0.38652345538139343,0.5645873546600342,0.005471489857882261,0.2708563208580017,0.00821484625339508
50x50 largo,2646,3386880.0,0.19068749248981476,0.1875,,,3.0,1.0,2.7250001430511475,0.9443249702453613,0.4126953184604645,0.5674329996109009,0.001804540166631341,0.19031459093093872,0.00913911685347557
50x50 largo,2647,3388160.0,0.13126349449157715,0.125,,,2.0,2.0,2.625781297683716,0.944350004196167,0.3890624940395355,0.570869505405426,0.001690924633294344,0.17263244092464447,0.006184843368828297
50x50 largo,2648,3389440.0,0.2001388669013977,0.1875,,,3.0,4.0,2.6390626430511475,0.9446250200271606,0.36835938692092896,0.5626237392425537,0.0005093688378110528,0.15529033541679382,0.007898478768765926
50x50 largo,2649,3390720.0,0.07520124316215515,0.0625,,,1.0,4.0,2.750781297683716,0.9449250102043152,0.38105469942092896,0.5590107440948486,0.0012753857299685478,0.17346684634685516,0.0022957180626690388
50x50 largo,2650,3392000.0,0.08155975490808487,0.0625,,,1.0,6.0,2.999218702316284,0.9453249573707581,0.3753906190395355,0.5718917846679688,0.00353244598954916,0.1675824373960495,0.0033959094434976578
50x50 largo,2651,3393280.0,0.375,0.375,,,6.0,0.0,2.9867188930511475,0.9453249573707581,0.42011719942092896,0.5830063223838806,0.0006870490615256131,0.16360622644424438,0.015894515439867973
50x50 largo,2652,3394560.0,0.190672367811203,0.1875,,,3.0,1.0,2.7250001430511475,0.9453999400138855,0.42402344942092896,0.5860040187835693,0.0021182666532695293,0.15958741307258606,0.008969946764409542
50x50 largo,2653,3395840.0,0.006473874673247337,0.0,,,0.0,2.0,2.73828125,0.9456750154495239,0.4224609434604645,0.5780720710754395,0.0018769484013319016,0.18639107048511505,0.00016071874415501952
50x50 largo,2654,3397120.0,0.31581464409828186,0.3125,,,5.0,1.0,2.692187547683716,0.9459249973297119,0.43476563692092896,0.577387809753418,0.0036148554645478725,0.19831125438213348,0.014758946374058723
50x50 largo,2655,3398400.0,0.13450424373149872,0.125,,,2.0,3.0,2.5921876430511475,0.9460999965667725,0.44550782442092896,0.5827301740646362,0.004041789099574089,0.207697793841362,0.004108999390155077
50x50 largo,2656,3399680.0,0.12812499701976776,0.125,,,2.0,1.0,2.62890625,0.9460999965667725,0.4544921815395355,0.590356171131134,0.0009207637631334364,0.1835688352584839,0.00602004025131464
50x50 largo,2657,3400960.0,0.7462971210479736,0.0625,,,1.0,18.0,1.1218750476837158,0.05207499861717224,0.527539074420929,0.6036018133163452,0.0048846653662621975,0.30817723274230957,0.0034434874542057514
50x50 largo,2658,3402240.0,1.0517868995666504,0.0,,,0.0,16.0,1.53125,0.14112499356269836,0.5289062857627869,0.5994043946266174,0.004957180470228195,0.36750319600105286,0.002929334295913577
50x50 largo,2659,3403520.0,0.9477196931838989,0.0,,,0.0,11.0,2.3929688930511475,0.23127499222755432,0.530078113079071,0.6490797996520996,0.007680327631533146,0.378380686044693,0.006096427794545889
50x50 largo,2660,3404800.0,0.8938071131706238,0.0625,,,1.0,12.0,3.015625,0.31915000081062317,0.47773438692092896,0.6392272710800171,0.003605885896831751,0.2439558207988739,0.007161424495279789
50x50 largo,2661,3406080.0,1.103790521621704,0.5,,,8.0,1.0,3.2875001430511475,0.3938499987125397,0.46875,0.6511033773422241,0.003920066170394421,0.3567591607570648,0.034062087535858154
50x50 largo,2662,3407360.0,0.6546931266784668,0.25,,,4.0,9.0,3.153125047683716,0.4461499750614166,0.4814453125,0.6246975660324097,0.007596513256430626,0.22535142302513123,0.01131327822804451
50x50 largo,2663,3408640.0,0.7799084186553955,0.4375,,,7.0,5.0,3.2578125,0.49564993381500244,0.44550782442092896,0.6283167600631714,0.0020232503302395344,0.29270583391189575,0.020776409655809402
50x50 largo,2664,3409920.0,0.43971189856529236,0.125,,,2.0,7.0,3.34765625,0.5444999933242798,0.4013671875,0.6097912788391113,0.0014009394217282534,0.19460277259349823,0.006138867698609829
50x50 largo,2665,3411200.0,0.4822527766227722,0.25,,,4.0,5.0,3.5796875953674316,0.5839499235153198,0.40234375,0.6325421333312988,0.005761895328760147,0.2761920094490051,0.01220971904695034
50x50 largo,2666,3412480.0,0.3044246435165405,0.125,,,2.0,2.0,3.5570313930511475,0.6185749769210815,0.43085938692092896,0.6166610717773438,0.0031988241244107485,0.18622635304927826,0.00504464702680707
50x50 largo,2667,3413760.0,0.5298669338226318,0.375,,,6.0,2.0,3.389843702316284,0.6510249972343445,0.4134765565395355,0.6252423524856567,0.002027044305577874,0.19011789560317993,0.016643613576889038
50x50 largo,2668,3415040.0,0.3742797374725342,0.25,,,4.0,4.0,3.26171875,0.6775499582290649,0.42597657442092896,0.6149157285690308,0.0012611547717824578,0.2638583183288574,0.013807099312543869
50x50 largo,2669,3416320.0,0.43806037306785583,0.3125,,,5.0,4.0,3.1890625953674316,0.7065249681472778,0.4349609315395355,0.6190017461776733,0.0015267543494701385,0.2403644323348999,0.011552257463335991
50x50 largo,2670,3417600.0,0.2447337508201599,0.125,,,2.0,3.0,3.3296875953674316,0.7378000020980835,0.43359375,0.6201939582824707,0.0027207520324736834,0.22535747289657593,0.004876159597188234
50x50 largo,2671,3418880.0,0.3918241262435913,0.3125,,,5.0,3.0,3.239062547683716,0.7602499723434448,0.43535158038139343,0.6103851199150085,0.002367149805650115,0.22438699007034302,0.012702453881502151
50x50 largo,2672,3420160.0,0.3180929720401764,0.25,,,4.0,2.0,3.1117188930511475,0.7820500135421753,0.4576171934604645,0.6167516708374023,0.002814897568896413,0.1755894124507904,0.00842711515724659
50x50 largo,2673,3421440.0,0.2393365204334259,0.1875,,,3.0,4.0,3.065624952316284,0.7975499629974365,0.48750001192092896,0.6101030707359314,0.007806611247360706,0.25739073753356934,0.006990937516093254
50x50 largo,2674,3422720.0,0.1844131499528885,0.125,,,2.0,5.0,3.2015626430511475,0.8150249719619751,0.5220703482627869,0.6151589155197144,0.0006786067388020456,0.17080561816692352,0.004568127915263176
50x50 largo,2675,3424000.0,0.41370999813079834,0.375,,,6.0,2.0,3.1953125,0.8298499584197998,0.521484375,0.6127800941467285,0.001658659428358078,0.1964835524559021,0.01265660859644413
50x50 largo,2676,3425280.0,0.22574974596500397,0.1875,,,3.0,4.0,3.135937452316284,0.8422499895095825,0.4916015565395355,0.6022190451622009,0.006648571230471134,0.25596103072166443,0.006234896369278431
50x50 largo,2677,3426560.0,0.3424661159515381,0.3125,,,5.0,3.0,3.0335938930511475,0.8530749678611755,0.4496093690395355,0.6037895679473877,0.0037337173707783222,0.20229274034500122,0.0104519072920084
50x50 largo,2678,3427840.0,0.2156832367181778,0.1875,,,3.0,4.0,3.0328125953674316,0.8614749908447266,0.4791015684604645,0.6063274145126343,0.0007280668942257762,0.21932601928710938,0.008184954524040222
50x50 largo,2679,3429120.0,0.3298003673553467,0.3125,,,5.0,2.0,2.989062547683716,0.8678499460220337,0.48261719942092896,0.5904390215873718,0.0039072236977517605,0.29302704334259033,0.013165449723601341
50x50 largo,2680,3430400.0,0.27158424258232117,0.25,,,4.0,2.0,2.828125,0.8773750066757202,0.47050783038139343,0.5690019130706787,0.004204535856842995,0.1818147450685501,0.011799301952123642
50x50 largo,2681,3431680.0,0.09369237720966339,0.0625,,,1.0,6.0,2.9437501430511475,0.8855500221252441,0.4544921815395355,0.5601814985275269,0.0047238534316420555,0.1992342174053192,0.0018868993502110243
50x50 largo,2682,3432960.0,0.329568475484848,0.3125,,,5.0,3.0,2.99609375,0.8916499614715576,0.41328126192092896,0.5631631016731262,0.0038269557990133762,0.18787354230880737,0.015672672539949417
50x50 largo,2683,3434240.0,0.21099837124347687,0.1875,,,3.0,5.0,2.989062547683716,0.8974749445915222,0.3814453184604645,0.5475100874900818,0.004611797630786896,0.16732126474380493,0.008060510270297527
50x50 largo,2684,3435520.0,0.2675323784351349,0.25,,,4.0,4.0,3.034374952316284,0.9014749526977539,0.3541015684604645,0.5388050079345703,0.0018480094149708748,0.18859678506851196,0.01114149671047926
50x50 largo,2685,3436800.0,0.20218786597251892,0.1875,,,3.0,3.0,3.0335938930511475,0.9055749773979187,0.33515626192092896,0.5240265130996704,0.0033516925759613514,0.15133531391620636,0.007745120674371719
50x50 largo,2686,3438080.0,0.15181124210357666,0.125,,,2.0,7.0,3.1937501430511475,0.9096750020980835,0.31269532442092896,0.5330104827880859,0.0015619536861777306,0.20263591408729553,0.00706520676612854
50x50 largo,2687,3439360.0,0.4471917152404785,0.4375,,,7.0,2.0,3.234375,0.9125499725341797,0.32050782442092896,0.5191864967346191,0.0020612329244613647,0.23790407180786133,0.020657166838645935
50x50 largo,2688,3440640.0,0.3871901333332062,0.375,,,6.0,3.0,3.0101563930511475,0.915149986743927,0.3177734315395355,0.5354824066162109,0.0018921407172456384,0.17760449647903442,0.016760174185037613
50x50 largo,2689,3441920.0,0.20323427021503448,0.1875,,,3.0,4.0,2.89453125,0.9180749654769897,0.3017578125,0.5371731519699097,0.0033530457876622677,0.2339676022529602,0.010158741846680641
50x50 largo,2690,3443200.0,0.20244699716567993,0.1875,,,3.0,4.0,2.960156202316284,0.9203500151634216,0.3314453065395355,0.5401465892791748,0.0034296982921659946,0.20293939113616943,0.007745654787868261
50x50 largo,2691,3444480.0,0.26200300455093384,0.25,,,4.0,3.0,2.975781202316284,0.9229249954223633,0.3189453184604645,0.5582611560821533,0.0006952380063012242,0.21210241317749023,0.01790941320359707
50x50 largo,2692,3445760.0,0.13940787315368652,0.125,,,2.0,4.0,2.950000047683716,0.9248250126838684,0.32695314288139343,0.5595308542251587,0.003015376627445221,0.2021235078573227,0.006363552995026112
50x50 largo,2693,3447040.0,0.19759050011634827,0.1875,,,3.0,3.0,3.1234376430511475,0.9255999326705933,0.3373046815395355,0.5902809500694275,0.004265123512595892,0.17478448152542114,0.006951343733817339
50x50 largo,2694,3448320.0,0.13609275221824646,0.125,,,2.0,3.0,3.1078126430511475,0.9273999929428101,0.35527345538139343,0.5852363109588623,0.0016196342185139656,0.20028696954250336,0.0058532338589429855
50x50 largo,2695,3449600.0,0.19406713545322418,0.1875,,,3.0,1.0,3.043750047683716,0.9310999512672424,0.3763671815395355,0.5922144055366516,0.0019429723033681512,0.19412241876125336,0.007998314686119556
50x50 largo,2696,3450880.0,0.32686710357666016,0.3125,,,5.0,4.0,2.9609375,0.9334499835968018,0.3804687559604645,0.5767778158187866,0.0026960396207869053,0.2416592836380005,0.013602081686258316
50x50 largo,2697,3452160.0,0.3825836181640625,0.375,,,6.0,2.0,2.803906202316284,0.9350999593734741,0.34941408038139343,0.5578716397285461,0.004782005213201046,0.16400201618671417,0.020417941734194756
50x50 largo,2698,3453440.0,0.3234345018863678,0.3125,,,5.0,3.0,2.6539063453674316,0.937000036239624,0.34199219942092896,0.5561580061912537,0.0029020376969128847,0.1782630980014801,0.014392415061593056
50x50 largo,2699,3454720.0,0.007066125515848398,0.0,,,0.0,2.0,2.6460938453674316,0.9380500316619873,0.37714844942092896,0.5641512870788574,0.0009023224702104926,0.2212473750114441,0.0001733280369080603
50x50 largo,2700,3456000.0,0.08852899819612503,0.0625,,,1.0,8.0,2.7679688930511475,0.9393499493598938,0.3658203184604645,0.5385820865631104,0.003352006897330284,0.14731302857398987,0.0034282240085303783
50x50 largo,2701,3457280.0,0.3204202353954315,0.3125,,,5.0,2.0,3.1117188930511475,0.9413750171661377,0.32929688692092896,0.547644853591919,0.0023883110843598843,0.26965320110321045,0.01331954263150692
50x50 largo,2702,3458560.0,0.1946762502193451,0.1875,,,3.0,2.0,2.952343702316284,0.9424749612808228,0.337890625,0.5707297325134277,0.001611865358427167,0.23380233347415924,0.006214579567313194
50x50 largo,2703,3459840.0,0.3911137580871582,0.375,,,6.0,5.0,2.7601563930511475,0.9432500004768372,0.34375,0.5775899291038513,0.003701333422213793,0.19657590985298157,0.01559144351631403
50x50 largo,2704,3461120.0,0.20064587891101837,0.1875,,,3.0,4.0,2.8296875953674316,0.9441499710083008,0.37519532442092896,0.5605694055557251,0.0019792672246694565,0.15300679206848145,0.0073589119128882885
50x50 largo,2705,3462400.0,0.19413349032402039,0.1875,,,3.0,2.0,2.8648438453674316,0.9448000192642212,0.36640626192092896,0.5755938291549683,0.0020174523815512657,0.18528404831886292,0.00803392380475998
50x50 largo,2706,3463680.0,0.14106424152851105,0.125,,,2.0,5.0,2.928906202316284,0.9453999996185303,0.34453126788139343,0.5771311521530151,0.0043599046766757965,0.14734093844890594,0.0055106026120483875
50x50 largo,2707,3464960.0,0.06917838007211685,0.0625,,,1.0,2.0,3.0015625953674316,0.9459249973297119,0.37773439288139343,0.5825374722480774,0.0022253929637372494,0.19610892236232758,0.003297498682513833
50x50 largo,2708,3466240.0,0.32558226585388184,0.3125,,,5.0,4.0,3.022656202316284,0.9465999603271484,0.35078126192092896,0.585443377494812,0.002835656516253948,0.14266425371170044,0.012044740840792656
50x50 largo,2709,3467520.0,0.25633901357650757,0.25,,,4.0,2.0,2.973437547683716,0.946774959564209,0.3578124940395355,0.5921075940132141,0.004830899648368359,0.1908527910709381,0.01143566519021988
50x50 largo,2710,3468800.0,0.19441913068294525,0.1875,,,3.0,2.0,2.823437452316284,0.948074996471405,0.3638671934604645,0.603583812713623,0.003785675158724189,0.20956678688526154,0.004241829738020897
50x50 largo,2711,3470080.0,0.0032701250165700912,0.0,,,0.0,1.0,2.8226563930511475,0.9482749700546265,0.3841796815395355,0.5886086225509644,0.0013977685011923313,0.21079617738723755,0.00042513845255598426
50x50 largo,2712,3471360.0,0.19724048674106598,0.1875,,,3.0,3.0,2.921875,0.948699951171875,0.39667969942092896,0.5892179608345032,0.003490081522613764,0.15897607803344727,0.010964944958686829
50x50 largo,2713,3472640.0,0.3284299671649933,0.3125,,,5.0,5.0,2.8070313930511475,0.9492999315261841,0.36054688692092896,0.5631040930747986,0.007020406424999237,0.19154246151447296,0.014824584126472473
50x50 largo,2714,3473920.0,0.13307824730873108,0.125,,,2.0,2.0,2.835156202316284,0.95169997215271,0.31328126788139343,0.561715841293335,0.0033988223876804113,0.18135572969913483,0.006268334574997425
50x50 largo,2715,3475200.0,0.13193824887275696,0.125,,,2.0,2.0,2.9390625953674316,0.9526249766349792,0.2994140684604645,0.5578179359436035,0.003625535871833563,0.1863357573747635,0.005209570750594139
50x50 largo,2716,3476480.0,0.38163501024246216,0.375,,,6.0,2.0,2.79296875,0.9531999826431274,0.32500001788139343,0.5766826868057251,0.003377476939931512,0.1852770447731018,0.013792471028864384
50x50 largo,2717,3477760.0,0.13848036527633667,0.125,,,2.0,4.0,2.6468751430511475,0.9552249908447266,0.34394532442092896,0.5874471664428711,0.0045186919160187244,0.14907562732696533,0.004477711394429207
50x50 largo,2718,3479040.0,0.20020338892936707,0.1875,,,3.0,4.0,2.796093702316284,0.9556499719619751,0.36503908038139343,0.5654134750366211,0.0012095820857211947,0.18273404240608215,0.014045177958905697
50x50 largo,2719,3480320.0,0.2626338601112366,0.25,,,4.0,4.0,2.774218797683716,0.9559499621391296,0.3802734315395355,0.5896300077438354,0.0015015106182545424,0.20440517365932465,0.010041139088571072
50x50 largo,2720,3481600.0,0.32238999009132385,0.3125,,,5.0,3.0,2.785937547683716,0.9567499756813049,0.3792968690395355,0.5797911882400513,0.0010972891468554735,0.18153059482574463,0.014029382728040218
50x50 largo,2721,3482880.0,0.2690056264400482,0.25,,,4.0,6.0,2.772656202316284,0.9573500156402588,0.3804687559604645,0.5765920877456665,0.0019498992478474975,0.2681031823158264,0.011762415058910847
50x50 largo,2722,3484160.0,0.06879299879074097,0.0625,,,1.0,2.0,2.8359375,0.9574249982833862,0.39375001192092896,0.5713399648666382,0.0012758010998368263,0.14544034004211426,0.0026245275512337685
50x50 largo,2723,3485440.0,0.13140249252319336,0.125,,,2.0,2.0,2.836718797683716,0.9577000141143799,0.357421875,0.5471938252449036,0.003904012031853199,0.1770191192626953,0.00560750812292099
50x50 largo,2724,3486720.0,0.07191324979066849,0.0625,,,1.0,3.0,2.909374952316284,0.957800030708313,0.3529296815395355,0.5366474390029907,0.002123543992638588,0.11910548806190491,0.0017312680138275027
50x50 largo,2725,3488000.0,0.07298237830400467,0.0625,,,1.0,3.0,3.081249952316284,0.9595499634742737,0.3792968690395355,0.5637264251708984,0.0018601712072268128,0.16915874183177948,0.0030147002544254065
50x50 largo,2726,3489280.0,0.31626296043395996,0.3125,,,5.0,1.0,2.9789063930511475,0.9609249830245972,0.3929687440395355,0.5738940238952637,0.0015850057825446129,0.17391210794448853,0.012074179947376251
50x50 largo,2727,3490560.0,0.1251288652420044,0.125,,,2.0,0.0,2.831249952316284,0.9613249897956848,0.4007812440395355,0.5730960965156555,0.0008562877774238586,0.16812840104103088,0.0038636887911707163
50x50 largo,2728,3491840.0,0.1313227415084839,0.125,,,2.0,2.0,2.7750000953674316,0.9614499807357788,0.36835938692092896,0.5755636692047119,0.0024924499448388815,0.16085222363471985,0.00602634297683835
50x50 largo,2729,3493120.0,0.19073039293289185,0.1875,,,3.0,1.0,2.660937547683716,0.9616249799728394,0.3759765625,0.5798543095588684,0.0020290559623390436,0.16801190376281738,0.00674998527392745
50x50 largo,2730,3494400.0,0.26875925064086914,0.25,,,4.0,6.0,2.6859376430511475,0.961650013923645,0.43437501788139343,0.5726107954978943,0.0037797593977302313,0.2330213338136673,0.010836544446647167
50x50 largo,2731,3495680.0,0.1376001238822937,0.125,,,2.0,4.0,2.745312452316284,0.9617999792098999,0.3900390565395355,0.5587174892425537,0.0021620546467602253,0.20866771042346954,0.004258475732058287
50x50 largo,2732,3496960.0,0.253170371055603,0.25,,,4.0,1.0,2.7984375953674316,0.9618750214576721,0.3589843809604645,0.5682209730148315,0.003008871804922819,0.15785834193229675,0.008965140208601952
50x50 largo,2733,3498240.0,0.12543724477291107,0.125,,,2.0,0.0,2.6460938453674316,0.9627999663352966,0.3423828184604645,0.5691142082214355,0.0020279069431126118,0.16821393370628357,0.0051360223442316055
50x50 largo,2734,3499520.0,0.13131111860275269,0.125,,,2.0,2.0,2.5375001430511475,0.9629499912261963,0.38984376192092896,0.559044599533081,0.0025775297544896603,0.18839521706104279,0.0044573829509317875
50x50 largo,2735,3500800.0,0.48529672622680664,0.0,,,0.0,18.0,1.423437476158142,0.03544999659061432,0.3912109434604645,0.5962503552436829,0.0031292077619582415,0.17959946393966675,0.0013139528455212712
50x50 largo,2736,3502080.0,1.1598424911499023,0.0625,,,1.0,17.0,1.74609375,0.12684999406337738,0.3466796875,0.6153362989425659,0.0027290289290249348,0.3158417046070099,0.006108843255788088
50x50 largo,2737,3503360.0,0.8372822999954224,0.0,,,0.0,7.0,2.3539063930511475,0.20600000023841858,0.3912109434604645,0.6151249408721924,0.003175410907715559,0.30396419763565063,0.0018873068038374186
50x50 largo,2738,3504640.0,0.8292661905288696,0.1875,,,3.0,11.0,2.87890625,0.2702000141143799,0.41875001788139343,0.6006723642349243,0.002131696790456772,0.25273215770721436,0.010103816166520119
50x50 largo,2739,3505920.0,0.9582409858703613,0.375,,,6.0,6.0,3.124218702316284,0.3348749876022339,0.36015626788139343,0.5937098264694214,0.002878479892387986,0.3724272847175598,0.02227427065372467
50x50 largo,2740,3507200.0,0.729948103427887,0.375,,,6.0,3.0,3.0921876430511475,0.37860000133514404,0.35917970538139343,0.6022012233734131,0.00451502064242959,0.3103405237197876,0.020188510417938232
50x50 largo,2741,3508480.0,0.4328852593898773,0.125,,,2.0,10.0,3.1234376430511475,0.416299968957901,0.388671875,0.5837841033935547,0.0018294148612767458,0.22987833619117737,0.0070156678557395935
50x50 largo,2742,3509760.0,0.45003950595855713,0.25,,,4.0,4.0,3.3843750953674316,0.44337499141693115,0.388671875,0.5931524038314819,0.0056776730343699455,0.2694548964500427,0.009984813630580902
50x50 largo,2743,3511040.0,0.49025487899780273,0.25,,,4.0,2.0,3.2734375,0.47804999351501465,0.39453125,0.5843501091003418,0.004199279937893152,0.21014326810836792,0.013560395687818527
50x50 largo,2744,3512320.0,0.5834065675735474,0.3125,,,5.0,3.0,3.2593750953674316,0.518975019454956,0.36835938692092896,0.5913464426994324,0.0014780713245272636,0.14447684586048126,0.018973812460899353
50x50 largo,2745,3513600.0,0.6705338358879089,0.4375,,,7.0,7.0,3.168750047683716,0.5552499890327454,0.3818359375,0.5866514444351196,0.0022045818623155355,0.1824636161327362,0.015744993463158607
50x50 largo,2746,3514880.0,0.416377991437912,0.1875,,,3.0,5.0,3.219531297683716,0.5947749614715576,0.4068359434604645,0.5783014297485352,0.00190395035315305,0.19765695929527283,0.00771820405498147
50x50 largo,2747,3516160.0,0.28468260169029236,0.125,,,2.0,3.0,3.2437500953674316,0.625249981880188,0.4046874940395355,0.5840051174163818,0.005388904362916946,0.21333032846450806,0.005875716917216778
50x50 largo,2748,3517440.0,0.4134701192378998,0.25,,,4.0,6.0,3.3062500953674316,0.6572999954223633,0.45429688692092896,0.5892809629440308,0.002541294554248452,0.19264551997184753,0.011070472188293934
50x50 largo,2749,3518720.0,0.2557632327079773,0.125,,,2.0,5.0,3.5484375953674316,0.6838749647140503,0.4759765565395355,0.573586106300354,0.010079510509967804,0.3170188069343567,0.006245424039661884
50x50 largo,2750,3520000.0,0.583000123500824,0.4375,,,7.0,5.0,3.60546875,0.7176999449729919,0.4935546815395355,0.5853389501571655,0.0019973095040768385,0.1981603056192398,0.022315489128232002
50x50 largo,2751,3521280.0,0.3133015036582947,0.1875,,,3.0,3.0,3.442187547683716,0.752424955368042,0.4673828184604645,0.5838289856910706,0.005201521795243025,0.18658298254013062,0.005127226933836937
50x50 largo,2752,3522560.0,0.21548612415790558,0.125,,,2.0,5.0,3.582812547683716,0.7775499820709229,0.42402344942092896,0.5790622234344482,0.003206957131624222,0.17938508093357086,0.005146480165421963
50x50 largo,2753,3523840.0,0.36761513352394104,0.3125,,,5.0,2.0,3.585156202316284,0.7959749698638916,0.4222656190395355,0.5706148147583008,0.001525157131254673,0.19337710738182068,0.011644755490124226
50x50 largo,2754,3525120.0,0.4289776086807251,0.375,,,6.0,4.0,3.4867188930511475,0.8126749992370605,0.4212890565395355,0.5596044659614563,0.0031252182088792324,0.1895531862974167,0.016868092119693756
50x50 largo,2755,3526400.0,0.15954862534999847,0.125,,,2.0,2.0,3.359375,0.8250999450683594,0.4195312559604645,0.5457819104194641,0.007398371119052172,0.18934398889541626,0.0038468483835458755
50x50 largo,2756,3527680.0,0.22289973497390747,0.1875,,,3.0,3.0,3.3843750953674316,0.8369249701499939,0.3662109375,0.5296982526779175,0.0009210206917487085,0.16926681995391846,0.00859572272747755
50x50 largo,2757,3528960.0,0.2750651240348816,0.25,,,4.0,3.0,3.4390625953674316,0.8446749448776245,0.3505859375,0.5268241167068481,0.0055646756663918495,0.2144172191619873,0.009217945858836174
50x50 largo,2758,3530240.0,0.14235128462314606,0.125,,,2.0,1.0,3.246875047683716,0.8521000146865845,0.3544921875,0.5371240377426147,0.004823553841561079,0.137979656457901,0.0040537696331739426
50x50 largo,2759,3531520.0,0.0934048742055893,0.0625,,,1.0,5.0,3.4085938930511475,0.8608750104904175,0.3724609315395355,0.5666680335998535,0.0030308172572404146,0.24079963564872742,0.00270057306624949
50x50 largo,2760,3532800.0,0.34211447834968567,0.3125,,,5.0,4.0,3.362499952316284,0.8695249557495117,0.3818359375,0.5675976276397705,0.005012797191739082,0.22696885466575623,0.01510382629930973
50x50 largo,2761,3534080.0,0.08309724926948547,0.0625,,,1.0,2.0,3.46484375,0.8783249855041504,0.40742188692092896,0.5378085374832153,0.011029944755136967,0.1707436442375183,0.0028709210455417633
50x50 largo,2762,3535360.0,0.33077889680862427,0.3125,,,5.0,2.0,3.4000000953674316,0.8861500024795532,0.3619140684604645,0.549523115158081,0.0018188005778938532,0.19803136587142944,0.01774599775671959
50x50 largo,2763,3536640.0,0.0907488763332367,0.0625,,,1.0,6.0,3.492968797683716,0.8921499848365784,0.35625001788139343,0.5563303828239441,0.0031555378809571266,0.14139187335968018,0.002583178458735347
50x50 largo,2764,3537920.0,0.5207151174545288,0.5,,,8.0,4.0,3.4632813930511475,0.8985999822616577,0.388671875,0.5701566934585571,0.0029432803858071566,0.23549741506576538,0.02086630091071129
50x50 largo,2765,3539200.0,0.26754575967788696,0.25,,,4.0,4.0,3.43359375,0.9023999571800232,0.38945314288139343,0.5589996576309204,0.002116706920787692,0.15628230571746826,0.010734998621046543
50x50 largo,2766,3540480.0,0.07772324979305267,0.0625,,,1.0,3.0,3.5054688453674316,0.9071249961853027,0.4087890684604645,0.5537953972816467,0.00125390465836972,0.2313174456357956,0.0018940642476081848
50x50 largo,2767,3541760.0,0.26206710934638977,0.25,,,4.0,1.0,3.456249952316284,0.9147499799728394,0.40019533038139343,0.5596799850463867,0.0044549633748829365,0.31125593185424805,0.009230046533048153
50x50 largo,2768,3543040.0,0.32769298553466797,0.3125,,,5.0,3.0,3.250781297683716,0.9199749827384949,0.4214843809604645,0.5421638488769531,0.003622002899646759,0.19506892561912537,0.012931589968502522
50x50 largo,2769,3544320.0,0.19724586606025696,0.1875,,,3.0,2.0,3.17578125,0.9234749674797058,0.3896484375,0.5205722451210022,0.006928354501724243,0.2716692388057709,0.008114617317914963
50x50 largo,2770,3545600.0,0.20145249366760254,0.1875,,,3.0,3.0,3.125,0.9282499551773071,0.3560546934604645,0.5368567705154419,0.002047188114374876,0.21592257916927338,0.009230248630046844
50x50 largo,2771,3546880.0,0.19980773329734802,0.1875,,,3.0,3.0,3.116406202316284,0.931024968624115,0.35429689288139343,0.5447892546653748,0.0016053933650255203,0.16790053248405457,0.0069276862777769566
50x50 largo,2772,3548160.0,0.08025862276554108,0.0625,,,1.0,5.0,3.1625001430511475,0.9333750009536743,0.3716796934604645,0.533341109752655,0.0014754009898751974,0.15243017673492432,0.0006085867062211037
50x50 largo,2773,3549440.0,0.19581887125968933,0.1875,,,3.0,2.0,3.2875001430511475,0.9360250234603882,0.37382814288139343,0.5454948544502258,0.00262948265299201,0.13487988710403442,0.007413934450596571
50x50 largo,2774,3550720.0,0.12943825125694275,0.125,,,2.0,1.0,3.2953126430511475,0.937749981880188,0.38496094942092896,0.5460430383682251,0.0019206809811294079,0.17443391680717468,0.005600952543318272
50x50 largo,2775,3552000.0,0.251167893409729,0.25,,,4.0,0.0,3.12109375,0.939175009727478,0.3628906309604645,0.5300272107124329,0.003660123562440276,0.2366689294576645,0.01141197420656681
50x50 largo,2776,3553280.0,0.26368749141693115,0.25,,,4.0,4.0,3.085156202316284,0.9406499862670898,0.3267578184604645,0.5296388864517212,0.001337382709607482,0.15695148706436157,0.009367016144096851
50x50 largo,2777,3554560.0,0.13513348996639252,0.125,,,2.0,3.0,3.004687547683716,0.9415749907493591,0.322265625,0.5217287540435791,0.0009915223345160484,0.1957312524318695,0.005049584899097681
50x50 largo,2778,3555840.0,0.0794222503900528,0.0625,,,1.0,5.0,3.15625,0.9431999921798706,0.31367188692092896,0.496441125869751,0.0029670381918549538,0.17629019916057587,0.001263222424313426
50x50 largo,2779,3557120.0,0.32216763496398926,0.3125,,,5.0,3.0,3.2945313453674316,0.9435999989509583,0.3158203065395355,0.5210529565811157,0.002973972586914897,0.20765367150306702,0.011859053745865822
50x50 largo,2780,3558400.0,0.19494737684726715,0.1875,,,3.0,2.0,3.0765626430511475,0.9452999830245972,0.294921875,0.5244048833847046,0.005099540110677481,0.22048324346542358,0.00952821969985962
50x50 largo,2781,3559680.0,0.1290183663368225,0.125,,,2.0,1.0,3.0648438930511475,0.9465499520301819,0.3509765565395355,0.522824227809906,0.0026425691321492195,0.17493963241577148,0.0055373599752783775
50x50 largo,2782,3560960.0,0.1946527510881424,0.1875,,,3.0,2.0,3.039843797683716,0.9478499889373779,0.3544921875,0.5300132632255554,0.0012200125493109226,0.19121402502059937,0.006459063850343227
50x50 largo,2783,3562240.0,0.1945277452468872,0.1875,,,3.0,2.0,3.0101563930511475,0.9490499496459961,0.3550781309604645,0.5173318386077881,0.0026323196943849325,0.21781021356582642,0.005235627293586731
50x50 largo,2784,3563520.0,0.06917374581098557,0.0625,,,1.0,2.0,2.932812452316284,0.9497249126434326,0.3414062559604645,0.5106342434883118,0.000846780021674931,0.14071080088615417,0.0027704876847565174
50x50 largo,2785,3564800.0,0.013127000071108341,0.0,,,0.0,4.0,3.067187547683716,0.950624942779541,0.35371094942092896,0.5211020708084106,0.0010084215318784118,0.1608731895685196,9.256208431906998e-05
50x50 largo,2786,3566080.0,0.1315048635005951,0.125,,,2.0,2.0,3.1703126430511475,0.9510499835014343,0.35820314288139343,0.520930826663971,0.0018071969971060753,0.14952349662780762,0.005080643109977245
50x50 largo,2787,3567360.0,0.19435074925422668,0.1875,,,3.0,2.0,3.167187452316284,0.9520249366760254,0.3880859315395355,0.5163400769233704,0.002299359068274498,0.20176078379154205,0.005770474672317505
50x50 largo,2788,3568640.0,0.00046125019434839487,0.0,,,0.0,0.0,3.1875,0.952799916267395,0.40214845538139343,0.5201084017753601,0.0017372304573655128,0.12650638818740845,0.00011274813732597977
50x50 largo,2789,3569920.0,0.00019050009723287076,0.0,,,0.0,0.0,3.1875,0.953125,0.40214845538139343,0.5316460728645325,0.0020820749923586845,0.15194359421730042,6.658000347670168e-05
50x50 largo,2790,3571200.0,0.25032588839530945,0.25,,,4.0,0.0,2.995312452316284,0.9536749124526978,0.376953125,0.529932975769043,0.0008707646047696471,0.1681802123785019,0.014504068531095982
50x50 largo,2791,3572480.0,0.003320875344797969,0.0,,,0.0,1.0,2.94140625,0.9540249705314636,0.37968751788139343,0.5342793464660645,0.0025505125522613525,0.1639944463968277,0.0001343664771411568
50x50 largo,2792,3573760.0,0.12855100631713867,0.125,,,2.0,1.0,2.9593751430511475,0.9547999501228333,0.36308595538139343,0.5348460674285889,0.004668010398745537,0.2275533378124237,0.005354084074497223
50x50 largo,2793,3575040.0,0.06278037279844284,0.0625,,,1.0,0.0,2.875,0.9553999900817871,0.37910157442092896,0.5392580032348633,0.0015428818296641111,0.15157672762870789,0.00041904690442606807
50x50 largo,2794,3576320.0,0.19724975526332855,0.1875,,,3.0,3.0,2.8539063930511475,0.9560749530792236,0.3929687440395355,0.5217037796974182,0.00706970039755106,0.2510788142681122,0.010263016447424889
50x50 largo,2795,3577600.0,0.0629040002822876,0.0625,,,1.0,0.0,2.83984375,0.956974983215332,0.3580078184604645,0.5365220308303833,0.0030400690156966448,0.19630533456802368,0.00287373224273324
50x50 largo,2796,3578880.0,0.19426049292087555,0.1875,,,3.0,2.0,2.7578125,0.9579499959945679,0.3394531309604645,0.5211514830589294,0.00498148612678051,0.2134951949119568,0.009129608981311321
50x50 largo,2797,3580160.0,0.2003711313009262,0.1875,,,3.0,4.0,2.8109376430511475,0.9585000276565552,0.39667969942092896,0.5286503434181213,0.001983397640287876,0.15796764194965363,0.007701771799474955
50x50 largo,2798,3581440.0,0.12832674384117126,0.125,,,2.0,1.0,2.766406297683716,0.9589499831199646,0.3597656190395355,0.5234053134918213,0.0024845385923981667,0.17286249995231628,0.0062689995393157005
50x50 largo,2799,3582720.0,0.0031709999311715364,0.0,,,0.0,1.0,2.753124952316284,0.9590499997138977,0.3968749940395355,0.523842453956604,0.0027552074752748013,0.1786811500787735,7.163227564888075e-05
50x50 largo,2800,3584000.0,0.06598237156867981,0.0625,,,1.0,1.0,2.811718702316284,0.9596999883651733,0.43476563692092896,0.5401322245597839,0.0028517809696495533,0.153123676776886,0.002537327818572521
50x50 largo,2801,3585280.0,0.006439000368118286,0.0,,,0.0,2.0,2.921093702316284,0.9599999785423279,0.4013671875,0.546156644821167,0.004780852235853672,0.15374265611171722,9.949851664714515e-05
50x50 largo,2802,3586560.0,0.06274637579917908,0.0625,,,1.0,0.0,2.9320313930511475,0.9605000019073486,0.41796875,0.5445659756660461,0.0020979614928364754,0.1297629177570343,0.0033794317860156298
50x50 largo,2803,3587840.0,0.0626126229763031,0.0625,,,1.0,0.0,2.846874952316284,0.9607499837875366,0.4091796875,0.5429109334945679,0.00308853923343122,0.1877577304840088,0.0034502525813877583
50x50 largo,2804,3589120.0,0.19725865125656128,0.1875,,,3.0,3.0,2.819531202316284,0.9615249633789062,0.42207032442092896,0.5347530245780945,0.0013908203691244125,0.17644983530044556,0.010012282058596611
50x50 largo,2805,3590400.0,0.06881199777126312,0.0625,,,1.0,2.0,2.836718797683716,0.9616249799728394,0.4046874940395355,0.5377635955810547,0.002572218421846628,0.20468783378601074,0.003302261233329773
50x50 largo,2806,3591680.0,0.2534804940223694,0.25,,,4.0,1.0,2.78515625,0.9622749090194702,0.40839844942092896,0.5390565991401672,0.0022132322192192078,0.21607275307178497,0.01186024583876133
50x50 largo,2807,3592960.0,0.14385899901390076,0.125,,,2.0,6.0,2.84375,0.9624749422073364,0.3775390684604645,0.5374181270599365,0.005673856940120459,0.1926528811454773,0.006399543955922127
50x50 largo,2808,3594240.0,0.20015586912631989,0.1875,,,3.0,4.0,2.953125,0.9628749489784241,0.4244140684604645,0.5511928796768188,0.00350290909409523,0.19408085942268372,0.007765499409288168
50x50 largo,2809,3595520.0,0.13134661316871643,0.125,,,2.0,2.0,2.9710938930511475,0.9630749225616455,0.4468750059604645,0.5602797865867615,0.007981996051967144,0.15550008416175842,0.005867280066013336
50x50 largo,2810,3596800.0,0.06275999546051025,0.0625,,,1.0,0.0,2.9453125,0.9634999632835388,0.45703125,0.561132550239563,0.002356325276196003,0.2291940301656723,0.0025109457783401012
50x50 largo,2811,3598080.0,0.19381262362003326,0.1875,,,3.0,2.0,2.9234375953674316,0.9635999798774719,0.4320312440395355,0.5527071952819824,0.001638125511817634,0.1448521614074707,0.008532872423529625
50x50 largo,2812,3599360.0,0.256411612033844,0.25,,,4.0,2.0,2.7789063453674316,0.9639250040054321,0.419921875,0.5460941791534424,0.003907838836312294,0.27371746301651,0.012416750192642212
50x50 largo,2813,3600640.0,0.46083247661590576,0.0,,,0.0,15.0,1.536718726158142,0.03414999693632126,0.45000001788139343,0.5775073766708374,0.0011229763040319085,0.1964537501335144,0.0010941405780613422
50x50 largo,2814,3601920.0,0.9995945692062378,0.0,,,0.0,10.0,1.0164062976837158,0.11837499588727951,0.451171875,0.5488154888153076,0.0015288142021745443,0.3210735321044922,0.002759678289294243
50x50 largo,2815,3603200.0,0.9946303367614746,0.0625,,,1.0,14.0,1.658593773841858,0.2034749984741211,0.44140625,0.5533310770988464,0.00687246723100543,0.34358352422714233,0.0045053777284920216
50x50 largo,2816,3604480.0,1.0240625143051147,0.125,,,2.0,9.0,2.464062452316284,0.2966499924659729,0.42890626192092896,0.5724244117736816,0.0032988199964165688,0.25156480073928833,0.006613182369619608
50x50 largo,2817,3605760.0,0.6856420040130615,0.0625,,,1.0,11.0,2.9703125953674316,0.3675500154495239,0.46894532442092896,0.5597505569458008,0.009854519739747047,0.3032647669315338,0.002968382555991411
50x50 largo,2818,3607040.0,0.47407421469688416,0.0625,,,1.0,4.0,3.317187547683716,0.42079997062683105,0.44414064288139343,0.5853989124298096,0.0034181515220552683,0.1546877920627594,0.0026654142420738935
50x50 largo,2819,3608320.0,0.5097658634185791,0.125,,,2.0,2.0,3.4195313453674316,0.47599998116493225,0.44511720538139343,0.5821771621704102,0.00143402349203825,0.16778407990932465,0.008738361299037933
50x50 largo,2820,3609600.0,0.5595462322235107,0.1875,,,3.0,5.0,3.3531250953674316,0.5329749584197998,0.4244140684604645,0.5760400295257568,0.004203492309898138,0.18377895653247833,0.006809736602008343
50x50 largo,2821,3610880.0,0.3782399892807007,0.125,,,2.0,2.0,3.510937452316284,0.5769749879837036,0.4046874940395355,0.5762069821357727,0.0028519919142127037,0.19504281878471375,0.005195952951908112
50x50 largo,2822,3612160.0,0.37436163425445557,0.1875,,,3.0,1.0,3.44140625,0.6132999658584595,0.4164062440395355,0.5651013851165771,0.00571431266143918,0.21196213364601135,0.0063306353986263275
50x50 largo,2823,3613440.0,0.40939861536026,0.25,,,4.0,4.0,3.35546875,0.6450499892234802,0.3685546815395355,0.5678703784942627,0.002109070774167776,0.19833557307720184,0.010207220911979675
50x50 largo,2824,3614720.0,0.259335994720459,0.125,,,2.0,4.0,3.484375,0.6741499900817871,0.3890624940395355,0.5768608450889587,0.0010639999527484179,0.2228858470916748,0.0059505668468773365
50x50 largo,2825,3616000.0,0.2590372562408447,0.125,,,2.0,1.0,3.4976563453674316,0.7075999975204468,0.38847658038139343,0.5814294815063477,0.002653882373124361,0.18269678950309753,0.004198478069156408
50x50 largo,2826,3617280.0,0.27779310941696167,0.1875,,,3.0,3.0,3.391406297683716,0.7303999662399292,0.3949218690395355,0.5632410049438477,0.005142084788531065,0.2046692967414856,0.007212498225271702
50x50 largo,2827,3618560.0,0.32843923568725586,0.25,,,4.0,2.0,3.391406297683716,0.7518249750137329,0.400390625,0.5754551887512207,0.003192297648638487,0.15119847655296326,0.011228234507143497
50x50 largo,2828,3619840.0,0.2041114866733551,0.125,,,2.0,4.0,3.260937452316284,0.7741749286651611,0.3681640625,0.5839444994926453,0.007337252609431744,0.16953299939632416,0.004746976308524609
50x50 largo,2829,3621120.0,0.18667227029800415,0.125,,,2.0,1.0,3.457812547683716,0.7963749766349792,0.4039062559604645,0.5835374593734741,0.001748812384903431,0.16935871541500092,0.005545570515096188
50x50 largo,2830,3622400.0,0.23959612846374512,0.1875,,,3.0,3.0,3.422656297683716,0.8148999810218811,0.39433595538139343,0.5697778463363647,0.001953589264303446,0.21961459517478943,0.008016255684196949
50x50 largo,2831,3623680.0,0.35368049144744873,0.3125,,,5.0,3.0,3.250781297683716,0.8298499584197998,0.3740234375,0.5483382940292358,0.0025086207315325737,0.16185049712657928,0.010542227886617184
50x50 largo,2832,3624960.0,0.16043026745319366,0.125,,,2.0,3.0,3.2992188930511475,0.8420000076293945,0.36835938692092896,0.5562700033187866,0.0020784148946404457,0.19494940340518951,0.0069495378993451595
50x50 largo,2833,3626240.0,0.16631512343883514,0.125,,,2.0,5.0,3.421093702316284,0.8545999526977539,0.34550783038139343,0.5614277720451355,0.0018761716783046722,0.1920740008354187,0.00353920366615057
50x50 largo,2834,3627520.0,0.22008800506591797,0.1875,,,3.0,4.0,3.578906297683716,0.8646999597549438,0.3564453125,0.5726755261421204,0.00178938964381814,0.18251043558120728,0.007819346152245998
50x50 largo,2835,3628800.0,0.20468401908874512,0.1875,,,3.0,2.0,3.539843797683716,0.8703999519348145,0.3638671934604645,0.5566330552101135,0.0023560563568025827,0.19512054324150085,0.008254436776041985
50x50 largo,2836,3630080.0,0.13160523772239685,0.125,,,2.0,0.0,3.4453125,0.8744750022888184,0.3382812440395355,0.5486344695091248,0.0012782718986272812,0.19607123732566833,0.007645003497600555
50x50 largo,2837,3631360.0,0.07757949084043503,0.0625,,,1.0,2.0,3.430468797683716,0.880649983882904,0.3404296934604645,0.5411022901535034,0.003030869411304593,0.20437289774417877,0.0036086381878703833
50x50 largo,2838,3632640.0,0.14234700798988342,0.125,,,2.0,3.0,3.483593702316284,0.8861500024795532,0.333984375,0.5450160503387451,0.0010956785408779979,0.3088327944278717,0.007467842660844326
50x50 largo,2839,3633920.0,0.2677966356277466,0.25,,,4.0,3.0,3.479687452316284,0.892799973487854,0.3255859315395355,0.5630989074707031,0.0009623344521969557,0.2347412109375,0.010593483224511147
50x50 largo,2840,3635200.0,0.20287048816680908,0.1875,,,3.0,2.0,3.4234375953674316,0.8988499641418457,0.33320313692092896,0.5589280128479004,0.005983130540698767,0.20738981664180756,0.007946992293000221
50x50 largo,2841,3636480.0,0.1380418986082077,0.125,,,2.0,2.0,3.319531202316284,0.9038249254226685,0.3558593690395355,0.5577071309089661,0.0012190134730190039,0.1330721080303192,0.004604191519320011
50x50 largo,2842,3637760.0,0.3902263641357422,0.375,,,6.0,3.0,3.221874952316284,0.9089749455451965,0.34941408038139343,0.5543441772460938,0.002509821206331253,0.22238647937774658,0.014175726100802422
50x50 largo,2843,3639040.0,0.4004821479320526,0.375,,,6.0,6.0,3.1234376430511475,0.913974940776825,0.3373046815395355,0.5435287952423096,0.0021784547716379166,0.19461128115653992,0.015787411481142044
50x50 largo,2844,3640320.0,0.07623275369405746,0.0625,,,1.0,3.0,3.207812547683716,0.9181249141693115,0.3701171875,0.5537985563278198,0.0019819005392491817,0.16940060257911682,0.002575832884758711
50x50 largo,2845,3641600.0,0.13884063065052032,0.125,,,2.0,3.0,3.3570313453674316,0.9222749471664429,0.39375001192092896,0.5605428218841553,0.001292698783800006,0.15145981311798096,0.0035218638367950916
50x50 largo,2846,3642880.0,0.07790012657642365,0.0625,,,1.0,4.0,3.524218797683716,0.925125002861023,0.40117189288139343,0.548641562461853,0.001510578440502286,0.1898563802242279,0.002296694088727236
50x50 largo,2847,3644160.0,0.13844214379787445,0.125,,,2.0,3.0,3.561718702316284,0.929224967956543,0.3919921815395355,0.5481237173080444,0.001585615100339055,0.1709662228822708,0.00398092158138752
50x50 largo,2848,3645440.0,0.1343693733215332,0.125,,,2.0,2.0,3.6015625,0.9329749941825867,0.3716796934604645,0.5286939144134521,0.004234476946294308,0.13185828924179077,0.0043434202671051025
50x50 largo,2849,3646720.0,0.32134974002838135,0.3125,,,5.0,2.0,3.5335938930511475,0.9360499382019043,0.37031251192092896,0.5242220163345337,0.0014600553549826145,0.23163218796253204,0.011872712522745132
50x50 largo,2850,3648000.0,0.07454012334346771,0.0625,,,1.0,3.0,3.4945313930511475,0.9388999938964844,0.365234375,0.5118920803070068,0.0016816692659631371,0.1478104591369629,0.003135174047201872
50x50 largo,2851,3649280.0,0.13069447875022888,0.125,,,2.0,1.0,3.5882813930511475,0.9420750141143799,0.3597656190395355,0.5383412837982178,0.0012957857688888907,0.21044178307056427,0.005358548369258642
50x50 largo,2852,3650560.0,0.19870300590991974,0.1875,,,3.0,3.0,3.4281251430511475,0.9446499943733215,0.35546875,0.5203657746315002,0.003381479997187853,0.16542530059814453,0.0054968902841210365
50x50 largo,2853,3651840.0,0.1952504962682724,0.1875,,,3.0,2.0,3.4554688930511475,0.9465749859809875,0.3363281190395355,0.5192022323608398,0.0006143659120425582,0.18750879168510437,0.006737503223121166
50x50 largo,2854,3653120.0,0.1943933665752411,0.1875,,,3.0,2.0,3.387500047683716,0.9476000070571899,0.32539063692092896,0.5011780261993408,0.0017169872298836708,0.13864094018936157,0.007890292443335056
50x50 largo,2855,3654400.0,0.25999724864959717,0.25,,,4.0,3.0,3.354687452316284,0.9484999179840088,0.3238281309604645,0.5205284953117371,0.0006896698614582419,0.2415837198495865,0.009332239627838135
50x50 largo,2856,3655680.0,0.20461112260818481,0.1875,,,3.0,5.0,3.3460938930511475,0.9509999752044678,0.31718751788139343,0.5080713033676147,0.0021445397287607193,0.18237827718257904,0.007407069206237793
50x50 largo,2857,3656960.0,0.07318824529647827,0.0625,,,1.0,3.0,3.5132813453674316,0.9528499841690063,0.3179687559604645,0.5021967887878418,0.0016631192993372679,0.14360356330871582,0.003233003430068493
50x50 largo,2858,3658240.0,0.2504197359085083,0.25,,,4.0,0.0,3.418750047683716,0.9534499645233154,0.29511719942092896,0.4855625629425049,0.0021100169979035854,0.185662180185318,0.010257106274366379
50x50 largo,2859,3659520.0,0.06603512912988663,0.0625,,,1.0,1.0,3.28515625,0.9542750120162964,0.287109375,0.48875632882118225,0.00145628466270864,0.15693697333335876,0.0033328025601804256
50x50 largo,2860,3660800.0,0.1354527473449707,0.125,,,2.0,3.0,3.3648438453674316,0.9560499787330627,0.27714845538139343,0.4909824728965759,0.0008859459776431322,0.20064836740493774,0.00542936148121953
50x50 largo,2861,3662080.0,0.31628721952438354,0.3125,,,5.0,1.0,3.23828125,0.9570500254631042,0.2867187559604645,0.5159066915512085,0.0018668760312721133,0.16653889417648315,0.012416236102581024
50x50 largo,2862,3663360.0,0.1283596158027649,0.125,,,2.0,1.0,3.0414063930511475,0.957474946975708,0.28496095538139343,0.4915068745613098,0.0032536140643060207,0.14947566390037537,0.004812693223357201
50x50 largo,2863,3664640.0,0.19120275974273682,0.1875,,,3.0,1.0,3.069531202316284,0.9584499597549438,0.26250001788139343,0.4618051052093506,0.0030970359221100807,0.11272988468408585,0.009078102186322212
50x50 largo,2864,3665920.0,0.19729074835777283,0.1875,,,3.0,3.0,2.9664063453674316,0.9592999219894409,0.25410157442092896,0.47125768661499023,0.002337271813303232,0.18706391751766205,0.008480571210384369
50x50 largo,2865,3667200.0,0.06905187666416168,0.0625,,,1.0,2.0,2.9742188453674316,0.9599249958992004,0.2548828125,0.5049021244049072,0.005673265550285578,0.15110917389392853,0.002678565913811326
50x50 largo,2866,3668480.0,0.0034485002979636192,0.0,,,0.0,1.0,3.0234375,0.9605749845504761,0.28535157442092896,0.5047828555107117,0.0020198319107294083,0.18183666467666626,0.00011154294043080881
50x50 largo,2867,3669760.0,0.07258087396621704,0.0625,,,1.0,3.0,3.202343702316284,0.961899995803833,0.30449220538139343,0.5137327909469604,0.0021452317014336586,0.14312097430229187,0.002584796864539385
50x50 largo,2868,3671040.0,0.06635373830795288,0.0625,,,1.0,1.0,3.1851563453674316,0.9636249542236328,0.30351564288139343,0.4866834878921509,0.004083183594048023,0.1369742900133133,0.0028356127440929413
50x50 largo,2869,3672320.0,0.13132363557815552,0.125,,,2.0,2.0,3.1773438453674316,0.9637999534606934,0.29277345538139343,0.5183126926422119,0.006296953186392784,0.1477455198764801,0.005589594133198261
50x50 largo,2870,3673600.0,0.19390223920345306,0.1875,,,3.0,2.0,3.237499952316284,0.9641000032424927,0.3257812559604645,0.49702906608581543,0.0012945556081831455,0.14707645773887634,0.008859793655574322
50x50 largo,2871,3674880.0,0.1970595121383667,0.1875,,,3.0,3.0,3.167187452316284,0.9644999504089355,0.30488282442092896,0.5058177709579468,0.0018675988540053368,0.18441331386566162,0.012112789787352085
50x50 largo,2872,3676160.0,0.19393323361873627,0.1875,,,3.0,2.0,3.05078125,0.9650499820709229,0.30156251788139343,0.4919902980327606,0.0014307070523500443,0.13562841713428497,0.00720126461237669
50x50 largo,2873,3677440.0,0.20017775893211365,0.1875,,,3.0,4.0,3.0546875,0.965499997138977,0.3212890625,0.5097941160202026,0.002090460853651166,0.19667948782444,0.00796869583427906
50x50 largo,2874,3678720.0,0.25948113203048706,0.25,,,4.0,3.0,3.1015625,0.965749979019165,0.326171875,0.5110129117965698,0.0013954483438283205,0.25326159596443176,0.00926910899579525
50x50 largo,2875,3680000.0,0.07199999690055847,0.0625,,,1.0,3.0,3.1382813453674316,0.9660249948501587,0.3246093690395355,0.5007280111312866,0.0015136903384700418,0.1963750422000885,0.002293348079547286
50x50 largo,2876,3681280.0,0.1315312385559082,0.125,,,2.0,2.0,3.1500000953674316,0.9666999578475952,0.3207031190395355,0.48453933000564575,0.004183182027190924,0.12646736204624176,0.005415261723101139
50x50 largo,2877,3682560.0,0.1312992423772812,0.125,,,2.0,2.0,3.211718797683716,0.9668749570846558,0.2978515625,0.46981486678123474,0.001247995998710394,0.17658518254756927,0.005882777273654938
50x50 largo,2878,3683840.0,0.13130411505699158,0.125,,,2.0,2.0,3.211718797683716,0.9670000076293945,0.2783203125,0.48337000608444214,0.002331571187824011,0.18016943335533142,0.006289613898843527
50x50 largo,2879,3685120.0,0.19732123613357544,0.1875,,,3.0,3.0,3.1617188453674316,0.9677000045776367,0.30195313692092896,0.48165613412857056,0.0017393134767189622,0.1955161839723587,0.008441619575023651
50x50 largo,2880,3686400.0,0.20034238696098328,0.1875,,,3.0,4.0,3.2523438930511475,0.9682999849319458,0.29316407442092896,0.44315940141677856,0.00786532461643219,0.2304060310125351,0.007402166724205017
50x50 largo,2881,3687680.0,0.12815186381340027,0.125,,,2.0,1.0,3.1968750953674316,0.9683499336242676,0.2679687440395355,0.4726720452308655,0.0023209890350699425,0.15809953212738037,0.00501903984695673
50x50 largo,2882,3688960.0,0.20018386840820312,0.1875,,,3.0,4.0,3.2054688930511475,0.9686999917030334,0.2689453065395355,0.48909991979599,0.003986327908933163,0.14533472061157227,0.007468864321708679
50x50 largo,2883,3690240.0,0.078125,0.0625,,,1.0,5.0,3.44140625,0.9686999917030334,0.2845703065395355,0.4646691381931305,0.0024489820934832096,0.13866877555847168,0.0026456937193870544
50x50 largo,2884,3691520.0,0.0687747448682785,0.0625,,,1.0,2.0,3.5445313453674316,0.9687499403953552,0.25800782442092896,0.4599275588989258,0.0006821820279583335,0.2204347550868988,0.0031092241406440735
50x50 largo,2885,3692800.0,0.13125987350940704,0.125,,,2.0,2.0,3.61328125,0.9687749147415161,0.2730468809604645,0.47301387786865234,0.0004811455437447876,0.17472496628761292,0.005889176391065121
50x50 largo,2886,3694080.0,0.00010750013461802155,0.0,,,0.0,0.0,3.5625,0.969124972820282,0.27324220538139343,0.463123083114624,0.003920622169971466,0.22632312774658203,0.00010826699144672602
50x50 largo,2887,3695360.0,0.06566762924194336,0.0625,,,1.0,1.0,3.532031297683716,0.969249963760376,0.26250001788139343,0.47684744000434875,0.0019467661622911692,0.1727464497089386,0.0013207392767071724
50x50 largo,2888,3696640.0,0.12812499701976776,0.125,,,2.0,1.0,3.5570313930511475,0.969249963760376,0.2718749940395355,0.463153600692749,0.0024724104441702366,0.12783624231815338,0.004913525655865669
50x50 largo,2889,3697920.0,0.19069024920463562,0.1875,,,3.0,1.0,3.3890626430511475,0.9693499803543091,0.2578125,0.4400394856929779,0.004396903794258833,0.15827034413814545,0.006833964958786964
50x50 largo,2890,3699200.0,0.19374999403953552,0.1875,,,3.0,2.0,3.352343797683716,0.9693499803543091,0.24179688096046448,0.4500270485877991,0.001170394942164421,0.15206517279148102,0.006113536190241575
50x50 largo,2891,3700480.0,0.4243669807910919,0.1875,,,3.0,4.0,2.057812452316284,0.018549999222159386,0.2769531309604645,0.49671095609664917,0.0038492148742079735,0.1855737715959549,0.0037457183934748173
50x50 largo,2892,3701760.0,1.0081870555877686,0.0,,,0.0,23.0,1.1046875715255737,0.09825000166893005,0.4078125059604645,0.498087078332901,0.005205148831009865,0.35304009914398193,0.003204105421900749
50x50 largo,2893,3703040.0,1.1303704977035522,0.125,,,2.0,17.0,2.265625,0.18722498416900635,0.37109375,0.5473088026046753,0.0016408911906182766,0.35703521966934204,0.009317075833678246
50x50 largo,2894,3704320.0,1.068028211593628,0.125,,,2.0,11.0,2.9898438453674316,0.28254997730255127,0.4140625,0.5640788078308105,0.003026428399607539,0.3696213960647583,0.0077407704666256905
50x50 largo,2895,3705600.0,0.96444171667099,0.125,,,2.0,6.0,3.3539063930511475,0.38099998235702515,0.4117187559604645,0.5594565868377686,0.002999164629727602,0.32457929849624634,0.007033946458250284
50x50 largo,2896,3706880.0,0.8999422788619995,0.1875,,,3.0,5.0,3.555468797683716,0.4788249731063843,0.3714843690395355,0.5534532070159912,0.0024369352031499147,0.23923759162425995,0.005302865989506245
50x50 largo,2897,3708160.0,0.6847578287124634,0.25,,,4.0,1.0,3.507031202316284,0.5498249530792236,0.29863283038139343,0.512367844581604,0.0017683487385511398,0.2329760640859604,0.009230747818946838
50x50 largo,2898,3709440.0,0.3928726315498352,0.1875,,,3.0,1.0,3.2593750953674316,0.5876749753952026,0.2787109315395355,0.4881933927536011,0.0026082084514200687,0.16098183393478394,0.005708531476557255
50x50 largo,2899,3710720.0,0.3709658682346344,0.1875,,,3.0,3.0,3.2359375953674316,0.6230499744415283,0.29707032442092896,0.4991036057472229,0.0004844997311010957,0.17926327884197235,0.006979530677199364
50x50 largo,2900,3712000.0,0.4269000291824341,0.25,,,4.0,4.0,3.258593797683716,0.6595499515533447,0.2933593690395355,0.49828287959098816,0.0012915534898638725,0.23610074818134308,0.009365247562527657
50x50 largo,2901,3713280.0,0.29034438729286194,0.125,,,2.0,4.0,3.278125047683716,0.6976749897003174,0.2787109315395355,0.47601866722106934,0.00461353175342083,0.17051097750663757,0.0051850685849785805
50x50 largo,2902,3714560.0,0.23935526609420776,0.125,,,2.0,3.0,3.37890625,0.7274749875068665,0.22910156846046448,0.4395490884780884,0.0046969749964773655,0.162388414144516,0.004479946568608284
50x50 largo,2903,3715840.0,0.051760002970695496,0.0,,,0.0,1.0,3.4515626430511475,0.7424499988555908,0.20683594048023224,0.4302216172218323,0.0013371664099395275,0.21764318645000458,0.000387310516089201
50x50 largo,2904,3717120.0,0.24786187708377838,0.1875,,,3.0,3.0,3.4546875953674316,0.7589249610900879,0.21914063394069672,0.4372841715812683,0.0004714219248853624,0.16968722641468048,0.005385683849453926
50x50 largo,2905,3718400.0,0.17848214507102966,0.125,,,2.0,1.0,3.5062501430511475,0.7759249806404114,0.21953125298023224,0.4412236213684082,0.0017592576332390308,0.15815258026123047,0.005597634240984917
50x50 largo,2906,3719680.0,0.11198412626981735,0.0625,,,1.0,3.0,3.5335938930511475,0.7903000116348267,0.22343750298023224,0.44264936447143555,0.0011430401355028152,0.1716938018798828,0.003388996934518218
50x50 largo,2907,3720960.0,0.2381761074066162,0.1875,,,3.0,1.0,3.4984376430511475,0.8092749714851379,0.19472657144069672,0.4175710082054138,0.0013786001363769174,0.16362088918685913,0.007917866110801697
50x50 largo,2908,3722240.0,0.15394975244998932,0.125,,,2.0,2.0,3.41796875,0.8192750215530396,0.19355468451976776,0.4233274459838867,0.003207932459190488,0.11996295303106308,0.005086223129183054
50x50 largo,2909,3723520.0,0.08452725410461426,0.0625,,,1.0,0.0,3.414843797683716,0.8293999433517456,0.2060546875,0.4242473840713501,0.0009184782975353301,0.14132511615753174,0.002710954286158085
50x50 largo,2910,3724800.0,0.154649019241333,0.125,,,2.0,3.0,3.46484375,0.838824987411499,0.20234374701976776,0.41681453585624695,0.001771475188434124,0.12741060554981232,0.004498790018260479
50x50 largo,2911,3726080.0,0.14314699172973633,0.125,,,2.0,1.0,3.4164063930511475,0.8460749387741089,0.20839844644069672,0.40492910146713257,0.003045320510864258,0.142787367105484,0.005356787703931332
50x50 largo,2912,3727360.0,0.07941025495529175,0.0625,,,1.0,0.0,3.367968797683716,0.8549999594688416,0.20078125596046448,0.3982290029525757,0.004025413654744625,0.10880322009325027,0.0024442465510219336
50x50 largo,2913,3728640.0,0.07648812979459763,0.0625,,,1.0,0.0,3.280468702316284,0.8628499507904053,0.1875,0.39914318919181824,0.0014773819129914045,0.1778784692287445,0.0026366673409938812
50x50 largo,2914,3729920.0,0.13986149430274963,0.125,,,2.0,2.0,3.24609375,0.8678749799728394,0.17792968451976776,0.3773755133152008,0.00045537485857494175,0.15415164828300476,0.0066168345510959625
50x50 largo,2915,3731200.0,0.20399676263332367,0.1875,,,3.0,2.0,3.2906250953674316,0.874049961566925,0.1533203125,0.34643927216529846,0.0013508345000445843,0.153803750872612,0.007822238840162754
50x50 largo,2916,3732480.0,0.13911275565624237,0.125,,,2.0,3.0,3.1812500953674316,0.8770999908447266,0.13300780951976776,0.3201901912689209,0.001324003329500556,0.14483687281608582,0.00543083855882287
50x50 largo,2917,3733760.0,0.0819535106420517,0.0625,,,1.0,5.0,3.3734376430511475,0.8797000050544739,0.1513671875,0.31156057119369507,0.0006802789866924286,0.13803327083587646,0.0032692966051399708
50x50 largo,2918,3735040.0,0.06657886505126953,0.0625,,,1.0,0.0,3.469531297683716,0.8825749754905701,0.13125000894069672,0.29169410467147827,0.0030113686807453632,0.09552496671676636,0.002251142170280218
50x50 largo,2919,3736320.0,0.011917500756680965,0.0,,,0.0,2.0,3.512500047683716,0.8865000009536743,0.134765625,0.30763667821884155,0.002655227668583393,0.1539219319820404,8.617405546829104e-05
50x50 largo,2920,3737600.0,0.07301712036132812,0.0625,,,1.0,2.0,3.549999952316284,0.8898249864578247,0.146484375,0.3170180916786194,0.00048219747259281576,0.09528897702693939,0.0020367694087326527
50x50 largo,2921,3738880.0,0.1959608495235443,0.1875,,,3.0,2.0,3.590625047683716,0.891624927520752,0.15371094644069672,0.31598395109176636,0.001157384249381721,0.14446264505386353,0.007871681824326515
50x50 largo,2922,3740160.0,0.0037486255168914795,0.0,,,0.0,0.0,3.5625,0.8942249417304993,0.14374999701976776,0.32755088806152344,0.001383364899083972,0.12947627902030945,5.762771252193488e-05
50x50 largo,2923,3741440.0,0.13243475556373596,0.125,,,2.0,1.0,3.539843797683716,0.8974499702453613,0.14863280951976776,0.3219206631183624,0.00026536654331721365,0.13751989603042603,0.005637088790535927
50x50 largo,2924,3742720.0,0.06832411885261536,0.0625,,,1.0,1.0,3.516406297683716,0.899649977684021,0.13925781846046448,0.3151434659957886,0.001399398548528552,0.12404125183820724,0.003275916911661625
50x50 largo,2925,3744000.0,0.19821913540363312,0.1875,,,3.0,3.0,3.4710938930511475,0.9007749557495117,0.13886718451976776,0.3183494806289673,0.0014952478231862187,0.1606212556362152,0.006569164339452982
50x50 largo,2926,3745280.0,0.011962750926613808,0.0,,,0.0,3.0,3.6000001430511475,0.9026249647140503,0.14042969048023224,0.3261110186576843,0.0004949042340740561,0.15273109078407288,9.606532694306225e-05
50x50 largo,2927,3746560.0,0.1378600001335144,0.125,,,2.0,3.0,3.7679688930511475,0.9049500226974487,0.14121094346046448,0.34130555391311646,0.0015405546873807907,0.19603142142295837,0.005260488949716091
50x50 largo,2928,3747840.0,0.06362175196409225,0.0625,,,1.0,0.0,3.729687452316284,0.9059749841690063,0.1513671875,0.3214525878429413,0.003987262491136789,0.07077286392450333,0.002956035081297159
50x50 largo,2929,3749120.0,0.06827875226736069,0.0625,,,1.0,1.0,3.6875,0.9083499908447266,0.1376953125,0.3322010040283203,0.001193516654893756,0.07882809638977051,0.0023390688002109528
50x50 largo,2930,3750400.0,0.12880925834178925,0.125,,,2.0,0.0,3.6382813453674316,0.9117499589920044,0.15019531548023224,0.34111160039901733,0.0008830379229038954,0.15897947549819946,0.005151116289198399
50x50 largo,2931,3751680.0,0.004442750476300716,0.0,,,0.0,1.0,3.596874952316284,0.9129499793052673,0.17734375596046448,0.3390706777572632,0.0006642134394496679,0.1284201443195343,7.641066622454673e-05
50x50 largo,2932,3752960.0,0.07231024652719498,0.0625,,,1.0,3.0,3.649218797683716,0.9134249687194824,0.16250000894069672,0.3627340495586395,0.0010566313285380602,0.12074387818574905,0.0027318820357322693
50x50 largo,2933,3754240.0,0.06385137885808945,0.0625,,,1.0,0.0,3.714062452316284,0.9146749973297119,0.15996094048023224,0.36431118845939636,0.0007312592933885753,0.12872125208377838,0.003011652734130621
50x50 largo,2934,3755520.0,0.06735800206661224,0.0625,,,1.0,1.0,3.686718702316284,0.9163249731063843,0.17636719346046448,0.40092241764068604,0.004254321102052927,0.2522259056568146,0.002350357361137867
50x50 largo,2935,3756800.0,0.0016783754108473659,0.0,,,0.0,0.0,3.6875,0.9177749156951904,0.17128907144069672,0.36693429946899414,0.00140452163759619,0.16485655307769775,3.972678678110242e-05
50x50 largo,2936,3758080.0,0.06456262618303299,0.0625,,,1.0,0.0,3.6812500953674316,0.9194999933242798,0.17734375596046448,0.4014437794685364,0.0027459589764475822,0.13529035449028015,0.0031295858789235353
50x50 largo,2937,3759360.0,0.0018621254712343216,0.0,,,0.0,0.0,3.625,0.9213749766349792,0.17578125,0.36365509033203125,0.0016317019471898675,0.20694217085838318,3.14727149088867e-05
50x50 largo,2938,3760640.0,0.005402125418186188,0.0,,,0.0,1.0,3.6429688930511475,0.9236499667167664,0.16484375298023224,0.4033530354499817,0.0018202695064246655,0.1657537817955017,2.575442340457812e-05
50x50 largo,2939,3761920.0,0.004928000271320343,0.0,,,0.0,1.0,3.735156297683716,0.9256249666213989,0.1865234375,0.4000001847743988,0.0003591899876482785,0.1787685602903366,2.0409166609169915e-05
50x50 largo,2940,3763200.0,0.12924937903881073,0.125,,,2.0,1.0,3.739062547683716,0.9268499612808228,0.17734375596046448,0.4299047291278839,0.002288468647748232,0.1842217892408371,0.005554366856813431
50x50 largo,2941,3764480.0,0.06998325139284134,0.0625,,,1.0,2.0,3.6625001430511475,0.9283999800682068,0.17695312201976776,0.41390103101730347,0.0002911182527896017,0.12041427940130234,0.0023972615599632263
50x50 largo,2942,3765760.0,0.0010082502849400043,0.0,,,0.0,0.0,3.75,0.9292999505996704,0.17363281548023224,0.4125711917877197,0.0006406258326023817,0.20547226071357727,2.5583842216292396e-05
50x50 largo,2943,3767040.0,0.06360799819231033,0.0625,,,1.0,0.0,3.7445313930511475,0.9302999973297119,0.19082032144069672,0.4225783944129944,0.001340219285339117,0.10857439041137695,0.0032253919634968042
50x50 largo,2944,3768320.0,0.12551024556159973,0.125,,,2.0,0.0,3.633593797683716,0.930899977684021,0.19062499701976776,0.4068142771720886,0.002128987805917859,0.16446726024150848,0.004919251427054405
50x50 largo,2945,3769600.0,0.06823024898767471,0.0625,,,1.0,1.0,3.561718702316284,0.9331749677658081,0.18730469048023224,0.3759348392486572,0.0012576093431562185,0.098794125020504,0.0010367626091465354
50x50 largo,2946,3770880.0,0.0012600002810359001,0.0,,,0.0,0.0,3.5625,0.9343500137329102,0.19082032144069672,0.3485368490219116,0.0017606093315407634,0.13198229670524597,2.7128839064971544e-05
50x50 largo,2947,3772160.0,0.06915437430143356,0.0625,,,1.0,2.0,3.5570313930511475,0.9347749948501587,0.16035155951976776,0.34069061279296875,0.0007298251730389893,0.08949723839759827,0.0030504169408231974
50x50 largo,2948,3773440.0,0.12573224306106567,0.125,,,2.0,0.0,3.55859375,0.9355499744415283,0.15605469048023224,0.35944363474845886,0.0012581798946484923,0.1638304889202118,0.005903938785195351
50x50 largo,2949,3774720.0,0.06934512406587601,0.0625,,,1.0,2.0,3.5367188453674316,0.9362000226974487,0.15019531548023224,0.3151931166648865,0.0018641753122210503,0.0943169891834259,0.0025397413410246372
50x50 largo,2950,3776000.0,0.06653962284326553,0.0625,,,1.0,1.0,3.59375,0.9374749660491943,0.140625,0.29331621527671814,0.0013253637589514256,0.10541541874408722,0.0032061354722827673
50x50 largo,2951,3777280.0,0.0004197502275928855,0.0,,,0.0,0.0,3.5625,0.9380749464035034,0.10976562649011612,0.2896305024623871,0.0004678621480707079,0.11211274564266205,2.6898374926531687e-05
50x50 largo,2952,3778560.0,0.06616436690092087,0.0625,,,1.0,1.0,3.555468797683716,0.9388250112533569,0.12656250596046448,0.26782625913619995,0.0005514078657142818,0.0962224155664444,0.0031337435357272625
50x50 largo,2953,3779840.0,0.0664023756980896,0.0625,,,1.0,1.0,3.551562547683716,0.939799964427948,0.11874999850988388,0.25668036937713623,0.0006699708173982799,0.09483835846185684,0.002729621483013034
50x50 largo,2954,3781120.0,0.0035560003016144037,0.0,,,0.0,1.0,3.5835938453674316,0.9403749704360962,0.1201171875,0.24543774127960205,0.0005894973874092102,0.15666407346725464,2.6853194867726415e-05
50x50 largo,2955,3782400.0,7.325006299652159e-05,0.0,,,0.0,0.0,3.625,0.9405499696731567,0.10917969048023224,0.23283061385154724,0.00016773934476077557,0.0909414291381836,1.7709524399833754e-05
50x50 largo,2956,3783680.0,0.13129349052906036,0.125,,,2.0,2.0,3.610156297683716,0.9406499862670898,0.09980469197034836,0.24128654599189758,0.00016150090959854424,0.10971125960350037,0.00615070341154933
50x50 largo,2957,3784960.0,0.06343600153923035,0.0625,,,1.0,0.0,3.62109375,0.9415499567985535,0.11464843899011612,0.266133189201355,0.0011718601454049349,0.10155236721038818,0.0030720625072717667
50x50 largo,2958,3786240.0,0.06271187216043472,0.0625,,,1.0,0.0,3.5406250953674316,0.9418749809265137,0.1220703125,0.30193835496902466,0.0034258305095136166,0.07203561067581177,0.003238800447434187
50x50 largo,2959,3787520.0,0.0034153752494603395,0.0,,,0.0,1.0,3.500781297683716,0.9423499703407288,0.146484375,0.3301495909690857,0.0010812843684107065,0.1379806101322174,3.3936285035451874e-05
50x50 largo,2960,3788800.0,0.00023737509036436677,0.0,,,0.0,0.0,3.5625,0.9427000284194946,0.15703125298023224,0.29566168785095215,0.0015676042530685663,0.12377770245075226,1.6252848581643775e-05
50x50 largo,2961,3790080.0,0.06933887302875519,0.0625,,,1.0,2.0,3.5609376430511475,0.9434999823570251,0.14667968451976776,0.2792958915233612,0.0024240901693701744,0.11461198329925537,0.002741341944783926
50x50 largo,2962,3791360.0,0.06276975572109222,0.0625,,,1.0,0.0,3.62109375,0.9438499212265015,0.15742187201976776,0.2541334927082062,0.0021912918891757727,0.11976416409015656,0.0033293445594608784
50x50 largo,2963,3792640.0,0.0004985001869499683,0.0,,,0.0,0.0,3.5625,0.9446749687194824,0.1259765625,0.2759975790977478,0.0012699440121650696,0.11912935972213745,1.689351483946666e-05
50x50 largo,2964,3793920.0,0.0034878752194344997,0.0,,,0.0,1.0,3.625,0.9451249837875366,0.158203125,0.28649938106536865,0.0008159361314028502,0.11146761476993561,1.3491437130142003e-05
50x50 largo,2965,3795200.0,0.0010106253903359175,0.0,,,0.0,0.0,3.625,0.9464749097824097,0.1767578125,0.30926015973091125,0.0012282754760235548,0.13656949996948242,6.133103397587547e-06
50x50 largo,2966,3796480.0,0.191118985414505,0.1875,,,3.0,1.0,3.604687452316284,0.9471749663352966,0.17519532144069672,0.3229805529117584,0.002748160157352686,0.1425664722919464,0.009132469072937965
50x50 largo,2967,3797760.0,0.12860575318336487,0.125,,,2.0,1.0,3.4937500953674316,0.9479249715805054,0.1708984375,0.29478755593299866,0.003374593798071146,0.10037153214216232,0.003735029138624668
50x50 largo,2968,3799040.0,0.19086536765098572,0.1875,,,3.0,1.0,3.34765625,0.9482749700546265,0.18730469048023224,0.30511635541915894,0.0012981090694665909,0.1360761821269989,0.009077315218746662
50x50 largo,2969,3800320.0,0.19898751378059387,0.0,,,0.0,6.0,2.575000047683716,0.014924999326467514,0.28105470538139343,0.357172429561615,0.0018367697484791279,0.15672585368156433,0.000363081693649292
50x50 largo,2970,3801600.0,1.0896950960159302,0.0,,,0.0,21.0,0.828906238079071,0.10217499732971191,0.4749999940395355,0.4986498951911926,0.0020216121338307858,0.32539546489715576,0.0037302125710994005
50x50 largo,2971,3802880.0,1.2986953258514404,0.25,,,4.0,17.0,1.986718773841858,0.196274995803833,0.47773438692092896,0.49005186557769775,0.0017795376479625702,0.3123892843723297,0.020061006769537926
50x50 largo,2972,3804160.0,0.88848876953125,0.0625,,,1.0,7.0,2.6031250953674316,0.2813500165939331,0.4507812559604645,0.4602207541465759,0.002748221857473254,0.30957090854644775,0.005268806591629982
50x50 largo,2973,3805440.0,0.8140690326690674,0.125,,,2.0,5.0,2.854687452316284,0.3617749810218811,0.44921875,0.45506298542022705,0.0018858795519918203,0.28101223707199097,0.006191758904606104
50x50 largo,2974,3806720.0,0.5513955950737,0.0,,,0.0,3.0,3.038281202316284,0.43540000915527344,0.4371093809604645,0.426302969455719,0.0013097915798425674,0.18699829280376434,0.0005434921476989985
50x50 largo,2975,3808000.0,0.4651567339897156,0.0,,,0.0,4.0,3.262500047683716,0.5059499740600586,0.41328126192092896,0.44356730580329895,0.0038439224008470774,0.23180899024009705,0.0002692758571356535
50x50 largo,2976,3809280.0,0.3927467465400696,0.0,,,0.0,1.0,3.4273438453674316,0.5768499970436096,0.44023439288139343,0.45960119366645813,0.0023773526772856712,0.2001751959323883,0.0001248167100129649
50x50 largo,2977,3810560.0,0.2953551411628723,0.0,,,0.0,1.0,3.4546875953674316,0.636900007724762,0.37187501788139343,0.42547130584716797,0.0018714708276093006,0.15721958875656128,0.00017817939806263894
50x50 largo,2978,3811840.0,0.42908769845962524,0.25,,,4.0,1.0,3.3671875,0.6767249703407288,0.2972656190395355,0.41424673795700073,0.0008208429208025336,0.20362885296344757,0.01016293466091156
50x50 largo,2979,3813120.0,0.49207738041877747,0.375,,,6.0,3.0,3.1328125,0.7027249932289124,0.3187499940395355,0.4481299817562103,0.0023716241121292114,0.18850520253181458,0.015256740152835846
50x50 largo,2980,3814400.0,0.23826052248477936,0.125,,,2.0,5.0,3.2328126430511475,0.7282500267028809,0.34492188692092896,0.4417267143726349,0.0029283759649842978,0.19744521379470825,0.006521299015730619
50x50 largo,2981,3815680.0,0.23313400149345398,0.125,,,2.0,4.0,3.3726563453674316,0.7561999559402466,0.36054688692092896,0.46408066153526306,0.003951488994061947,0.15622231364250183,0.0064191268756985664
50x50 largo,2982,3816960.0,0.22357963025569916,0.125,,,2.0,4.0,3.5101563930511475,0.7842999696731567,0.36503908038139343,0.46239620447158813,0.0024189220275729895,0.12639591097831726,0.007947471924126148
50x50 largo,2983,3818240.0,0.14069676399230957,0.0625,,,1.0,3.0,3.664843797683716,0.8091249465942383,0.39628908038139343,0.4718531370162964,0.00160406029317528,0.15156657993793488,0.0035133122000843287
50x50 largo,2984,3819520.0,0.11208438128232956,0.0625,,,1.0,0.0,3.6851563453674316,0.8294749855995178,0.3759765625,0.4677371382713318,0.001074424129910767,0.16249558329582214,0.002317611128091812
50x50 largo,2985,3820800.0,0.35192111134529114,0.3125,,,5.0,2.0,3.4710938930511475,0.8446750044822693,0.3681640625,0.4601159691810608,0.0031339863780885935,0.17462728917598724,0.011184394359588623
50x50 largo,2986,3822080.0,0.3426971435546875,0.3125,,,5.0,2.0,3.3609375953674316,0.856624960899353,0.34160158038139343,0.44843626022338867,0.0025447793304920197,0.1878453642129898,0.017969992011785507
50x50 largo,2987,3823360.0,0.3393629789352417,0.3125,,,5.0,3.0,3.089062452316284,0.8663250207901001,0.3076171875,0.4492376446723938,0.002170085906982422,0.1965237408876419,0.011728757992386818
50x50 largo,2988,3824640.0,0.2776707410812378,0.25,,,4.0,3.0,3.077343702316284,0.8768249750137329,0.3515625,0.44940394163131714,0.0033541726879775524,0.13895609974861145,0.010703148320317268
50x50 largo,2989,3825920.0,0.4110652208328247,0.375,,,6.0,5.0,3.024218797683716,0.8882999420166016,0.36542969942092896,0.44869306683540344,0.003295049536973238,0.1667914241552353,0.015589272603392601
50x50 largo,2990,3827200.0,0.09865500032901764,0.0625,,,1.0,6.0,3.196093797683716,0.8986999988555908,0.3482421934604645,0.4542761445045471,0.0033533747773617506,0.19879218935966492,0.0036164228804409504
50x50 largo,2991,3828480.0,0.08398650586605072,0.0625,,,1.0,3.0,3.3671875,0.9077749848365784,0.359375,0.45661330223083496,0.0020175212994217873,0.15390072762966156,0.0027509937062859535
50x50 largo,2992,3829760.0,0.26501527428627014,0.25,,,4.0,2.0,3.5093750953674316,0.915774941444397,0.3656249940395355,0.4603801965713501,0.0015160510083660483,0.18625861406326294,0.018208395689725876
50x50 largo,2993,3831040.0,0.20092949271202087,0.1875,,,3.0,2.0,3.28125,0.9220749735832214,0.3423828184604645,0.4401772618293762,0.0010511988075450063,0.15878115594387054,0.006657040677964687
50x50 largo,2994,3832320.0,0.33002227544784546,0.3125,,,5.0,4.0,3.1820313930511475,0.926224946975708,0.3150390684604645,0.43401843309402466,0.002467299811542034,0.1775835156440735,0.013132191263139248
50x50 largo,2995,3833600.0,0.14432474970817566,0.125,,,2.0,5.0,3.24609375,0.9295249581336975,0.3187499940395355,0.43665486574172974,0.0021132142283022404,0.16251982748508453,0.0033850688487291336
50x50 largo,2996,3834880.0,0.010588375851511955,0.0,,,0.0,2.0,3.442187547683716,0.9330750107765198,0.32421875,0.4662194848060608,0.003611903637647629,0.20931243896484375,0.00018708777497522533
50x50 largo,2997,3836160.0,0.19973322749137878,0.1875,,,3.0,3.0,3.460156202316284,0.9356249570846558,0.333984375,0.433998703956604,0.0015041239093989134,0.1473250836133957,0.007500077597796917
50x50 largo,2998,3837440.0,0.13369974493980408,0.125,,,2.0,2.0,3.444531202316284,0.9388499855995178,0.3232421875,0.4309301972389221,0.0054589323699474335,0.15622776746749878,0.005737654864788055
50x50 largo,2999,3838720.0,0.13259199261665344,0.125,,,2.0,2.0,3.5218751430511475,0.9406499862670898,0.29472658038139343,0.43541690707206726,0.0018465523608028889,0.1385950744152069,0.005610165186226368
50x50 largo,3000,3840000.0,0.13283012807369232,0.125,,,2.0,2.0,3.49609375,0.9424750208854675,0.3197265565395355,0.43378961086273193,0.003040923271328211,0.13981986045837402,0.0053895507007837296
50x50 largo,3001,3841280.0,0.18909087777137756,0.1875,,,3.0,0.0,3.3296875953674316,0.9445499777793884,0.28886720538139343,0.4074665307998657,0.0027010333724319935,0.15787199139595032,0.004154483787715435
50x50 largo,3002,3842560.0,0.0704411119222641,0.0625,,,1.0,2.0,3.3179688453674316,0.9465999603271484,0.25390625,0.3854101598262787,0.003924254793673754,0.11393605172634125,0.001984118949621916
50x50 largo,3003,3843840.0,0.07732538133859634,0.0625,,,1.0,4.0,3.5132813453674316,0.9497499465942383,0.2373046875,0.4221900701522827,0.0009346432634629309,0.1532173752784729,0.0030927471816539764
50x50 largo,3004,3845120.0,0.26049864292144775,0.25,,,4.0,3.0,3.5406250953674316,0.9514249563217163,0.23945312201976776,0.40893247723579407,0.0011298834579065442,0.13639158010482788,0.009735474362969398
50x50 largo,3005,3846400.0,0.01021487545222044,0.0,,,0.0,3.0,3.604687452316284,0.9527749419212341,0.22597657144069672,0.4277251362800598,0.0017754199216142297,0.16336289048194885,0.00014977235696278512
50x50 largo,3006,3847680.0,0.06653637439012527,0.0625,,,1.0,1.0,3.663281202316284,0.953999936580658,0.24335937201976776,0.4282062351703644,0.0006947406800463796,0.14182648062705994,0.002838104497641325
50x50 largo,3007,3848960.0,0.12895236909389496,0.125,,,2.0,1.0,3.6507813930511475,0.9553250074386597,0.24082031846046448,0.404474675655365,0.0008369361748918891,0.11824405193328857,0.006257767789065838
50x50 largo,3008,3850240.0,0.003456250298768282,0.0,,,0.0,1.0,3.65625,0.9560249447822571,0.22910156846046448,0.41667062044143677,0.001394417486153543,0.18758812546730042,6.525882054120302e-05
50x50 largo,3009,3851520.0,0.1348741352558136,0.125,,,2.0,3.0,3.731250047683716,0.9566249847412109,0.24628905951976776,0.4463736414909363,0.001435066107660532,0.17729395627975464,0.0064438749104738235
50x50 largo,3010,3852800.0,0.1878882348537445,0.1875,,,3.0,0.0,3.6585938930511475,0.9573500156402588,0.26171875,0.4733209013938904,0.0022056694142520428,0.2175360471010208,0.0080033540725708
50x50 largo,3011,3854080.0,0.13766011595726013,0.125,,,2.0,4.0,3.6820313930511475,0.9576499462127686,0.2816406190395355,0.4936358332633972,0.003591886954382062,0.21808569133281708,0.005610411521047354
50x50 largo,3012,3855360.0,0.12891976535320282,0.125,,,2.0,1.0,3.6343750953674316,0.9587499499320984,0.2710937559604645,0.5041626691818237,0.004758269526064396,0.16698923707008362,0.005041707307100296
50x50 largo,3013,3856640.0,0.07918637245893478,0.0625,,,1.0,5.0,3.762500047683716,0.9604250192642212,0.3101562559604645,0.5104143619537354,0.001766204135492444,0.17841896414756775,0.0025470189284533262
50x50 largo,3014,3857920.0,0.13172587752342224,0.125,,,2.0,2.0,3.8382813930511475,0.9612499475479126,0.3382812440395355,0.49280333518981934,0.002429216168820858,0.1484457105398178,0.006113116629421711
50x50 largo,3015,3859200.0,0.004119375254958868,0.0,,,0.0,1.0,3.91796875,0.9627499580383301,0.3130859434604645,0.5118240118026733,0.001395423081703484,0.11295370012521744,7.361053576460108e-05
50x50 largo,3016,3860480.0,0.06296487897634506,0.0625,,,1.0,0.0,3.8882813453674316,0.9635999202728271,0.31757813692092896,0.5443674325942993,0.005259862169623375,0.2256833016872406,0.002955776173621416
50x50 largo,3017,3861760.0,0.18802601099014282,0.1875,,,3.0,0.0,3.79296875,0.9646749496459961,0.3369140625,0.49803560972213745,0.00558861531317234,0.2082819938659668,0.009081918746232986
50x50 largo,3018,3863040.0,0.12838801741600037,0.125,,,2.0,1.0,3.6929688453674316,0.9651249647140503,0.3056640625,0.5335448980331421,0.005954292602837086,0.25571510195732117,0.006232668180018663
50x50 largo,3019,3864320.0,0.1939966231584549,0.1875,,,3.0,2.0,3.606250047683716,0.9656000137329102,0.3267578184604645,0.5027215480804443,0.0037072361446917057,0.15243124961853027,0.011091135442256927
50x50 largo,3020,3865600.0,0.06582287698984146,0.0625,,,1.0,1.0,3.52734375,0.9659749269485474,0.3037109375,0.518711268901825,0.0005779456114396453,0.19161655008792877,0.0025493898428976536
50x50 largo,3021,3866880.0,0.06914512813091278,0.0625,,,1.0,2.0,3.6273438930511475,0.9666249752044678,0.306640625,0.4878840744495392,0.005105007439851761,0.15067607164382935,0.0024149809032678604
50x50 largo,3022,3868160.0,0.06593037396669388,0.0625,,,1.0,1.0,3.617968797683716,0.9672749638557434,0.27421876788139343,0.526624321937561,0.0055518988519907,0.2056102156639099,0.0030260728672146797
50x50 largo,3023,3869440.0,0.19406887888908386,0.1875,,,3.0,2.0,3.495312452316284,0.9681249856948853,0.3160156309604645,0.4912552535533905,0.0023659016005694866,0.20029687881469727,0.00510098272934556
50x50 largo,3024,3870720.0,0.012830500490963459,0.0,,,0.0,4.0,3.715625047683716,0.9686999320983887,0.31328126788139343,0.46119868755340576,0.0033272947184741497,0.16769477725028992,4.563187394523993e-05
50x50 largo,3025,3872000.0,0.13139112293720245,0.125,,,2.0,2.0,3.7867188453674316,0.968999981880188,0.2767578065395355,0.4674583673477173,0.0006957526784390211,0.12520736455917358,0.004989546723663807
50x50 largo,3026,3873280.0,0.1283271312713623,0.125,,,2.0,1.0,3.7906250953674316,0.9694749712944031,0.28984376788139343,0.43202197551727295,0.0030808160081505775,0.17401917278766632,0.006644741632044315
50x50 largo,3027,3874560.0,0.1907384991645813,0.1875,,,3.0,1.0,3.671093702316284,0.9697249531745911,0.2763671875,0.40072354674339294,0.005082641262561083,0.1845083236694336,0.01133184414356947
50x50 largo,3028,3875840.0,0.003449375508353114,0.0,,,0.0,1.0,3.647656202316284,0.9705249667167664,0.2505859434604645,0.4328143894672394,0.0020670536905527115,0.14188352227210999,0.00014132793876342475
50x50 largo,3029,3877120.0,0.2565033733844757,0.25,,,4.0,2.0,3.62109375,0.9712250232696533,0.2591796815395355,0.4015832245349884,0.004459916148334742,0.14003229141235352,0.01161424070596695
50x50 largo,3030,3878400.0,0.3157457709312439,0.3125,,,5.0,1.0,3.421875,0.9716749787330627,0.23867188394069672,0.39051496982574463,0.002723200246691704,0.1487344205379486,0.01256027165800333
50x50 largo,3031,3879680.0,0.12816312909126282,0.125,,,2.0,1.0,3.234375,0.9717999696731567,0.228515625,0.4171241223812103,0.0023151198402047157,0.13670192658901215,0.004018191248178482
50x50 largo,3032,3880960.0,0.06562499701976776,0.0625,,,1.0,1.0,3.245312452316284,0.9717999696731567,0.22343750298023224,0.4497293531894684,0.0011638974538072944,0.14396151900291443,0.002854532329365611
50x50 largo,3033,3882240.0,0.021914251148700714,0.0,,,0.0,7.0,3.48046875,0.9719250202178955,0.24003906548023224,0.42040544748306274,0.0025294313672930002,0.17214588820934296,7.417298184009269e-05
50x50 largo,3034,3883520.0,0.1281648725271225,0.125,,,2.0,1.0,3.6937501430511475,0.9720499515533447,0.22519531846046448,0.43512552976608276,0.002109857276082039,0.1045168861746788,0.006301523186266422
50x50 largo,3035,3884800.0,0.1908082365989685,0.1875,,,3.0,1.0,3.59765625,0.9726499915122986,0.24746094644069672,0.4269965589046478,0.0006366996094584465,0.15345488488674164,0.007601714693009853
50x50 largo,3036,3886080.0,0.12502549588680267,0.125,,,2.0,0.0,3.4164063930511475,0.972724974155426,0.22968749701976776,0.4698200225830078,0.004358808510005474,0.12039430439472198,0.005289450287818909
50x50 largo,3037,3887360.0,0.006284875329583883,0.0,,,0.0,2.0,3.4359376430511475,0.9727749824523926,0.2601562440395355,0.45432397723197937,0.0019241091795265675,0.1827816516160965,6.517148722195998e-05
50x50 largo,3038,3888640.0,0.1314661204814911,0.125,,,2.0,2.0,3.4937500953674316,0.9731749296188354,0.25214844942092896,0.47421160340309143,0.0031174332834780216,0.270732045173645,0.00482241902500391
50x50 largo,3039,3889920.0,0.1250460147857666,0.125,,,2.0,0.0,3.4593751430511475,0.9732750058174133,0.2568359375,0.4167558550834656,0.00430369284003973,0.14899331331253052,0.005833052564412355
50x50 largo,3040,3891200.0,0.13126611709594727,0.125,,,2.0,2.0,3.359375,0.9733250141143799,0.22441406548023224,0.4240896999835968,0.0025648889131844044,0.10299192368984222,0.005664472933858633
50x50 largo,3041,3892480.0,0.0656651183962822,0.0625,,,1.0,1.0,3.3609375953674316,0.9734249711036682,0.22539062798023224,0.42992204427719116,0.0008629473159089684,0.15184423327445984,0.0025846147909760475
50x50 largo,3042,3893760.0,0.1875573694705963,0.1875,,,3.0,0.0,3.2242188453674316,0.9735999703407288,0.23886719346046448,0.4156551957130432,0.0013567372225224972,0.14933794736862183,0.005207528360188007
50x50 largo,3043,3895040.0,0.13130837678909302,0.125,,,2.0,2.0,3.1820313930511475,0.9736999869346619,0.23945312201976776,0.39990362524986267,0.0021747946739196777,0.16806121170520782,0.005759165622293949
50x50 largo,3044,3896320.0,0.00943437498062849,0.0,,,0.0,3.0,3.2906250953674316,0.973800003528595,0.2529296875,0.4152829051017761,0.0005040151299908757,0.12639254331588745,9.177520405501127e-05
50x50 largo,3045,3897600.0,0.2595193684101105,0.25,,,4.0,3.0,3.327343702316284,0.9742000102996826,0.25605469942092896,0.4455506503582001,0.002855334896594286,0.16842634975910187,0.011417415924370289
50x50 largo,3046,3898880.0,0.06565237045288086,0.0625,,,1.0,1.0,3.2828125953674316,0.9742749929428101,0.3082031309604645,0.46546366810798645,0.0029389611445367336,0.11633916944265366,0.0032402246724814177
50x50 largo,3047,3900160.0,0.08730799704790115,0.0,,,0.0,1.0,2.905468702316284,0.007149999495595694,0.3666015565395355,0.4720909595489502,0.0008501315023750067,0.21141669154167175,0.00014015518536325544
50x50 largo,3048,3901440.0,0.9527686834335327,0.0,,,0.0,13.0,0.586718738079071,0.08380000293254852,0.5201172232627869,0.5089099407196045,0.0015844085719436407,0.32678574323654175,0.0031776551622897387
50x50 largo,3049,3902720.0,0.9159547090530396,0.0,,,0.0,14.0,1.3359375,0.16397500038146973,0.46406251192092896,0.5002291202545166,0.003564608981832862,0.2902492880821228,0.00311759440228343
50x50 largo,3050,3904000.0,0.8081849813461304,0.0,,,0.0,8.0,1.834375023841858,0.2436249852180481,0.4351562559604645,0.4881473779678345,0.0018111574463546276,0.31144392490386963,0.004844184964895248
50x50 largo,3051,3905280.0,0.8520717620849609,0.125,,,2.0,16.0,2.65234375,0.32052499055862427,0.43730470538139343,0.5063357949256897,0.003576308488845825,0.25567084550857544,0.01089573185890913
50x50 largo,3052,3906560.0,0.553301215171814,0.0,,,0.0,5.0,3.180468797683716,0.3887749910354614,0.45976564288139343,0.4960596561431885,0.0010335227707400918,0.17319540679454803,0.0007414845749735832
50x50 largo,3053,3907840.0,0.5569716095924377,0.0625,,,1.0,2.0,3.4437501430511475,0.4588499665260315,0.4476562440395355,0.5042706727981567,0.00046154751908034086,0.18428900837898254,0.002930130809545517
50x50 largo,3054,3909120.0,0.49521762132644653,0.0625,,,1.0,5.0,3.578125,0.5262500047683716,0.43183594942092896,0.5048935413360596,0.0030496970284730196,0.20741349458694458,0.002962136175483465
50x50 largo,3055,3910400.0,0.39551812410354614,0.0625,,,1.0,1.0,3.6773438453674316,0.5854249596595764,0.4458984434604645,0.5124689340591431,0.0019252493511885405,0.158159077167511,0.003176542231813073
50x50 largo,3056,3911680.0,0.4119952321052551,0.125,,,2.0,0.0,3.674999952316284,0.6426249742507935,0.443359375,0.5083425045013428,0.001970128621906042,0.16338405013084412,0.006799961440265179
50x50 largo,3057,3912960.0,0.392657995223999,0.1875,,,3.0,0.0,3.514843702316284,0.6891249418258667,0.43867188692092896,0.4946357309818268,0.0037502862978726625,0.22024114429950714,0.012427994050085545
50x50 largo,3058,3914240.0,0.7718678712844849,0.625,,,10.0,3.0,3.153125047683716,0.7244499921798706,0.39140626788139343,0.4960547089576721,0.004807478282600641,0.2678601145744324,0.024820644408464432
50x50 largo,3059,3915520.0,0.34884676337242126,0.25,,,4.0,5.0,2.9546875953674316,0.7473499774932861,0.3583984375,0.5037458539009094,0.0027675903402268887,0.23633433878421783,0.01501338928937912
50x50 largo,3060,3916800.0,0.1973968744277954,0.125,,,2.0,6.0,3.125781297683716,0.7640750408172607,0.3871093690395355,0.49959951639175415,0.005124918185174465,0.22277751564979553,0.006984124891459942
50x50 largo,3061,3918080.0,0.18784338235855103,0.125,,,2.0,2.0,3.221874952316284,0.782925009727478,0.3525390625,0.515134871006012,0.006327584385871887,0.27486905455589294,0.006410813890397549
50x50 largo,3062,3919360.0,0.1713545024394989,0.125,,,2.0,3.0,3.325000047683716,0.7961249351501465,0.3804687559604645,0.5165928602218628,0.00439021922647953,0.20888997614383698,0.006606783252209425
50x50 largo,3063,3920640.0,0.04865525662899017,0.0,,,0.0,3.0,3.4359376430511475,0.8134499788284302,0.41875001788139343,0.5031602382659912,0.0008678990416228771,0.27027732133865356,0.0005067212041467428
50x50 largo,3064,3921920.0,0.09951800853013992,0.0625,,,1.0,1.0,3.5375001430511475,0.8289749622344971,0.40117189288139343,0.5025342702865601,0.0008608715725131333,0.2149876356124878,0.003527512773871422
50x50 largo,3065,3923200.0,0.09233074635267258,0.0625,,,1.0,0.0,3.483593702316284,0.8433499932289124,0.3779296875,0.503810703754425,0.001720831380225718,0.1773826777935028,0.003673532512038946
50x50 largo,3066,3924480.0,0.09078462421894073,0.0625,,,1.0,2.0,3.446093797683716,0.8557000160217285,0.3736328184604645,0.5009605884552002,0.0012946943752467632,0.17164500057697296,0.003446634393185377
50x50 largo,3067,3925760.0,0.21615923941135406,0.1875,,,3.0,3.0,3.546875,0.8666499853134155,0.3662109375,0.5138199329376221,0.0010379557497799397,0.17092248797416687,0.009705925360321999
50x50 largo,3068,3927040.0,0.267155259847641,0.25,,,4.0,0.0,3.4039063453674316,0.8766999840736389,0.36835938692092896,0.5167227983474731,0.002861525397747755,0.16090330481529236,0.012233496643602848
50x50 largo,3069,3928320.0,0.14939099550247192,0.125,,,2.0,4.0,3.313281297683716,0.8823999762535095,0.3814453184604645,0.5018802881240845,0.0018521768506616354,0.13686880469322205,0.006397644057869911
50x50 largo,3070,3929600.0,0.28853434324264526,0.25,,,4.0,6.0,3.3726563453674316,0.892924964427948,0.4166015684604645,0.4943893551826477,0.003490069881081581,0.16657549142837524,0.011441895738244057
50x50 largo,3071,3930880.0,0.13863013684749603,0.125,,,2.0,0.0,3.484375,0.9016000032424927,0.4291015565395355,0.50023353099823,0.0038943260442465544,0.17998449504375458,0.0065878406167030334
50x50 largo,3072,3932160.0,0.14972499012947083,0.125,,,2.0,4.0,3.465625047683716,0.9097999930381775,0.4378906190395355,0.5012654066085815,0.0026950896717607975,0.17367024719715118,0.006535877473652363
50x50 largo,3073,3933440.0,0.1360500007867813,0.125,,,2.0,1.0,3.481250047683716,0.9162999391555786,0.4742187559604645,0.4923239052295685,0.003019699826836586,0.19695410132408142,0.006274706684052944
50x50 largo,3074,3934720.0,0.13760626316070557,0.125,,,2.0,2.0,3.3671875,0.9219249486923218,0.4527343809604645,0.49444320797920227,0.00848298892378807,0.16453316807746887,0.005294186994433403
50x50 largo,3075,3936000.0,0.1371568888425827,0.125,,,2.0,2.0,3.4476563930511475,0.9265999794006348,0.41718751192092896,0.5012556314468384,0.0007963327225297689,0.1564406156539917,0.005875459872186184
50x50 largo,3076,3937280.0,0.2681383788585663,0.25,,,4.0,4.0,3.489062547683716,0.9319249391555786,0.4136718809604645,0.484728068113327,0.0020145047456026077,0.18401670455932617,0.01102450117468834
50x50 largo,3077,3938560.0,0.2710876166820526,0.25,,,4.0,5.0,3.44921875,0.9366499185562134,0.4173828065395355,0.47339513897895813,0.0030669544357806444,0.1857263296842575,0.011666328646242619
50x50 largo,3078,3939840.0,0.1956080198287964,0.1875,,,3.0,1.0,3.479687452316284,0.94159996509552,0.4292968809604645,0.4793834686279297,0.0008957636309787631,0.1677420437335968,0.014751622453331947
50x50 largo,3079,3941120.0,0.2648138701915741,0.25,,,4.0,4.0,3.39453125,0.9448249340057373,0.4283203184604645,0.48397117853164673,0.00301275122910738,0.17712882161140442,0.012717549689114094
50x50 largo,3080,3942400.0,0.2703361213207245,0.25,,,4.0,6.0,3.34375,0.9469499588012695,0.4052734375,0.48684149980545044,0.0020164523739367723,0.17510579526424408,0.008625073358416557
50x50 largo,3081,3943680.0,0.3922504782676697,0.375,,,6.0,5.0,3.389843702316284,0.949400007724762,0.4212890565395355,0.49373430013656616,0.004323573317378759,0.26160159707069397,0.016171660274267197
50x50 largo,3082,3944960.0,0.2634595036506653,0.25,,,4.0,4.0,3.348437547683716,0.950950026512146,0.4378906190395355,0.4831545352935791,0.00226227636449039,0.18238726258277893,0.015300385653972626
50x50 largo,3083,3946240.0,0.00842562597244978,0.0,,,0.0,2.0,3.524218797683716,0.9544999599456787,0.4632812440395355,0.4922792613506317,0.0008439631201326847,0.18459539115428925,0.00020044459961354733
50x50 largo,3084,3947520.0,0.2602931261062622,0.25,,,4.0,3.0,3.516406297683716,0.9560749530792236,0.4486328065395355,0.47892236709594727,0.003502306528389454,0.15919964015483856,0.009142483584582806
50x50 largo,3085,3948800.0,0.13341249525547028,0.125,,,2.0,2.0,3.512500047683716,0.9596750140190125,0.4169921875,0.47860366106033325,0.004112382419407368,0.13794377446174622,0.005627497099339962
50x50 largo,3086,3950080.0,0.4476551413536072,0.4375,,,7.0,3.0,3.436718702316284,0.9611749649047852,0.4017578065395355,0.451551228761673,0.0033447598107159138,0.26548266410827637,0.021307075396180153
50x50 largo,3087,3951360.0,0.3226293623447418,0.3125,,,5.0,3.0,3.21484375,0.9630249738693237,0.3642578125,0.4534793496131897,0.000897699617780745,0.19123895466327667,0.021488776430487633
50x50 largo,3088,3952640.0,0.13158950209617615,0.125,,,2.0,2.0,3.1500000953674316,0.9635999798774719,0.3638671934604645,0.4700669050216675,0.0015928158536553383,0.19901666045188904,0.006640796549618244
50x50 largo,3089,3953920.0,0.1412075012922287,0.125,,,2.0,5.0,3.1500000953674316,0.964900016784668,0.3753906190395355,0.46785396337509155,0.0005152598605491221,0.1722584366798401,0.004379158839583397
50x50 largo,3090,3955200.0,0.12861236929893494,0.125,,,2.0,1.0,3.2992188930511475,0.965999960899353,0.3880859315395355,0.4792327582836151,0.0029111269395798445,0.17174121737480164,0.006568468175828457
50x50 largo,3091,3956480.0,0.07823600620031357,0.0625,,,1.0,5.0,3.397656202316284,0.9663000106811523,0.3648437559604645,0.503751277923584,0.001682402566075325,0.18055981397628784,0.00349782919511199
50x50 largo,3092,3957760.0,0.06932812929153442,0.0625,,,1.0,2.0,3.5234375,0.9675499200820923,0.373046875,0.49265986680984497,0.003283156082034111,0.13895660638809204,0.0032783164642751217
50x50 largo,3093,3959040.0,0.19161711633205414,0.1875,,,3.0,1.0,3.4984376430511475,0.9695249795913696,0.35566407442092896,0.4785734713077545,0.0033700724598020315,0.1670263707637787,0.00901187863200903
50x50 largo,3094,3960320.0,0.25324100255966187,0.25,,,4.0,1.0,3.32421875,0.969825029373169,0.3541015684604645,0.4907992482185364,0.002295911777764559,0.18662293255329132,0.011586625128984451
50x50 largo,3095,3961600.0,0.2501608729362488,0.25,,,4.0,0.0,3.1578125953674316,0.9702500104904175,0.31269532442092896,0.48067107796669006,0.00211068382486701,0.19958019256591797,0.012254355475306511
50x50 largo,3096,3962880.0,0.19698312878608704,0.1875,,,3.0,3.0,3.0234375,0.9704999923706055,0.3208984434604645,0.5056642293930054,0.0017346839886158705,0.14510470628738403,0.007674832828342915
50x50 largo,3097,3964160.0,0.009445250034332275,0.0,,,0.0,3.0,3.0843751430511475,0.970674991607666,0.32011720538139343,0.47452056407928467,0.0028168130666017532,0.20302937924861908,0.00016502515063621104
50x50 largo,3098,3965440.0,0.07510711997747421,0.0625,,,1.0,4.0,3.2914063930511475,0.970924973487854,0.28886720538139343,0.5090884566307068,0.0017520309193059802,0.1940760612487793,0.003263766411691904
50x50 largo,3099,3966720.0,0.13448600471019745,0.125,,,2.0,3.0,3.436718702316284,0.9712749719619751,0.31621095538139343,0.5211207866668701,0.005933071486651897,0.18505188822746277,0.006167289800941944
50x50 largo,3100,3968000.0,0.13441550731658936,0.125,,,2.0,3.0,3.450000047683716,0.9713999629020691,0.3343749940395355,0.5243193507194519,0.007103663869202137,0.14874622225761414,0.006335292477160692
50x50 largo,3101,3969280.0,0.006303625181317329,0.0,,,0.0,2.0,3.551562547683716,0.9715499877929688,0.3695312440395355,0.5422380566596985,0.002434566617012024,0.23458242416381836,9.345171565655619e-05
50x50 largo,3102,3970560.0,0.065633125603199,0.0625,,,1.0,1.0,3.6109375953674316,0.9715749621391296,0.3857421875,0.528407633304596,0.005713285878300667,0.17404060065746307,0.002968080807477236
50x50 largo,3103,3971840.0,0.06566187739372253,0.0625,,,1.0,1.0,3.66796875,0.9716500043869019,0.36796876788139343,0.5217204093933105,0.0034311949275434017,0.1404244601726532,0.003368203993886709
50x50 largo,3104,3973120.0,0.06251537799835205,0.0625,,,1.0,0.0,3.589062452316284,0.9716999530792236,0.3363281190395355,0.5016285181045532,0.006089998409152031,0.15701720118522644,0.0032594313379377127
50x50 largo,3105,3974400.0,0.06564375013113022,0.0625,,,1.0,1.0,3.585156202316284,0.9717749953269958,0.3062500059604645,0.4831307828426361,0.004168063402175903,0.13092991709709167,0.0032971720211207867
50x50 largo,3106,3975680.0,0.19065700471401215,0.1875,,,3.0,1.0,3.5171875953674316,0.9718749523162842,0.29960939288139343,0.4885280728340149,0.0009009349741972983,0.15057867765426636,0.014907317236065865
50x50 largo,3107,3976960.0,0.0687979981303215,0.0625,,,1.0,2.0,3.46875,0.972000002861023,0.29414063692092896,0.49927568435668945,0.0015024130698293447,0.14540082216262817,0.0032717592548578978
50x50 largo,3108,3978240.0,0.06566474586725235,0.0625,,,1.0,1.0,3.51953125,0.9720749855041504,0.30878907442092896,0.4943675994873047,0.0014424296095967293,0.14997543394565582,0.0032155117951333523
50x50 largo,3109,3979520.0,0.13749998807907104,0.125,,,2.0,4.0,3.555468797683716,0.9720749855041504,0.302734375,0.4750639796257019,0.006542188115417957,0.1352192908525467,0.0059881312772631645
50x50 largo,3110,3980800.0,0.06258524954319,0.0625,,,1.0,0.0,3.6148438453674316,0.9722499847412109,0.2857421934604645,0.537322998046875,0.007681671530008316,0.22235465049743652,0.003339769784361124
50x50 largo,3111,3982080.0,0.19063061475753784,0.1875,,,3.0,1.0,3.499218702316284,0.9722750186920166,0.3158203065395355,0.5012335777282715,0.004304187372326851,0.12457230687141418,0.00936350878328085
50x50 largo,3112,3983360.0,0.0062500000931322575,0.0,,,0.0,2.0,3.4984376430511475,0.9722750186920166,0.30156251788139343,0.5198028087615967,0.001637016423046589,0.1822190135717392,7.09321757312864e-05
50x50 largo,3113,3984640.0,0.0656488686800003,0.0625,,,1.0,1.0,3.5414063930511475,0.9723249673843384,0.3033203184604645,0.4774378538131714,0.008628281764686108,0.10772699117660522,0.0023789876140654087
50x50 largo,3114,3985920.0,0.06875000149011612,0.0625,,,1.0,2.0,3.559375047683716,0.9723249673843384,0.27167969942092896,0.5173053741455078,0.0042344266548752785,0.1346573829650879,0.003212999552488327
50x50 largo,3115,3987200.0,0.0031250000465661287,0.0,,,0.0,1.0,3.6507813930511475,0.9723249673843384,0.29179689288139343,0.4917117953300476,0.004227189347147942,0.14955897629261017,3.7377463740995154e-05
50x50 largo,3116,3988480.0,0.0,0.0,,,0.0,0.0,3.6875,0.9723249673843384,0.2789062559604645,0.48420023918151855,0.0020560049451887608,0.13133904337882996,2.4593053240096197e-05
50x50 largo,3117,3989760.0,0.06562499701976776,0.0625,,,1.0,1.0,3.6875,0.9723249673843384,0.2652343809604645,0.432439923286438,0.011881694197654724,0.27482837438583374,0.0032964556012302637
50x50 largo,3118,3991040.0,0.1281411200761795,0.125,,,2.0,1.0,3.62890625,0.9723749756813049,0.23398438096046448,0.49223944544792175,0.008738027885556221,0.1887650340795517,0.005453141406178474
50x50 largo,3119,3992320.0,0.06258775293827057,0.0625,,,1.0,0.0,3.5859375,0.9726749658584595,0.26679688692092896,0.43735891580581665,0.0055686794221401215,0.1857413947582245,0.003253319300711155
50x50 largo,3120,3993600.0,0.06567487120628357,0.0625,,,1.0,1.0,3.5492188930511475,0.9728249907493591,0.24394531548023224,0.47421330213546753,0.0022732196375727654,0.11315092444419861,0.003377956338226795
50x50 largo,3121,3994880.0,0.009388375096023083,0.0,,,0.0,3.0,3.688281297683716,0.9728749990463257,0.24609375,0.48054200410842896,0.0013838778249919415,0.15469853579998016,3.401742287678644e-05
50x50 largo,3122,3996160.0,0.06569550186395645,0.0625,,,1.0,1.0,3.7562501430511475,0.9730750322341919,0.2503906190395355,0.4904109835624695,0.0017451215535402298,0.24005867540836334,0.003210106398910284
50x50 largo,3123,3997440.0,0.1937837302684784,0.1875,,,3.0,2.0,3.6968750953674316,0.9731999635696411,0.263671875,0.4987642168998718,0.0023837503977119923,0.23867185413837433,0.010702639818191528
50x50 largo,3124,3998720.0,0.0031250000465661287,0.0,,,0.0,1.0,3.6898438930511475,0.9731999635696411,0.26289063692092896,0.4610087275505066,0.004964968655258417,0.1616053283214569,3.616430694819428e-05
50x50 largo,3125,4000000.0,0.0031617500353604555,0.0,,,0.0,1.0,3.801562547683716,0.9732749462127686,0.25664064288139343,0.48762500286102295,0.004730375483632088,0.36843836307525635,2.2903292119735852e-05
50x50 largo,3126,4001280.0,0.8843860030174255,0.0,,,0.0,25.0,0.649218738079071,0.06737499684095383,0.4810546934604645,0.575891375541687,0.0074424901977181435,0.37954607605934143,0.0037109008990228176
50x50 largo,3127,4002560.0,0.9116724729537964,0.0,,,0.0,13.0,1.911718726158142,0.14605000615119934,0.421875,0.5040403008460999,0.0056675192900002,0.42566338181495667,0.004060698673129082
50x50 largo,3128,4003840.0,0.7228973507881165,0.0625,,,1.0,3.0,2.483593702316284,0.2107749879360199,0.3775390684604645,0.5023006200790405,0.002904083114117384,0.38196319341659546,0.005555593874305487
50x50 largo,3129,4005120.0,0.4928356409072876,0.0625,,,1.0,8.0,2.703125,0.25439998507499695,0.3228515684604645,0.51463782787323,0.0044961487874388695,0.20876705646514893,0.003727284260094166
50x50 largo,3130,4006400.0,0.4310874938964844,0.0625,,,1.0,3.0,2.942187547683716,0.29567497968673706,0.3570312559604645,0.5362161993980408,0.004512372426688671,0.18509793281555176,0.0027875746600329876
50x50 largo,3131,4007680.0,0.38945621252059937,0.0625,,,1.0,2.0,3.067187547683716,0.3338249921798706,0.36894533038139343,0.5310560464859009,0.00299088004976511,0.19276919960975647,0.0021717490162700415
50x50 largo,3132,4008960.0,0.3960597515106201,0.125,,,2.0,2.0,3.1156251430511475,0.36697497963905334,0.3714843690395355,0.5435807108879089,0.005276536103338003,0.18082386255264282,0.0037863070610910654
50x50 largo,3133,4010240.0,0.2917799949645996,0.0625,,,1.0,2.0,3.178906202316284,0.39627498388290405,0.3765625059604645,0.5543512105941772,0.0025399336591362953,0.15249264240264893,0.002684942679479718
50x50 largo,3134,4011520.0,0.2622219920158386,0.0625,,,1.0,1.0,3.155468702316284,0.4232499897480011,0.37421876192092896,0.5530978441238403,0.0030141694005578756,0.11175225675106049,0.0020340613555163145
50x50 largo,3135,4012800.0,0.21697574853897095,0.0625,,,1.0,0.0,3.133593797683716,0.446150004863739,0.3646484315395355,0.5660631656646729,0.0023188753984868526,0.23651543259620667,0.002728831022977829
50x50 largo,3136,4014080.0,0.18538124859333038,0.0,,,0.0,1.0,3.1429688930511475,0.47439998388290405,0.3720703125,0.5691748857498169,0.0047579556703567505,0.17930930852890015,0.0002651598188094795
50x50 largo,3137,4015360.0,0.16906937956809998,0.0,,,0.0,1.0,3.1937501430511475,0.501675009727478,0.390625,0.5411475896835327,0.002664763480424881,0.18581058084964752,0.00023881674860604107
50x50 largo,3138,4016640.0,0.376600980758667,0.1875,,,3.0,0.0,3.200000047683716,0.5344499945640564,0.35136720538139343,0.5099639892578125,0.005942813120782375,0.19029267132282257,0.00723237032070756
50x50 largo,3139,4017920.0,0.2510468661785126,0.0625,,,1.0,3.0,3.20703125,0.5668749809265137,0.3041015565395355,0.49717697501182556,0.0025880245957523584,0.1426072120666504,0.002937508746981621
50x50 largo,3140,4019200.0,0.35761338472366333,0.1875,,,3.0,2.0,3.231250047683716,0.5980750322341919,0.3138671815395355,0.48206251859664917,0.0015413523651659489,0.1634751558303833,0.0070992521941661835
50x50 largo,3141,4020480.0,0.4801848828792572,0.3125,,,5.0,7.0,3.1851563453674316,0.6245249509811401,0.30644533038139343,0.5065828561782837,0.003773696720600128,0.23367933928966522,0.015323996543884277
50x50 largo,3142,4021760.0,0.23271338641643524,0.125,,,2.0,2.0,3.305468797683716,0.6440249681472778,0.310546875,0.5000682473182678,0.0020175762474536896,0.18461982905864716,0.00528352428227663
50x50 largo,3143,4023040.0,0.23244787752628326,0.125,,,2.0,3.0,3.284374952316284,0.6640499830245972,0.3060546815395355,0.47658199071884155,0.0018869604682549834,0.15661442279815674,0.005148456431925297
50x50 largo,3144,4024320.0,0.15606975555419922,0.0625,,,1.0,0.0,3.2632813453674316,0.68402498960495,0.3056640625,0.4704411029815674,0.0013857287121936679,0.18018338084220886,0.0032297056168317795
50x50 largo,3145,4025600.0,0.1360626369714737,0.0625,,,1.0,2.0,3.272656202316284,0.7013000249862671,0.3013671934604645,0.4849066734313965,0.001659603789448738,0.15793728828430176,0.0028260047547519207
50x50 largo,3146,4026880.0,0.1972072720527649,0.125,,,2.0,1.0,3.2914063930511475,0.7204999923706055,0.31621095538139343,0.45873314142227173,0.0014546799939125776,0.1723005473613739,0.005379875190556049
50x50 largo,3147,4028160.0,0.25617462396621704,0.1875,,,3.0,2.0,3.1507813930511475,0.737975001335144,0.29316407442092896,0.4499448537826538,0.0005907135782763362,0.1255001574754715,0.00751341599971056
50x50 largo,3148,4029440.0,0.3062964975833893,0.25,,,4.0,4.0,3.194531202316284,0.7501499652862549,0.2894531190395355,0.4456513524055481,0.0026236334815621376,0.17894062399864197,0.010342847555875778
50x50 largo,3149,4030720.0,0.23798435926437378,0.1875,,,3.0,3.0,3.196093797683716,0.762624979019165,0.314453125,0.4444267749786377,0.00271650031208992,0.14281699061393738,0.008927682414650917
50x50 largo,3150,4032000.0,0.10625313222408295,0.0625,,,1.0,2.0,3.18359375,0.7740249633789062,0.3070312440395355,0.43599915504455566,0.00112947728484869,0.15330567955970764,0.0020430083386600018
50x50 largo,3151,4033280.0,0.10588888823986053,0.0625,,,1.0,1.0,3.2484376430511475,0.7865250110626221,0.29960939288139343,0.4412468671798706,0.002239149995148182,0.1583421230316162,0.00251301983371377
50x50 largo,3152,4034560.0,0.23261837661266327,0.1875,,,3.0,1.0,3.2406251430511475,0.8010749816894531,0.2919921875,0.4233938753604889,0.0008984381565824151,0.17334216833114624,0.009077163413167
50x50 largo,3153,4035840.0,0.15502412617206573,0.125,,,2.0,1.0,3.11328125,0.8110999464988708,0.2880859375,0.42072975635528564,0.001320970943197608,0.12313009798526764,0.005080454982817173
50x50 largo,3154,4037120.0,0.14871402084827423,0.125,,,2.0,2.0,3.042187452316284,0.8183000087738037,0.24882812798023224,0.42494940757751465,0.0008644865010865033,0.17686928808689117,0.006340052001178265
50x50 largo,3155,4038400.0,0.08427499234676361,0.0625,,,1.0,3.0,3.1070313453674316,0.8239999413490295,0.24394531548023224,0.41585618257522583,0.0017143844161182642,0.15367895364761353,0.003164223162457347
50x50 largo,3156,4039680.0,0.20926626026630402,0.1875,,,3.0,2.0,3.1187500953674316,0.8307999968528748,0.26542970538139343,0.4419136345386505,0.001203169347718358,0.1297498643398285,0.007036846596747637
50x50 largo,3157,4040960.0,0.023620501160621643,0.0,,,0.0,3.0,3.2406251430511475,0.8371750116348267,0.2623046934604645,0.4354081153869629,0.0015048931818455458,0.17316408455371857,0.00011082997662015259
50x50 largo,3158,4042240.0,0.26443687081336975,0.25,,,4.0,1.0,3.239062547683716,0.8429499864578247,0.27324220538139343,0.4239107072353363,0.00150639982894063,0.1459236741065979,0.01000070758163929
50x50 largo,3159,4043520.0,0.14390262961387634,0.125,,,2.0,3.0,3.198437452316284,0.8477999567985535,0.2759765684604645,0.40833601355552673,0.0005031930049881339,0.18873675167560577,0.005437113810330629
50x50 largo,3160,4044800.0,0.07902238517999649,0.0625,,,1.0,0.0,3.186718702316284,0.8553249835968018,0.271484375,0.4129978120326996,0.0006866594776511192,0.14436927437782288,0.0034755514934659004
50x50 largo,3161,4046080.0,0.20435425639152527,0.1875,,,3.0,1.0,2.971874952316284,0.8618249893188477,0.27070313692092896,0.4427226781845093,0.0022719306871294975,0.18984057009220123,0.004554759711027145
50x50 largo,3162,4047360.0,0.14627687633037567,0.125,,,2.0,1.0,2.9546875953674316,0.8714249134063721,0.2874999940395355,0.4617334008216858,0.0011635554255917668,0.2253865748643875,0.006478198803961277
50x50 largo,3163,4048640.0,0.07957001030445099,0.0625,,,1.0,3.0,3.090625047683716,0.8756250143051147,0.28515625,0.4593493938446045,0.001971176825463772,0.1563776433467865,0.0028709862381219864
50x50 largo,3164,4049920.0,0.1400146335363388,0.125,,,2.0,3.0,3.092968702316284,0.878974974155426,0.2945312559604645,0.44797801971435547,0.0008554571541026235,0.10753835737705231,0.004887513350695372
50x50 largo,3165,4051200.0,0.13355974853038788,0.125,,,2.0,2.0,3.1148438453674316,0.880549967288971,0.2808593809604645,0.44721031188964844,0.0010935356840491295,0.1885032057762146,0.0063737062737345695
50x50 largo,3166,4052480.0,0.00918625108897686,0.0,,,0.0,1.0,3.164843797683716,0.8845499753952026,0.2861328125,0.4732983112335205,0.002509909216314554,0.19764384627342224,7.382152398349717e-05
50x50 largo,3167,4053760.0,0.07137887179851532,0.0625,,,1.0,1.0,3.2046875953674316,0.8884749412536621,0.2728515565395355,0.49957820773124695,0.0020020094234496355,0.19577805697917938,0.0033394997008144855
50x50 largo,3168,4055040.0,0.07062049955129623,0.0625,,,1.0,1.0,3.171875,0.8917750120162964,0.2935546934604645,0.5054935812950134,0.002841220237314701,0.1044614240527153,0.002114281989634037
50x50 largo,3169,4056320.0,0.07533213496208191,0.0625,,,1.0,3.0,3.20703125,0.8942999839782715,0.32109376788139343,0.48261111974716187,0.0011497006053104997,0.16903457045555115,0.0032956618815660477
50x50 largo,3170,4057600.0,0.13452112674713135,0.125,,,2.0,1.0,3.2265625,0.8988999724388123,0.30878907442092896,0.5014628171920776,0.002620154293254018,0.15738987922668457,0.004443551413714886
50x50 largo,3171,4058880.0,0.2086048573255539,0.1875,,,3.0,5.0,3.3492188453674316,0.9030749797821045,0.3285156190395355,0.49564892053604126,0.001880183001048863,0.198995441198349,0.009420786052942276
50x50 largo,3172,4060160.0,0.26196977496147156,0.25,,,4.0,2.0,3.379687547683716,0.9072749614715576,0.33867189288139343,0.4845750331878662,0.002226469572633505,0.1905803680419922,0.01323838159441948
50x50 largo,3173,4061440.0,0.006820125505328178,0.0,,,0.0,1.0,3.272656202316284,0.910599946975708,0.3541015684604645,0.4941202402114868,0.002332258503884077,0.2043853998184204,9.630293789086863e-05
50x50 largo,3174,4062720.0,0.3230353593826294,0.3125,,,5.0,2.0,3.2085938453674316,0.9143999814987183,0.3775390684604645,0.4856336712837219,0.0027827501762658358,0.17304125428199768,0.013522246852517128
50x50 largo,3175,4064000.0,0.3275974988937378,0.3125,,,5.0,4.0,3.125,0.9167249202728271,0.3746093809604645,0.49080270528793335,0.0012148999376222491,0.2354924976825714,0.014551340602338314
50x50 largo,3176,4065280.0,0.2041706144809723,0.1875,,,3.0,5.0,3.0335938930511475,0.9177500009536743,0.3480468690395355,0.48478126525878906,0.0022946526296436787,0.15705528855323792,0.004397969227284193
50x50 largo,3177,4066560.0,0.07211650162935257,0.0625,,,1.0,2.0,3.2593750953674316,0.9212750196456909,0.369140625,0.491819828748703,0.0014730636030435562,0.15506035089492798,0.0033692356664687395
50x50 largo,3178,4067840.0,0.19518248736858368,0.1875,,,3.0,2.0,3.239062547683716,0.9228999614715576,0.35957032442092896,0.4783790707588196,0.001128053874708712,0.18257538974285126,0.00928913801908493
50x50 largo,3179,4069120.0,0.011456126347184181,0.0,,,0.0,3.0,3.284374952316284,0.9247499704360962,0.36015626788139343,0.4768564701080322,0.0017557095270603895,0.169654980301857,9.490203228779137e-05
50x50 largo,3180,4070400.0,0.26142337918281555,0.25,,,4.0,3.0,3.359375,0.9266499876976013,0.37675783038139343,0.47115224599838257,0.0016237548552453518,0.17109733819961548,0.01427147164940834
50x50 largo,3181,4071680.0,0.13252699375152588,0.125,,,2.0,2.0,3.375781297683716,0.9280499815940857,0.373046875,0.4684246778488159,0.004642397165298462,0.1632063388824463,0.006246696226298809
50x50 largo,3182,4072960.0,0.38970574736595154,0.375,,,6.0,4.0,3.276562452316284,0.9304499626159668,0.3828125,0.48423290252685547,0.0027662990614771843,0.17495068907737732,0.01922168955206871
50x50 largo,3183,4074240.0,0.3759714961051941,0.375,,,6.0,0.0,3.0093750953674316,0.9316749572753906,0.3822265565395355,0.45969635248184204,0.0038941691163927317,0.25995713472366333,0.013098213821649551
50x50 largo,3184,4075520.0,0.08967939019203186,0.0625,,,1.0,7.0,2.9453125,0.9377250075340271,0.34492188692092896,0.45588433742523193,0.002323752734810114,0.18540813028812408,0.0013821974862366915
50x50 largo,3185,4076800.0,0.37922847270965576,0.375,,,6.0,1.0,3.0625,0.939175009727478,0.3238281309604645,0.4565241038799286,0.0038962573744356632,0.22098232805728912,0.015195668675005436
50x50 largo,3186,4078080.0,0.1366252452135086,0.125,,,2.0,3.0,2.9085938930511475,0.9420499801635742,0.34746095538139343,0.4751620888710022,0.001975703751668334,0.16248828172683716,0.006344265304505825
50x50 largo,3187,4079360.0,0.20417824387550354,0.1875,,,3.0,5.0,3.0023438930511475,0.943524956703186,0.37968751788139343,0.46114397048950195,0.0017634853720664978,0.14297258853912354,0.008873136714100838
50x50 largo,3188,4080640.0,0.3237786293029785,0.3125,,,5.0,3.0,3.0406250953674316,0.9465749859809875,0.35820314288139343,0.46974536776542664,0.002242380054667592,0.1684233546257019,0.014663837850093842
50x50 largo,3189,4081920.0,0.20445461571216583,0.1875,,,3.0,5.0,2.94140625,0.9484000205993652,0.3804687559604645,0.4728420078754425,0.00179353728890419,0.14183828234672546,0.00847579725086689
50x50 largo,3190,4083200.0,0.019583627581596375,0.0,,,0.0,5.0,3.264843702316284,0.9536499977111816,0.3958984315395355,0.4636204242706299,0.001519963494502008,0.20131367444992065,0.00015684984100516886
50x50 largo,3191,4084480.0,0.06412574648857117,0.0625,,,1.0,0.0,3.35546875,0.9562499523162842,0.3912109434604645,0.47051501274108887,0.006826338358223438,0.1524263322353363,0.0028258569072932005
50x50 largo,3192,4085760.0,0.256756991147995,0.25,,,4.0,2.0,3.3070313930511475,0.9570249915122986,0.40996095538139343,0.46092694997787476,0.001869079191237688,0.19732284545898438,0.017742641270160675
50x50 largo,3193,4087040.0,0.06378388404846191,0.0625,,,1.0,0.0,3.1617188453674316,0.9596499800682068,0.4052734375,0.4666323661804199,0.0017976958770304918,0.1487751305103302,0.003317561000585556
50x50 largo,3194,4088320.0,0.19737550616264343,0.1875,,,3.0,3.0,3.05859375,0.9606499671936035,0.390625,0.4691576361656189,0.002918786834925413,0.15863734483718872,0.008775496855378151
50x50 largo,3195,4089600.0,0.2008691132068634,0.1875,,,3.0,4.0,3.0859375,0.9623249769210815,0.4087890684604645,0.4477584958076477,0.0015260525979101658,0.12654666602611542,0.0055244239047169685
50x50 largo,3196,4090880.0,0.3190033733844757,0.3125,,,5.0,2.0,3.0484375953674316,0.9629499912261963,0.4107421934604645,0.4754766821861267,0.0017445243429392576,0.16091139614582062,0.013847704976797104
50x50 largo,3197,4092160.0,0.3189746141433716,0.3125,,,5.0,2.0,2.8851563930511475,0.9634499549865723,0.39179688692092896,0.45754751563072205,0.0016970776487141848,0.1849556565284729,0.014594363048672676
50x50 largo,3198,4093440.0,0.07240661978721619,0.0625,,,1.0,3.0,2.870312452316284,0.9644249677658081,0.38945314288139343,0.45969143509864807,0.003485326189547777,0.1827804297208786,0.0018847986357286572
50x50 largo,3199,4094720.0,0.066258504986763,0.0625,,,1.0,1.0,2.9398438930511475,0.965624988079071,0.3910156190395355,0.48138493299484253,0.004276204388588667,0.17162223160266876,0.0034142700023949146
50x50 largo,3200,4096000.0,0.3221111297607422,0.3125,,,5.0,3.0,2.84765625,0.9661749601364136,0.3529296815395355,0.4628055691719055,0.0018402982968837023,0.15464863181114197,0.016910191625356674
50x50 largo,3201,4097280.0,0.32205548882484436,0.3125,,,5.0,3.0,2.8218750953674316,0.9666249752044678,0.34257814288139343,0.4847237467765808,0.001955523621290922,0.20361116528511047,0.016094151884317398
50x50 largo,3202,4098560.0,0.37544485926628113,0.375,,,6.0,0.0,2.4429688453674316,0.9675999879837036,0.3275390565395355,0.46917760372161865,0.003994139842689037,0.18127746880054474,0.015172270126640797
50x50 largo,3203,4099840.0,0.01882912404835224,0.0,,,0.0,6.0,2.5390625,0.967799961566925,0.33085939288139343,0.487531453371048,0.0010792468674480915,0.17331013083457947,0.00023246160708367825
50x50 largo,3204,4101120.0,0.8609813451766968,0.0,,,0.0,22.0,0.98828125,0.06617499887943268,0.404296875,0.561384379863739,0.002286270260810852,0.33949708938598633,0.004067042376846075
50x50 largo,3205,4102400.0,1.0599128007888794,0.0,,,0.0,14.0,1.6765625476837158,0.15847498178482056,0.3994140625,0.5447098612785339,0.004785420373082161,0.34268254041671753,0.003930377773940563
50x50 largo,3206,4103680.0,0.8495036363601685,0.0,,,0.0,4.0,2.28515625,0.24342498183250427,0.4306640625,0.5469943284988403,0.0032414093147963285,0.34859684109687805,0.002199869602918625
50x50 largo,3207,4104960.0,0.8980846405029297,0.0625,,,1.0,11.0,2.8726563453674316,0.3334999680519104,0.43730470538139343,0.538191556930542,0.0017095935763791203,0.28318434953689575,0.004828558303415775
50x50 largo,3208,4106240.0,1.013972282409668,0.375,,,6.0,5.0,2.9937500953674316,0.4128499925136566,0.41523438692092896,0.5241203904151917,0.00316647719591856,0.3267809748649597,0.02341313287615776
50x50 largo,3209,4107520.0,0.5315817594528198,0.125,,,2.0,3.0,2.971874952316284,0.4704749882221222,0.3755859434604645,0.5321272611618042,0.0028271181508898735,0.12893719971179962,0.0032670930959284306
50x50 largo,3210,4108800.0,0.6031132340431213,0.3125,,,5.0,5.0,3.0914063453674316,0.5146499872207642,0.36503908038139343,0.5201113224029541,0.0030670310370624065,0.17654043436050415,0.01865813136100769
50x50 largo,3211,4110080.0,0.442504346370697,0.1875,,,3.0,3.0,3.089062452316284,0.5567499995231628,0.3384765684604645,0.49235403537750244,0.002533406252041459,0.15820637345314026,0.013329071924090385
50x50 largo,3212,4111360.0,0.3663260042667389,0.125,,,2.0,2.0,3.0171875953674316,0.6013749837875366,0.3384765684604645,0.49681395292282104,0.0016025123186409473,0.17243897914886475,0.005495295859873295
50x50 largo,3213,4112640.0,0.3533790111541748,0.125,,,2.0,5.0,3.124218702316284,0.6456249952316284,0.34589844942092896,0.4876139461994171,0.003682991024106741,0.17762598395347595,0.006716211326420307
50x50 largo,3214,4113920.0,0.3815186619758606,0.1875,,,3.0,1.0,3.1578125953674316,0.6907249689102173,0.3648437559604645,0.4862601161003113,0.0004529869765974581,0.18004031479358673,0.00822572223842144
50x50 largo,3215,4115200.0,0.18806248903274536,0.0625,,,1.0,2.0,3.140625,0.7235499620437622,0.36328125,0.48584887385368347,0.003853003028780222,0.17174752056598663,0.00329496874473989
50x50 largo,3216,4116480.0,0.1636556088924408,0.0625,,,1.0,5.0,3.362499952316284,0.7489749789237976,0.3431640565395355,0.49212414026260376,0.001037311740219593,0.16774550080299377,0.002854305552318692
50x50 largo,3217,4117760.0,0.1920078694820404,0.125,,,2.0,0.0,3.37890625,0.7710250020027161,0.357421875,0.5087215900421143,0.0039696404710412025,0.19344256818294525,0.0063659874722361565
50x50 largo,3218,4119040.0,0.18561552464962006,0.125,,,2.0,1.0,3.274218797683716,0.7911249995231628,0.3548828065395355,0.48673465847969055,0.0012759403325617313,0.18715254962444305,0.006667278707027435
50x50 largo,3219,4120320.0,0.10997388511896133,0.0625,,,1.0,0.0,3.237499952316284,0.8100999593734741,0.3519531190395355,0.4878687560558319,0.0014999208506196737,0.15309524536132812,0.003646437544375658
50x50 largo,3220,4121600.0,0.24689576029777527,0.1875,,,3.0,5.0,3.276562452316284,0.8295000195503235,0.3316406309604645,0.49232110381126404,0.0017480581300333142,0.19298458099365234,0.009677178226411343
50x50 largo,3221,4122880.0,0.10924750566482544,0.0625,,,1.0,2.0,3.3648438453674316,0.849174976348877,0.3388671875,0.490800678730011,0.0011414060136303306,0.2172536700963974,0.003668875666335225
50x50 largo,3222,4124160.0,0.2192266285419464,0.1875,,,3.0,1.0,3.217968702316284,0.8643249869346619,0.34882813692092896,0.4693365693092346,0.006025779061019421,0.14723585546016693,0.00550130195915699
50x50 largo,3223,4125440.0,0.08291763812303543,0.0625,,,1.0,2.0,3.237499952316284,0.8723499774932861,0.3238281309604645,0.48648491501808167,0.002179174218326807,0.17033228278160095,0.003490773495286703
50x50 largo,3224,4126720.0,0.2192317545413971,0.1875,,,3.0,6.0,3.3265626430511475,0.8806749582290649,0.3277343809604645,0.485912561416626,0.00202433904632926,0.1596693992614746,0.007205784320831299
50x50 largo,3225,4128000.0,0.14312288165092468,0.125,,,2.0,2.0,3.47265625,0.8885499835014343,0.3583984375,0.5178418159484863,0.0021626069210469723,0.14544188976287842,0.004613182507455349
50x50 largo,3226,4129280.0,0.08379512280225754,0.0625,,,1.0,3.0,3.534374952316284,0.896899938583374,0.37421876192092896,0.5113824009895325,0.0029084808193147182,0.19149786233901978,0.003243572311475873
50x50 largo,3227,4130560.0,0.20036688446998596,0.1875,,,3.0,1.0,3.5296876430511475,0.9044249653816223,0.37910157442092896,0.4988284409046173,0.003424179507419467,0.17825821042060852,0.008712654933333397
50x50 largo,3228,4131840.0,0.14142537117004395,0.125,,,2.0,3.0,3.50390625,0.910849928855896,0.3687500059604645,0.49805915355682373,0.0022033052518963814,0.1676984578371048,0.0066706398501992226
50x50 largo,3229,4133120.0,0.13386686146259308,0.125,,,2.0,1.0,3.51953125,0.9160499572753906,0.36250001192092896,0.4965187907218933,0.004721254110336304,0.1546431928873062,0.006393339019268751
50x50 largo,3230,4134400.0,0.13622474670410156,0.125,,,2.0,2.0,3.467968702316284,0.9205249547958374,0.33222657442092896,0.5281161665916443,0.002075035125017166,0.14474059641361237,0.0062502785585820675
50x50 largo,3231,4135680.0,0.07939036935567856,0.0625,,,1.0,3.0,3.5726563930511475,0.926675021648407,0.3568359315395355,0.5104295015335083,0.0027266619727015495,0.14959801733493805,0.0033431509509682655
50x50 largo,3232,4136960.0,0.32002758979797363,0.3125,,,5.0,1.0,3.479687452316284,0.9312249422073364,0.32597658038139343,0.4942723512649536,0.004259482026100159,0.16923169791698456,0.0202165637165308
50x50 largo,3233,4138240.0,0.19199050962924957,0.1875,,,3.0,1.0,3.2734375,0.932824969291687,0.3062500059604645,0.5066012144088745,0.0037675348576158285,0.1480742245912552,0.007472664583474398
50x50 largo,3234,4139520.0,0.19685176014900208,0.1875,,,3.0,2.0,3.2085938453674316,0.9362499713897705,0.31230470538139343,0.5169857144355774,0.0025966111570596695,0.16426831483840942,0.008815061300992966
50x50 largo,3235,4140800.0,0.0743894949555397,0.0625,,,1.0,3.0,3.198437452316284,0.9393249750137329,0.3306640684604645,0.5224677920341492,0.0034900885075330734,0.11532114446163177,0.00264670024625957
50x50 largo,3236,4142080.0,0.06990412622690201,0.0625,,,1.0,2.0,3.33203125,0.9408499598503113,0.38984376192092896,0.5506137609481812,0.003394492669031024,0.22763292491436005,0.0018325760029256344
50x50 largo,3237,4143360.0,0.06701788306236267,0.0625,,,1.0,1.0,3.385937452316284,0.942425012588501,0.40800783038139343,0.5537233948707581,0.0023757521994411945,0.16858075559139252,0.0034462325274944305
50x50 largo,3238,4144640.0,0.1324588656425476,0.125,,,2.0,2.0,3.375,0.9438250064849854,0.41015625,0.5601147413253784,0.0032231477089226246,0.22301256656646729,0.006482016295194626
50x50 largo,3239,4145920.0,0.07022662460803986,0.0625,,,1.0,2.0,3.4351563453674316,0.9458499550819397,0.38164064288139343,0.544045090675354,0.0017254403792321682,0.18677905201911926,0.0032735096756368876
50x50 largo,3240,4147200.0,0.12905000150203705,0.125,,,2.0,1.0,3.3984375,0.9472749829292297,0.35722658038139343,0.5422623753547668,0.0068620662204921246,0.12604621052742004,0.006159036420285702
50x50 largo,3241,4148480.0,0.0038960003294050694,0.0,,,0.0,1.0,3.378124952316284,0.9484750032424927,0.33281251788139343,0.5335074663162231,0.0014294038992375135,0.17930692434310913,0.00011034594353986904
50x50 largo,3242,4149760.0,0.1282467395067215,0.125,,,2.0,1.0,3.375781297683716,0.9486749768257141,0.3404296934604645,0.5429844856262207,0.001022203708998859,0.1427471935749054,0.0051228879019618034
50x50 largo,3243,4151040.0,0.06696388125419617,0.0625,,,1.0,1.0,3.413281202316284,0.9502249956130981,0.3705078065395355,0.5693336725234985,0.0012923050671815872,0.12854567170143127,0.0033644502982497215
50x50 largo,3244,4152320.0,0.0005807502893730998,0.0,,,0.0,0.0,3.375,0.951200008392334,0.37871095538139343,0.5538771152496338,0.0019636228680610657,0.20822452008724213,6.581516936421394e-05
50x50 largo,3245,4153600.0,0.19440600275993347,0.1875,,,3.0,2.0,3.3101563453674316,0.9522500038146973,0.31640625,0.5185055732727051,0.007287159562110901,0.20354679226875305,0.007769995369017124
50x50 largo,3246,4154880.0,0.0006012502708472311,0.0,,,0.0,0.0,3.3125,0.9532499313354492,0.3373046815395355,0.5468078851699829,0.003413111437112093,0.15345409512519836,5.912317647016607e-05
50x50 largo,3247,4156160.0,0.06354475021362305,0.0625,,,1.0,0.0,3.265625,0.9546250104904175,0.3343749940395355,0.5243711471557617,0.0012692348100245,0.19016635417938232,0.0030717418994754553
50x50 largo,3248,4157440.0,0.00404000049456954,0.0,,,0.0,1.0,3.2984375953674316,0.9559999704360962,0.3388671875,0.5216251611709595,0.0012249583378434181,0.18858930468559265,5.417830834630877e-05
50x50 largo,3249,4158720.0,0.1943882703781128,0.1875,,,3.0,2.0,3.2734375,0.95722496509552,0.30097657442092896,0.49609559774398804,0.0043129646219313145,0.1642424464225769,0.009151723235845566
50x50 largo,3250,4160000.0,0.19096922874450684,0.1875,,,3.0,1.0,3.167187452316284,0.9578750133514404,0.3111328184604645,0.5290838479995728,0.002867541741579771,0.1233501136302948,0.0067471470683813095
50x50 largo,3251,4161280.0,0.0074791256338357925,0.0,,,0.0,2.0,3.202343702316284,0.9597249627113342,0.33417969942092896,0.5346125364303589,0.00250898115336895,0.15039858222007751,5.1374780014157295e-05
50x50 largo,3252,4162560.0,0.007360500283539295,0.0,,,0.0,2.0,3.359375,0.9614999890327454,0.35859376192092896,0.5297428369522095,0.00104698003269732,0.17678003013134003,4.9922509788302705e-05
50x50 largo,3253,4163840.0,0.06302250176668167,0.0625,,,1.0,0.0,3.348437547683716,0.9623500108718872,0.3960937559604645,0.5759104490280151,0.008927006274461746,0.17471379041671753,0.0032770615071058273
50x50 largo,3254,4165120.0,0.0004821252077817917,0.0,,,0.0,0.0,3.3125,0.9630749225616455,0.4150390625,0.5497710108757019,0.0024717357009649277,0.15827980637550354,3.2442345400340855e-05
50x50 largo,3255,4166400.0,0.06271787732839584,0.0625,,,1.0,0.0,3.284374952316284,0.9636749625205994,0.443359375,0.5677192211151123,0.007400658912956715,0.163296639919281,0.0032793269492685795
50x50 largo,3256,4167680.0,0.0003636251203715801,0.0,,,0.0,0.0,3.25,0.9642499685287476,0.4027343690395355,0.5560277700424194,0.0018542533507570624,0.16334974765777588,2.4857254175003618e-05
50x50 largo,3257,4168960.0,0.009703125804662704,0.0,,,0.0,3.0,3.364062547683716,0.9647749662399292,0.41679689288139343,0.5737669467926025,0.0026600530836731195,0.21592260897159576,3.7427722418215126e-05
50x50 largo,3258,4170240.0,0.12522362172603607,0.125,,,2.0,0.0,3.3539063930511475,0.9651749730110168,0.42207032442092896,0.5397287607192993,0.0032628518529236317,0.14602574706077576,0.006257880479097366
50x50 largo,3259,4171520.0,0.06257449835538864,0.0625,,,1.0,0.0,3.270312547683716,0.9652999639511108,0.39570313692092896,0.5600077509880066,0.0015532549005001783,0.13664652407169342,0.0031846067868173122
50x50 largo,3260,4172800.0,0.06261912733316422,0.0625,,,1.0,0.0,3.241406202316284,0.9655749797821045,0.41386720538139343,0.5831485986709595,0.002354767406359315,0.1620630919933319,0.0033281012438237667
50x50 largo,3261,4174080.0,0.006503375247120857,0.0,,,0.0,2.0,3.2562501430511475,0.9663249850273132,0.3998046815395355,0.5485942363739014,0.005503250285983086,0.17174063622951508,3.2164483855012804e-05
50x50 largo,3262,4175360.0,0.0003288752632215619,0.0,,,0.0,0.0,3.3125,0.9672000408172607,0.373046875,0.5370209813117981,0.001553150825202465,0.16620105504989624,1.8708942661760375e-05
50x50 largo,3263,4176640.0,3.6250035918783396e-05,0.0,,,0.0,0.0,3.3125,0.96732497215271,0.39726564288139343,0.5226149559020996,0.0021583889611065388,0.1282489001750946,1.433503257430857e-05
50x50 largo,3264,4177920.0,0.06907549500465393,0.0625,,,1.0,2.0,3.3187501430511475,0.9680249691009521,0.38359376788139343,0.5303261280059814,0.004285178147256374,0.12456034868955612,0.003067880868911743
50x50 largo,3265,4179200.0,0.0006328754243440926,0.0,,,0.0,0.0,3.375,0.9693499803543091,0.4166015684604645,0.5183148980140686,0.004552876576781273,0.16823306679725647,8.357716069440357e-06
50x50 largo,3266,4180480.0,0.06270962953567505,0.0625,,,1.0,0.0,3.3453125953674316,0.9699249863624573,0.40507814288139343,0.5510804653167725,0.000916400458663702,0.14780306816101074,0.0032832950819283724
50x50 largo,3267,4181760.0,0.0001631251216167584,0.0,,,0.0,0.0,3.3125,0.9703750014305115,0.4019531309604645,0.5430945754051208,0.001994040096178651,0.1462576985359192,8.707887900527567e-06
50x50 largo,3268,4183040.0,0.12528274953365326,0.125,,,2.0,0.0,3.2914063930511475,0.9711999893188477,0.42011719942092896,0.5093178749084473,0.004618152044713497,0.12380178272724152,0.006466799881309271
50x50 largo,3269,4184320.0,0.00017100016702897847,0.0,,,0.0,0.0,3.1875,0.9717749953269958,0.3675781190395355,0.5064550638198853,0.002580540254712105,0.15180562436580658,9.979892638511956e-06
50x50 largo,3270,4185600.0,0.06263549625873566,0.0625,,,1.0,0.0,3.1820313930511475,0.97222501039505,0.38496094942092896,0.5273570418357849,0.0026710145175457,0.13688752055168152,0.0033298684284090996
50x50 largo,3271,4186880.0,0.0034066252410411835,0.0,,,0.0,1.0,3.13671875,0.9728000164031982,0.416015625,0.5330443382263184,0.002217915141955018,0.15423130989074707,1.5570863979519345e-05
50x50 largo,3272,4188160.0,0.0626831203699112,0.0625,,,1.0,0.0,3.125,0.9732749462127686,0.41230469942092896,0.5454801321029663,0.0027167012449353933,0.21322327852249146,0.00039740634383633733
50x50 largo,3273,4189440.0,4.037504913867451e-05,0.0,,,0.0,0.0,3.125,0.9733999967575073,0.4632812440395355,0.5364539623260498,0.005412912927567959,0.1822095364332199,5.458891791931819e-06
50x50 largo,3274,4190720.0,0.13132637739181519,0.125,,,2.0,2.0,3.155468702316284,0.973675012588501,0.38945314288139343,0.5270640850067139,0.0030651825945824385,0.17231908440589905,0.006611200515180826
50x50 largo,3275,4192000.0,0.06266387552022934,0.0625,,,1.0,0.0,3.08984375,0.974174976348877,0.3910156190395355,0.5144946575164795,0.002127992920577526,0.17322507500648499,0.0032709105871617794
50x50 largo,3276,4193280.0,0.1314074844121933,0.125,,,2.0,2.0,3.0921876430511475,0.9745999574661255,0.41191408038139343,0.49691247940063477,0.0028357612900435925,0.21394841372966766,0.006603756919503212
50x50 largo,3277,4194560.0,0.12524449825286865,0.125,,,2.0,0.0,2.996875047683716,0.9752749800682068,0.4134765565395355,0.49483317136764526,0.0016918489709496498,0.15784016251564026,0.006413886323571205
50x50 largo,3278,4195840.0,0.07523424923419952,0.0625,,,1.0,4.0,3.090625047683716,0.9758250117301941,0.4033203125,0.5044496059417725,0.0015793027123436332,0.1410645842552185,0.0033363623078912497
50x50 largo,3279,4197120.0,0.12830163538455963,0.125,,,2.0,1.0,3.1328125,0.9763250350952148,0.42558595538139343,0.5190847516059875,0.00207967939786613,0.1858244687318802,0.009167052805423737
50x50 largo,3280,4198400.0,0.07836786657571793,0.0625,,,1.0,5.0,3.2125000953674316,0.9769749641418457,0.42363283038139343,0.509536623954773,0.0019907865207642317,0.1524764895439148,0.003260925877839327
50x50 largo,3281,4199680.0,0.0033713753800839186,0.0,,,0.0,1.0,3.3648438453674316,0.9777499437332153,0.3714843690395355,0.5065048933029175,0.0009822064312174916,0.16961899399757385,3.456620834185742e-05
50x50 largo,3282,4200960.0,0.8053461909294128,0.0,,,0.0,21.0,1.275781273841858,0.06159999594092369,0.33515626192092896,0.5300604104995728,0.0014435371849685907,0.22840166091918945,0.004045249428600073
50x50 largo,3283,4202240.0,1.103866696357727,0.0,,,0.0,9.0,1.634374976158142,0.1586499959230423,0.33378908038139343,0.49832093715667725,0.0037338656838983297,0.3224341869354248,0.0034976773895323277
50x50 largo,3284,4203520.0,0.8926774263381958,0.0,,,0.0,12.0,2.2601563930511475,0.24507498741149902,0.3578124940395355,0.508629560470581,0.00283877644687891,0.30375492572784424,0.002393074333667755
50x50 largo,3285,4204800.0,0.8188501596450806,0.0625,,,1.0,10.0,2.8921875953674316,0.3271999955177307,0.35566407442092896,0.4967849552631378,0.005662917159497738,0.3082369565963745,0.004620339721441269
50x50 largo,3286,4206080.0,0.6769507527351379,0.0625,,,1.0,2.0,3.116406202316284,0.4052499830722809,0.3619140684604645,0.5355597734451294,0.0027992406394332647,0.20892396569252014,0.004532438237220049
50x50 largo,3287,4207360.0,0.5536676049232483,0.0,,,0.0,5.0,3.331249952316284,0.48364999890327454,0.37128907442092896,0.5285095572471619,0.0024525970220565796,0.21755510568618774,0.0005029407911933959
50x50 largo,3288,4208640.0,0.5631316304206848,0.125,,,2.0,2.0,3.51953125,0.5562499761581421,0.39726564288139343,0.5134100914001465,0.007054357789456844,0.1580229550600052,0.007034952286630869
50x50 largo,3289,4209920.0,0.4847336709499359,0.1875,,,3.0,1.0,3.43359375,0.612375020980835,0.34843751788139343,0.501408576965332,0.0019060213817283511,0.12020017206668854,0.006666576489806175
50x50 largo,3290,4211200.0,1.0986180305480957,0.875,,,14.0,4.0,3.034374952316284,0.6575999855995178,0.32832032442092896,0.5092805624008179,0.000860903412103653,0.3012617230415344,0.04108881950378418
50x50 largo,3291,4212480.0,0.38340750336647034,0.25,,,4.0,5.0,2.7593750953674316,0.6862750053405762,0.2886718809604645,0.4719063937664032,0.0007860299665480852,0.14983344078063965,0.016286097466945648
50x50 largo,3292,4213760.0,0.36358773708343506,0.25,,,4.0,6.0,2.7953126430511475,0.7121250033378601,0.29375001788139343,0.4815123379230499,0.0035933435428887606,0.18364791572093964,0.010040939785540104
50x50 largo,3293,4215040.0,0.20707464218139648,0.125,,,2.0,2.0,2.9125001430511475,0.7348999977111816,0.26835939288139343,0.4993182420730591,0.003547319443896413,0.1697918325662613,0.0041143991984426975
50x50 largo,3294,4216320.0,0.14171326160430908,0.0625,,,1.0,1.0,2.9390625953674316,0.7585749626159668,0.279296875,0.48692095279693604,0.002619669772684574,0.16207589209079742,0.003466696245595813
50x50 largo,3295,4217600.0,0.1910521388053894,0.125,,,2.0,2.0,2.957812547683716,0.778249979019165,0.2914062440395355,0.4834315776824951,0.0012345315190032125,0.19079938530921936,0.006689893081784248
50x50 largo,3296,4218880.0,0.3649803698062897,0.3125,,,5.0,2.0,2.84765625,0.7937749624252319,0.2972656190395355,0.50778728723526,0.0023532791528850794,0.1538236141204834,0.017058875411748886
50x50 largo,3297,4220160.0,0.2411704957485199,0.1875,,,3.0,5.0,2.8187501430511475,0.8077999353408813,0.3179687559604645,0.504891037940979,0.002330099232494831,0.26174747943878174,0.009121780283749104
50x50 largo,3298,4221440.0,0.29164600372314453,0.25,,,4.0,4.0,2.842968702316284,0.8196749687194824,0.3050781190395355,0.4994829297065735,0.0037620069924741983,0.1622334122657776,0.008929509669542313
50x50 largo,3299,4222720.0,0.21893376111984253,0.1875,,,3.0,2.0,2.823437452316284,0.8309249877929688,0.33378908038139343,0.5010510683059692,0.005048300139605999,0.156492680311203,0.008242727257311344
50x50 largo,3300,4224000.0,0.038811251521110535,0.0,,,0.0,3.0,2.864062547683716,0.8445000052452087,0.3310546875,0.46429359912872314,0.0019138272618874907,0.18367323279380798,0.0003438852436374873
50x50 largo,3301,4225280.0,0.09190312772989273,0.0625,,,1.0,2.0,3.0492188930511475,0.856499969959259,0.35625001788139343,0.46178245544433594,0.001844597514718771,0.16785357892513275,0.0036638793535530567
50x50 largo,3302,4226560.0,0.09079562872648239,0.0625,,,1.0,2.0,3.082812547683716,0.8687750101089478,0.3544921875,0.46459829807281494,0.001972116529941559,0.1429571509361267,0.0032705203630030155
50x50 largo,3303,4227840.0,0.020930876955389977,0.0,,,0.0,0.0,3.125,0.8808249831199646,0.3365234434604645,0.4603683054447174,0.0009271687595173717,0.19867509603500366,0.0002666148648131639
50x50 largo,3304,4229120.0,0.46885207295417786,0.4375,,,7.0,5.0,3.0453126430511475,0.8908999562263489,0.34160158038139343,0.46625328063964844,0.0018632563296705484,0.1991029530763626,0.017299026250839233
50x50 largo,3305,4230400.0,0.2192935049533844,0.1875,,,3.0,4.0,3.0375001430511475,0.903249979019165,0.34062501788139343,0.48737770318984985,0.0020434209145605564,0.16897451877593994,0.008858323097229004
50x50 largo,3306,4231680.0,0.21166977286338806,0.1875,,,3.0,4.0,3.0523438453674316,0.9119750261306763,0.3550781309604645,0.4822942614555359,0.0012289294973015785,0.18214759230613708,0.0061337449587881565
50x50 largo,3307,4232960.0,0.1967129111289978,0.1875,,,3.0,1.0,3.0328125953674316,0.9174249768257141,0.3499999940395355,0.48912355303764343,0.001343725947663188,0.13932982087135315,0.008262516930699348
50x50 largo,3308,4234240.0,0.19274750351905823,0.1875,,,3.0,0.0,2.9375,0.9224749803543091,0.330078125,0.4791750907897949,0.0026508441660553217,0.1672934740781784,0.014331218786537647
50x50 largo,3309,4235520.0,0.20161987841129303,0.1875,,,3.0,3.0,2.7906250953674316,0.9271000027656555,0.3193359375,0.49393752217292786,0.001673249527812004,0.1565971076488495,0.008396809920668602
50x50 largo,3310,4236800.0,0.19448500871658325,0.1875,,,3.0,1.0,2.796093702316284,0.9312750101089478,0.3310546875,0.4783746600151062,0.0011321333004161716,0.2248970866203308,0.00959167443215847
50x50 largo,3311,4238080.0,0.13587161898612976,0.125,,,2.0,2.0,2.6390626430511475,0.9361249804496765,0.32246094942092896,0.493208110332489,0.001555704278871417,0.12931033968925476,0.0043294187635183334
50x50 largo,3312,4239360.0,0.20060613751411438,0.1875,,,3.0,3.0,2.7250001430511475,0.9403250217437744,0.31914064288139343,0.49538278579711914,0.0011542470892891288,0.17274418473243713,0.009393488988280296
50x50 largo,3313,4240640.0,0.14101912081241608,0.125,,,2.0,4.0,2.7289063930511475,0.9441750049591064,0.3109374940395355,0.47192126512527466,0.0012835093075409532,0.17590060830116272,0.006179388612508774
50x50 largo,3314,4241920.0,0.07079612463712692,0.0625,,,1.0,2.0,2.801562547683716,0.9467999935150146,0.310546875,0.5118046998977661,0.0025790934450924397,0.13545972108840942,0.0025763411540538073
50x50 largo,3315,4243200.0,0.19881999492645264,0.1875,,,3.0,3.0,2.9351563453674316,0.9492249488830566,0.34941408038139343,0.5107452869415283,0.0025876350700855255,0.1763337254524231,0.009367335587739944
50x50 largo,3316,4244480.0,0.2020028829574585,0.1875,,,3.0,4.0,2.860156297683716,0.9522749781608582,0.3197265565395355,0.4777451157569885,0.004358496516942978,0.17812564969062805,0.009314793162047863
50x50 largo,3317,4245760.0,0.19535961747169495,0.1875,,,3.0,2.0,2.953125,0.9547499418258667,0.3111328184604645,0.4687717854976654,0.002474101260304451,0.16548484563827515,0.009644519537687302
50x50 largo,3318,4247040.0,0.12919986248016357,0.125,,,2.0,1.0,2.8726563453674316,0.9566999673843384,0.2964843809604645,0.4797837734222412,0.004061548970639706,0.10925230383872986,0.006408133544027805
50x50 largo,3319,4248320.0,0.19788049161434174,0.1875,,,3.0,3.0,2.788281202316284,0.9582749605178833,0.3197265565395355,0.49770522117614746,0.0025900546461343765,0.18970055878162384,0.00746966153383255
50x50 largo,3320,4249600.0,0.19192913174629211,0.1875,,,3.0,1.0,2.7281250953674316,0.9602000117301941,0.3072265684604645,0.5196774005889893,0.0014997373800724745,0.16216018795967102,0.00924866832792759
50x50 largo,3321,4250880.0,0.12894275784492493,0.125,,,2.0,1.0,2.606250047683716,0.9616749882698059,0.3001953065395355,0.5114198923110962,0.0023658699356019497,0.16931289434432983,0.006099631078541279
50x50 largo,3322,4252160.0,0.00979275070130825,0.0,,,0.0,3.0,2.703125,0.9627749919891357,0.28984376788139343,0.49585917592048645,0.0008332778234034777,0.1561248004436493,0.00014229214866645634
50x50 largo,3323,4253440.0,0.13491661846637726,0.125,,,2.0,3.0,2.846874952316284,0.9641250371932983,0.2865234315395355,0.4767867922782898,0.0031523266807198524,0.1693754941225052,0.0055244071409106255
50x50 largo,3324,4254720.0,0.18804585933685303,0.1875,,,3.0,0.0,2.7445313930511475,0.9653499722480774,0.3072265684604645,0.5111099481582642,0.0021201581694185734,0.14816009998321533,0.00831257738173008
50x50 largo,3325,4256000.0,0.2566371262073517,0.25,,,4.0,2.0,2.586718797683716,0.9661999940872192,0.3203125,0.49282872676849365,0.004160563461482525,0.16972443461418152,0.009791702032089233
50x50 largo,3326,4257280.0,0.13771748542785645,0.125,,,2.0,4.0,2.58203125,0.9667500257492065,0.291015625,0.4970691502094269,0.0011214083060622215,0.1711665391921997,0.0062281349673867226
50x50 largo,3327,4258560.0,0.13458874821662903,0.125,,,2.0,3.0,2.639843702316284,0.9673749208450317,0.3037109375,0.5411520004272461,0.006294799968600273,0.11652785539627075,0.005482370965182781
50x50 largo,3328,4259840.0,0.003330875188112259,0.0,,,0.0,1.0,2.778125047683716,0.9680249691009521,0.31816408038139343,0.48975974321365356,0.001976141706109047,0.17992597818374634,0.00011007959983544424
50x50 largo,3329,4261120.0,0.06578236818313599,0.0625,,,1.0,1.0,2.8265626430511475,0.9684499502182007,0.3423828184604645,0.4913491904735565,0.0025689625181257725,0.0929267406463623,0.00327833229675889
50x50 largo,3330,4262400.0,0.1252707540988922,0.125,,,2.0,0.0,2.753124952316284,0.9692000150680542,0.3453125059604645,0.48328477144241333,0.0015835340600460768,0.13474595546722412,0.0063622575253248215
50x50 largo,3331,4263680.0,0.1345866173505783,0.125,,,2.0,3.0,2.643749952316284,0.9699249267578125,0.3638671934604645,0.513017475605011,0.0014599091373383999,0.17655277252197266,0.009123566560447216
50x50 largo,3332,4264960.0,0.0626506358385086,0.0625,,,1.0,0.0,2.749218702316284,0.970425009727478,0.36347657442092896,0.5261760354042053,0.003766097594052553,0.12911340594291687,0.0034346708562225103
50x50 largo,3333,4266240.0,0.06572187691926956,0.0625,,,1.0,1.0,2.684375047683716,0.9707499742507935,0.33085939288139343,0.5370936989784241,0.004716731607913971,0.12698166072368622,0.0032753045670688152
50x50 largo,3334,4267520.0,0.06581312417984009,0.0625,,,1.0,1.0,2.7007813453674316,0.9713000059127808,0.33378908038139343,0.4920099079608917,0.004641122184693813,0.15628381073474884,0.0032841209322214127
50x50 largo,3335,4268800.0,0.203291118144989,0.1875,,,3.0,5.0,2.753124952316284,0.9718999862670898,0.30156251788139343,0.5078043341636658,0.0025786282494664192,0.1698521226644516,0.009373949840664864
50x50 largo,3336,4270080.0,0.25962138175964355,0.25,,,4.0,3.0,2.7046875953674316,0.972724974155426,0.3257812559604645,0.5052893757820129,0.002301161177456379,0.15592002868652344,0.015764083713293076
50x50 largo,3337,4271360.0,0.1282508820295334,0.125,,,2.0,1.0,2.703906297683716,0.9731999635696411,0.31757813692092896,0.5157155394554138,0.0016959363128989935,0.13035106658935547,0.005157288629561663
50x50 largo,3338,4272640.0,0.009447125717997551,0.0,,,0.0,3.0,2.809375047683716,0.9735249876976013,0.3128906190395355,0.4831949472427368,0.0016486264066770673,0.13965024054050446,7.593986083520576e-05
50x50 largo,3339,4273920.0,0.06911537796258926,0.0625,,,1.0,2.0,2.890625,0.9742000102996826,0.3101562559604645,0.48551464080810547,0.001957719214260578,0.18163083493709564,0.003372644539922476
50x50 largo,3340,4275200.0,0.20026160776615143,0.1875,,,3.0,4.0,2.9859375953674316,0.9748250246047974,0.3091796934604645,0.49293190240859985,0.0019196788780391216,0.167717844247818,0.008867138996720314
50x50 largo,3341,4276480.0,0.06604287773370743,0.0625,,,1.0,1.0,2.9765625,0.9757249355316162,0.32402345538139343,0.5231456756591797,0.0025906311348080635,0.127383291721344,0.003304033074527979
50x50 largo,3342,4277760.0,0.1254962533712387,0.125,,,2.0,0.0,2.9320313930511475,0.9767500162124634,0.32402345538139343,0.5000123977661133,0.0014886466087773442,0.12970903515815735,0.006258888635784388
50x50 largo,3343,4279040.0,0.006628500297665596,0.0,,,0.0,2.0,2.9546875953674316,0.977275013923645,0.33808594942092896,0.4788537323474884,0.002260335488244891,0.1792532056570053,7.012931746430695e-05
50x50 largo,3344,4280320.0,0.25640448927879333,0.25,,,4.0,2.0,2.96484375,0.9775999784469604,0.3216796815395355,0.4938814342021942,0.0017647311324253678,0.22579015791416168,0.013593926094472408
50x50 largo,3345,4281600.0,0.18767912685871124,0.1875,,,3.0,0.0,2.731250047683716,0.9779750108718872,0.31035158038139343,0.5063502788543701,0.0023729309905320406,0.14994221925735474,0.007402166724205017
50x50 largo,3346,4282880.0,0.06627612560987473,0.0625,,,1.0,1.0,2.671093702316284,0.9788749814033508,0.3099609315395355,0.4999743103981018,0.0006595839513465762,0.11242935061454773,0.0032872590236365795
50x50 largo,3347,4284160.0,0.003396375570446253,0.0,,,0.0,1.0,2.719531297683716,0.9797749519348145,0.3115234375,0.4817991256713867,0.0018424319569021463,0.18981850147247314,6.748642772436142e-05
50x50 largo,3348,4285440.0,0.2063048779964447,0.1875,,,3.0,6.0,2.815624952316284,0.9799999594688416,0.33085939288139343,0.5179827809333801,0.003240720834583044,0.14792293310165405,0.009417837485671043
50x50 largo,3349,4286720.0,0.06572724878787994,0.0625,,,1.0,1.0,2.9351563453674316,0.9801499843597412,0.373046875,0.5302245616912842,0.005674722604453564,0.14246901869773865,0.003076753346249461
50x50 largo,3350,4288000.0,0.06271488219499588,0.0625,,,1.0,0.0,2.8828125,0.9804250001907349,0.3890624940395355,0.544018030166626,0.006362881511449814,0.19175006449222565,0.0024962658062577248
50x50 largo,3351,4289280.0,0.12814724445343018,0.125,,,2.0,1.0,2.819531202316284,0.9805499911308289,0.35039064288139343,0.5615613460540771,0.0007975870976224542,0.1898268163204193,0.003444780595600605
50x50 largo,3352,4290560.0,8.12502548797056e-06,0.0,,,0.0,0.0,2.8125,0.9805999994277954,0.3685546815395355,0.5744889378547668,0.001631986116990447,0.1931198537349701,4.2523519368842244e-05
50x50 largo,3353,4291840.0,0.13126812875270844,0.125,,,2.0,2.0,2.78515625,0.9807000160217285,0.3599609434604645,0.5512828826904297,0.003364180913195014,0.15013203024864197,0.0064489278011024
50x50 largo,3354,4293120.0,0.1281491219997406,0.125,,,2.0,1.0,2.8109376430511475,0.9808499813079834,0.34765625,0.5409122705459595,0.0041746459901332855,0.15876638889312744,0.006341122090816498
50x50 largo,3355,4294400.0,0.0032020004000514746,0.0,,,0.0,1.0,2.76171875,0.981124997138977,0.36328125,0.5116090774536133,0.0016925139352679253,0.18176457285881042,4.143681871937588e-05
50x50 largo,3356,4295680.0,0.06567461788654327,0.0625,,,1.0,1.0,2.8656251430511475,0.9812999963760376,0.3853515684604645,0.5232268571853638,0.002551289740949869,0.1396041065454483,0.0033560283482074738
50x50 largo,3357,4296960.0,0.3156571388244629,0.3125,,,5.0,1.0,2.6820313930511475,0.9814249277114868,0.3804687559604645,0.5032683610916138,0.004454572685062885,0.2264859974384308,0.01693732850253582
50x50 largo,3358,4298240.0,0.0062918756157159805,0.0,,,0.0,2.0,2.590625047683716,0.981624960899353,0.3541015684604645,0.4857359528541565,0.0019451910629868507,0.1828620880842209,7.251957867993042e-05
50x50 largo,3359,4299520.0,0.13128536939620972,0.125,,,2.0,2.0,2.672656297683716,0.9817999601364136,0.3724609315395355,0.4811561405658722,0.0015951470704749227,0.14019770920276642,0.006630295887589455
50x50 largo,3360,4300800.0,0.6410848498344421,0.0625,,,1.0,23.0,1.334375023841858,0.0419749990105629,0.4166015684604645,0.4969977140426636,0.0022083562798798084,0.25826016068458557,0.011231607757508755
50x50 largo,3361,4302080.0,1.1603370904922485,0.0,,,0.0,17.0,1.9148437976837158,0.14010000228881836,0.4654296934604645,0.4821585416793823,0.0015570500399917364,0.37179574370384216,0.004561757203191519
50x50 largo,3362,4303360.0,0.9130933284759521,0.0,,,0.0,8.0,2.805468797683716,0.22842499613761902,0.47441408038139343,0.479987233877182,0.004000374116003513,0.35181331634521484,0.0028733110520988703
50x50 largo,3363,4304640.0,0.7648524641990662,0.0,,,0.0,2.0,3.0414063930511475,0.31277501583099365,0.48945313692092896,0.4913986921310425,0.0025954684242606163,0.28014087677001953,0.001540993107482791
50x50 largo,3364,4305920.0,0.7098299264907837,0.0,,,0.0,2.0,3.188281297683716,0.4011499881744385,0.516796886920929,0.4812798500061035,0.0007346852216869593,0.24189305305480957,0.0009196179453283548
50x50 largo,3365,4307200.0,0.6773489713668823,0.0625,,,1.0,5.0,3.4281251430511475,0.4890249967575073,0.51171875,0.495699942111969,0.0021148701198399067,0.1800374686717987,0.004151300992816687
50x50 largo,3366,4308480.0,0.6386867761611938,0.1875,,,3.0,1.0,3.3828125,0.5656750202178955,0.49394533038139343,0.5073770880699158,0.0008953741053119302,0.1813928633928299,0.007371470332145691
50x50 largo,3367,4309760.0,0.7252835035324097,0.375,,,6.0,3.0,3.276562452316284,0.6331499814987183,0.49003908038139343,0.4941560924053192,0.0015526595525443554,0.21042275428771973,0.01676793210208416
50x50 largo,3368,4311040.0,0.5817372798919678,0.375,,,6.0,1.0,3.053906202316284,0.6783499717712402,0.44746094942092896,0.488071084022522,0.0023213555105030537,0.16866637766361237,0.02346160262823105
50x50 largo,3369,4312320.0,0.5619347095489502,0.4375,,,7.0,7.0,2.846874952316284,0.7039999961853027,0.42753908038139343,0.5072585344314575,0.004768097773194313,0.14313563704490662,0.019269704818725586
50x50 largo,3370,4313600.0,0.15370887517929077,0.0625,,,1.0,3.0,2.90234375,0.725600004196167,0.44609376788139343,0.5118169784545898,0.006130910478532314,0.18938098847866058,0.003767206333577633
50x50 largo,3371,4314880.0,0.2795231342315674,0.1875,,,3.0,6.0,3.121875047683716,0.7479249238967896,0.4375,0.4852726459503174,0.0016250687185674906,0.22967350482940674,0.009424464777112007
50x50 largo,3372,4316160.0,0.2173883616924286,0.125,,,2.0,4.0,3.237499952316284,0.7733500003814697,0.43339845538139343,0.4795481860637665,0.005719001404941082,0.16288909316062927,0.00658061308786273
50x50 largo,3373,4317440.0,0.2470453679561615,0.1875,,,3.0,1.0,3.274218797683716,0.793624997138977,0.4292968809604645,0.45948195457458496,0.0032291365787386894,0.16770121455192566,0.009117783978581429
50x50 largo,3374,4318720.0,0.30712586641311646,0.25,,,4.0,4.0,3.1937501430511475,0.8108999729156494,0.3892578184604645,0.4618704915046692,0.001423565438017249,0.17486442625522614,0.012386057525873184
50x50 largo,3375,4320000.0,0.41889166831970215,0.375,,,6.0,2.0,3.0757813453674316,0.8251500129699707,0.40410158038139343,0.4529266357421875,0.004122975282371044,0.22203704714775085,0.02558552287518978
50x50 largo,3376,4321280.0,0.16403250396251678,0.125,,,2.0,5.0,3.0570313930511475,0.8359000086784363,0.43632814288139343,0.45629632472991943,0.001583989360369742,0.17709028720855713,0.009970550425350666
50x50 largo,3377,4322560.0,0.10389751195907593,0.0625,,,1.0,4.0,3.198437452316284,0.8498749732971191,0.4326171875,0.4768460988998413,0.0036027804017066956,0.1940789520740509,0.003779129358008504
50x50 largo,3378,4323840.0,0.20958173274993896,0.1875,,,3.0,1.0,3.3062500953674316,0.860124945640564,0.4609375,0.4754348397254944,0.0012356664519757032,0.2219567745923996,0.00971713662147522
50x50 largo,3379,4325120.0,0.03568137437105179,0.0,,,0.0,5.0,3.3148438930511475,0.8709249496459961,0.44804689288139343,0.4616185128688812,0.0033201395999640226,0.21421900391578674,0.00039546177140437067
50x50 largo,3380,4326400.0,0.017594628036022186,0.0,,,0.0,1.0,3.5484375953674316,0.8792250156402588,0.4486328065395355,0.45613306760787964,0.0017945247236639261,0.18973174691200256,0.00037184933898970485
50x50 largo,3381,4327680.0,0.2704465985298157,0.25,,,4.0,2.0,3.4453125,0.8882499933242798,0.439453125,0.44761598110198975,0.0023506483994424343,0.17326998710632324,0.011887643486261368
50x50 largo,3382,4328960.0,0.2097838670015335,0.1875,,,3.0,3.0,3.47265625,0.8970500230789185,0.43085938692092896,0.4625017046928406,0.005133501254022121,0.1756928563117981,0.009610812179744244
50x50 largo,3383,4330240.0,0.08579699695110321,0.0625,,,1.0,4.0,3.504687547683716,0.9041749835014343,0.4091796875,0.4606732130050659,0.0020041409879922867,0.1602133810520172,0.0033141805324703455
50x50 largo,3384,4331520.0,0.39561477303504944,0.375,,,6.0,4.0,3.45703125,0.9098749756813049,0.4105468690395355,0.45494168996810913,0.0017720707692205906,0.13599663972854614,0.016030019149184227
50x50 largo,3385,4332800.0,0.3282555043697357,0.3125,,,5.0,3.0,3.5078125,0.9153499603271484,0.4281249940395355,0.4449336528778076,0.004672273062169552,0.15775717794895172,0.021994292736053467
50x50 largo,3386,4334080.0,0.3983176350593567,0.375,,,6.0,5.0,3.26171875,0.922124981880188,0.42558595538139343,0.4472842216491699,0.0024504896719008684,0.18141233921051025,0.016217373311519623
50x50 largo,3387,4335360.0,0.3255061209201813,0.3125,,,5.0,2.0,3.203906297683716,0.9284749627113342,0.42460939288139343,0.4496583342552185,0.0009066404891200364,0.168232262134552,0.01242621149867773
50x50 largo,3388,4336640.0,0.19965288043022156,0.1875,,,3.0,2.0,3.1078126430511475,0.9344499111175537,0.42890626192092896,0.44381964206695557,0.0022319615818560123,0.13822102546691895,0.008874405175447464
50x50 largo,3389,4337920.0,0.0789399966597557,0.0625,,,1.0,4.0,3.140625,0.9392749667167664,0.4453125,0.4281085133552551,0.0038562726695090532,0.13296109437942505,0.0022907275706529617
50x50 largo,3390,4339200.0,0.2592250108718872,0.25,,,4.0,2.0,3.120312452316284,0.9431749582290649,0.4287109375,0.4550430476665497,0.0030074433889240026,0.17151419818401337,0.011132754385471344
50x50 largo,3391,4340480.0,0.13439786434173584,0.125,,,2.0,2.0,3.11328125,0.9474499821662903,0.4126953184604645,0.44174090027809143,0.0021093706600368023,0.1929001659154892,0.006087176967412233
50x50 largo,3392,4341760.0,0.014249500818550587,0.0,,,0.0,4.0,3.2734375,0.9499750137329102,0.44023439288139343,0.42353683710098267,0.0021447825711220503,0.18418623507022858,0.0002300605265190825
50x50 largo,3393,4343040.0,0.007912625558674335,0.0,,,0.0,2.0,3.438281297683716,0.952549934387207,0.4488281309604645,0.4511289894580841,0.0019015733851119876,0.18815290927886963,0.0002246863004984334
50x50 largo,3394,4344320.0,0.06323600560426712,0.0625,,,1.0,0.0,3.4976563453674316,0.9539250135421753,0.44316408038139343,0.4201500415802002,0.006146141327917576,0.1340205818414688,0.0035367892123758793
50x50 largo,3395,4345600.0,0.06981600075960159,0.0625,,,1.0,2.0,3.46484375,0.9555999636650085,0.3998046815395355,0.436075896024704,0.003485182300209999,0.165867418050766,0.0032240066211670637
50x50 largo,3396,4346880.0,0.0698966234922409,0.0625,,,1.0,2.0,3.54296875,0.9574499130249023,0.41718751192092896,0.4497131109237671,0.0014602707233279943,0.2066587209701538,0.003386429511010647
50x50 largo,3397,4348160.0,0.00045450020115822554,0.0,,,0.0,0.0,3.5625,0.9582749605178833,0.41718751192092896,0.46400728821754456,0.0012008938938379288,0.18585893511772156,0.00012754343333654106
50x50 largo,3398,4349440.0,0.3164620101451874,0.3125,,,5.0,1.0,3.492968797683716,0.9598749876022339,0.42363283038139343,0.4560849070549011,0.003390777623280883,0.20634236931800842,0.020182093605399132
50x50 largo,3399,4350720.0,0.19410263001918793,0.1875,,,3.0,2.0,3.2945313453674316,0.9605749845504761,0.4292968809604645,0.4497196674346924,0.0022307238541543484,0.18895219266414642,0.00850670039653778
50x50 largo,3400,4352000.0,0.0003687501884996891,0.0,,,0.0,0.0,3.25,0.96132493019104,0.43242189288139343,0.4744405746459961,0.0020212610252201557,0.19742336869239807,9.854558447841555e-05
50x50 largo,3401,4353280.0,0.1876276284456253,0.1875,,,3.0,0.0,3.132031202316284,0.9615749716758728,0.4107421934604645,0.49157488346099854,0.002229378093034029,0.17762911319732666,0.007775094825774431
50x50 largo,3402,4354560.0,0.006666500121355057,0.0,,,0.0,2.0,3.1187500953674316,0.9624749422073364,0.4248046875,0.48599639534950256,0.002792015438899398,0.17784151434898376,9.666223195381463e-05
50x50 largo,3403,4355840.0,0.13145536184310913,0.125,,,2.0,2.0,3.1976563930511475,0.9629749655723572,0.4369140565395355,0.48578929901123047,0.005203635897487402,0.20498692989349365,0.0066019329242408276
50x50 largo,3404,4357120.0,0.006809500511735678,0.0,,,0.0,2.0,3.2515625953674316,0.9641500115394592,0.4205078184604645,0.4787190556526184,0.0008975163800641894,0.1803959310054779,8.141057332977653e-05
50x50 largo,3405,4358400.0,0.12837524712085724,0.125,,,2.0,1.0,3.313281297683716,0.9646749496459961,0.42949220538139343,0.47946760058403015,0.0021295880433171988,0.13784311711788177,0.0063894097693264484
50x50 largo,3406,4359680.0,0.1315924972295761,0.125,,,2.0,2.0,3.2132813930511475,0.9654749631881714,0.4310546815395355,0.47956013679504395,0.002033485798165202,0.15741440653800964,0.004358111880719662
50x50 largo,3407,4360960.0,0.12518975138664246,0.125,,,2.0,0.0,3.190624952316284,0.9659249782562256,0.4154296815395355,0.4732864499092102,0.0025660572573542595,0.140144944190979,0.0063662463799119
50x50 largo,3408,4362240.0,0.12512187659740448,0.125,,,2.0,0.0,3.078906297683716,0.9661749601364136,0.4009765684604645,0.4510793387889862,0.00147183274384588,0.14382155239582062,0.006689091213047504
50x50 largo,3409,4363520.0,0.06896200031042099,0.0625,,,1.0,2.0,2.9898438453674316,0.9668499231338501,0.3861328065395355,0.4355156421661377,0.004733432084321976,0.13916942477226257,0.0033415777143090963
50x50 largo,3410,4364800.0,0.19388900697231293,0.1875,,,3.0,2.0,3.018749952316284,0.9671750068664551,0.37089845538139343,0.44036945700645447,0.0016725488239899278,0.19585098326206207,0.009019650518894196
50x50 largo,3411,4366080.0,0.19716998934745789,0.1875,,,3.0,3.0,2.956249952316284,0.9677499532699585,0.375,0.4638196527957916,0.004106367938220501,0.17015421390533447,0.007560127414762974
50x50 largo,3412,4367360.0,0.06884824484586716,0.0625,,,1.0,2.0,3.0640625953674316,0.967924952507019,0.3919921815395355,0.4524330496788025,0.00561887864023447,0.13741108775138855,0.0033849079627543688
50x50 largo,3413,4368640.0,0.19378474354743958,0.1875,,,3.0,2.0,3.05859375,0.9680249691009521,0.3734374940395355,0.4637414813041687,0.0013108158018440008,0.1257811337709427,0.009533584117889404
50x50 largo,3414,4369920.0,0.137814000248909,0.125,,,2.0,4.0,3.046875,0.9690249562263489,0.36894533038139343,0.4487035870552063,0.0041809361428022385,0.14129815995693207,0.006727416068315506
50x50 largo,3415,4371200.0,0.13149826228618622,0.125,,,2.0,2.0,3.1039063930511475,0.9695999622344971,0.34492188692092896,0.4684957265853882,0.0025706812739372253,0.13951855897903442,0.006338151637464762
50x50 largo,3416,4372480.0,0.1939074993133545,0.1875,,,3.0,2.0,3.07421875,0.9699499607086182,0.3375000059604645,0.4681771993637085,0.0019571930170059204,0.18212521076202393,0.009258919395506382
50x50 largo,3417,4373760.0,0.06882724165916443,0.0625,,,1.0,2.0,3.096874952316284,0.9701499938964844,0.34375,0.47082990407943726,0.0033726892434060574,0.15590545535087585,0.00325927697122097
50x50 largo,3418,4375040.0,0.131333127617836,0.125,,,2.0,2.0,3.2046875953674316,0.970425009727478,0.35761719942092896,0.46137550473213196,0.003633074462413788,0.17610503733158112,0.013257729820907116
50x50 largo,3419,4376320.0,0.13440349698066711,0.125,,,2.0,3.0,3.210156202316284,0.9705249667167664,0.3666015565395355,0.46549636125564575,0.0015314498450607061,0.19483281672000885,0.007081032730638981
50x50 largo,3420,4377600.0,0.25317177176475525,0.25,,,4.0,1.0,3.0414063930511475,0.9706499576568604,0.3707031309604645,0.4450211226940155,0.0023887217976152897,0.15531927347183228,0.00963439978659153
50x50 largo,3421,4378880.0,0.19079101085662842,0.1875,,,3.0,1.0,2.932812452316284,0.9710749387741089,0.3583984375,0.4789547324180603,0.0010740160942077637,0.19587737321853638,0.007703430950641632
50x50 largo,3422,4380160.0,0.1969052404165268,0.1875,,,3.0,3.0,2.914843797683716,0.9711499214172363,0.3548828065395355,0.46192657947540283,0.0060152821242809296,0.16675405204296112,0.014577170833945274
50x50 largo,3423,4381440.0,0.06879350543022156,0.0625,,,1.0,2.0,2.9195313453674316,0.9712499380111694,0.3941406309604645,0.44860124588012695,0.0015246439725160599,0.22944217920303345,0.0031914832070469856
50x50 largo,3424,4382720.0,0.1344972401857376,0.125,,,2.0,3.0,2.9195313453674316,0.9715499877929688,0.39628908038139343,0.45333677530288696,0.0026088436134159565,0.14586231112480164,0.0036111962981522083
50x50 largo,3425,4384000.0,0.13133400678634644,0.125,,,2.0,2.0,2.984375,0.9717749357223511,0.416015625,0.45152705907821655,0.0013782917521893978,0.2027559131383896,0.006306350231170654
50x50 largo,3426,4385280.0,0.0688563734292984,0.0625,,,1.0,2.0,3.0843751430511475,0.9722249507904053,0.4087890684604645,0.46615925431251526,0.003069309750571847,0.12885335087776184,0.003376356791704893
50x50 largo,3427,4386560.0,0.13125474750995636,0.125,,,2.0,2.0,3.1171875,0.9722499847412109,0.4087890684604645,0.4811813235282898,0.0005032425979152322,0.1312340497970581,0.006363928318023682
50x50 largo,3428,4387840.0,0.2563013732433319,0.25,,,4.0,2.0,3.046875,0.9723749160766602,0.4033203125,0.46069228649139404,0.004410795867443085,0.2232237011194229,0.011218531988561153
50x50 largo,3429,4389120.0,0.006289125420153141,0.0,,,0.0,2.0,2.995312452316284,0.9724749326705933,0.38203126192092896,0.45854923129081726,0.001232018694281578,0.1582060158252716,9.57945958361961e-05
50x50 largo,3430,4390400.0,0.2531302571296692,0.25,,,4.0,1.0,2.965625047683716,0.9724999666213989,0.38007813692092896,0.46789056062698364,0.00105879211332649,0.1871822476387024,0.012220448814332485
50x50 largo,3431,4391680.0,0.19062499701976776,0.1875,,,3.0,1.0,2.832812547683716,0.9724999666213989,0.3794921934604645,0.44177594780921936,0.001843589823693037,0.1575952172279358,0.0096132205799222
50x50 largo,3432,4392960.0,0.25650137662887573,0.25,,,4.0,2.0,2.671875,0.9732749462127686,0.36796876788139343,0.42978179454803467,0.000957203097641468,0.15102137625217438,0.011483024805784225
50x50 largo,3433,4394240.0,0.19690337777137756,0.1875,,,3.0,3.0,2.6539063453674316,0.973349928855896,0.36835938692092896,0.4500011205673218,0.0019131143344566226,0.22195297479629517,0.009300852194428444
50x50 largo,3434,4395520.0,0.13439974188804626,0.125,,,2.0,3.0,2.6390626430511475,0.9734249711036682,0.3853515684604645,0.43492308259010315,0.004605328664183617,0.14375488460063934,0.006868202704936266
50x50 largo,3435,4396800.0,0.06875962018966675,0.0625,,,1.0,2.0,2.7523438930511475,0.9734499454498291,0.36015626788139343,0.4354633688926697,0.001744725275784731,0.17096340656280518,0.00327585032209754
50x50 largo,3436,4398080.0,0.06901824474334717,0.0625,,,1.0,2.0,2.7796876430511475,0.9743750095367432,0.34687501192092896,0.4203943610191345,0.0034278929233551025,0.1583881825208664,0.0032569109462201595
50x50 largo,3437,4399360.0,0.0031400001607835293,0.0,,,0.0,1.0,2.860156297683716,0.9744499921798706,0.3359375,0.44164830446243286,0.001518921577371657,0.1734466254711151,9.698436770122498e-05
50x50 largo,3438,4400640.0,0.3838111162185669,0.0,,,0.0,9.0,1.544531226158142,0.029374998062849045,0.4156250059604645,0.48206526041030884,0.004629380535334349,0.16899827122688293,0.01019434817135334
50x50 largo,3439,4401920.0,1.1255009174346924,0.0,,,0.0,23.0,1.2390625476837158,0.12080000340938568,0.439453125,0.46843916177749634,0.0037198876962065697,0.30509260296821594,0.003214094787836075
50x50 largo,3440,4403200.0,1.010873556137085,0.0625,,,1.0,10.0,2.292187452316284,0.2089499831199646,0.47285157442092896,0.4662126302719116,0.002845184179022908,0.32269763946533203,0.005864259786903858
50x50 largo,3441,4404480.0,0.9251993894577026,0.0625,,,1.0,10.0,2.825000047683716,0.29899999499320984,0.5009765625,0.45407259464263916,0.0014250478707253933,0.31677180528640747,0.0046474747359752655
50x50 largo,3442,4405760.0,0.8646323680877686,0.125,,,2.0,7.0,3.328125,0.3870999813079834,0.5078125,0.4484134018421173,0.0036505679599940777,0.2548730969429016,0.015070633962750435
50x50 largo,3443,4407040.0,0.6228020191192627,0.0,,,0.0,5.0,3.5835938453674316,0.4731749892234802,0.509765625,0.4624974727630615,0.0012210558634251356,0.18990695476531982,0.0006219334318302572
50x50 largo,3444,4408320.0,0.454359233379364,0.0,,,0.0,1.0,3.78515625,0.549299955368042,0.48320314288139343,0.47575435042381287,0.003207096830010414,0.18125490844249725,0.0003388291224837303
50x50 largo,3445,4409600.0,0.3302672505378723,0.0,,,0.0,1.0,3.871875047683716,0.6131999492645264,0.4642578065395355,0.48868438601493835,0.004115702118724585,0.1829209327697754,0.00039254550938494503
50x50 largo,3446,4410880.0,0.4111340045928955,0.1875,,,3.0,0.0,3.77734375,0.6610249280929565,0.4175781309604645,0.48450741171836853,0.005060991272330284,0.253780722618103,0.009473839774727821
50x50 largo,3447,4412160.0,0.47914063930511475,0.3125,,,5.0,4.0,3.60546875,0.6983749866485596,0.4154296815395355,0.4829678237438202,0.0034126939717680216,0.1845916509628296,0.014023151248693466
50x50 largo,3448,4413440.0,0.3426067531108856,0.25,,,4.0,4.0,3.6578125953674316,0.7209750413894653,0.38847658038139343,0.4786859154701233,0.0023591844365000725,0.1981775164604187,0.019060369580984116
50x50 largo,3449,4414720.0,0.24887460470199585,0.1875,,,3.0,1.0,3.6031250953674316,0.7392999529838562,0.38886719942092896,0.46968111395835876,0.0015369018074125051,0.16875265538692474,0.016176927834749222
50x50 largo,3450,4416000.0,0.048729002475738525,0.0,,,0.0,3.0,3.667187452316284,0.7527250051498413,0.3935546875,0.4777657985687256,0.0011938922107219696,0.18651142716407776,0.00043646845733746886
50x50 largo,3451,4417280.0,0.11403163522481918,0.0625,,,1.0,2.0,3.72265625,0.7689499855041504,0.3921875059604645,0.47211337089538574,0.004937021527439356,0.1548992097377777,0.0033842758275568485
50x50 largo,3452,4418560.0,0.16696561872959137,0.125,,,2.0,2.0,3.7289063930511475,0.7837249636650085,0.3707031309604645,0.4441743493080139,0.004297235514968634,0.15913155674934387,0.006352239288389683
50x50 largo,3453,4419840.0,0.2938741445541382,0.25,,,4.0,3.0,3.754687547683716,0.7963999509811401,0.3603515625,0.43748965859413147,0.002880766522139311,0.1445077508687973,0.01216359343379736
50x50 largo,3454,4421120.0,0.15148624777793884,0.125,,,2.0,3.0,3.710156202316284,0.8032749891281128,0.35078126192092896,0.4442587196826935,0.0012353169731795788,0.17355692386627197,0.006904837675392628
50x50 largo,3455,4422400.0,0.22366425395011902,0.1875,,,3.0,4.0,3.8062500953674316,0.814175009727478,0.3746093809604645,0.42518895864486694,0.0009813809301704168,0.13468797504901886,0.010702156461775303
50x50 largo,3456,4423680.0,0.2749876379966736,0.25,,,4.0,2.0,3.671875,0.8234750032424927,0.35566407442092896,0.39989709854125977,0.002269771648570895,0.14607344567775726,0.009581308811903
50x50 largo,3457,4424960.0,0.03101387619972229,0.0,,,0.0,2.0,3.698437452316284,0.8332749605178833,0.3505859375,0.4065896272659302,0.0014795802999287844,0.19229230284690857,0.0003113425918854773
50x50 largo,3458,4426240.0,0.08617286384105682,0.0625,,,1.0,1.0,3.7789063453674316,0.8417749404907227,0.3765625059604645,0.41945675015449524,0.0010092484299093485,0.2011927217245102,0.0033394398633390665
50x50 largo,3459,4427520.0,0.269686758518219,0.25,,,4.0,1.0,3.6929688453674316,0.8481500148773193,0.3900390565395355,0.4255331754684448,0.0007875260198488832,0.17232519388198853,0.01854783296585083
50x50 largo,3460,4428800.0,0.08516474813222885,0.0625,,,1.0,2.0,3.703906297683716,0.8548749685287476,0.4017578065395355,0.4230215847492218,0.0017770694103091955,0.1291337013244629,0.003382924245670438
50x50 largo,3461,4430080.0,0.2106541097164154,0.1875,,,3.0,3.0,3.7398438453674316,0.8604749441146851,0.3759765625,0.3984357416629791,0.0015542341861873865,0.17798137664794922,0.009313451126217842
50x50 largo,3462,4431360.0,0.14261063933372498,0.125,,,2.0,1.0,3.6265625953674316,0.8668500185012817,0.35625001788139343,0.40524137020111084,0.0005709531251341105,0.14647340774536133,0.005534247495234013
50x50 largo,3463,4432640.0,0.14221899211406708,0.125,,,2.0,2.0,3.660937547683716,0.8720749616622925,0.3349609375,0.40810197591781616,0.0027186288498342037,0.09855388104915619,0.01056506298482418
50x50 largo,3464,4433920.0,0.07946675270795822,0.0625,,,1.0,2.0,3.639843702316284,0.8781999349594116,0.33710938692092896,0.38251161575317383,0.0007578030927106738,0.1587677150964737,0.0033859838731586933
50x50 largo,3465,4435200.0,0.26086124777793884,0.25,,,4.0,1.0,3.616406202316284,0.8826749324798584,0.3316406309604645,0.37581709027290344,0.002394631505012512,0.1376577466726303,0.01233692467212677
50x50 largo,3466,4436480.0,0.12909173965454102,0.125,,,2.0,0.0,3.434375047683716,0.8857749700546265,0.3335937559604645,0.39603352546691895,0.005859565455466509,0.2094959318637848,0.005961524322628975
50x50 largo,3467,4437760.0,0.3291192650794983,0.3125,,,5.0,4.0,3.4351563453674316,0.8880249261856079,0.34003907442092896,0.4121054410934448,0.0014945927541702986,0.130149245262146,0.020684290677309036
50x50 largo,3468,4439040.0,0.13387377560138702,0.125,,,2.0,1.0,3.3101563453674316,0.8914249539375305,0.3619140684604645,0.41785329580307007,0.0005492062773555517,0.16846224665641785,0.010530944913625717
50x50 largo,3469,4440320.0,0.0765329971909523,0.0625,,,1.0,3.0,3.3687500953674316,0.8944250345230103,0.3451171815395355,0.4181966185569763,0.001030869665555656,0.1382957249879837,0.0032178820110857487
50x50 largo,3470,4441600.0,0.07761674374341965,0.0625,,,1.0,4.0,3.4507813453674316,0.8972749710083008,0.35039064288139343,0.39603596925735474,0.0011643131729215384,0.10581384599208832,0.002763505093753338
50x50 largo,3471,4442880.0,0.13565564155578613,0.125,,,2.0,3.0,3.5445313453674316,0.8988749980926514,0.3525390625,0.4481404423713684,0.0022668344900012016,0.17746368050575256,0.005140751600265503
50x50 largo,3472,4444160.0,0.12997937202453613,0.125,,,2.0,1.0,3.5718750953674316,0.9006999731063843,0.37812501192092896,0.41876694560050964,0.0010520018404349685,0.1714247465133667,0.006363240536302328
50x50 largo,3473,4445440.0,0.3209114670753479,0.3125,,,5.0,2.0,3.457812547683716,0.9027500152587891,0.38554689288139343,0.44175803661346436,0.0035241427831351757,0.15141412615776062,0.021099597215652466
50x50 largo,3474,4446720.0,0.4445039629936218,0.4375,,,7.0,2.0,3.23046875,0.9032999277114868,0.3980468809604645,0.4148004353046417,0.002820802852511406,0.17087727785110474,0.02620178833603859
50x50 largo,3475,4448000.0,0.1397714912891388,0.125,,,2.0,3.0,3.102343797683716,0.9057999849319458,0.39531251788139343,0.4112744927406311,0.0021207365207374096,0.11607542634010315,0.0065132202580571175
50x50 largo,3476,4449280.0,0.07684361934661865,0.0625,,,1.0,4.0,3.223437547683716,0.9072999954223633,0.39863282442092896,0.4331515431404114,0.0016270049382001162,0.16241219639778137,0.003361211623996496
50x50 largo,3477,4450560.0,0.07568387687206268,0.0625,,,1.0,2.0,3.3648438453674316,0.9112249612808228,0.4449218809604645,0.40966442227363586,0.0011658855946734548,0.17555926740169525,0.003345679957419634
50x50 largo,3478,4451840.0,0.1483995020389557,0.125,,,2.0,5.0,3.4585938453674316,0.9143249988555908,0.4189453125,0.44392430782318115,0.004421623889356852,0.13678410649299622,0.007030182518064976
50x50 largo,3479,4453120.0,0.20332099497318268,0.1875,,,3.0,3.0,3.53515625,0.9172999858856201,0.4375,0.42090797424316406,0.0017308304086327553,0.16737298667430878,0.009322185069322586
50x50 largo,3480,4454400.0,0.19744548201560974,0.1875,,,3.0,2.0,3.522656202316284,0.9194249510765076,0.43671876192092896,0.43524369597435,0.0015111623797565699,0.17815789580345154,0.009193305857479572
50x50 largo,3481,4455680.0,0.32560038566589355,0.3125,,,5.0,3.0,3.4945313930511475,0.9221499562263489,0.42949220538139343,0.4174986779689789,0.0014271808322519064,0.17202633619308472,0.014504194259643555
50x50 largo,3482,4456960.0,0.0723278671503067,0.0625,,,1.0,3.0,3.41796875,0.9228499531745911,0.4013671875,0.4204481244087219,0.0023545154836028814,0.11751484870910645,0.003530118614435196
50x50 largo,3483,4458240.0,0.12663061916828156,0.125,,,2.0,0.0,3.41796875,0.9243749380111694,0.3857421875,0.407087504863739,0.0021164575591683388,0.156088188290596,0.005942986346781254
50x50 largo,3484,4459520.0,0.3193221092224121,0.3125,,,5.0,1.0,3.225781202316284,0.9261999726295471,0.39277344942092896,0.4110037684440613,0.0015374177601188421,0.1275317221879959,0.015058137476444244
50x50 largo,3485,4460800.0,0.06950025260448456,0.0625,,,1.0,1.0,3.1070313453674316,0.9286749362945557,0.38164064288139343,0.40896326303482056,0.0037148832343518734,0.13206569850444794,0.002778866793960333
50x50 largo,3486,4462080.0,0.010331375524401665,0.0,,,0.0,3.0,3.2289063930511475,0.9296000003814697,0.4124999940395355,0.4122384786605835,0.0014589871279895306,0.20703302323818207,0.00014788009866606444
50x50 largo,3487,4463360.0,0.007503125350922346,0.0,,,0.0,2.0,3.35546875,0.9309499263763428,0.4115234315395355,0.4185855984687805,0.0029421260114759207,0.16319027543067932,0.00012594403233379126
50x50 largo,3488,4464640.0,0.25473588705062866,0.25,,,4.0,1.0,3.3515625,0.9327749609947205,0.4320312440395355,0.4008023142814636,0.0018880954012274742,0.1825512945652008,0.010787613689899445
50x50 largo,3489,4465920.0,0.13506987690925598,0.125,,,2.0,3.0,3.289843797683716,0.9336499571800232,0.4068359434604645,0.41981634497642517,0.0012758398661389947,0.11649679392576218,0.005392512306571007
50x50 largo,3490,4467200.0,0.18870976567268372,0.1875,,,3.0,0.0,3.1890625953674316,0.9352499842643738,0.41015625,0.4024362564086914,0.002322996035218239,0.144336998462677,0.009066106751561165
50x50 largo,3491,4468480.0,0.13191063702106476,0.125,,,2.0,2.0,3.085156202316284,0.9359999895095825,0.4228515625,0.41073936223983765,0.0011599381687119603,0.13111521303653717,0.0025616781786084175
50x50 largo,3492,4469760.0,0.25070351362228394,0.25,,,4.0,0.0,2.981250047683716,0.9368000030517578,0.40546876192092896,0.38681918382644653,0.0030071549117565155,0.13775895535945892,0.009744776412844658
50x50 largo,3493,4471040.0,0.012724874541163445,0.0,,,0.0,4.0,2.9546875953674316,0.9370749592781067,0.40410158038139343,0.42158013582229614,0.002537110820412636,0.19040915369987488,0.00011575561802601442
50x50 largo,3494,4472320.0,0.19707712531089783,0.1875,,,3.0,3.0,3.0796875953674316,0.9372999668121338,0.4281249940395355,0.38988441228866577,0.0022138655185699463,0.1466568410396576,0.008761104196310043
50x50 largo,3495,4473600.0,0.06257450580596924,0.0625,,,1.0,0.0,3.104687452316284,0.9373999834060669,0.4046874940395355,0.41164183616638184,0.0008019005181267858,0.1581457257270813,0.003299664705991745
50x50 largo,3496,4474880.0,0.12848350405693054,0.125,,,2.0,1.0,3.046875,0.9378499984741211,0.3998046815395355,0.41518741846084595,0.002031867392361164,0.16388040781021118,0.0064612640999257565
50x50 largo,3497,4476160.0,0.009411625564098358,0.0,,,0.0,3.0,3.0843751430511475,0.9378999471664429,0.41132813692092896,0.426271915435791,0.0012227895203977823,0.14690931141376495,7.456800085492432e-05
50x50 largo,3498,4477440.0,0.07193874567747116,0.0625,,,1.0,3.0,3.23046875,0.937999963760376,0.3998046815395355,0.430050253868103,0.003556865267455578,0.1794508695602417,0.0032575209625065327
50x50 largo,3499,4478720.0,0.13130924105644226,0.125,,,2.0,2.0,3.350781202316284,0.9380749464035034,0.3958984315395355,0.44752562046051025,0.002895914250984788,0.19229349493980408,0.011481564491987228
50x50 largo,3500,4480000.0,0.3160213828086853,0.3125,,,5.0,1.0,3.19140625,0.9383249878883362,0.40937501192092896,0.46047651767730713,0.001936061424203217,0.20015674829483032,0.017210569232702255
50x50 largo,3501,4481280.0,0.1272566169500351,0.125,,,2.0,0.0,3.004687547683716,0.9396499395370483,0.40351563692092896,0.4451947510242462,0.0041001541540026665,0.1186840832233429,0.006347788497805595
50x50 largo,3502,4482560.0,0.06292887032032013,0.0625,,,1.0,0.0,2.92578125,0.939924955368042,0.3988281190395355,0.46470576524734497,0.004715557210147381,0.15062527358531952,0.0033400559332221746
50x50 largo,3503,4483840.0,0.0034392501693218946,0.0,,,0.0,1.0,2.889843702316284,0.9402499794960022,0.3882812559604645,0.4522406756877899,0.0027006221935153008,0.19809366762638092,8.834616892272606e-05
50x50 largo,3504,4485120.0,0.06337525695562363,0.0625,,,1.0,0.0,2.90234375,0.9411749839782715,0.3939453065395355,0.4547308683395386,0.002919926540926099,0.216286763548851,0.0032701129093766212
50x50 largo,3505,4486400.0,0.12886449694633484,0.125,,,2.0,1.0,2.832812547683716,0.9420999884605408,0.3974609375,0.4471551179885864,0.002494076732546091,0.14259372651576996,0.004052062518894672
50x50 largo,3506,4487680.0,0.08129937946796417,0.0625,,,1.0,6.0,3.0234375,0.9421999454498291,0.3988281190395355,0.4514106214046478,0.007931709289550781,0.12616342306137085,0.0033348375000059605
50x50 largo,3507,4488960.0,0.06580749899148941,0.0625,,,1.0,1.0,3.12109375,0.9424499869346619,0.365234375,0.4681217074394226,0.001845730235800147,0.16227522492408752,0.003273924347013235
50x50 largo,3508,4490240.0,0.1894696056842804,0.1875,,,3.0,0.0,3.035937547683716,0.9440000057220459,0.3851562440395355,0.447278767824173,0.00043136574095115066,0.15891429781913757,0.009453071281313896
50x50 largo,3509,4491520.0,0.2533838748931885,0.25,,,4.0,1.0,2.8062500953674316,0.9443249702453613,0.38261720538139343,0.43700265884399414,0.002783032599836588,0.183811217546463,0.01449679210782051
50x50 largo,3510,4492800.0,0.06967775523662567,0.0625,,,1.0,2.0,2.7328126430511475,0.945449948310852,0.3968749940395355,0.45770061016082764,0.0008834541658870876,0.14179061353206635,0.002968908054754138
50x50 largo,3511,4494080.0,0.13133512437343597,0.125,,,2.0,2.0,2.8453125953674316,0.9455749988555908,0.3958984315395355,0.42637935280799866,0.0018129716627299786,0.1580425500869751,0.008469213731586933
50x50 largo,3512,4495360.0,0.0002760001225396991,0.0,,,0.0,0.0,2.8125,0.9460249543190002,0.38945314288139343,0.45420971512794495,0.002046931069344282,0.17053638398647308,6.869467324577272e-05
50x50 largo,3513,4496640.0,0.19705548882484436,0.1875,,,3.0,3.0,2.79296875,0.9463499784469604,0.3929687440395355,0.4578864574432373,0.0018664724193513393,0.18925458192825317,0.009829751215875149
50x50 largo,3514,4497920.0,0.06571725010871887,0.0625,,,1.0,1.0,2.8062500953674316,0.9464499950408936,0.3921875059604645,0.4549216032028198,0.0022110112477093935,0.15097902715206146,0.003280326258391142
50x50 largo,3515,4499200.0,0.13161887228488922,0.125,,,2.0,2.0,2.797656297683716,0.9473249316215515,0.3968749940395355,0.45747119188308716,0.0038200058043003082,0.14880651235580444,0.006342221982777119
50x50 largo,3516,4500480.0,0.38895663619041443,0.125,,,2.0,11.0,1.899999976158142,0.018975000828504562,0.4574218690395355,0.46163448691368103,0.002001883927732706,0.1821049004793167,0.008069255389273167
50x50 largo,3517,4501760.0,1.067542314529419,0.0,,,0.0,18.0,1.1710938215255737,0.10547499358654022,0.4769531190395355,0.4702061414718628,0.004864764865487814,0.36030301451683044,0.0036870050244033337
50x50 largo,3518,4503040.0,0.9584013819694519,0.0,,,0.0,11.0,1.932031273841858,0.19280000030994415,0.4755859375,0.45847010612487793,0.0010390301467850804,0.3381243348121643,0.0028508752584457397
50x50 largo,3519,4504320.0,0.8263344764709473,0.0,,,0.0,9.0,2.65234375,0.2766000032424927,0.49433594942092896,0.43879613280296326,0.0009426876786164939,0.3519881069660187,0.0018231567228212953
50x50 largo,3520,4505600.0,0.743433952331543,0.0625,,,1.0,8.0,3.2554688453674316,0.35387498140335083,0.5005859732627869,0.44964152574539185,0.0032210731878876686,0.26989468932151794,0.0035379398614168167
50x50 largo,3521,4506880.0,0.737147867679596,0.125,,,2.0,5.0,3.50390625,0.43437498807907104,0.5044922232627869,0.45302286744117737,0.00322360941208899,0.24691204726696014,0.007529922761023045
50x50 largo,3522,4508160.0,0.6357688903808594,0.125,,,2.0,1.0,3.495312452316284,0.5147750377655029,0.4857421815395355,0.4664163291454315,0.0015628732508048415,0.20186877250671387,0.006640616804361343
50x50 largo,3523,4509440.0,0.49465787410736084,0.125,,,2.0,0.0,3.3960938453674316,0.5816999673843384,0.4775390625,0.46244484186172485,0.003174487268552184,0.17328496277332306,0.006875832099467516
50x50 largo,3524,4510720.0,0.5439378023147583,0.25,,,4.0,4.0,3.2992188930511475,0.6387999653816223,0.4755859375,0.46122145652770996,0.0012458916753530502,0.20293112099170685,0.010256258770823479
50x50 largo,3525,4512000.0,0.5480742454528809,0.3125,,,5.0,7.0,3.4281251430511475,0.68892502784729,0.466796875,0.4506860375404358,0.0020297355949878693,0.17407511174678802,0.020461220294237137
50x50 largo,3526,4513280.0,0.6411591172218323,0.5,,,8.0,3.0,3.30078125,0.7237749695777893,0.43085938692092896,0.4580003619194031,0.003072284162044525,0.19723975658416748,0.023828871548175812
50x50 largo,3527,4514560.0,0.17680475115776062,0.0625,,,1.0,2.0,3.168750047683716,0.7542250156402588,0.400390625,0.45506882667541504,0.004288923926651478,0.22099316120147705,0.0025084924418479204
50x50 largo,3528,4515840.0,0.13972626626491547,0.0625,,,1.0,3.0,3.2640626430511475,0.7758499383926392,0.3765625059604645,0.4776499569416046,0.001745104673318565,0.20397250354290009,0.0030286647379398346
50x50 largo,3529,4517120.0,0.11600389331579208,0.0625,,,1.0,3.0,3.3382813930511475,0.7908999919891357,0.3726562559604645,0.4982321560382843,0.001918155699968338,0.20431049168109894,0.0016196471406146884
50x50 largo,3530,4518400.0,0.21729974448680878,0.1875,,,3.0,2.0,3.418750047683716,0.8011000156402588,0.3603515625,0.5089708566665649,0.002357445191591978,0.13105997443199158,0.00934897642582655
50x50 largo,3531,4519680.0,0.4146927297115326,0.375,,,6.0,5.0,3.3851563930511475,0.8121500015258789,0.3583984375,0.5090754628181458,0.002216002903878689,0.2397691011428833,0.017069678753614426
50x50 largo,3532,4520960.0,0.0935208797454834,0.0625,,,1.0,2.0,3.3359375,0.8241750001907349,0.3755859434604645,0.4993770122528076,0.002684639301151037,0.20141278207302094,0.0036030204501003027
50x50 largo,3533,4522240.0,0.14609487354755402,0.125,,,2.0,1.0,3.3734376430511475,0.8337000012397766,0.3900390565395355,0.4927063286304474,0.001862058532424271,0.15081894397735596,0.0065175858326256275
50x50 largo,3534,4523520.0,0.020278751850128174,0.0,,,0.0,3.0,3.3851563930511475,0.8399249911308289,0.3714843690395355,0.5085510015487671,0.003346753306686878,0.1911432147026062,0.0003325571306049824
50x50 largo,3535,4524800.0,0.388325035572052,0.375,,,6.0,1.0,3.296093702316284,0.8459500074386597,0.36796876788139343,0.5099400281906128,0.002853920217603445,0.14559051394462585,0.01737573929131031
50x50 largo,3536,4526080.0,0.14343436062335968,0.125,,,2.0,3.0,3.2046875953674316,0.8515999913215637,0.37519532442092896,0.4804166853427887,0.003175590420141816,0.15037021040916443,0.0032746572978794575
50x50 largo,3537,4527360.0,0.147370383143425,0.125,,,2.0,3.0,3.2328126430511475,0.8599499464035034,0.3785156309604645,0.49100399017333984,0.004107256419956684,0.18750910460948944,0.006443667225539684
50x50 largo,3538,4528640.0,0.07609700411558151,0.0625,,,1.0,3.0,3.436718702316284,0.8625999689102173,0.3822265565395355,0.49786025285720825,0.0010334588587284088,0.15207713842391968,0.0033094838727265596
50x50 largo,3539,4529920.0,0.264761745929718,0.25,,,4.0,3.0,3.4390625953674316,0.8662749528884888,0.38007813692092896,0.4921770691871643,0.0021848627366125584,0.1805463433265686,0.015408557839691639
50x50 largo,3540,4531200.0,0.3274437487125397,0.3125,,,5.0,3.0,3.301562547683716,0.8702750205993652,0.4097656309604645,0.4880319833755493,0.002669584471732378,0.22011515498161316,0.02040192112326622
50x50 largo,3541,4532480.0,0.19267988204956055,0.1875,,,3.0,0.0,3.2015626430511475,0.8747999668121338,0.41972658038139343,0.4647276997566223,0.0019384771585464478,0.13545648753643036,0.009423188865184784
50x50 largo,3542,4533760.0,0.13801376521587372,0.125,,,2.0,2.0,3.028125047683716,0.8798249959945679,0.41523438692092896,0.48257288336753845,0.0014945322182029486,0.14320221543312073,0.0062874192371964455
50x50 largo,3543,4535040.0,0.3283805251121521,0.3125,,,5.0,4.0,3.0679688453674316,0.8824999928474426,0.4017578065395355,0.49282559752464294,0.002884324872866273,0.20009107887744904,0.0141246747225523
50x50 largo,3544,4536320.0,0.07225175201892853,0.0625,,,1.0,2.0,3.077343702316284,0.8852249383926392,0.3939453065395355,0.49503904581069946,0.005473380442708731,0.22399985790252686,0.0032814964652061462
50x50 largo,3545,4537600.0,0.06792125105857849,0.0625,,,1.0,1.0,3.0921876430511475,0.887274980545044,0.416015625,0.5194978713989258,0.0036170692183077335,0.1808006465435028,0.0033039685804396868
50x50 largo,3546,4538880.0,0.2012498676776886,0.1875,,,3.0,3.0,3.067187547683716,0.8907749652862549,0.42109376192092896,0.5155742168426514,0.0019125844119116664,0.16122935712337494,0.010243484750390053
50x50 largo,3547,4540160.0,0.07092662900686264,0.0625,,,1.0,2.0,3.147656202316284,0.8925749659538269,0.4175781309604645,0.5173568725585938,0.0014479003148153424,0.13727286458015442,0.002691348548978567
50x50 largo,3548,4541440.0,0.133262500166893,0.125,,,2.0,2.0,3.184375047683716,0.8943499326705933,0.4058593809604645,0.48145538568496704,0.003851269604638219,0.14703670144081116,0.005923724267631769
50x50 largo,3549,4542720.0,0.12647698819637299,0.125,,,2.0,0.0,3.0804688930511475,0.8955749869346619,0.3921875059604645,0.520648717880249,0.003791677299886942,0.23894542455673218,0.0059010423719882965
50x50 largo,3550,4544000.0,0.07382174581289291,0.0625,,,1.0,3.0,3.069531202316284,0.8975750207901001,0.38496094942092896,0.4951818287372589,0.0027722830418497324,0.17925839126110077,0.0028968709520995617
50x50 largo,3551,4545280.0,0.38956648111343384,0.375,,,6.0,4.0,3.043750047683716,0.8994499444961548,0.40312501788139343,0.4699869751930237,0.002586164977401495,0.13206402957439423,0.031713955104351044
50x50 largo,3552,4546560.0,0.19147251546382904,0.1875,,,3.0,1.0,2.90234375,0.9002499580383301,0.3853515684604645,0.4867282509803772,0.0008472645422443748,0.15644997358322144,0.010952338576316833
50x50 largo,3553,4547840.0,0.003747250186279416,0.0,,,0.0,1.0,2.9125001430511475,0.9007749557495117,0.3900390565395355,0.4905061721801758,0.002023536479100585,0.18706586956977844,0.00010634621139615774
50x50 largo,3554,4549120.0,0.12869787216186523,0.125,,,2.0,1.0,2.930468797683716,0.9012999534606934,0.37890625,0.48372894525527954,0.0017271917313337326,0.16878443956375122,0.006076583173125982
50x50 largo,3555,4550400.0,0.07150237262248993,0.0625,,,1.0,2.0,2.9281251430511475,0.9037999510765076,0.388671875,0.48913541436195374,0.0037357117980718613,0.12154082208871841,0.0025280192494392395
50x50 largo,3556,4551680.0,0.13352587819099426,0.125,,,2.0,2.0,2.932812452316284,0.9059749841690063,0.4076171815395355,0.4892643094062805,0.0015534560661762953,0.12635284662246704,0.004983331076800823
50x50 largo,3557,4552960.0,0.009798500686883926,0.0,,,0.0,3.0,3.0140626430511475,0.9063500165939331,0.4076171815395355,0.5172159075737,0.0033143586479127407,0.1918703317642212,7.628503954038024e-05
50x50 largo,3558,4554240.0,0.18844012916088104,0.1875,,,3.0,0.0,2.996875047683716,0.9072999954223633,0.3818359375,0.5029106140136719,0.0023744830396026373,0.18373551964759827,0.008029842749238014
50x50 largo,3559,4555520.0,0.07321687787771225,0.0625,,,1.0,3.0,2.9898438453674316,0.908674955368042,0.3921875059604645,0.5345515012741089,0.0030706129036843777,0.1468351185321808,0.0033312279265373945
50x50 largo,3560,4556800.0,0.0006628752453252673,0.0,,,0.0,0.0,3.0625,0.9093749523162842,0.4072265625,0.5151592493057251,0.005879050120711327,0.2553732693195343,5.171891825739294e-05
50x50 largo,3561,4558080.0,0.06891962140798569,0.0625,,,1.0,2.0,3.071093797683716,0.9096249938011169,0.3980468809604645,0.6023656129837036,0.003299127332866192,0.17553821206092834,0.0008032851619645953
50x50 largo,3562,4559360.0,0.1938987523317337,0.1875,,,3.0,2.0,3.0625,0.9097999930381775,0.3941406309604645,0.6015169024467468,0.0032796738669276237,0.16387033462524414,0.013985961675643921
50x50 largo,3563,4560640.0,0.006520750466734171,0.0,,,0.0,2.0,3.1507813930511475,0.9100499749183655,0.39433595538139343,0.5978652238845825,0.0015144755598157644,0.2170414924621582,8.578873530495912e-05
50x50 largo,3564,4561920.0,0.1315392404794693,0.125,,,2.0,2.0,3.219531297683716,0.9104249477386475,0.3916015625,0.6395742297172546,0.0035608424805104733,0.2065819799900055,0.008206767961382866
50x50 largo,3565,4563200.0,0.06927686929702759,0.0625,,,1.0,2.0,3.2515625953674316,0.9109499454498291,0.4058593809604645,0.6442427635192871,0.005139132495969534,0.19602055847644806,0.0028094137087464333
50x50 largo,3566,4564480.0,0.1910499930381775,0.1875,,,3.0,1.0,3.125781297683716,0.9113999605178833,0.4195312559604645,0.6783052086830139,0.0038503429386764765,0.19573672115802765,0.007149910554289818
50x50 largo,3567,4565760.0,0.12502087652683258,0.125,,,2.0,0.0,3.046875,0.9114500284194946,0.4322265684604645,0.6295076012611389,0.002304075751453638,0.1409284621477127,0.004525608383119106
50x50 largo,3568,4567040.0,0.06263849884271622,0.0625,,,1.0,0.0,2.999218702316284,0.9116499423980713,0.4046874940395355,0.5950018763542175,0.0028549660928547382,0.19962075352668762,0.003343279007822275
50x50 largo,3569,4568320.0,0.07834313064813614,0.0625,,,1.0,5.0,3.06640625,0.911899983882904,0.4052734375,0.601448118686676,0.002332031261175871,0.26811274886131287,0.0026122317649424076
50x50 largo,3570,4569600.0,0.0005606251652352512,0.0,,,0.0,0.0,3.1875,0.9124499559402466,0.42949220538139343,0.6301610469818115,0.0014421800151467323,0.2107037901878357,4.705804894911125e-05
50x50 largo,3571,4570880.0,0.003327124984934926,0.0,,,0.0,1.0,3.2242188453674316,0.9126749634742737,0.43730470538139343,0.6381952166557312,0.002845080103725195,0.1965492069721222,4.0286595321958885e-05
50x50 largo,3572,4572160.0,0.06584062427282333,0.0625,,,1.0,1.0,3.219531297683716,0.9129249453544617,0.4283203184604645,0.6073156595230103,0.008467962965369225,0.18735341727733612,0.003179391147568822
50x50 largo,3573,4573440.0,0.0625,0.0625,,,1.0,0.0,3.1929688453674316,0.9129249453544617,0.44453126192092896,0.5827752947807312,0.006290420889854431,0.21754641830921173,0.0020963731221854687
50x50 largo,3574,4574720.0,0.06303512305021286,0.0625,,,1.0,0.0,3.1656250953674316,0.9135749340057373,0.46699219942092896,0.6070576906204224,0.0013126038247719407,0.17532095313072205,0.0031962664797902107
50x50 largo,3575,4576000.0,0.06269700080156326,0.0625,,,1.0,0.0,3.0765626430511475,0.9138249158859253,0.4576171934604645,0.5883126258850098,0.002576329279690981,0.10432258993387222,0.002716262126341462
50x50 largo,3576,4577280.0,0.12879237532615662,0.125,,,2.0,1.0,3.047656297683716,0.9145749807357788,0.45878908038139343,0.595318078994751,0.004759840667247772,0.1400073766708374,0.0064139352180063725
50x50 largo,3577,4578560.0,0.128451868891716,0.125,,,2.0,1.0,3.0054688453674316,0.9149999618530273,0.48066407442092896,0.6214818954467773,0.0027235369198024273,0.20272883772850037,0.006079346407204866
50x50 largo,3578,4579840.0,0.0009768754243850708,0.0,,,0.0,0.0,2.9375,0.9163999557495117,0.4593749940395355,0.6376758217811584,0.0018168971873819828,0.2113431990146637,5.345499812392518e-05
50x50 largo,3579,4581120.0,0.06593237072229385,0.0625,,,1.0,1.0,2.89453125,0.9168000221252441,0.48046875,0.6437959671020508,0.001336066285148263,0.15868023037910461,0.0028475415892899036
50x50 largo,3580,4582400.0,0.07206550240516663,0.0625,,,1.0,3.0,3.0062501430511475,0.9170249700546265,0.4771484434604645,0.6940977573394775,0.0025915459264069796,0.16439971327781677,0.0027789901942014694
50x50 largo,3581,4583680.0,0.00015600005281157792,0.0,,,0.0,0.0,3.0625,0.9172250032424927,0.4625000059604645,0.6830719709396362,0.00265523768030107,0.18470442295074463,1.9388089640415274e-05
50x50 largo,3582,4584960.0,0.13813437521457672,0.125,,,2.0,4.0,3.180468797683716,0.9178749322891235,0.4947265684604645,0.7022573947906494,0.003533977083861828,0.2163679599761963,0.006376123987138271
50x50 largo,3583,4586240.0,0.06638599932193756,0.0625,,,1.0,1.0,3.207812547683716,0.9187999367713928,0.48457032442092896,0.7160793542861938,0.004699665121734142,0.2134549617767334,0.0030558749567717314
50x50 largo,3584,4587520.0,0.003179500112310052,0.0,,,0.0,1.0,3.2109375,0.918874979019165,0.4730468690395355,0.7183114290237427,0.0024324427358806133,0.2608768939971924,2.5051747797988355e-05
50x50 largo,3585,4588800.0,0.06330825388431549,0.0625,,,1.0,0.0,3.2320313453674316,0.9200999736785889,0.50390625,0.7331255674362183,0.004364882595837116,0.18418651819229126,0.0032477094791829586
50x50 largo,3586,4590080.0,0.06299900263547897,0.0625,,,1.0,0.0,3.1625001430511475,0.9208750128746033,0.5162109732627869,0.7524030208587646,0.006528910715132952,0.2635593116283417,0.003028689417988062
50x50 largo,3587,4591360.0,0.003443125169724226,0.0,,,0.0,1.0,3.1734375953674316,0.9213500022888184,0.526171863079071,0.7348853349685669,0.0016349612269550562,0.22725853323936462,4.7803070629015565e-05
50x50 largo,3588,4592640.0,0.06268149614334106,0.0625,,,1.0,0.0,3.153125047683716,0.9215999841690063,0.5341796875,0.7282734513282776,0.0026041048113256693,0.15440864861011505,0.0027025900781154633
50x50 largo,3589,4593920.0,0.18843013048171997,0.1875,,,3.0,0.0,2.989062547683716,0.9227499961853027,0.5279297232627869,0.7290598750114441,0.0015206774696707726,0.24713680148124695,0.005041982047259808
50x50 largo,3590,4595200.0,0.0031250000465661287,0.0,,,0.0,1.0,2.9781250953674316,0.9227499961853027,0.538281261920929,0.7754396200180054,0.001846443279646337,0.3374429941177368,2.854822378139943e-05
50x50 largo,3591,4596480.0,0.00015125003119464964,0.0,,,0.0,0.0,3.0,0.9229499697685242,0.5345703363418579,0.7494069337844849,0.0035199737176299095,0.28374984860420227,1.4135373930912465e-05
50x50 largo,3592,4597760.0,0.009393125772476196,0.0,,,0.0,3.0,3.096874952316284,0.9229749441146851,0.5394531488418579,0.7571516036987305,0.00250517250970006,0.27352192997932434,2.777290137601085e-05
50x50 largo,3593,4599040.0,0.0033470001071691513,0.0,,,0.0,1.0,3.2132813930511475,0.923224925994873,0.5654296875,0.7613652944564819,0.002016562968492508,0.15642325580120087,1.2393100405461155e-05
50x50 largo,3594,4600320.0,0.12333723902702332,0.0,,,0.0,0.0,2.4375,0.010324999690055847,0.5589843988418579,0.7253017425537109,0.0050960080698132515,0.14261388778686523,0.0006034857360646129
50x50 largo,3595,4601600.0,0.9228856563568115,0.0,,,0.0,24.0,0.8101562857627869,0.08159999549388885,0.48359376192092896,0.5332463979721069,0.0008289116667583585,0.2962636947631836,0.0033335243351757526
50x50 largo,3596,4602880.0,0.934235155582428,0.0,,,0.0,18.0,1.966406226158142,0.16212499141693115,0.4781250059604645,0.4969281554222107,0.0005384664982557297,0.3260222375392914,0.0031869602389633656
50x50 largo,3597,4604160.0,0.8159949779510498,0.0,,,0.0,7.0,2.8539063930511475,0.24302498996257782,0.49921876192092896,0.46389341354370117,0.0036635189317166805,0.3237219452857971,0.0025548646226525307
50x50 largo,3598,4605440.0,0.5604082345962524,0.0,,,0.0,1.0,3.117968797683716,0.30640000104904175,0.537109375,0.574195921421051,0.006775193847715855,0.29099294543266296,0.0008425518171861768
50x50 largo,3599,4606720.0,0.5054543614387512,0.0625,,,1.0,4.0,3.1898438930511475,0.36217498779296875,0.5166015625,0.6130148768424988,0.005858081392943859,0.23603437840938568,0.0033424701541662216
50x50 largo,3600,4608000.0,0.35450688004493713,0.0,,,0.0,3.0,3.3921875953674316,0.4127749800682068,0.5009765625,0.637998640537262,0.004475134890526533,0.23680049180984497,0.0004596746584866196
50x50 largo,3601,4609280.0,0.43528175354003906,0.125,,,2.0,2.0,3.4789063930511475,0.46367496252059937,0.512890636920929,0.6175937652587891,0.004504293203353882,0.154975026845932,0.006511980202049017
50x50 largo,3602,4610560.0,0.19337324798107147,0.0,,,0.0,1.0,3.5250000953674316,0.4982749819755554,0.5093750357627869,0.6388957500457764,0.002796828281134367,0.16171494126319885,0.00031024726922623813
50x50 largo,3603,4611840.0,0.27045589685440063,0.125,,,2.0,0.0,3.5414063930511475,0.524524986743927,0.527539074420929,0.6558990478515625,0.002626195317134261,0.19271081686019897,0.0062487563118338585
50x50 largo,3604,4613120.0,0.2122383713722229,0.0625,,,1.0,2.0,3.4984376430511475,0.5498999953269958,0.513476550579071,0.6515921950340271,0.005211621522903442,0.28495579957962036,0.003276197239756584
50x50 largo,3605,4614400.0,0.25117936730384827,0.125,,,2.0,1.0,3.446093797683716,0.5727750062942505,0.5082031488418579,0.6505493521690369,0.004467298276722431,0.16874566674232483,0.006277977488934994
50x50 largo,3606,4615680.0,0.36403700709342957,0.25,,,4.0,0.0,3.3578126430511475,0.5944249629974365,0.49199220538139343,0.6733342409133911,0.003598927054554224,0.22690631449222565,0.011569160036742687
50x50 largo,3607,4616960.0,0.17032399773597717,0.0625,,,1.0,3.0,3.2632813453674316,0.6141499876976013,0.4892578125,0.6872363090515137,0.006109208799898624,0.2128794938325882,0.0035399338230490685
50x50 largo,3608,4618240.0,0.10230525583028793,0.0,,,0.0,2.0,3.3726563453674316,0.6345749497413635,0.5220703482627869,0.7297967672348022,0.002142947167158127,0.28385525941848755,0.00014529589680023491
50x50 largo,3609,4619520.0,0.21510237455368042,0.125,,,2.0,0.0,3.348437547683716,0.656000018119812,0.5318359732627869,0.698835015296936,0.006761598400771618,0.22721585631370544,0.004815642721951008
50x50 largo,3610,4620800.0,0.09144962579011917,0.0,,,0.0,2.0,3.4273438453674316,0.676224946975708,0.542187511920929,0.7258177995681763,0.005345970392227173,0.2767072319984436,0.00013207763549871743
50x50 largo,3611,4622080.0,0.19064399600028992,0.125,,,2.0,1.0,3.4437501430511475,0.692425012588501,0.5560547113418579,0.7735763788223267,0.005908811464905739,0.2143232822418213,0.00561410840600729
50x50 largo,3612,4623360.0,0.17800313234329224,0.125,,,2.0,1.0,3.354687452316284,0.7058999538421631,0.5005859732627869,0.7315827012062073,0.0024210785049945116,0.20671319961547852,0.006126542575657368
50x50 largo,3613,4624640.0,0.045555002987384796,0.0,,,0.0,0.0,3.3125,0.7199000120162964,0.4839843809604645,0.7087213397026062,0.0030328938737511635,0.24248141050338745,0.00015013192023616284
50x50 largo,3614,4625920.0,0.09721751511096954,0.0625,,,1.0,0.0,3.299999952316284,0.7316250205039978,0.46875,0.7041614055633545,0.004138978663831949,0.19189320504665375,0.0030127912759780884
50x50 largo,3615,4627200.0,0.030954251065850258,0.0,,,0.0,2.0,3.3421876430511475,0.7397249937057495,0.4814453125,0.6905975341796875,0.0037949695251882076,0.31145787239074707,9.068467625183985e-05
50x50 largo,3616,4628480.0,0.03065125085413456,0.0,,,0.0,1.0,3.4281251430511475,0.7489749789237976,0.4632812440395355,0.6814748048782349,0.0009938091970980167,0.22194793820381165,6.730148015776649e-05
50x50 largo,3617,4629760.0,0.23328039050102234,0.1875,,,3.0,0.0,3.335156202316284,0.7632499933242798,0.4615234434604645,0.6585403680801392,0.0070756906643509865,0.22212696075439453,0.00737376743927598
50x50 largo,3618,4631040.0,0.1695542335510254,0.125,,,2.0,3.0,3.2789063453674316,0.7746750116348267,0.45039063692092896,0.6875550746917725,0.0025858324952423573,0.21866217255592346,0.00642169825732708
50x50 largo,3619,4632320.0,0.2114727646112442,0.1875,,,3.0,1.0,3.2015626430511475,0.7824499607086182,0.43085938692092896,0.6320828199386597,0.002850547432899475,0.17064641416072845,0.007406408898532391
50x50 largo,3620,4633600.0,0.14938250184059143,0.125,,,2.0,1.0,3.1304688453674316,0.7911999821662903,0.39765626192092896,0.6294686794281006,0.0022583170793950558,0.21241576969623566,0.005225760862231255
50x50 largo,3621,4634880.0,0.08060351014137268,0.0625,,,1.0,2.0,3.22265625,0.796999990940094,0.40898439288139343,0.6179754137992859,0.0032077194191515446,0.13790565729141235,0.0032553127966821194
50x50 largo,3622,4636160.0,0.0859452411532402,0.0625,,,1.0,2.0,3.1968750953674316,0.8045499920845032,0.41875001788139343,0.6496926546096802,0.004224000498652458,0.1909526288509369,0.0028896320145577192
50x50 largo,3623,4637440.0,0.15218624472618103,0.125,,,2.0,3.0,3.3031251430511475,0.8132749795913696,0.4427734315395355,0.6256103515625,0.006863588932901621,0.19510924816131592,0.004084973130375147
50x50 largo,3624,4638720.0,0.07991162687540054,0.0625,,,1.0,0.0,3.2515625953674316,0.8222999572753906,0.4632812440395355,0.6047857999801636,0.0013500831555575132,0.17487972974777222,0.0009934891713783145
50x50 largo,3625,4640000.0,0.19541364908218384,0.1875,,,3.0,0.0,3.1664063930511475,0.8270749449729919,0.4515624940395355,0.6153519749641418,0.0013317214325070381,0.18231917917728424,0.015372106805443764
50x50 largo,3626,4641280.0,0.13766886293888092,0.125,,,2.0,2.0,3.0328125953674316,0.8309249877929688,0.44843751192092896,0.6360146999359131,0.00529179722070694,0.22522389888763428,0.0052035171538591385
50x50 largo,3627,4642560.0,0.14330348372459412,0.125,,,2.0,3.0,3.0375001430511475,0.8362250328063965,0.4076171815395355,0.6122086048126221,0.005509813316166401,0.2207980751991272,0.0036331547889858484
50x50 largo,3628,4643840.0,0.07527825236320496,0.0625,,,1.0,2.0,3.180468797683716,0.8405250310897827,0.41523438692092896,0.6549662947654724,0.001736495178192854,0.18654212355613708,0.0034536898601800203
50x50 largo,3629,4645120.0,0.1332273781299591,0.125,,,2.0,1.0,3.1390626430511475,0.8441749811172485,0.4134765565395355,0.6266636252403259,0.005233381874859333,0.19565613567829132,0.004953067749738693
50x50 largo,3630,4646400.0,0.0688791275024414,0.0625,,,1.0,1.0,3.0953125953674316,0.8465999960899353,0.4009765684604645,0.6408720016479492,0.0016386471688747406,0.2625923752784729,0.002452357206493616
50x50 largo,3631,4647680.0,0.44855040311813354,0.4375,,,7.0,2.0,2.9937500953674316,0.8501999378204346,0.380859375,0.6138949394226074,0.0028952169232070446,0.18792477250099182,0.023040372878313065
50x50 largo,3632,4648960.0,0.0707663744688034,0.0625,,,1.0,2.0,2.8656251430511475,0.8521499633789062,0.38750001788139343,0.583217978477478,0.003025262150913477,0.13687902688980103,0.0018101033056154847
50x50 largo,3633,4650240.0,0.06526361405849457,0.0625,,,1.0,0.0,2.828906297683716,0.8540999889373779,0.3726562559604645,0.5663098096847534,0.0017076355870813131,0.17762070894241333,0.0031132760923355818
50x50 largo,3634,4651520.0,0.1958264857530594,0.1875,,,3.0,2.0,2.737499952316284,0.8560999631881714,0.34980469942092896,0.5730924010276794,0.0020406008698046207,0.17843350768089294,0.008576340973377228
50x50 largo,3635,4652800.0,0.13033126294612885,0.125,,,2.0,1.0,2.710156202316284,0.8579999804496765,0.3544921875,0.5745916962623596,0.0042076436802744865,0.15330471098423004,0.005220653954893351
50x50 largo,3636,4654080.0,0.14189413189888,0.125,,,2.0,5.0,2.8734376430511475,0.8590999841690063,0.35917970538139343,0.6357618570327759,0.0011778383050113916,0.1785498857498169,0.010982584208250046
50x50 largo,3637,4655360.0,0.13349199295043945,0.125,,,2.0,2.0,2.893749952316284,0.8612499833106995,0.3521484434604645,0.6317888498306274,0.006487587466835976,0.19653786718845367,0.006164009682834148
50x50 largo,3638,4656640.0,0.19224275648593903,0.1875,,,3.0,1.0,2.8101563453674316,0.8625749349594116,0.3681640625,0.5872966051101685,0.0026493719778954983,0.1785893589258194,0.00793413445353508
50x50 largo,3639,4657920.0,0.19326485693454742,0.1875,,,3.0,1.0,2.707812547683716,0.8646999597549438,0.35039064288139343,0.5650721788406372,0.0024370772298425436,0.16546010971069336,0.008971953764557838
50x50 largo,3640,4659200.0,0.2056504786014557,0.1875,,,3.0,4.0,2.733593702316284,0.8661999702453613,0.3482421934604645,0.5336600542068481,0.0014264321653172374,0.14590516686439514,0.008425174281001091
50x50 largo,3641,4660480.0,0.16078275442123413,0.125,,,2.0,4.0,2.7601563930511475,0.869225025177002,0.35917970538139343,0.518286943435669,0.002229965990409255,0.18273799121379852,0.006054827943444252
50x50 largo,3642,4661760.0,0.02576412446796894,0.0,,,0.0,1.0,2.8218750953674316,0.8724249601364136,0.36347657442092896,0.5129662156105042,0.0034307194873690605,0.19298255443572998,0.00019259146938566118
50x50 largo,3643,4663040.0,0.09743636846542358,0.0625,,,1.0,4.0,2.9359376430511475,0.8760249614715576,0.35761719942092896,0.5168449878692627,0.003903683740645647,0.10330691188573837,0.00325136911123991
50x50 largo,3644,4664320.0,0.3369520306587219,0.3125,,,5.0,1.0,2.9125001430511475,0.8791999816894531,0.37187501788139343,0.5194007754325867,0.005679523106664419,0.25901052355766296,0.012480394914746284
50x50 largo,3645,4665600.0,0.21631374955177307,0.1875,,,3.0,3.0,2.8070313930511475,0.8817750215530396,0.3755859434604645,0.5313030481338501,0.0023864260874688625,0.19960236549377441,0.010128900408744812
50x50 largo,3646,4666880.0,0.09403423964977264,0.0625,,,1.0,4.0,2.8656251430511475,0.8843749761581421,0.390625,0.5171456336975098,0.00236116792075336,0.13992081582546234,0.001338717876933515
50x50 largo,3647,4668160.0,0.21224811673164368,0.1875,,,3.0,2.0,2.9140625,0.887374997138977,0.37382814288139343,0.49755120277404785,0.004481499549001455,0.12221107631921768,0.008073192089796066
50x50 largo,3648,4669440.0,0.2776761054992676,0.25,,,4.0,1.0,2.789843797683716,0.8909249305725098,0.37089845538139343,0.4700769782066345,0.0025288606993854046,0.19062329828739166,0.008537078276276588
50x50 largo,3649,4670720.0,0.16118311882019043,0.125,,,2.0,3.0,2.815624952316284,0.8953750133514404,0.35468751192092896,0.49093860387802124,0.0010880124755203724,0.17510026693344116,0.0065405284985899925
50x50 largo,3650,4672000.0,0.15390637516975403,0.125,,,2.0,3.0,2.835156202316284,0.8988000154495239,0.35332033038139343,0.49450892210006714,0.002571650082245469,0.164798766374588,0.011808115988969803
50x50 largo,3651,4673280.0,0.1951986402273178,0.1875,,,3.0,1.0,2.8062500953674316,0.9015999436378479,0.3662109375,0.4904063940048218,0.0042328438721597195,0.18344303965568542,0.007886401377618313
50x50 largo,3652,4674560.0,0.15069401264190674,0.125,,,2.0,5.0,2.7789063453674316,0.9041249752044678,0.33183595538139343,0.48203468322753906,0.0006626971298828721,0.16942334175109863,0.008530016988515854
50x50 largo,3653,4675840.0,0.0762023776769638,0.0625,,,1.0,2.0,2.9585938453674316,0.9056500196456909,0.34843751788139343,0.47531044483184814,0.004807339049875736,0.15571659803390503,0.001825079321861267
50x50 largo,3654,4677120.0,0.2609567642211914,0.25,,,4.0,0.0,2.936718702316284,0.9075999855995178,0.365234375,0.5178269743919373,0.0014870988670736551,0.22259537875652313,0.012112587690353394
50x50 largo,3655,4678400.0,0.25387048721313477,0.25,,,4.0,1.0,2.6875,0.9085249900817871,0.3892578184604645,0.5182948112487793,0.0016625605057924986,0.17498542368412018,0.017391718924045563
50x50 largo,3656,4679680.0,0.07243449985980988,0.0625,,,1.0,3.0,2.60546875,0.909250020980835,0.37285158038139343,0.5382156372070312,0.002650564070791006,0.16347864270210266,0.0020460523664951324
50x50 largo,3657,4680960.0,0.19434836506843567,0.1875,,,3.0,1.0,2.66015625,0.910474956035614,0.3998046815395355,0.5324440002441406,0.003236573189496994,0.17810693383216858,0.00951931532472372
50x50 largo,3658,4682240.0,0.20869073271751404,0.1875,,,3.0,3.0,2.58203125,0.913599967956543,0.388671875,0.4996211528778076,0.003374442458152771,0.1853111982345581,0.008921015076339245
50x50 largo,3659,4683520.0,0.34145012497901917,0.3125,,,5.0,7.0,2.612499952316284,0.9156500101089478,0.38789063692092896,0.5051052570343018,0.002826279029250145,0.247806116938591,0.01842188462615013
50x50 largo,3660,4684800.0,0.20247262716293335,0.1875,,,3.0,3.0,2.7554688453674316,0.917074978351593,0.39179688692092896,0.4926455318927765,0.003757623489946127,0.15446686744689941,0.009648190811276436
50x50 largo,3661,4686080.0,0.20820549130439758,0.1875,,,3.0,4.0,2.7734375,0.9192249774932861,0.37109375,0.49154573678970337,0.0023461906239390373,0.16946199536323547,0.009488934651017189
50x50 largo,3662,4687360.0,0.13120412826538086,0.125,,,2.0,1.0,2.7125000953674316,0.9200499653816223,0.3960937559604645,0.4869329035282135,0.004505766090005636,0.16592036187648773,0.006076964084059
50x50 largo,3663,4688640.0,0.3211905062198639,0.3125,,,5.0,2.0,2.5570313930511475,0.9206749796867371,0.3863281309604645,0.5282571315765381,0.001956001855432987,0.20611442625522614,0.014563342556357384
50x50 largo,3664,4689920.0,0.1250963807106018,0.125,,,2.0,0.0,2.4429688453674316,0.9207749366760254,0.3779296875,0.49740245938301086,0.0040668160654604435,0.16923928260803223,0.005900268442928791
50x50 largo,3665,4691200.0,0.3253627419471741,0.3125,,,5.0,4.0,2.3335938453674316,0.921299934387207,0.3623046875,0.5163041353225708,0.00211151922121644,0.19538885354995728,0.009517518803477287
50x50 largo,3666,4692480.0,0.13490375876426697,0.125,,,2.0,3.0,2.399218797683716,0.922124981880188,0.36894533038139343,0.49569517374038696,0.0031774230301380157,0.14199160039424896,0.006588371004909277
50x50 largo,3667,4693760.0,0.07524199783802032,0.0625,,,1.0,4.0,2.40625,0.9224500060081482,0.3587890565395355,0.49474841356277466,0.0006306306459009647,0.17712529003620148,0.0018355691572651267
50x50 largo,3668,4695040.0,0.25997287034988403,0.25,,,4.0,3.0,2.542187452316284,0.9230499267578125,0.3525390625,0.5021648406982422,0.0019616293720901012,0.19551348686218262,0.011585405096411705
50x50 largo,3669,4696320.0,0.006372000090777874,0.0,,,0.0,2.0,2.6000001430511475,0.9232249855995178,0.3597656190395355,0.5233379602432251,0.0022958191111683846,0.18905484676361084,0.00014217098942026496
50x50 largo,3670,4697600.0,0.06937412172555923,0.0625,,,1.0,2.0,2.711718797683716,0.9246999621391296,0.37617188692092896,0.5314782857894897,0.0030174872372299433,0.1828201562166214,0.0030926712788641453
50x50 largo,3671,4698880.0,0.12931963801383972,0.125,,,2.0,1.0,2.62109375,0.9261999726295471,0.37871095538139343,0.5364362597465515,0.004390714690089226,0.18943127989768982,0.006258043460547924
50x50 largo,3672,4700160.0,0.28555139899253845,0.1875,,,3.0,6.0,2.264843702316284,0.006724999286234379,0.4027343690395355,0.5279284715652466,0.0020519758109003305,0.18233300745487213,0.006500588729977608
50x50 largo,3673,4701440.0,0.875850260257721,0.0,,,0.0,20.0,1.0234375,0.07472499459981918,0.4501953125,0.5309711694717407,0.002709705615416169,0.27556920051574707,0.0033465255983173847
50x50 largo,3674,4702720.0,0.9596818685531616,0.0625,,,1.0,20.0,2.1078126430511475,0.15047499537467957,0.4361328184604645,0.4709519147872925,0.0012097407598048449,0.35806530714035034,0.006168356165289879
50x50 largo,3675,4704000.0,0.9990063905715942,0.1875,,,3.0,9.0,2.86328125,0.22850000858306885,0.4468750059604645,0.4592170715332031,0.0005948537145741284,0.304221510887146,0.01091092824935913
50x50 largo,3676,4705280.0,0.7390235066413879,0.0,,,0.0,3.0,3.098437547683716,0.30912500619888306,0.45000001788139343,0.48273831605911255,0.0015741940587759018,0.30381983518600464,0.0012404927983880043
50x50 largo,3677,4706560.0,0.7343531250953674,0.125,,,2.0,3.0,3.30078125,0.3830999732017517,0.45390626788139343,0.4930819272994995,0.005712592974305153,0.20743167400360107,0.007319012191146612
50x50 largo,3678,4707840.0,0.6480801105499268,0.125,,,2.0,3.0,3.389843702316284,0.4548249840736389,0.47441408038139343,0.49108409881591797,0.0021775118075311184,0.17322313785552979,0.011480924673378468
50x50 largo,3679,4709120.0,0.7543157339096069,0.3125,,,5.0,7.0,3.489062547683716,0.5209499597549438,0.4615234434604645,0.4766446053981781,0.002983064390718937,0.21799993515014648,0.01856175623834133
50x50 largo,3680,4710400.0,0.6413099765777588,0.3125,,,5.0,4.0,3.4585938453674316,0.5767749547958374,0.4888671934604645,0.47850894927978516,0.0022762154694646597,0.1758919507265091,0.013155322521924973
50x50 largo,3681,4711680.0,0.8812552690505981,0.625,,,10.0,3.0,3.2679688930511475,0.6253249645233154,0.47246095538139343,0.48246055841445923,0.003028546692803502,0.2159629464149475,0.03810097649693489
50x50 largo,3682,4712960.0,0.5564650297164917,0.375,,,6.0,7.0,3.0453126430511475,0.6608750224113464,0.43046876788139343,0.5086646676063538,0.001064517069607973,0.1643259972333908,0.01968838833272457
50x50 largo,3683,4714240.0,0.25994712114334106,0.125,,,2.0,5.0,3.171875,0.6909499764442444,0.4384765625,0.5267221331596375,0.0071397749707102776,0.19364207983016968,0.006197410169988871
50x50 largo,3684,4715520.0,0.3547992706298828,0.25,,,4.0,4.0,3.223437547683716,0.7172499299049377,0.4496093690395355,0.528148889541626,0.0018709022551774979,0.18438591063022614,0.014995363540947437
50x50 largo,3685,4716800.0,0.2101307511329651,0.125,,,2.0,2.0,3.2718751430511475,0.7423250079154968,0.47265625,0.5065709352493286,0.0029544297140091658,0.22726033627986908,0.006725933402776718
50x50 largo,3686,4718080.0,0.3721504807472229,0.3125,,,5.0,6.0,3.319531202316284,0.7574499845504761,0.4839843809604645,0.5037325024604797,0.0031582061201334,0.15747304260730743,0.013630039989948273
50x50 largo,3687,4719360.0,0.18003763258457184,0.125,,,2.0,4.0,3.4296875,0.7747249603271484,0.498046875,0.49115604162216187,0.006165863946080208,0.2101031243801117,0.006640646606683731
50x50 largo,3688,4720640.0,0.23295548558235168,0.1875,,,3.0,4.0,3.495312452316284,0.7882499694824219,0.5162109732627869,0.5080261826515198,0.0037659374065697193,0.1738838106393814,0.009753125719726086
50x50 largo,3689,4721920.0,0.1599586308002472,0.125,,,2.0,3.0,3.48828125,0.8004499673843384,0.4986328184604645,0.4919762909412384,0.005845928564667702,0.23346646130084991,0.006448130123317242
50x50 largo,3690,4723200.0,0.4079587161540985,0.375,,,6.0,2.0,3.464062452316284,0.8131749629974365,0.4654296934604645,0.5081104040145874,0.0028813143726438284,0.20101113617420197,0.01504965778440237
50x50 largo,3691,4724480.0,0.3444908857345581,0.3125,,,5.0,2.0,3.2054688930511475,0.8270750045776367,0.46308594942092896,0.508353590965271,0.00417252816259861,0.17982101440429688,0.014057103544473648
50x50 largo,3692,4725760.0,0.27175837755203247,0.25,,,4.0,3.0,3.2054688930511475,0.8341000080108643,0.47050783038139343,0.5246908068656921,0.0023348235990852118,0.18360194563865662,0.012199439108371735
50x50 largo,3693,4727040.0,0.3257291316986084,0.3125,,,5.0,1.0,3.0023438930511475,0.8404749631881714,0.47636720538139343,0.5216983556747437,0.0035724034532904625,0.15757444500923157,0.014664090238511562
50x50 largo,3694,4728320.0,0.3365047574043274,0.3125,,,5.0,5.0,2.7835938930511475,0.8465750217437744,0.4810546934604645,0.47591739892959595,0.0014457779470831156,0.191693976521492,0.017884016036987305
50x50 largo,3695,4729600.0,0.14838600158691406,0.125,,,2.0,5.0,2.91015625,0.8521749973297119,0.466796875,0.4804322123527527,0.003637312911450863,0.15653860569000244,0.006927233189344406
50x50 largo,3696,4730880.0,0.20655325055122375,0.1875,,,3.0,4.0,3.0882813930511475,0.8568249940872192,0.4957031309604645,0.5009329915046692,0.0005091007915325463,0.18391387164592743,0.009438126347959042
50x50 largo,3697,4732160.0,0.2703644037246704,0.25,,,4.0,4.0,3.12890625,0.8623999953269958,0.5,0.48215001821517944,0.003505439031869173,0.1719622164964676,0.01261075958609581
50x50 largo,3698,4733440.0,0.19878849387168884,0.1875,,,3.0,2.0,3.02734375,0.8671500086784363,0.5,0.5012638568878174,0.004953286610543728,0.19774827361106873,0.00943007506430149
50x50 largo,3699,4734720.0,0.3199538588523865,0.3125,,,5.0,0.0,2.7515625953674316,0.8722999691963196,0.520703136920929,0.48764145374298096,0.002620923100039363,0.14482319355010986,0.014447316527366638
50x50 largo,3700,4736000.0,0.2019997537136078,0.1875,,,3.0,3.0,2.762500047683716,0.8761749863624573,0.4931640625,0.471435010433197,0.0011049563763663173,0.1716039627790451,0.009492374956607819
50x50 largo,3701,4737280.0,0.2549566328525543,0.25,,,4.0,1.0,2.512500047683716,0.8781750202178955,0.49726563692092896,0.46833282709121704,0.0037139547057449818,0.18598216772079468,0.011449787765741348
50x50 largo,3702,4738560.0,0.27109336853027344,0.25,,,4.0,6.0,2.535937547683716,0.880549967288971,0.5107421875,0.4784620702266693,0.0012815345544368029,0.19503721594810486,0.011955805122852325
50x50 largo,3703,4739840.0,0.2135947346687317,0.1875,,,3.0,7.0,2.7164063453674316,0.8849250078201294,0.5277343988418579,0.4872034192085266,0.004124326631426811,0.14189480245113373,0.009312493726611137
50x50 largo,3704,4741120.0,0.18938037753105164,0.1875,,,3.0,0.0,2.8070313930511475,0.8872499465942383,0.552539050579071,0.49304136633872986,0.002415628172457218,0.1970829963684082,0.011027311906218529
50x50 largo,3705,4742400.0,0.19544950127601624,0.1875,,,3.0,1.0,2.6304688453674316,0.8921250104904175,0.5572265982627869,0.47961077094078064,0.004452758468687534,0.18284520506858826,0.009173608385026455
50x50 largo,3706,4743680.0,0.20945635437965393,0.1875,,,3.0,6.0,2.6187500953674316,0.8955249786376953,0.5833984613418579,0.5011496543884277,0.005700568202883005,0.20072999596595764,0.009294945746660233
50x50 largo,3707,4744960.0,0.32410958409309387,0.3125,,,5.0,3.0,2.624218702316284,0.8980000019073486,0.594531238079071,0.5199987888336182,0.003287775442004204,0.1791626513004303,0.012688313610851765
50x50 largo,3708,4746240.0,0.06732537597417831,0.0625,,,1.0,1.0,2.6226563453674316,0.9003249406814575,0.5757812857627869,0.5186261534690857,0.001352973049506545,0.17595815658569336,0.0032276795245707035
50x50 largo,3709,4747520.0,0.2547241449356079,0.25,,,4.0,1.0,2.4789063930511475,0.9025499820709229,0.567578136920929,0.5463007092475891,0.0055683692917227745,0.2150854915380478,0.01053084060549736
50x50 largo,3710,4748800.0,0.06954112648963928,0.0625,,,1.0,2.0,2.4664063453674316,0.903749942779541,0.5464844107627869,0.5423530340194702,0.004309453535825014,0.13520999252796173,0.003241020254790783
50x50 largo,3711,4750080.0,0.12629050016403198,0.125,,,2.0,0.0,2.3921875953674316,0.9055750370025635,0.571093738079071,0.5354229807853699,0.002933794166892767,0.18304388225078583,0.004547815304249525
50x50 largo,3712,4751360.0,0.45157763361930847,0.4375,,,7.0,4.0,2.276562452316284,0.9073749780654907,0.557812511920929,0.5465125441551208,0.0038733254186809063,0.19991815090179443,0.017989695072174072
50x50 largo,3713,4752640.0,0.19524262845516205,0.1875,,,3.0,2.0,2.143749952316284,0.9090499877929688,0.552539050579071,0.5629812479019165,0.0018801991827785969,0.1514366865158081,0.008258538320660591
50x50 largo,3714,4753920.0,0.0723276287317276,0.0625,,,1.0,3.0,2.227343797683716,0.9097749590873718,0.5404297113418579,0.5462818145751953,0.0029430617578327656,0.18565838038921356,0.0025642872788012028
50x50 largo,3715,4755200.0,0.12863588333129883,0.125,,,2.0,1.0,2.2164063453674316,0.9104499816894531,0.537304699420929,0.5394073128700256,0.0007246677414514124,0.17186200618743896,0.005943924654275179
50x50 largo,3716,4756480.0,0.13791736960411072,0.125,,,2.0,4.0,2.246875047683716,0.9111499786376953,0.522656261920929,0.5253041386604309,0.005426403135061264,0.1530415117740631,0.005544035695493221
50x50 largo,3717,4757760.0,0.1355772465467453,0.125,,,2.0,3.0,2.359375,0.9124499559402466,0.5087890625,0.5293259024620056,0.0029571012128144503,0.1961911916732788,0.004767151549458504
50x50 largo,3718,4759040.0,0.12854836881160736,0.125,,,2.0,1.0,2.37109375,0.9130749702453613,0.5171875357627869,0.5104691982269287,0.006499568000435829,0.22340741753578186,0.006243367679417133
50x50 largo,3719,4760320.0,0.07272012531757355,0.0625,,,1.0,3.0,2.32421875,0.9143999814987183,0.4876953065395355,0.5262651443481445,0.0026830651331692934,0.1757621467113495,0.0030760709196329117
50x50 largo,3720,4761600.0,0.20015186071395874,0.1875,,,3.0,4.0,2.4859375953674316,0.9146249890327454,0.5003906488418579,0.5281322002410889,0.00045768689597025514,0.18663552403450012,0.009226638823747635
50x50 largo,3721,4762880.0,0.12850812077522278,0.125,,,2.0,1.0,2.4554688930511475,0.915274977684021,0.508593738079071,0.5266238451004028,0.0033297911286354065,0.14461195468902588,0.006214429158717394
50x50 largo,3722,4764160.0,0.256271630525589,0.25,,,4.0,2.0,2.42578125,0.9153249263763428,0.504687488079071,0.5180715322494507,0.001113192061893642,0.1730235368013382,0.0114637091755867
50x50 largo,3723,4765440.0,0.1313357651233673,0.125,,,2.0,2.0,2.313281297683716,0.915524959564209,0.5181640982627869,0.5203829407691956,0.0012071050005033612,0.17001572251319885,0.003490718547254801
50x50 largo,3724,4766720.0,0.13128787279129028,0.125,,,2.0,2.0,2.307812452316284,0.9155999422073364,0.5396484732627869,0.516150712966919,0.0027539520524442196,0.1471598595380783,0.005863679572939873
50x50 largo,3725,4768000.0,0.25004613399505615,0.25,,,4.0,0.0,2.1695313453674316,0.9156749248504639,0.5,0.5114836692810059,0.003879532217979431,0.16448435187339783,0.010528551414608955
50x50 largo,3726,4769280.0,0.12827661633491516,0.125,,,2.0,1.0,1.997656226158142,0.9159249663352966,0.49531251192092896,0.5249803066253662,0.003463885746896267,0.16960009932518005,0.004528490826487541
50x50 largo,3727,4770560.0,0.25011152029037476,0.25,,,4.0,0.0,1.9054688215255737,0.9161249399185181,0.4888671934604645,0.5376376509666443,0.004995331633836031,0.17340561747550964,0.011104709468781948
50x50 largo,3728,4771840.0,0.20320074260234833,0.1875,,,3.0,5.0,1.7140625715255737,0.9162749648094177,0.4974609315395355,0.5382272005081177,0.003017925191670656,0.19674190878868103,0.008596060797572136
50x50 largo,3729,4773120.0,0.1282278597354889,0.125,,,2.0,1.0,1.8703125715255737,0.9164749979972839,0.4931640625,0.5371087789535522,0.002304354216903448,0.1633044332265854,0.005497782491147518
50x50 largo,3730,4774400.0,0.13455262780189514,0.125,,,2.0,3.0,1.8117188215255737,0.9168750047683716,0.482421875,0.5430980920791626,0.0022228104062378407,0.23582695424556732,0.005379379261285067
50x50 largo,3731,4775680.0,0.12502136826515198,0.125,,,2.0,0.0,1.7742187976837158,0.9169249534606934,0.4886718690395355,0.5520618557929993,0.0007669217884540558,0.22393043339252472,0.004673610907047987
50x50 largo,3732,4776960.0,0.06878262758255005,0.0625,,,1.0,2.0,1.79296875,0.9170249700546265,0.4886718690395355,0.558781623840332,0.0018050437793135643,0.13869133591651917,0.003305037971585989
50x50 largo,3733,4778240.0,0.13124999403953552,0.125,,,2.0,2.0,1.78125,0.9170249700546265,0.5052734613418579,0.5620551109313965,0.003138073720037937,0.1950320601463318,0.0043340446427464485
50x50 largo,3734,4779520.0,0.06567724794149399,0.0625,,,1.0,1.0,1.842187523841858,0.9171499609947205,0.5150390863418579,0.5418540239334106,0.0016201554099097848,0.2142554521560669,0.0033711581490933895
50x50 largo,3735,4780800.0,0.06875887513160706,0.0625,,,1.0,2.0,1.82421875,0.9171749353408813,0.5150390863418579,0.5514824390411377,0.0028686802834272385,0.2121148705482483,0.002390315057709813
50x50 largo,3736,4782080.0,0.0031250000465661287,0.0,,,0.0,1.0,1.9226562976837158,0.9171749353408813,0.521679699420929,0.5565471649169922,0.0018491175724193454,0.20137567818164825,6.826352182542905e-05
50x50 largo,3737,4783360.0,0.31886547803878784,0.3125,,,5.0,2.0,1.890625,0.9173749685287476,0.5318359732627869,0.5544461607933044,0.0008338545449078083,0.2181072235107422,0.01460328884422779
50x50 largo,3738,4784640.0,0.19063887000083923,0.1875,,,3.0,1.0,1.705468773841858,0.9174000024795532,0.5205078125,0.5738832950592041,0.0015306322602555156,0.1779775321483612,0.008744190447032452
50x50 largo,3739,4785920.0,0.06568687409162521,0.0625,,,1.0,1.0,1.6171875,0.9175499677658081,0.540234386920929,0.5760806798934937,0.001073572551831603,0.27541929483413696,0.003279506228864193
50x50 largo,3740,4787200.0,0.140625,0.125,,,2.0,5.0,1.73046875,0.9175499677658081,0.5337890982627869,0.5666796565055847,0.0015549676027148962,0.14727115631103516,0.006272097118198872
50x50 largo,3741,4788480.0,0.19687499105930328,0.1875,,,3.0,3.0,1.786718726158142,0.9175499677658081,0.531054675579071,0.5835123658180237,0.006939298007637262,0.23156797885894775,0.009119353257119656
50x50 largo,3742,4789760.0,0.13124999403953552,0.125,,,2.0,2.0,1.8000000715255737,0.9175499677658081,0.5560547113418579,0.5751510262489319,0.0030385812278836966,0.2214534878730774,0.006251465529203415
50x50 largo,3743,4791040.0,0.0031906249932944775,0.0,,,0.0,1.0,1.814843773841858,0.9176749587059021,0.5386719107627869,0.5859560370445251,0.0009452585363760591,0.20363140106201172,9.236623009201139e-05
50x50 largo,3744,4792320.0,8.662504842504859e-05,0.0,,,0.0,0.0,1.875,0.9178499579429626,0.544726550579071,0.5838074684143066,0.00472074281424284,0.3416783809661865,6.235740147531033e-05
50x50 largo,3745,4793600.0,0.003187500173225999,0.0,,,0.0,1.0,1.916406273841858,0.9179749488830566,0.540820300579071,0.5833135843276978,0.0009769375901669264,0.1945170760154724,5.162461820873432e-05
50x50 largo,3746,4794880.0,0.1968817412853241,0.1875,,,3.0,3.0,1.9210938215255737,0.9179999828338623,0.5289062857627869,0.5917327404022217,0.0014437715290114284,0.19578899443149567,0.008641652762889862
50x50 largo,3747,4796160.0,0.06875836849212646,0.0625,,,1.0,2.0,2.012500047683716,0.9180249571800232,0.5361328125,0.5999793410301208,0.008493894711136818,0.19350862503051758,0.0033044314477592707
50x50 largo,3748,4797440.0,0.12815800309181213,0.125,,,2.0,1.0,1.9765625,0.9180999994277954,0.5210937857627869,0.6132886409759521,0.0014134139055386186,0.18724316358566284,0.006224978715181351
50x50 largo,3749,4798720.0,0.009426374919712543,0.0,,,0.0,3.0,2.0640625953674316,0.9182499647140503,0.521289050579071,0.618686854839325,0.0014172191731631756,0.169023334980011,5.749137562816031e-05
50x50 largo,3750,4800000.0,0.0031250000465661287,0.0,,,0.0,1.0,2.159374952316284,0.9182499647140503,0.541796863079071,0.622727632522583,0.007424302399158478,0.36130887269973755,3.809364716289565e-05
50x50 largo,3751,4801280.0,0.6751919984817505,0.0,,,0.0,15.0,0.43359375,0.05220000073313713,0.6646484732627869,0.5505475997924805,0.00529263773933053,0.26835060119628906,0.004440619144588709
50x50 largo,3752,4802560.0,0.7597272396087646,0.0625,,,1.0,7.0,1.142968773841858,0.11175000667572021,0.5570312738418579,0.5359011888504028,0.0012729614973068237,0.3108425438404083,0.006704089231789112
50x50 largo,3753,4803840.0,0.6774831414222717,0.0625,,,1.0,6.0,1.493749976158142,0.1685750037431717,0.5679687857627869,0.5403652191162109,0.0025527323596179485,0.2670269012451172,0.006033255252987146
50x50 largo,3754,4805120.0,0.696894645690918,0.0625,,,1.0,8.0,1.872656226158142,0.23074999451637268,0.5533203482627869,0.5312666893005371,0.00222068396396935,0.23321068286895752,0.0037371115759015083
50x50 largo,3755,4806400.0,0.6869515180587769,0.0625,,,1.0,8.0,2.378124952316284,0.2980250120162964,0.5765625238418579,0.5371564030647278,0.002145979553461075,0.22092650830745697,0.0030288170091807842
50x50 largo,3756,4807680.0,0.6118106245994568,0.0625,,,1.0,12.0,2.742968797683716,0.361549973487854,0.583984375,0.5283459424972534,0.0024930047802627087,0.19248542189598083,0.003709395881742239
50x50 largo,3757,4808960.0,0.5548285245895386,0.0625,,,1.0,2.0,3.214062452316284,0.4289500117301941,0.609375,0.5315464735031128,0.003393927589058876,0.1752893626689911,0.002746439538896084
50x50 largo,3758,4810240.0,0.5626293420791626,0.125,,,2.0,5.0,3.246875047683716,0.4944499731063843,0.5933594107627869,0.5278898477554321,0.0017437089700251818,0.19440749287605286,0.008944334462285042
50x50 largo,3759,4811520.0,0.4660826325416565,0.125,,,2.0,1.0,3.397656202316284,0.5553749799728394,0.595703125,0.5215233564376831,0.0010351797100156546,0.1604398787021637,0.005870824679732323
50x50 largo,3760,4812800.0,0.6514220237731934,0.375,,,6.0,3.0,3.2281250953674316,0.609749972820282,0.569140613079071,0.5254796743392944,0.0015133759006857872,0.18104557693004608,0.020475098863244057
50x50 largo,3761,4814080.0,0.4503988027572632,0.25,,,4.0,2.0,3.0953125953674316,0.6558499336242676,0.562304675579071,0.523411750793457,0.0016628046287223697,0.23048797249794006,0.009298374876379967
50x50 largo,3762,4815360.0,0.6157850027084351,0.5,,,8.0,0.0,2.7601563930511475,0.6861249804496765,0.5316406488418579,0.5207294225692749,0.004637719132006168,0.21459898352622986,0.026415787637233734
50x50 largo,3763,4816640.0,0.20640823245048523,0.125,,,2.0,2.0,2.6070313453674316,0.7063999772071838,0.5064453482627869,0.522325873374939,0.00201644329354167,0.24478009343147278,0.007327549159526825
50x50 largo,3764,4817920.0,0.1996624916791916,0.125,,,2.0,5.0,2.645312547683716,0.7238999605178833,0.490234375,0.5334001779556274,0.0012826905585825443,0.14448098838329315,0.008066746406257153
50x50 largo,3765,4819200.0,0.24269013106822968,0.1875,,,3.0,3.0,2.7914063930511475,0.7381500005722046,0.49335938692092896,0.5444524884223938,0.003183939028531313,0.18056580424308777,0.0060172053053975105
50x50 largo,3766,4820480.0,0.32123786211013794,0.25,,,4.0,4.0,2.6585938930511475,0.7547249794006348,0.4810546934604645,0.5368502736091614,0.0061071328818798065,0.1917414367198944,0.01082987803965807
50x50 largo,3767,4821760.0,0.20340687036514282,0.125,,,2.0,5.0,2.862499952316284,0.7731999158859253,0.47871094942092896,0.5301027297973633,0.0013231179909780622,0.15880954265594482,0.0067780958488583565
50x50 largo,3768,4823040.0,0.30126339197158813,0.25,,,4.0,2.0,2.84375,0.7866250276565552,0.4828124940395355,0.5233863592147827,0.0029503684490919113,0.23559869825839996,0.011957008391618729
50x50 largo,3769,4824320.0,0.2822309732437134,0.25,,,4.0,0.0,2.711718797683716,0.7969249486923218,0.46113282442092896,0.5025193691253662,0.0017442640382796526,0.16736236214637756,0.010084828361868858
50x50 largo,3770,4825600.0,0.2246243804693222,0.1875,,,3.0,4.0,2.600781202316284,0.8043249845504761,0.4349609315395355,0.502282977104187,0.0023620454594492912,0.1834566742181778,0.007469714619219303
50x50 largo,3771,4826880.0,0.1580936312675476,0.125,,,2.0,3.0,2.7210938930511475,0.8121500015258789,0.4417968690395355,0.5210810899734497,0.0022439397871494293,0.19772908091545105,0.0051099322736263275
50x50 largo,3772,4828160.0,0.02492612600326538,0.0,,,0.0,4.0,2.805468797683716,0.8176249861717224,0.4388671815395355,0.5034432411193848,0.0016969250282272696,0.1994260549545288,0.00022281234851107
50x50 largo,3773,4829440.0,0.20892274379730225,0.1875,,,3.0,3.0,2.96484375,0.824275016784668,0.4613281190395355,0.5194725394248962,0.0015899734571576118,0.20016618072986603,0.007381468545645475
50x50 largo,3774,4830720.0,0.07494162023067474,0.0625,,,1.0,1.0,2.9242188930511475,0.8294249773025513,0.43964844942092896,0.496479868888855,0.0013578403741121292,0.17393501102924347,0.0008668398950248957
50x50 largo,3775,4832000.0,0.20890071988105774,0.1875,,,3.0,4.0,3.04296875,0.8340499401092529,0.4408203065395355,0.526889979839325,0.002088104374706745,0.18224173784255981,0.010537849739193916
50x50 largo,3776,4833280.0,0.08070537447929382,0.0625,,,1.0,2.0,3.06640625,0.8385249972343445,0.4468750059604645,0.5288239121437073,0.0017227029893547297,0.18712054193019867,0.002139263553544879
50x50 largo,3777,4834560.0,0.26554059982299805,0.25,,,4.0,2.0,2.989062547683716,0.8428249955177307,0.447265625,0.5267033576965332,0.001735985977575183,0.19917555153369904,0.00954490527510643
50x50 largo,3778,4835840.0,0.20023751258850098,0.1875,,,3.0,1.0,2.8531250953674316,0.8472000360488892,0.4365234375,0.534770131111145,0.003645765595138073,0.16028618812561035,0.007864095270633698
50x50 largo,3779,4837120.0,0.014211626723408699,0.0,,,0.0,1.0,2.8539063930511475,0.8524499535560608,0.41816407442092896,0.5042442083358765,0.001223723404109478,0.18654820322990417,0.00014841053052805364
50x50 largo,3780,4838400.0,0.07599087804555893,0.0625,,,1.0,3.0,2.987499952316284,0.8549000024795532,0.4271484315395355,0.5462760925292969,0.00225837086327374,0.12633016705513,0.0021426298189908266
50x50 largo,3781,4839680.0,0.08465637266635895,0.0625,,,1.0,6.0,3.133593797683716,0.857450008392334,0.4404296875,0.5274873971939087,0.001115333754569292,0.19284972548484802,0.0029767360538244247
50x50 largo,3782,4840960.0,0.2001815140247345,0.1875,,,3.0,2.0,3.2562501430511475,0.8608249425888062,0.44902345538139343,0.5390276312828064,0.0033226069062948227,0.18606212735176086,0.013776330277323723
50x50 largo,3783,4842240.0,0.06824187934398651,0.0625,,,1.0,0.0,3.217968702316284,0.8639749884605408,0.4720703065395355,0.5482983589172363,0.0037372971419245005,0.17236962914466858,0.0033080540597438812
50x50 largo,3784,4843520.0,0.07413499802350998,0.0625,,,1.0,3.0,3.24609375,0.8656250238418579,0.4429687559604645,0.5206843614578247,0.0020816363394260406,0.14448706805706024,0.0031613227911293507
50x50 largo,3785,4844800.0,0.2517838776111603,0.25,,,4.0,0.0,3.13671875,0.8671499490737915,0.45429688692092896,0.5444838404655457,0.001717800972983241,0.19957034289836884,0.014382245019078255
50x50 largo,3786,4846080.0,0.13277113437652588,0.125,,,2.0,2.0,3.0140626430511475,0.868274986743927,0.4447265565395355,0.5326452851295471,0.0012903227470815182,0.18237793445587158,0.00517157232388854
50x50 largo,3787,4847360.0,0.07027237862348557,0.0625,,,1.0,1.0,3.0796875953674316,0.8705499768257141,0.4476562440395355,0.5420678853988647,0.0008444893173873425,0.17000380158424377,0.003523543942719698
50x50 largo,3788,4848640.0,0.1393551230430603,0.125,,,2.0,3.0,3.061718702316284,0.8739749789237976,0.431640625,0.5522211790084839,0.0029402542859315872,0.22078509628772736,0.0054380204528570175
50x50 largo,3789,4849920.0,0.32172638177871704,0.3125,,,5.0,2.0,3.035937547683716,0.8759999871253967,0.43671876192092896,0.5295658111572266,0.0007061177166178823,0.1947488635778427,0.014666181989014149
50x50 largo,3790,4851200.0,0.13975311815738678,0.125,,,2.0,4.0,2.9921875,0.8777750134468079,0.45781251788139343,0.5579357147216797,0.002640482736751437,0.1825428158044815,0.0060958354733884335
50x50 largo,3791,4852480.0,0.07163412868976593,0.0625,,,1.0,2.0,3.0648438930511475,0.8802249431610107,0.47343751788139343,0.5460615158081055,0.0009452542290091515,0.16282853484153748,0.0032501379027962685
50x50 largo,3792,4853760.0,0.13404837250709534,0.125,,,2.0,2.0,3.046875,0.8819999694824219,0.4703125059604645,0.5545470118522644,0.0006310571916401386,0.18061859905719757,0.0034830025397241116
50x50 largo,3793,4855040.0,0.26335638761520386,0.25,,,4.0,3.0,2.9554688930511475,0.8847749829292297,0.46015626192092896,0.5329378843307495,0.00148325739428401,0.16844677925109863,0.01123552955687046
50x50 largo,3794,4856320.0,0.0040918756276369095,0.0,,,0.0,0.0,3.0625,0.8877749443054199,0.4427734315395355,0.5450811386108398,0.0010516713373363018,0.2406390756368637,5.471079202834517e-05
50x50 largo,3795,4857600.0,0.06947624683380127,0.0625,,,1.0,2.0,3.116406202316284,0.8881499767303467,0.47187501192092896,0.5565228462219238,0.0013167245779186487,0.14533120393753052,0.003296579932793975
50x50 largo,3796,4858880.0,0.14411413669586182,0.125,,,2.0,1.0,3.078125,0.8907749652862549,0.4755859375,0.5405294299125671,0.0010297793196514249,0.1998777836561203,0.006152797024697065
50x50 largo,3797,4860160.0,0.028582874685525894,0.0,,,0.0,4.0,3.1898438930511475,0.8940750360488892,0.4769531190395355,0.5656810998916626,0.005739560350775719,0.2641870379447937,7.11269531166181e-05
50x50 largo,3798,4861440.0,0.1993902623653412,0.1875,,,3.0,2.0,3.327343702316284,0.896174967288971,0.519726574420929,0.5727691650390625,0.005505111068487167,0.18583838641643524,0.008706806227564812
50x50 largo,3799,4862720.0,0.14165787398815155,0.125,,,2.0,1.0,3.2015626430511475,0.8985999822616577,0.48066407442092896,0.5756731629371643,0.0026486990973353386,0.1527164876461029,0.00620717229321599
50x50 largo,3800,4864000.0,0.33231836557388306,0.3125,,,5.0,1.0,3.090625047683716,0.9028249382972717,0.510546863079071,0.56751549243927,0.0013480555498972535,0.22380395233631134,0.014259321615099907
50x50 largo,3801,4865280.0,0.0802844986319542,0.0625,,,1.0,1.0,2.936718702316284,0.905299961566925,0.502148449420929,0.5504433512687683,0.002605048008263111,0.15346872806549072,0.002229011617600918
50x50 largo,3802,4866560.0,0.19741661846637726,0.1875,,,3.0,0.0,2.8671875,0.9072250127792358,0.4712890684604645,0.5521655082702637,0.0021832184866070747,0.2036832869052887,0.0068481191992759705
50x50 largo,3803,4867840.0,0.14133337140083313,0.125,,,2.0,3.0,2.801562547683716,0.9099999666213989,0.4791015684604645,0.5361917018890381,0.005110705737024546,0.18074901401996613,0.005682877264916897
50x50 largo,3804,4869120.0,0.26009511947631836,0.25,,,4.0,3.0,2.676562547683716,0.910724937915802,0.455078125,0.541441023349762,0.0010678516700863838,0.1683541089296341,0.007476890459656715
50x50 largo,3805,4870400.0,0.12821200489997864,0.125,,,2.0,1.0,2.72265625,0.9108250141143799,0.4925781190395355,0.5600889921188354,0.0072688935324549675,0.21505504846572876,0.006334153935313225
50x50 largo,3806,4871680.0,0.009814249351620674,0.0,,,0.0,1.0,2.733593702316284,0.9121500253677368,0.5025390982627869,0.5577975511550903,0.0012249513529241085,0.2078075408935547,0.00011195336992386729
50x50 largo,3807,4872960.0,0.12905986607074738,0.125,,,2.0,1.0,2.660937547683716,0.9128749370574951,0.503710925579071,0.5481057167053223,0.004239050671458244,0.18704481422901154,0.005823846906423569
50x50 largo,3808,4874240.0,0.1321733593940735,0.125,,,2.0,2.0,2.660937547683716,0.9140499830245972,0.48613283038139343,0.561293363571167,0.0033210325054824352,0.1536739021539688,0.00586676737293601
50x50 largo,3809,4875520.0,0.13166336715221405,0.125,,,2.0,2.0,2.6468751430511475,0.9144999980926514,0.4720703065395355,0.5459140539169312,0.0018603624776005745,0.19565337896347046,0.004374501295387745
50x50 largo,3810,4876800.0,0.13209550082683563,0.125,,,2.0,2.0,2.6656250953674316,0.9153499603271484,0.46757814288139343,0.5458701848983765,0.0010235838126391172,0.16994506120681763,0.006265433505177498
50x50 largo,3811,4878080.0,0.06897637248039246,0.0625,,,1.0,2.0,2.7679688930511475,0.9156749844551086,0.47441408038139343,0.5471017360687256,0.0028830431401729584,0.17621345818042755,0.003369338344782591
50x50 largo,3812,4879360.0,0.012994500808417797,0.0,,,0.0,4.0,2.875,0.9163999557495117,0.47968751192092896,0.5483297109603882,0.0025579226203262806,0.16356347501277924,8.290645200759172e-05
50x50 largo,3813,4880640.0,0.2004292607307434,0.1875,,,3.0,4.0,3.0882813930511475,0.917074978351593,0.4751953184604645,0.5504306554794312,0.0018997687147930264,0.23004136979579926,0.013374337926506996
50x50 largo,3814,4881920.0,0.19091637432575226,0.1875,,,3.0,1.0,2.9593751430511475,0.9175249338150024,0.47285157442092896,0.5331861972808838,0.005869537126272917,0.21726717054843903,0.008772491477429867
50x50 largo,3815,4883200.0,0.25361737608909607,0.25,,,4.0,1.0,2.85546875,0.9181499481201172,0.4404296875,0.5442780256271362,0.0027144700288772583,0.15446622669696808,0.010803798213601112
50x50 largo,3816,4884480.0,0.12818273901939392,0.125,,,2.0,1.0,2.702343702316284,0.9182249903678894,0.47050783038139343,0.5429490208625793,0.0041770292446017265,0.19465836882591248,0.006261743605136871
50x50 largo,3817,4885760.0,0.3125757575035095,0.3125,,,5.0,0.0,2.5210938453674316,0.9183499813079834,0.4912109375,0.5512831211090088,0.0021207702811807394,0.19734656810760498,0.013149933889508247
50x50 largo,3818,4887040.0,0.0720294937491417,0.0625,,,1.0,3.0,2.45703125,0.9185500144958496,0.48906251788139343,0.5474175214767456,0.0036124822217971087,0.17285451292991638,0.0034464907366782427
50x50 largo,3819,4888320.0,0.06879762560129166,0.0625,,,1.0,2.0,2.5375001430511475,0.918624997138977,0.49726563692092896,0.5485590696334839,0.0020930571481585503,0.16314741969108582,0.0033287485130131245
50x50 largo,3820,4889600.0,0.26314234733581543,0.25,,,4.0,4.0,2.522656202316284,0.9195749759674072,0.4927734434604645,0.5396146178245544,0.0015400182455778122,0.19850456714630127,0.014399297535419464
50x50 largo,3821,4890880.0,0.31277287006378174,0.3125,,,5.0,0.0,2.4429688453674316,0.9200249910354614,0.4888671934604645,0.5432884693145752,0.004270907957106829,0.2356712818145752,0.014441868290305138
50x50 largo,3822,4892160.0,0.009446625597774982,0.0,,,0.0,3.0,2.352343797683716,0.9201499819755554,0.4990234375,0.5429742336273193,0.0037730985786765814,0.2266933023929596,0.0002866760187316686
50x50 largo,3823,4893440.0,0.20030400156974792,0.1875,,,3.0,4.0,2.4476563930511475,0.9206249713897705,0.49882814288139343,0.5369747877120972,0.0007759766886010766,0.180069237947464,0.007883667014539242
50x50 largo,3824,4894720.0,0.0032025000546127558,0.0,,,0.0,1.0,2.551562547683716,0.9207499623298645,0.4818359315395355,0.5399520397186279,0.0007298607961274683,0.16314563155174255,8.359631465282291e-05
50x50 largo,3825,4896000.0,0.08161749690771103,0.0625,,,1.0,6.0,2.7578125,0.9211249351501465,0.4837890565395355,0.5458148121833801,0.0014254023553803563,0.14764311909675598,0.003152518067508936
50x50 largo,3826,4897280.0,0.19380736351013184,0.1875,,,3.0,2.0,2.8773438930511475,0.9211999773979187,0.49726563692092896,0.538673996925354,0.0033459821715950966,0.23818430304527283,0.007865936495363712
50x50 largo,3827,4898560.0,0.07187499105930328,0.0625,,,1.0,3.0,2.859375,0.9211999773979187,0.4789062440395355,0.5393105745315552,0.003276517614722252,0.19250398874282837,0.0013220354449003935
50x50 largo,3828,4899840.0,0.13437499105930328,0.125,,,2.0,3.0,2.961718797683716,0.9211999773979187,0.49882814288139343,0.5440715551376343,0.0016319910064339638,0.24176064133644104,0.006363781169056892
50x50 largo,3829,4901120.0,0.742176353931427,0.0,,,0.0,11.0,0.633593738079071,0.05902500078082085,0.620898425579071,0.5304880738258362,0.003693631151691079,0.2701193690299988,0.002900748047977686
50x50 largo,3830,4902400.0,1.0517816543579102,0.125,,,2.0,12.0,1.0578125715255737,0.13874998688697815,0.540234386920929,0.5014670491218567,0.003164920723065734,0.3404717743396759,0.011914428323507309
50x50 largo,3831,4903680.0,1.053632140159607,0.1875,,,3.0,19.0,1.8640625476837158,0.218299999833107,0.5439453125,0.5356540679931641,0.0011821722146123648,0.3496817648410797,0.01323222741484642
50x50 largo,3832,4904960.0,0.7608814835548401,0.0,,,0.0,12.0,2.7398438453674316,0.29707497358322144,0.560351550579071,0.5425221920013428,0.0010779518634080887,0.2990189790725708,0.0015264337416738272
50x50 largo,3833,4906240.0,0.7281711101531982,0.0,,,0.0,7.0,3.323437452316284,0.38279998302459717,0.560742199420929,0.5585331916809082,0.001646091346628964,0.3103468716144562,0.0008839834481477737
50x50 largo,3834,4907520.0,0.5658465027809143,0.0,,,0.0,1.0,3.5570313930511475,0.4590499699115753,0.5550781488418579,0.5641911029815674,0.001717050326988101,0.2066325545310974,0.000514664629008621
50x50 largo,3835,4908800.0,0.6311427354812622,0.125,,,2.0,1.0,3.530468702316284,0.5388749837875366,0.5511718988418579,0.5538121461868286,0.003841649740934372,0.19545981287956238,0.00621836306527257
50x50 largo,3836,4910080.0,0.7508901953697205,0.375,,,6.0,0.0,3.2906250953674316,0.6089749932289124,0.5503906607627869,0.5740439295768738,0.0011417072964832187,0.22852151095867157,0.01700010523200035
50x50 largo,3837,4911360.0,0.6729571223258972,0.4375,,,7.0,3.0,3.0054688453674316,0.6579500436782837,0.5306640863418579,0.5802919864654541,0.005171446595340967,0.2621763348579407,0.029734628275036812
50x50 largo,3838,4912640.0,0.21029886603355408,0.0625,,,1.0,10.0,3.229687452316284,0.6862499713897705,0.5640625357627869,0.572353184223175,0.0019388628425076604,0.1986975222826004,0.000811162288300693
50x50 largo,3839,4913920.0,0.35367536544799805,0.25,,,4.0,1.0,3.3218750953674316,0.7130249738693237,0.5443359613418579,0.569366455078125,0.0075419568456709385,0.23181989789009094,0.016671080142259598
50x50 largo,3840,4915200.0,0.15258462727069855,0.0625,,,1.0,2.0,3.305468797683716,0.7368749380111694,0.576953113079071,0.5799980163574219,0.0006377920508384705,0.20046217739582062,0.003372637555003166
50x50 largo,3841,4916480.0,0.13832537829875946,0.0625,,,1.0,1.0,3.3515625,0.7598249912261963,0.568164050579071,0.5779163837432861,0.0016694358782842755,0.19787603616714478,0.0038150290492922068
50x50 largo,3842,4917760.0,0.20687761902809143,0.125,,,2.0,5.0,3.4945313930511475,0.7831499576568604,0.5673828125,0.5828043222427368,0.0018480481812730432,0.21924418210983276,0.006801571696996689
50x50 largo,3843,4919040.0,0.18295539915561676,0.125,,,2.0,3.0,3.571093797683716,0.8025749921798706,0.5667968988418579,0.5760289430618286,0.002143490593880415,0.21062242984771729,0.006641447078436613
50x50 largo,3844,4920320.0,0.3596195876598358,0.3125,,,5.0,3.0,3.46875,0.818524956703186,0.5912109613418579,0.5727683901786804,0.001422947971150279,0.18412157893180847,0.01892760768532753
50x50 largo,3845,4921600.0,0.17084574699401855,0.125,,,2.0,3.0,3.44140625,0.8346999883651733,0.594921886920929,0.5721572637557983,0.0024076681584119797,0.15456993877887726,0.006012830417603254
50x50 largo,3846,4922880.0,0.15919601917266846,0.125,,,2.0,2.0,3.4781250953674316,0.8486000299453735,0.6156250238418579,0.5630068778991699,0.005298967007547617,0.16968977451324463,0.006319441832602024
50x50 largo,3847,4924160.0,0.34142574667930603,0.3125,,,5.0,1.0,3.484375,0.8633249998092651,0.6265625357627869,0.5751276016235352,0.0016620041569694877,0.2043169140815735,0.014915307983756065
50x50 largo,3848,4925440.0,0.15565776824951172,0.125,,,2.0,4.0,3.303906202316284,0.874750018119812,0.6220703125,0.5780699849128723,0.003136697690933943,0.1660839170217514,0.011126706376671791
50x50 largo,3849,4926720.0,0.20576724410057068,0.1875,,,3.0,2.0,3.339062452316284,0.8828999996185303,0.5941406488418579,0.5941842794418335,0.001617231871932745,0.25956007838249207,0.007877943105995655
50x50 largo,3850,4928000.0,0.26761260628700256,0.25,,,4.0,2.0,3.2265625,0.89124995470047,0.5982422232627869,0.5879607200622559,0.0021549519151449203,0.18214240670204163,0.012074601836502552
50x50 largo,3851,4929280.0,0.32960009574890137,0.3125,,,5.0,2.0,3.098437547683716,0.8992749452590942,0.6103515625,0.5784828066825867,0.0012498063733801246,0.17758554220199585,0.016748344525694847
50x50 largo,3852,4930560.0,0.014115002006292343,0.0,,,0.0,2.0,3.039843797683716,0.9049999713897705,0.6048828363418579,0.5687508583068848,0.0014156776014715433,0.20388348400592804,0.000365280982805416
50x50 largo,3853,4931840.0,0.27522462606430054,0.25,,,4.0,5.0,3.180468797683716,0.9120999574661255,0.622851550579071,0.5736147165298462,0.0029158401302993298,0.21607142686843872,0.00940769910812378
50x50 largo,3854,4933120.0,0.08084837347269058,0.0625,,,1.0,4.0,3.3492188453674316,0.916949987411499,0.622265636920929,0.5849708914756775,0.004543394781649113,0.20962224900722504,0.003315636655315757
50x50 largo,3855,4934400.0,0.25295114517211914,0.25,,,4.0,0.0,3.1625001430511475,0.9199999570846558,0.5972656607627869,0.5711524486541748,0.001704353024251759,0.14867354929447174,0.00568756740540266
50x50 largo,3856,4935680.0,0.13516587018966675,0.125,,,2.0,2.0,3.109375,0.9241249561309814,0.604296863079071,0.5554648637771606,0.003530289977788925,0.22801771759986877,0.006220255512744188
50x50 largo,3857,4936960.0,0.14554575085639954,0.125,,,2.0,5.0,3.157031297683716,0.9294999241828918,0.625781238079071,0.5610622763633728,0.005387815646827221,0.20336991548538208,0.004967654589563608
50x50 largo,3858,4938240.0,0.44643861055374146,0.4375,,,7.0,2.0,3.164843797683716,0.9326499700546265,0.639843761920929,0.5820268392562866,0.009657823480665684,0.3671245276927948,0.019834596663713455
50x50 largo,3859,4939520.0,0.06823787093162537,0.0625,,,1.0,1.0,3.014843702316284,0.9358749389648438,0.6119140982627869,0.5613847970962524,0.004053213633596897,0.22356939315795898,0.002752317115664482
50x50 largo,3860,4940800.0,0.13574573397636414,0.125,,,2.0,3.0,2.983593702316284,0.9374749660491943,0.633593738079071,0.5664592385292053,0.0012643556110560894,0.16057807207107544,0.00473024882376194
50x50 largo,3861,4942080.0,0.010824250988662243,0.0,,,0.0,3.0,3.203906297683716,0.9396250247955322,0.6167969107627869,0.552329421043396,0.004826939664781094,0.1821874976158142,0.00021845799346920103
50x50 largo,3862,4943360.0,0.1366804987192154,0.125,,,2.0,3.0,3.2171876430511475,0.9431249499320984,0.6470703482627869,0.5261896848678589,0.00729878805577755,0.14089244604110718,0.0032931994646787643
50x50 largo,3863,4944640.0,0.19475886225700378,0.1875,,,3.0,2.0,3.2992188930511475,0.9447000026702881,0.6861328482627869,0.5318599939346313,0.0009976195869967341,0.206313818693161,0.012928582727909088
50x50 largo,3864,4945920.0,0.4450448751449585,0.4375,,,7.0,2.0,3.145312547683716,0.9465749859809875,0.679882824420929,0.5469328165054321,0.002966561121866107,0.22795572876930237,0.01876487396657467
50x50 largo,3865,4947200.0,0.010546875186264515,0.0,,,0.0,3.0,3.0132813453674316,0.9480749368667603,0.6585937738418579,0.5549013614654541,0.0027979332953691483,0.1956249177455902,0.0002777226036414504
50x50 largo,3866,4948480.0,0.3158227503299713,0.3125,,,5.0,1.0,3.0523438453674316,0.9483749866485596,0.6253906488418579,0.5377488136291504,0.0026269033551216125,0.17952919006347656,0.02037983573973179
50x50 largo,3867,4949760.0,0.385303258895874,0.375,,,6.0,3.0,2.741406202316284,0.9497999548912048,0.6787109375,0.5345454216003418,0.0017237686552107334,0.18203768134117126,0.016391968354582787
50x50 largo,3868,4951040.0,0.12590999901294708,0.125,,,2.0,0.0,2.6031250953674316,0.9512749910354614,0.650390625,0.5428561568260193,0.003195000346750021,0.16859328746795654,0.004043872002512217
50x50 largo,3869,4952320.0,0.07552774995565414,0.0625,,,1.0,4.0,2.6484375,0.9522249698638916,0.6439453363418579,0.5433297157287598,0.001078019617125392,0.14719463884830475,0.0033057439140975475
50x50 largo,3870,4953600.0,0.2596946060657501,0.25,,,4.0,3.0,2.7484376430511475,0.9526000022888184,0.627734363079071,0.5223116874694824,0.003641050308942795,0.16215741634368896,0.011893089860677719
50x50 largo,3871,4954880.0,0.19429513812065125,0.1875,,,3.0,2.0,2.688281297683716,0.9535750150680542,0.6646484732627869,0.5225318074226379,0.0012729710433632135,0.17855417728424072,0.008917306549847126
50x50 largo,3872,4956160.0,0.14410185813903809,0.125,,,2.0,6.0,2.7476563453674316,0.9542749524116516,0.6783203482627869,0.5430380702018738,0.006693530827760696,0.21382230520248413,0.006203563883900642
50x50 largo,3873,4957440.0,0.137107253074646,0.125,,,2.0,3.0,2.944531202316284,0.9566749334335327,0.622851550579071,0.5577542781829834,0.006482576951384544,0.24133341014385223,0.006461771670728922
50x50 largo,3874,4958720.0,0.19872412085533142,0.1875,,,3.0,3.0,2.9312500953674316,0.9591000080108643,0.58984375,0.5510455965995789,0.001345186959952116,0.18559406697750092,0.008747384883463383
50x50 largo,3875,4960000.0,0.3233319818973541,0.3125,,,5.0,3.0,2.87109375,0.9609999656677246,0.608593761920929,0.533125102519989,0.005230611190199852,0.21641483902931213,0.013849491253495216
50x50 largo,3876,4961280.0,0.20024463534355164,0.1875,,,3.0,4.0,2.8648438453674316,0.9615749716758728,0.65234375,0.5366133451461792,0.0006147468811832368,0.19100213050842285,0.009423032402992249
50x50 largo,3877,4962560.0,0.13820475339889526,0.125,,,2.0,4.0,2.930468797683716,0.9634749889373779,0.624218761920929,0.5349070429801941,0.0008807496633380651,0.17540496587753296,0.005771699361503124
50x50 largo,3878,4963840.0,0.3813677430152893,0.375,,,6.0,2.0,2.875,0.9637500047683716,0.625781238079071,0.5361970663070679,0.002784720389172435,0.20475000143051147,0.01701645739376545
50x50 largo,3879,4965120.0,0.06883424520492554,0.0625,,,1.0,2.0,2.7734375,0.9638999700546265,0.650390625,0.5135610699653625,0.003560058306902647,0.13436482846736908,0.0035289181396365166
50x50 largo,3880,4966400.0,0.19396449625492096,0.1875,,,3.0,2.0,2.725781202316284,0.9643999338150024,0.6644531488418579,0.5179539918899536,0.0010655125370249152,0.14460080862045288,0.00848754309117794
50x50 largo,3881,4967680.0,0.12885387241840363,0.125,,,2.0,1.0,2.717968702316284,0.9658999443054199,0.677734375,0.5116000771522522,0.001076041255146265,0.17244009673595428,0.006479163654148579
50x50 largo,3882,4968960.0,0.06562499701976776,0.0625,,,1.0,1.0,2.6500000953674316,0.9658999443054199,0.6753906607627869,0.49807998538017273,0.006621767766773701,0.25459837913513184,0.0011680398602038622
50x50 largo,3883,4970240.0,0.06874999403953552,0.0625,,,1.0,2.0,2.711718797683716,0.9658999443054199,0.7064453363418579,0.5072231292724609,0.0005684003699570894,0.17002706229686737,0.0033289985731244087
50x50 largo,3884,4971520.0,0.2001272439956665,0.1875,,,3.0,4.0,2.796093702316284,0.9663249254226685,0.7105469107627869,0.5058834552764893,0.0012901239097118378,0.18890494108200073,0.00933737214654684
50x50 largo,3885,4972800.0,0.07506587356328964,0.0625,,,1.0,4.0,2.889843702316284,0.9664750099182129,0.694531261920929,0.5174843072891235,0.002055212389677763,0.15238511562347412,0.003224239218980074
50x50 largo,3886,4974080.0,0.07204887270927429,0.0625,,,1.0,3.0,3.0531251430511475,0.9670249819755554,0.6703125238418579,0.5084964036941528,0.0023292668629437685,0.135240375995636,0.0014320730697363615
50x50 largo,3887,4975360.0,0.13752925395965576,0.125,,,2.0,4.0,3.2445313930511475,0.9671000242233276,0.7005859613418579,0.5040187835693359,0.00097866530995816,0.19077356159687042,0.005387480836361647
50x50 largo,3888,4976640.0,0.44695061445236206,0.4375,,,7.0,3.0,3.1390626430511475,0.9672249555587769,0.7027344107627869,0.512442946434021,0.0023108574096113443,0.23065930604934692,0.022694487124681473
50x50 largo,3889,4977920.0,0.0034948752727359533,0.0,,,0.0,1.0,3.014843702316284,0.9679250121116638,0.710156261920929,0.4895896315574646,0.0028991452418267727,0.17814643681049347,0.0001269263302674517
50x50 largo,3890,4979200.0,0.2595052421092987,0.25,,,4.0,3.0,3.007031202316284,0.9682749509811401,0.7203125357627869,0.477383017539978,0.0013463746290653944,0.16287995874881744,0.012184292078018188
50x50 largo,3891,4980480.0,0.1876041293144226,0.1875,,,3.0,0.0,2.903125047683716,0.9684499502182007,0.731640636920929,0.4953954815864563,0.003317768219858408,0.18539173901081085,0.008477743715047836
50x50 largo,3892,4981760.0,0.265647828578949,0.25,,,4.0,5.0,2.835156202316284,0.9684999585151672,0.702343761920929,0.47190964221954346,0.00514603964984417,0.21515025198459625,0.01254784595221281
50x50 largo,3893,4983040.0,0.3125606179237366,0.3125,,,5.0,0.0,2.729687452316284,0.9686249494552612,0.728320300579071,0.4662996530532837,0.0012473195092752576,0.2706755995750427,0.014767433516681194
50x50 largo,3894,4984320.0,0.13124999403953552,0.125,,,2.0,2.0,2.542187452316284,0.9686249494552612,0.753710925579071,0.4447992742061615,0.002179065253585577,0.1221211776137352,0.00596632668748498
50x50 largo,3895,4985600.0,0.12812499701976776,0.125,,,2.0,1.0,2.5210938453674316,0.9686249494552612,0.7574219107627869,0.4697597622871399,0.0013629234163090587,0.1639467477798462,0.006174071226269007
50x50 largo,3896,4986880.0,0.12812499701976776,0.125,,,2.0,1.0,2.4671876430511475,0.9686249494552612,0.732226550579071,0.46370625495910645,0.002015036530792713,0.18442974984645844,0.006381879560649395
50x50 largo,3897,4988160.0,0.0033097502309828997,0.0,,,0.0,1.0,2.4828126430511475,0.9691749811172485,0.7535156607627869,0.4487648010253906,0.0029670437797904015,0.13940414786338806,0.0001366948854411021
50x50 largo,3898,4989440.0,0.00948762521147728,0.0,,,0.0,3.0,2.6156251430511475,0.96937495470047,0.782031238079071,0.46641308069229126,0.0034731989726424217,0.19271758198738098,0.00010990544978994876
50x50 largo,3899,4990720.0,0.1906917542219162,0.1875,,,3.0,1.0,2.589062452316284,0.969499945640564,0.774218738079071,0.4659031331539154,0.001809068489819765,0.1219198927283287,0.006923333276063204
50x50 largo,3900,4992000.0,0.13749998807907104,0.125,,,2.0,4.0,2.6898438930511475,0.969499945640564,0.7515625357627869,0.500456690788269,0.0063214777037501335,0.1913422793149948,0.006507017649710178
50x50 largo,3901,4993280.0,0.07508249580860138,0.0625,,,1.0,4.0,2.7601563930511475,0.9696499705314636,0.7236328125,0.5011635422706604,0.0013977035414427519,0.2024247646331787,0.0031413985416293144
50x50 largo,3902,4994560.0,0.0688171237707138,0.0625,,,1.0,2.0,2.88671875,0.969749927520752,0.7021484375,0.5218464136123657,0.0031139678321778774,0.14965936541557312,0.0033004111610352993
50x50 largo,3903,4995840.0,0.19378036260604858,0.1875,,,3.0,2.0,2.860156297683716,0.9697999358177185,0.709179699420929,0.5328140258789062,0.004377802833914757,0.20167464017868042,0.01294969953596592
50x50 largo,3904,4997120.0,0.13158687949180603,0.125,,,2.0,2.0,2.86328125,0.970349907875061,0.673046886920929,0.5365968942642212,0.001545751583762467,0.1589994579553604,0.006349337287247181
50x50 largo,3905,4998400.0,0.1938181221485138,0.1875,,,3.0,2.0,2.8257813453674316,0.9704749584197998,0.680859386920929,0.5351303219795227,0.0010154505725950003,0.2449398785829544,0.009192446246743202
50x50 largo,3906,4999680.0,0.12813687324523926,0.125,,,2.0,1.0,2.7421875,0.9705249667167664,0.6878906488418579,0.5408927202224731,0.0006639304338023067,0.19617421925067902,0.006150881759822369
50x50 largo,3907,5000960.0,0.5291603803634644,0.0,,,0.0,20.0,1.0578125715255737,0.0385499969124794,0.8623046875,0.36253246665000916,0.0018455187091603875,0.23705299198627472,0.00127884978428483
50x50 largo,3908,5002240.0,0.8341332674026489,0.0,,,0.0,11.0,1.5203125476837158,0.10802499204874039,0.8046875,0.42489495873451233,0.0010200559627264738,0.27852895855903625,0.002302265726029873
50x50 largo,3909,5003520.0,0.7244367599487305,0.0,,,0.0,7.0,2.053906202316284,0.17452499270439148,0.770703136920929,0.46252813935279846,0.0013347987551242113,0.25599828362464905,0.0018869864288717508
50x50 largo,3910,5004800.0,0.7718932628631592,0.0,,,0.0,10.0,2.5687501430511475,0.250900000333786,0.765429675579071,0.4655427038669586,0.0029443332459777594,0.2028437852859497,0.0012826956808567047
50x50 largo,3911,5006080.0,0.6826379299163818,0.0,,,0.0,6.0,3.089062452316284,0.3268999755382538,0.75390625,0.5208549499511719,0.005247280467301607,0.3547791838645935,0.0008067481685429811
50x50 largo,3912,5007360.0,0.6555368900299072,0.0625,,,1.0,5.0,3.332812547683716,0.40117499232292175,0.7197265625,0.48655110597610474,0.0027657942846417427,0.17987880110740662,0.003239081706851721
50x50 largo,3913,5008640.0,0.5043010115623474,0.0625,,,1.0,0.0,3.48828125,0.46617498993873596,0.7470703125,0.5114063024520874,0.002757507376372814,0.12054658681154251,0.0024127070792019367
50x50 largo,3914,5009920.0,0.47468799352645874,0.0625,,,1.0,1.0,3.3851563930511475,0.5329749584197998,0.7291015982627869,0.5364061594009399,0.003134850412607193,0.26844584941864014,0.002609039656817913
50x50 largo,3915,5011200.0,0.3875427544116974,0.0,,,0.0,4.0,3.58984375,0.6023499965667725,0.715039074420929,0.5137705206871033,0.0014523402787745,0.15580236911773682,0.0003255873452872038
50x50 largo,3916,5012480.0,0.29555922746658325,0.0,,,0.0,4.0,3.844531297683716,0.6647499799728394,0.722851574420929,0.4923446774482727,0.0031645512208342552,0.1687498241662979,0.00023389211855828762
50x50 largo,3917,5013760.0,0.6788612604141235,0.4375,,,7.0,2.0,3.7867188453674316,0.7261250019073486,0.738476574420929,0.5236638784408569,0.0008955498342402279,0.2135825753211975,0.019780052825808525
50x50 largo,3918,5015040.0,0.7283370494842529,0.5625,,,9.0,1.0,3.336718797683716,0.7711249589920044,0.7259765863418579,0.5510205030441284,0.004294555634260178,0.28050878643989563,0.03148023039102554
50x50 largo,3919,5016320.0,0.6768530011177063,0.5625,,,9.0,4.0,2.961718797683716,0.8005499839782715,0.709179699420929,0.5604074597358704,0.005308691877871752,0.26080965995788574,0.025500761345028877
50x50 largo,3920,5017600.0,0.27314189076423645,0.1875,,,3.0,3.0,2.852343797683716,0.827875018119812,0.690625011920929,0.5338989496231079,0.0010627242736518383,0.12763039767742157,0.0101925702765584
50x50 largo,3921,5018880.0,0.370737224817276,0.3125,,,5.0,3.0,2.796875,0.8483249545097351,0.6689453125,0.5604516267776489,0.002906435402110219,0.1271815299987793,0.02900579944252968
50x50 largo,3922,5020160.0,0.35367923974990845,0.3125,,,5.0,4.0,2.5492188930511475,0.8628749847412109,0.6585937738418579,0.5411418676376343,0.0034810276702046394,0.18772774934768677,0.019474640488624573
50x50 largo,3923,5021440.0,0.2230842560529709,0.1875,,,3.0,5.0,2.6820313930511475,0.8736000061035156,0.6849609613418579,0.5407845973968506,0.006440489087253809,0.2276543527841568,0.009711328893899918
50x50 largo,3924,5022720.0,0.33739757537841797,0.3125,,,5.0,5.0,2.8375000953674316,0.8798500299453735,0.672656238079071,0.5515938997268677,0.0012155405711382627,0.1775677502155304,0.016028113663196564
50x50 largo,3925,5024000.0,0.0884571298956871,0.0625,,,1.0,4.0,2.8304688930511475,0.8889249563217163,0.671875,0.568787693977356,0.0061319926753640175,0.2674652338027954,0.003594186156988144
50x50 largo,3926,5025280.0,0.38994789123535156,0.375,,,6.0,2.0,2.8695313930511475,0.8957499861717224,0.6431640982627869,0.583541989326477,0.005668595898896456,0.2314295768737793,0.01868400350213051
50x50 largo,3927,5026560.0,0.020123250782489777,0.0,,,0.0,3.0,2.7421875,0.9034249782562256,0.607617199420929,0.5566791892051697,0.004761348478496075,0.2935209274291992,0.0005727638490498066
50x50 largo,3928,5027840.0,0.2709411382675171,0.25,,,4.0,4.0,2.891406297683716,0.9095249176025391,0.6458984613418579,0.5658546686172485,0.0035598056856542826,0.1914065033197403,0.011971650645136833
50x50 largo,3929,5029120.0,0.335361123085022,0.3125,,,5.0,4.0,2.9078125953674316,0.9186999797821045,0.6158203482627869,0.5650666952133179,0.0015908884815871716,0.2223891019821167,0.01634281314909458
50x50 largo,3930,5030400.0,0.2092721164226532,0.1875,,,3.0,5.0,2.94140625,0.9245999455451965,0.6050781607627869,0.5517522692680359,0.002623511478304863,0.13809560239315033,0.007758935447782278
50x50 largo,3931,5031680.0,0.13520000874996185,0.125,,,2.0,2.0,2.90625,0.9284999370574951,0.617382824420929,0.5523029565811157,0.006290602497756481,0.2112560272216797,0.005040733143687248
50x50 largo,3932,5032960.0,0.1943383812904358,0.1875,,,3.0,1.0,2.858593702316284,0.9323999881744385,0.639453113079071,0.5515968799591064,0.0010019647888839245,0.1592658907175064,0.008937637321650982
50x50 largo,3933,5034240.0,0.32834523916244507,0.3125,,,5.0,4.0,2.8960938453674316,0.9370250105857849,0.650195300579071,0.5540703535079956,0.0011495206272229552,0.18853521347045898,0.015231425873935223
50x50 largo,3934,5035520.0,0.2723729610443115,0.25,,,4.0,6.0,2.803906202316284,0.9420249462127686,0.637890636920929,0.5563575625419617,0.001467124791815877,0.21628880500793457,0.011340854689478874
50x50 largo,3935,5036800.0,0.26293110847473145,0.25,,,4.0,3.0,2.850781202316284,0.9463499784469604,0.6162109375,0.5864911079406738,0.005998257547616959,0.21290774643421173,0.011773289181292057
50x50 largo,3936,5038080.0,0.27052122354507446,0.25,,,4.0,6.0,2.907031297683716,0.9482999444007874,0.603710949420929,0.5798004865646362,0.006862354464828968,0.21090364456176758,0.01200038194656372
50x50 largo,3937,5039360.0,0.5122123956680298,0.5,,,8.0,3.0,2.668750047683716,0.9518499970436096,0.577929675579071,0.5768740177154541,0.001609142287634313,0.21543987095355988,0.019602879881858826
50x50 largo,3938,5040640.0,0.1320369988679886,0.125,,,2.0,2.0,2.629687547683716,0.9528999924659729,0.589062511920929,0.5797029137611389,0.0016658486565575004,0.1714700162410736,0.006104927510023117
50x50 largo,3939,5041920.0,0.14726361632347107,0.125,,,2.0,7.0,2.715625047683716,0.9534249901771545,0.603710949420929,0.5747567415237427,0.001989776035770774,0.18180876970291138,0.005446175113320351
50x50 largo,3940,5043200.0,0.25692999362945557,0.25,,,4.0,2.0,2.932812452316284,0.9545749425888062,0.599414050579071,0.5794163942337036,0.0022401113528758287,0.1897840052843094,0.012236222624778748
50x50 largo,3941,5044480.0,0.20047074556350708,0.1875,,,3.0,4.0,2.7875001430511475,0.9551999568939209,0.6148437857627869,0.5916375517845154,0.0013020971091464162,0.20668354630470276,0.007555802818387747
50x50 largo,3942,5045760.0,0.25352638959884644,0.25,,,4.0,1.0,2.8187501430511475,0.9557749629020691,0.6214843988418579,0.5788100957870483,0.0033171684481203556,0.1700652837753296,0.011844057589769363
50x50 largo,3943,5047040.0,0.26000672578811646,0.25,,,4.0,3.0,2.690624952316284,0.9571749567985535,0.6234375238418579,0.5740083456039429,0.0019772620871663094,0.20578429102897644,0.011987200006842613
50x50 largo,3944,5048320.0,0.1381203830242157,0.125,,,2.0,4.0,2.72265625,0.9582499265670776,0.648632824420929,0.5910252332687378,0.011513780802488327,0.20679250359535217,0.005204997956752777
50x50 largo,3945,5049600.0,0.5127798914909363,0.5,,,8.0,4.0,2.684375047683716,0.9587249755859375,0.6078125238418579,0.5612667202949524,0.006299203727394342,0.2942419946193695,0.033051930367946625
50x50 largo,3946,5050880.0,0.13483574986457825,0.125,,,2.0,3.0,2.5171875953674316,0.9596250057220459,0.629687488079071,0.5851197838783264,0.0024563283659517765,0.21329203248023987,0.006441722624003887
50x50 largo,3947,5052160.0,0.44727611541748047,0.4375,,,7.0,3.0,2.503124952316284,0.960224986076355,0.6380859613418579,0.5684532523155212,0.0005744544323533773,0.19739411771297455,0.024607213214039803
50x50 largo,3948,5053440.0,0.12892299890518188,0.125,,,2.0,1.0,2.282031297683716,0.9613499641418457,0.6451172232627869,0.584172785282135,0.006180862430483103,0.21015816926956177,0.006508679129183292
50x50 largo,3949,5054720.0,0.06567662209272385,0.0625,,,1.0,1.0,2.2828125953674316,0.9614249467849731,0.6201171875,0.5569738149642944,0.006267860997468233,0.2067354917526245,0.0034866449423134327
50x50 largo,3950,5056000.0,0.262834757566452,0.25,,,4.0,4.0,2.2945313453674316,0.9620749354362488,0.6435546875,0.5473994016647339,0.00274988217279315,0.20315943658351898,0.011974664404988289
50x50 largo,3951,5057280.0,0.137666255235672,0.125,,,2.0,4.0,2.371875047683716,0.9623749256134033,0.664257824420929,0.5389325022697449,0.004066173918545246,0.14095023274421692,0.006666527129709721
50x50 largo,3952,5058560.0,0.0752316266298294,0.0625,,,1.0,4.0,2.409374952316284,0.9628999829292297,0.685351550579071,0.5549981594085693,0.003979740664362907,0.16340506076812744,0.0033258232288062572
50x50 largo,3953,5059840.0,0.19714848697185516,0.1875,,,3.0,3.0,2.612499952316284,0.9635999202728271,0.6640625,0.5315374135971069,0.0023089000023901463,0.15220783650875092,0.009547497145831585
50x50 largo,3954,5061120.0,0.3849562406539917,0.375,,,6.0,3.0,2.5054688453674316,0.9648749828338623,0.6753906607627869,0.5692993402481079,0.005787367932498455,0.26527416706085205,0.017803609371185303
50x50 largo,3955,5062400.0,0.08152449876070023,0.0625,,,1.0,6.0,2.50390625,0.9654749631881714,0.662109375,0.5671249032020569,0.0019962878432124853,0.1676507592201233,0.003271833062171936
50x50 largo,3956,5063680.0,0.13456374406814575,0.125,,,2.0,3.0,2.6656250953674316,0.9658750295639038,0.6119140982627869,0.5702411532402039,0.0028271423652768135,0.19419264793395996,0.006309551186859608
50x50 largo,3957,5064960.0,0.25011110305786133,0.25,,,4.0,0.0,2.6234376430511475,0.9661250114440918,0.641796886920929,0.5685909390449524,0.002616510959342122,0.16658389568328857,0.00972691085189581
50x50 largo,3958,5066240.0,0.12818950414657593,0.125,,,2.0,1.0,2.5171875953674316,0.9662500023841858,0.679492175579071,0.5354644060134888,0.002277037361636758,0.18710210919380188,0.0066963317804038525
50x50 largo,3959,5067520.0,0.44783809781074524,0.4375,,,7.0,3.0,2.37890625,0.9679999947547913,0.7025390863418579,0.5497870445251465,0.0015409498009830713,0.21827246248722076,0.020752249285578728
50x50 largo,3960,5068800.0,0.06286512315273285,0.0625,,,1.0,0.0,2.176562547683716,0.9690999984741211,0.69140625,0.5371036529541016,0.0010954397730529308,0.142904132604599,0.003403466660529375
50x50 largo,3961,5070080.0,0.250040739774704,0.25,,,4.0,0.0,1.9601563215255737,0.969249963760376,0.6986328363418579,0.526673436164856,0.0010502656223252416,0.13243083655834198,0.012264169752597809
50x50 largo,3962,5071360.0,0.19068974256515503,0.1875,,,3.0,1.0,1.8359375,0.9694000482559204,0.7017578482627869,0.5441596508026123,0.0026438450440764427,0.14072787761688232,0.008739016950130463
50x50 largo,3963,5072640.0,0.07499999552965164,0.0625,,,1.0,4.0,1.7882813215255737,0.9694000482559204,0.711132824420929,0.5332003831863403,0.0029479260556399822,0.14053483307361603,0.002205784898251295
50x50 largo,3964,5073920.0,0.07827749103307724,0.0625,,,1.0,5.0,2.014843702316284,0.9697999954223633,0.696093738079071,0.5253552198410034,0.0032018544152379036,0.15679387748241425,0.002878124825656414
50x50 largo,3965,5075200.0,0.015680626034736633,0.0,,,0.0,5.0,2.3609375953674316,0.9699249267578125,0.7103515863418579,0.5176258683204651,0.0017490263562649488,0.1796683520078659,0.00014042339171282947
50x50 largo,3966,5076480.0,0.1347648799419403,0.125,,,2.0,3.0,2.503124952316284,0.9708749651908875,0.726367175579071,0.5202977061271667,0.0008604656322859228,0.15744587779045105,0.006491255480796099
50x50 largo,3967,5077760.0,0.2566792368888855,0.25,,,4.0,2.0,2.4976563453674316,0.9718250036239624,0.7251953482627869,0.532647967338562,0.001975946594029665,0.17016413807868958,0.012137469835579395
50x50 largo,3968,5079040.0,0.19689476490020752,0.1875,,,3.0,3.0,2.4507813453674316,0.9718749523162842,0.688671886920929,0.5457636117935181,0.0015345633728429675,0.1990613043308258,0.009096823632717133
50x50 largo,3969,5080320.0,0.2562951147556305,0.25,,,4.0,2.0,2.390625,0.972000002861023,0.6939453482627869,0.5068976283073425,0.0067364368587732315,0.19728747010231018,0.012526660226285458
50x50 largo,3970,5081600.0,0.3218749761581421,0.3125,,,5.0,3.0,2.2750000953674316,0.972000002861023,0.7417969107627869,0.5059781074523926,0.0010939567582681775,0.188477024435997,0.015843771398067474
50x50 largo,3971,5082880.0,0.19692274928092957,0.1875,,,3.0,3.0,2.214062452316284,0.972100019454956,0.748828113079071,0.46841442584991455,0.006467820145189762,0.23849353194236755,0.009258629754185677
50x50 largo,3972,5084160.0,0.12840023636817932,0.125,,,2.0,1.0,2.139843702316284,0.9726999402046204,0.7919921875,0.4605678915977478,0.0008419392979703844,0.18321655690670013,0.006131165660917759
50x50 largo,3973,5085440.0,0.20014561712741852,0.1875,,,3.0,4.0,2.20703125,0.9730499982833862,0.7847656607627869,0.4735603630542755,0.000859063642565161,0.16712239384651184,0.009411999955773354
50x50 largo,3974,5086720.0,0.19376888871192932,0.1875,,,3.0,2.0,2.1640625,0.9731249809265137,0.7964844107627869,0.4325837194919586,0.002159522380679846,0.11393219232559204,0.009310031309723854
50x50 largo,3975,5088000.0,0.32838547229766846,0.3125,,,5.0,5.0,2.04296875,0.9738500118255615,0.8101562857627869,0.4274980425834656,0.0023945351131260395,0.1389358788728714,0.011639950796961784
50x50 largo,3976,5089280.0,0.2532171308994293,0.25,,,4.0,1.0,1.9992188215255737,0.9742000102996826,0.8246093988418579,0.4049380123615265,0.0015918634599074721,0.16575804352760315,0.012817367911338806
50x50 largo,3977,5090560.0,0.19376862049102783,0.1875,,,3.0,2.0,1.9523438215255737,0.9742499589920044,0.846875011920929,0.40982773900032043,0.0013006306253373623,0.16680729389190674,0.009421093389391899
50x50 largo,3978,5091840.0,0.0032181250862777233,0.0,,,0.0,1.0,1.8984375,0.9744999408721924,0.839648425579071,0.46114426851272583,0.003113021142780781,0.22908970713615417,0.0002116415707860142
50x50 largo,3979,5093120.0,0.14066599309444427,0.125,,,2.0,5.0,2.0062501430511475,0.9745999574661255,0.8160156607627869,0.45655372738838196,0.0010737930424511433,0.17783904075622559,0.00988401472568512
50x50 largo,3980,5094400.0,0.3220437169075012,0.3125,,,5.0,3.0,1.954687476158142,0.9749999642372131,0.8037109375,0.47931480407714844,0.002654620446264744,0.13770224153995514,0.013561428524553776
50x50 largo,3981,5095680.0,0.07187499850988388,0.0625,,,1.0,3.0,2.0640625953674316,0.9749999642372131,0.7750000357627869,0.4489574730396271,0.0053778537549078465,0.15769481658935547,0.0037032868713140488
50x50 largo,3982,5096960.0,0.3187499940395355,0.3125,,,5.0,2.0,1.935937523841858,0.9749999642372131,0.8070312738418579,0.4321593642234802,0.0015962491743266582,0.13364025950431824,0.012844317592680454
50x50 largo,3983,5098240.0,0.12813474237918854,0.125,,,2.0,1.0,1.869531273841858,0.975024938583374,0.8173828125,0.4405589699745178,0.000780825037509203,0.17618411779403687,0.005905620753765106
50x50 largo,3984,5099520.0,0.25312501192092896,0.25,,,4.0,1.0,1.7820312976837158,0.975024938583374,0.826367199420929,0.46575310826301575,0.0038853678852319717,0.20002895593643188,0.010774323716759682
50x50 largo,3985,5100800.0,0.4254467487335205,0.0,,,0.0,11.0,0.910937488079071,0.0322749987244606,0.866406261920929,0.36856308579444885,0.001630603801459074,0.15991076827049255,0.0012061926536262035
50x50 largo,3986,5102080.0,0.7612220048904419,0.0,,,0.0,16.0,1.138281226158142,0.09324999153614044,0.853515625,0.40139123797416687,0.00186251406557858,0.25060075521469116,0.0021274364553391933
50x50 largo,3987,5103360.0,0.8166292905807495,0.0,,,0.0,11.0,2.1039063930511475,0.16580000519752502,0.816601574420929,0.4636228084564209,0.0018941882299259305,0.24406659603118896,0.0017229332588613033
50x50 largo,3988,5104640.0,0.9207227230072021,0.0,,,0.0,17.0,2.953906297683716,0.2547000050544739,0.7701172232627869,0.497244656085968,0.0006556467851623893,0.28025999665260315,0.001648645382374525
50x50 largo,3989,5105920.0,0.7552673816680908,0.0,,,0.0,2.0,3.5132813453674316,0.34072500467300415,0.772656261920929,0.5220071077346802,0.004034711979329586,0.22532887756824493,0.0007583639235235751
50x50 largo,3990,5107200.0,0.835124135017395,0.1875,,,3.0,4.0,3.621875047683716,0.42367497086524963,0.732617199420929,0.518902599811554,0.0010816261637955904,0.33949077129364014,0.009655972942709923
50x50 largo,3991,5108480.0,0.5050787925720215,0.0625,,,1.0,2.0,3.733593702316284,0.4882499575614929,0.7388672232627869,0.488962322473526,0.007235406897962093,0.23156073689460754,0.003997366409748793
50x50 largo,3992,5109760.0,0.5541077852249146,0.125,,,2.0,2.0,3.6382813453674316,0.5591999888420105,0.783203125,0.442356675863266,0.004025161266326904,0.12271468341350555,0.005704580806195736
50x50 largo,3993,5111040.0,0.47735345363616943,0.125,,,2.0,2.0,3.6796875,0.6280749440193176,0.807421863079071,0.412205308675766,0.003355297027155757,0.12585929036140442,0.0035315323621034622
50x50 largo,3994,5112320.0,0.3991953730583191,0.125,,,2.0,2.0,3.7203125953674316,0.6897249817848206,0.8158203363418579,0.44294875860214233,0.001990286633372307,0.17240938544273376,0.006252276711165905
50x50 largo,3995,5113600.0,0.5814148783683777,0.375,,,6.0,4.0,3.5914063453674316,0.7403499484062195,0.8060547113418579,0.43055057525634766,0.0009041532757692039,0.17846624553203583,0.01625942811369896
50x50 largo,3996,5114880.0,0.8269232511520386,0.6875,,,11.0,5.0,3.3343751430511475,0.7797249555587769,0.814453125,0.4060973525047302,0.0016206672880798578,0.2622275650501251,0.03231525421142578
50x50 largo,3997,5116160.0,0.338096022605896,0.25,,,4.0,4.0,3.221874952316284,0.8074249625205994,0.8255859613418579,0.3794928789138794,0.004914244636893272,0.18225643038749695,0.011293621733784676
50x50 largo,3998,5117440.0,0.361077219247818,0.3125,,,5.0,4.0,3.1617188453674316,0.8228999376296997,0.8451172113418579,0.4112430512905121,0.0016320731956511736,0.1787683069705963,0.01572849228978157
50x50 largo,3999,5118720.0,0.17327938973903656,0.125,,,2.0,4.0,3.1812500953674316,0.8405249714851379,0.841992199420929,0.3749711513519287,0.0026036188937723637,0.1771613508462906,0.006623042747378349
50x50 largo,4000,5120000.0,0.2875242531299591,0.25,,,4.0,3.0,3.20703125,0.8553499579429626,0.864453136920929,0.3852897882461548,0.002800380578264594,0.17575407028198242,0.011420942842960358
50x50 largo,1,1280.0,0.767012357711792,0.0,,,0.0,17.0,0.510937511920929,0.059449996799230576,0.11269531399011612,0.27681007981300354,0.0013660950353369117,26.731840133666992,14.596355438232422
50x50 largo,2000,2560000.0,0.3847712278366089,0.375,,,6.0,3.0,2.9906251430511475,0.9805999994277954,0.01640625111758709,0.5612194538116455,0.004282394424080849,0.3265020251274109,0.01393247488886118
50x50 largo,4000,5120000.0,0.30400875210762024,0.25,,,4.0,4.0,3.678906202316284,0.8335999250411987,0.0,0.6490222215652466,0.0020694914273917675,0.19485478103160858,0.011362671852111816
50x50 largo,6000,7680000.0,0.013598000630736351,0.0,,,0.0,2.0,3.690624952316284,0.9400500059127808,0.0,0.9616249799728394,0.005574267357587814,0.34440696239471436,0.0003641931398306042
50x50 largo,8000,10240000.0,0.07714899629354477,0.0625,,,1.0,2.0,3.2210938930511475,0.6985999941825867,0.0003906250058207661,0.9071855545043945,0.003668474964797497,0.2181614637374878,0.002627115696668625
50x50 largo,10000,12800000.0,2.512505125196185e-05,0.0,,,0.0,0.0,3.75,0.9929249286651611,0.0,0.9873673319816589,0.004746571183204651,0.22050443291664124,0.0002878967789001763
50x50 largo,12000,15360000.0,0.19803614914417267,0.1875,,,3.0,3.0,3.7562501430511475,0.9393249750137329,0.0011718750465661287,0.7038987874984741,0.007174037862569094,0.21980512142181396,0.013796628452837467
50x50 largo,14000,17920000.0,0.24884049594402313,0.0625,,,1.0,2.0,3.59765625,0.5188499689102173,0.0,1.0475982427597046,0.0018976529827341437,0.21456822752952576,0.0046111708506941795
50x50 largo,16000,20480000.0,0.14224012196063995,0.125,,,2.0,4.0,2.268749952316284,0.9408749938011169,0.0,0.9431177377700806,0.004838759079575539,0.22231456637382507,0.00488704489544034
50x50 largo,18000,23040000.0,0.2765621244907379,0.25,,,4.0,2.0,3.40625,0.8365749716758728,0.0,0.9625762701034546,0.006776442285627127,0.3428618311882019,0.015591196715831757
50x50 largo,20000,25600000.0,0.12838074564933777,0.125,,,2.0,1.0,3.2953126430511475,0.9682999849319458,0.0,0.858270525932312,0.008667480200529099,0.22406916320323944,0.003495228011161089
50x50 largo,22000,28160000.0,0.01507012639194727,0.0,,,0.0,0.0,3.0625,0.7995249629020691,0.0,0.9402995109558105,0.0040283408015966415,0.23111209273338318,0.000233602273510769
50x50 largo,24000,30720000.0,0.2009734958410263,0.125,,,2.0,2.0,3.19921875,0.38979998230934143,0.0,0.9418627619743347,0.0036461062263697386,0.22068266570568085,0.008019673638045788
50x50 largo,26000,33280000.0,0.0072222501039505005,0.0,,,0.0,2.0,3.774218797683716,0.8808249235153198,0.0,1.0616048574447632,0.007370855193585157,0.28794658184051514,0.0009348229505121708
50x50 largo,28000,35840000.0,0.3001081049442291,0.25,,,4.0,5.0,3.4312500953674316,0.8197000026702881,0.0,0.9344692230224609,0.0023692750837653875,0.21095864474773407,0.011797184124588966
50x50 largo,30000,38400000.0,0.0002337501646252349,0.0,,,0.0,0.0,2.625,0.9551999568939209,0.0,0.8590283393859863,0.002086517633870244,0.1719999760389328,0.00027093885000795126
50x50 largo,32000,40960000.0,0.004844001028686762,0.0,,,0.0,0.0,3.25,0.9015249609947205,0.0,0.9008387923240662,0.0028850832022726536,0.22318023443222046,0.00021476727852132171
50x50 largo,34000,43520000.0,0.21856138110160828,0.0625,,,1.0,1.0,3.3617188930511475,0.5733999609947205,0.0,1.0469789505004883,0.006456268951296806,0.22756877541542053,0.0028748037293553352
50x50 largo,36000,46080000.0,0.0033885000739246607,0.0,,,0.0,1.0,3.1078126430511475,0.9076999425888062,0.0,0.9011678695678711,0.002495627850294113,0.22206945717334747,0.0007461263448931277
50x50 largo,38000,48640000.0,0.18303975462913513,0.125,,,2.0,3.0,3.59765625,0.8080499768257141,0.0,0.9438360929489136,0.0015589863760396838,0.186784029006958,0.004824523814022541
50x50 largo,40000,51200000.0,0.19062499701976776,0.1875,,,3.0,1.0,3.3140625953674316,0.9845249652862549,0.00019531250291038305,0.8405335545539856,0.0025703776627779007,0.21680064499378204,0.0045513734221458435
50x50 largo,42000,53760000.0,0.2669389843940735,0.25,,,4.0,4.0,2.934375047683716,0.927299976348877,0.0,0.976738691329956,0.005259783938527107,0.270679235458374,0.009152282029390335
50x50 largo,44000,56320000.0,0.15797899663448334,0.0625,,,1.0,2.0,3.3460938930511475,0.33899998664855957,0.0009765625,1.0376603603363037,0.0037025720812380314,0.21503815054893494,0.003419162007048726
50x50 largo,46000,58880000.0,0.001508375396952033,0.0,,,0.0,0.0,2.5625,0.9063500165939331,0.0,0.9425374269485474,0.0038996832445263863,0.2540282607078552,0.00018881019786931574
50x50 largo,48000,61440000.0,0.2852528691291809,0.25,,,4.0,3.0,3.221874952316284,0.8133000135421753,0.0,0.9204620718955994,0.002124250866472721,0.1945626437664032,0.00875263661146164
50x50 largo,50000,64000000.0,0.06297925114631653,0.0625,,,1.0,0.0,3.5054688453674316,0.9608249664306641,0.00019531250291038305,1.1452064514160156,0.004529464058578014,0.23980474472045898,0.0018022328149527311
50x50 largo,52000,66560000.0,0.06356062740087509,0.0625,,,1.0,0.0,3.694531202316284,0.7037999629974365,0.0007812500116415322,1.1189954280853271,0.0033955732360482216,0.21468520164489746,0.0018443777225911617
50x50 largo,54000,69120000.0,0.296538382768631,0.125,,,2.0,6.0,3.487499952316284,0.577049970626831,0.00019531250291038305,1.0568790435791016,0.0034077560994774103,0.20062948763370514,0.003952296916395426
50x50 largo,56000,71680000.0,0.2647823989391327,0.25,,,4.0,4.0,3.5414063930511475,0.9452500343322754,0.0,1.247288703918457,0.004185429774224758,0.3034510612487793,0.01538850087672472
50x50 largo,58000,74240000.0,0.32997602224349976,0.25,,,4.0,5.0,2.3671875,0.7309499979019165,0.0,1.0902223587036133,0.004041154403239489,0.2319408357143402,0.009421426802873611
50x50 largo,1,1280.0,0.7662315964698792,0.0625,,,1.0,14.0,0.586718738079071,0.05482500046491623,0.09160156548023224,0.2382928431034088,0.001039667520672083,33.1213493347168,16.115867614746094
50x50 largo,2000,2560000.0,0.077647365629673,0.0625,,,1.0,4.0,3.0562500953674316,0.9311750531196594,0.6488281488418579,0.36170536279678345,0.0014384952373802662,0.1816488355398178,0.0035815341398119926
50x50 largo,4000,5120000.0,0.18115411698818207,0.125,,,2.0,6.0,3.65625,0.7761750221252441,0.42558595538139343,0.07743671536445618,0.000597379170358181,0.09350177645683289,0.0053785271011292934
50x50 largo,6000,7680000.0,0.20314949750900269,0.1875,,,3.0,5.0,3.26953125,0.9934250116348267,0.4749999940395355,0.01046295277774334,0.00012397757382132113,0.09027233719825745,0.012299515306949615
50x50 largo,8000,10240000.0,0.45475274324417114,0.4375,,,7.0,5.0,3.132031202316284,0.9592000246047974,0.5521484613418579,0.022806916385889053,0.0009493691031821072,0.09236986935138702,0.015763724222779274
50x50 largo,10000,12800000.0,0.2625022530555725,0.25,,,4.0,4.0,2.992968797683716,0.9981250166893005,0.583203136920929,0.023763010278344154,0.0017205507028847933,0.05333787947893143,0.011954906396567822
50x50 largo,12000,15360000.0,0.39693161845207214,0.375,,,6.0,7.0,3.090625047683716,0.9888250827789307,0.6328125,0.008470546454191208,0.0001238544355146587,0.07681992650032043,0.02322697453200817
50x50 largo,14000,17920000.0,0.7908037900924683,0.75,,,12.0,6.0,3.116406202316284,0.8934000730514526,0.5902343988418579,0.013948062434792519,0.0009841177379712462,0.08815877139568329,0.0392330065369606
50x50 largo,16000,20480000.0,0.25942063331604004,0.25,,,4.0,3.0,3.274218797683716,0.9934250712394714,0.646484375,0.030064310878515244,0.001177213154733181,0.171621173620224,0.01215137168765068
50x50 largo,18000,23040000.0,0.26927101612091064,0.25,,,4.0,6.0,3.332812547683716,0.9794750213623047,0.6099609732627869,0.016411952674388885,0.00044589326716959476,0.07383792847394943,0.012134348973631859
50x50 largo,20000,25600000.0,0.3281264901161194,0.3125,,,5.0,5.0,2.8492188453674316,0.9956250190734863,0.6328125,0.014508956111967564,0.0010220046387985349,0.050670333206653595,0.018582643941044807
50x50 largo,22000,28160000.0,0.6312874555587769,0.625,,,10.0,2.0,3.25,0.9925750494003296,0.541210949420929,0.016123294830322266,0.001777472672984004,0.11944135278463364,0.02872813679277897
50x50 largo,24000,30720000.0,0.554357647895813,0.5,,,8.0,6.0,3.245312452316284,0.8609499931335449,0.5439453125,0.01696779578924179,0.001224369858391583,0.09097137302160263,0.022339284420013428
50x50 largo,26000,33280000.0,0.325012743473053,0.3125,,,5.0,4.0,3.0914063453674316,0.9923000335693359,0.7425781488418579,0.010866783559322357,0.00047228275798261166,0.04459591954946518,0.013609145767986774
50x50 largo,28000,35840000.0,0.259996622800827,0.25,,,4.0,3.0,3.225781202316284,0.974975049495697,0.6474609375,0.042184971272945404,0.0025087064132094383,0.08820831775665283,0.011173311620950699
50x50 largo,30000,38400000.0,0.19376061856746674,0.1875,,,3.0,2.0,1.802343726158142,0.9867750406265259,0.589648425579071,0.029392339289188385,0.0026315145660191774,0.06539954245090485,0.008267957717180252
50x50 largo,32000,40960000.0,0.14063824713230133,0.125,,,2.0,5.0,3.1015625,0.9901750087738037,0.648632824420929,0.06178539991378784,0.001649246085435152,0.09120447933673859,0.005587693303823471
50x50 largo,34000,43520000.0,0.5385532379150391,0.5,,,8.0,4.0,3.172656297683716,0.8631750345230103,0.526562511920929,0.011616026982665062,0.0011156332911923528,0.09752124547958374,0.022282253950834274
50x50 largo,36000,46080000.0,0.0031456248834729195,0.0,,,0.0,1.0,1.6789063215255737,0.9796500205993652,0.6830078363418579,0.022333351895213127,0.0007271170616149902,0.11559173464775085,6.360551924444735e-05
50x50 largo,38000,48640000.0,0.06327450275421143,0.0625,,,1.0,0.0,1.31640625,0.9005250334739685,0.711132824420929,0.04262194037437439,0.00030913736554794014,0.1127142533659935,0.0020393626764416695
50x50 largo,40000,51200000.0,0.0002451248001307249,0.0,,,0.0,0.0,0.3125,0.940850019454956,0.935351550579071,0.30167901515960693,0.0035684416070580482,0.22358055412769318,2.2320684365695342e-05
50x50 largo,42000,53760000.0,0.13495375216007233,0.125,,,2.0,2.0,1.1554688215255737,0.860450029373169,0.6976562738418579,0.12648159265518188,0.001585196703672409,0.04489719122648239,0.0036967690102756023
50x50 largo,44000,56320000.0,0.3255601227283478,0.25,,,4.0,7.0,3.207812547683716,0.8289750218391418,0.46308594942092896,0.019000085070729256,0.0003544344217516482,0.08414214104413986,0.011824384331703186
50x50 largo,46000,58880000.0,0.2625024914741516,0.25,,,4.0,4.0,2.3687500953674316,0.9900500178337097,0.760937511920929,0.010624926537275314,0.004317288286983967,0.059142328798770905,0.011030902154743671
50x50 largo,48000,61440000.0,0.2599466145038605,0.25,,,4.0,3.0,3.133593797683716,0.9802000522613525,0.5908203125,0.007046522106975317,0.0002119873824995011,0.08685337007045746,0.01507913414388895
50x50 largo,50000,64000000.0,0.003181374864652753,0.0,,,0.0,1.0,1.291406273841858,0.9812750816345215,0.7064453363418579,0.03693276643753052,0.0007713963859714568,0.1530284434556961,6.464352190960199e-05
50x50 largo,52000,66560000.0,0.4469161331653595,0.4375,,,7.0,3.0,2.9921875,0.9910750389099121,0.745898425579071,0.011624755337834358,0.00042506831232458353,0.05289391055703163,0.02506912685930729
50x50 largo,54000,69120000.0,0.287168025970459,0.25,,,4.0,3.0,3.042187452316284,0.8630500435829163,0.6421875357627869,0.01964246854186058,0.005937972106039524,0.11257226765155792,0.009962029755115509
50x50 largo,56000,71680000.0,0.40000760555267334,0.375,,,6.0,8.0,2.792187452316284,0.9953500032424927,0.7425781488418579,0.012742795050144196,0.0006980540929362178,0.08462244272232056,0.017330393195152283
50x50 largo,58000,74240000.0,0.1376202553510666,0.125,,,2.0,0.0,1.235937476158142,0.8109500408172607,0.666210949420929,0.06869864463806152,0.0007413006969727576,0.05600230395793915,0.005815686658024788
50x50 largo,60000,76800000.0,0.13750599324703217,0.125,,,2.0,4.0,3.2992188930511475,0.9935250282287598,0.931640625,0.013068713247776031,0.00012131737457821146,0.037034936249256134,0.006292714737355709
50x50 largo,62000,79360000.0,0.39412716031074524,0.375,,,6.0,4.0,3.05859375,0.945175051689148,0.9019531607627869,0.005902732256799936,4.95779313496314e-05,0.0481097437441349,0.020213544368743896
50x50 largo,64000,81920000.0,0.2872183620929718,0.1875,,,3.0,4.0,3.5445313453674316,0.6953500509262085,0.693164050579071,0.023027971386909485,0.002492697909474373,0.07932616025209427,0.006359626539051533
50x50 largo,66000,84480000.0,0.08453211933374405,0.0625,,,1.0,7.0,3.31640625,0.9816000461578369,0.9462890625,0.036778055131435394,0.0001664444280322641,0.05345818027853966,0.002820472000166774
50x50 largo,68000,87040000.0,0.2029854953289032,0.1875,,,3.0,3.0,2.782031297683716,0.8623500466346741,0.8519531488418579,0.015423664823174477,0.00018006391474045813,0.06284058839082718,0.008860055357217789
50x50 largo,70000,89600000.0,0.38465648889541626,0.375,,,6.0,3.0,1.8046875,0.9857000112533569,0.7552734613418579,0.016473587602376938,0.0007048521656543016,0.09143523871898651,0.021447811275720596
50x50 largo,72000,92160000.0,0.2690817415714264,0.25,,,4.0,6.0,2.89453125,0.9794750213623047,0.777539074420929,0.01793425716459751,0.0015092665562406182,0.05581182241439819,0.012482850812375546
50x50 largo,74000,94720000.0,0.2552182376384735,0.1875,,,3.0,2.0,3.508593797683716,0.6667500734329224,0.4912109375,0.015038078650832176,0.0009863548912107944,0.08105078339576721,0.008532358333468437
50x50 largo,76000,97280000.0,0.25312814116477966,0.25,,,4.0,1.0,1.5500000715255737,0.9939000606536865,0.7542968988418579,0.03239595890045166,0.0005600447184406221,0.08832159638404846,0.012291338294744492
50x50 largo,78000,99840000.0,0.010602498427033424,0.0,,,0.0,2.0,3.0171875953674316,0.8761000037193298,0.708203136920929,0.058894649147987366,0.0008594321552664042,0.17571958899497986,0.00030907924519851804
50x50 largo,80000,102400000.0,2.3499987946706824e-05,0.0,,,0.0,0.0,4.0,0.5694250464439392,0.0029296875,0.45671290159225464,0.00245292903855443,0.15281012654304504,1.7857399114973305e-08
50x50 largo,82000,104960000.0,0.38440775871276855,0.375,,,6.0,3.0,2.266406297683716,0.9909250736236572,0.45820313692092896,0.08531275391578674,0.0022709190379828215,0.13858816027641296,0.01436610333621502
50x50 largo,84000,107520000.0,0.5931774973869324,0.5625,,,9.0,2.0,3.116406202316284,0.8951250314712524,0.4326171875,0.02406412921845913,0.0006380004924722016,0.10312166810035706,0.022096022963523865
50x50 largo,86000,110080000.0,0.06587386876344681,0.0625,,,1.0,1.0,2.2578125,0.9949250221252441,0.540234386920929,0.03322266414761543,0.0013400628231465816,0.1241820827126503,0.0009998113382607698
50x50 largo,88000,112640000.0,0.46126386523246765,0.4375,,,7.0,6.0,2.926562547683716,0.9462500810623169,0.3412109315395355,0.022017251700162888,0.0014419120270758867,0.08688356727361679,0.01885601505637169
50x50 largo,90000,115200000.0,0.06251312792301178,0.0625,,,1.0,0.0,2.0703125,0.9868250489234924,0.4525390565395355,0.04417010396718979,0.0016300615388900042,0.06003556773066521,0.002523947972804308
50x50 largo,92000,117760000.0,0.07501374185085297,0.0625,,,1.0,4.0,3.53515625,0.9959500432014465,0.3568359315395355,0.016081415116786957,0.0013830773532390594,0.07116512954235077,0.0033250791020691395
50x50 largo,94000,120320000.0,0.5537537336349487,0.5,,,8.0,7.0,3.0765626430511475,0.8705250024795532,0.36445313692092896,0.014111913740634918,0.0003638855996541679,0.09158356487751007,0.031022150069475174
50x50 largo,96000,122880000.0,0.3843837380409241,0.375,,,6.0,3.0,3.272656202316284,0.9977250099182129,0.4791015684604645,0.02158951759338379,0.0008907998562790453,0.06744304299354553,0.024479012936353683
50x50 largo,98000,125440000.0,0.44710052013397217,0.4375,,,7.0,3.0,3.315624952316284,0.9892250299453735,0.3666015565395355,0.01812315359711647,0.001975479768589139,0.06828072667121887,0.02316395379602909
50x50 largo,100000,128000000.0,0.203125,0.1875,,,3.0,5.0,2.4742188453674316,0.9984750151634216,0.592968761920929,0.01840522512793541,0.0005201178719289601,0.07619670778512955,0.00792643055319786
50x50 largo,102000,130560000.0,0.19805437326431274,0.1875,,,3.0,3.0,3.3695313930511475,0.9027249813079834,0.3515625,0.053602300584316254,0.0017388707492500544,0.09225080907344818,0.008430495858192444
50x50 largo,104000,133120000.0,0.30287086963653564,0.25,,,4.0,3.0,3.731250047683716,0.7946750521659851,0.07246094197034836,0.01474091224372387,0.0001159712701337412,0.05353466048836708,0.009530019015073776
50x50 largo,106000,135680000.0,0.19392001628875732,0.1875,,,3.0,2.0,2.961718797683716,0.9758750200271606,0.45527344942092896,0.025319553911685944,0.0009054287220351398,0.09897159039974213,0.009203704074025154
50x50 largo,108000,138240000.0,0.2020273506641388,0.1875,,,3.0,3.0,3.05078125,0.9262750148773193,0.20468750596046448,0.03391072526574135,0.0004128504660911858,0.09130288660526276,0.009615662507712841
50x50 largo,110000,140800000.0,0.04682299867272377,0.0,,,0.0,6.0,2.4820313453674316,0.9494500756263733,0.28437501192092896,0.04111067205667496,0.0014101113192737103,0.11411333829164505,0.0005016648792661726
50x50 largo,112000,143360000.0,0.19781023263931274,0.1875,,,3.0,3.0,2.940624952316284,0.9031500816345215,0.16777344048023224,0.1145741418004036,0.002583866473287344,0.07796433568000793,0.008955610916018486
50x50 largo,114000,145920000.0,0.3410544991493225,0.1875,,,3.0,3.0,3.465625047683716,0.47005000710487366,0.03984374925494194,0.0814385637640953,0.0009019090794026852,0.09996326267719269,0.007300572004169226
50x50 largo,116000,148480000.0,0.1416735202074051,0.125,,,2.0,5.0,3.159374952316284,0.9226250648498535,0.22832031548023224,0.028430473059415817,0.002048598136752844,0.07701703161001205,0.0053067514672875404
50x50 largo,118000,151040000.0,0.07543575018644333,0.0625,,,1.0,1.0,3.2640626430511475,0.8587000370025635,0.09531249850988388,0.01123360637575388,0.00029738328885287046,0.12378568202257156,0.003903051605448127
50x50 largo,120000,153600000.0,0.15356086194515228,0.0625,,,1.0,5.0,2.590625047683716,0.8945000171661377,0.24296875298023224,0.016983220353722572,0.0007371345418505371,0.07756835967302322,0.005538011435419321
50x50 largo,122000,156160000.0,0.19845275580883026,0.1875,,,3.0,3.0,3.015625,0.9557250738143921,0.44707033038139343,0.02381911873817444,0.001065172255039215,0.08037173748016357,0.008833046071231365
50x50 largo,124000,158720000.0,0.3995363712310791,0.3125,,,5.0,4.0,2.866406202316284,0.6828500032424927,0.3046875,0.06105949729681015,0.0015657099429517984,0.14661432802677155,0.014804976992309093
50x50 largo,126000,161280000.0,0.2657324969768524,0.25,,,4.0,5.0,2.600781202316284,0.9774750471115112,0.37617188692092896,0.023914193734526634,0.003531369613483548,0.06849921494722366,0.011441875249147415
50x50 largo,128000,163840000.0,0.28640425205230713,0.25,,,4.0,7.0,2.81640625,0.8721500635147095,0.24394531548023224,0.02954268828034401,0.0010636403458192945,0.07980052381753922,0.015034647658467293
50x50 largo,130000,166400000.0,0.19704312086105347,0.125,,,2.0,4.0,2.8460938930511475,0.8837250471115112,0.2591796815395355,0.029184795916080475,0.002638947917148471,0.035742998123168945,0.004505430348217487
50x50 largo,132000,168960000.0,0.45408427715301514,0.4375,,,7.0,5.0,2.862499952316284,0.9595750570297241,0.23457030951976776,0.015440835617482662,0.0005704331560991704,0.0744982361793518,0.024162381887435913
50x50 largo,134000,171520000.0,0.3849141299724579,0.3125,,,5.0,3.0,3.3960938453674316,0.6869000196456909,0.13906250894069672,0.16366475820541382,0.003456151345744729,0.08663675934076309,0.013436621055006981
50x50 largo,136000,174080000.0,0.07546737045049667,0.0625,,,1.0,3.0,2.9351563453674316,0.9498250484466553,0.12617187201976776,0.014640389010310173,0.0009179577464237809,0.060964297503232956,0.0034397889394313097
50x50 largo,138000,176640000.0,0.007878749631345272,0.0,,,0.0,1.0,3.609375,0.5000750422477722,0.0341796875,0.4781099557876587,0.0036984423641115427,0.16628380119800568,0.00018349982565268874
50x50 largo,140000,179200000.0,0.2366398572921753,0.1875,,,3.0,1.0,2.858593702316284,0.8454500436782837,0.03847656399011612,0.07133641093969345,0.00015071526286192238,0.13575324416160583,0.006125342100858688
50x50 largo,142000,181760000.0,0.011372623965144157,0.0,,,0.0,2.0,3.4195313453674316,0.8847500085830688,0.03769531473517418,0.01019925344735384,0.0007674184162169695,0.07475242018699646,0.0001875059533631429
50x50 largo,144000,184320000.0,0.3582864999771118,0.25,,,4.0,5.0,3.31640625,0.6581000089645386,0.0011718750465661287,0.12364449352025986,0.001018134062178433,0.08934401720762253,0.014294402673840523
50x50 largo,146000,186880000.0,0.0691436156630516,0.0625,,,1.0,2.0,3.6234376430511475,0.9726500511169434,0.00390625,0.027987897396087646,0.00012939749285578728,0.04719460383057594,0.002736304886639118
50x50 largo,148000,189440000.0,0.3313376307487488,0.3125,,,5.0,4.0,3.4117188453674316,0.9042250514030457,0.0013671874767169356,0.22492706775665283,0.0012183638755232096,0.10640425980091095,0.008737125433981419
50x50 largo,150000,192000000.0,0.28027138113975525,0.1875,,,3.0,9.0,3.1117188930511475,0.9245750308036804,0.0003906250058207661,0.37203899025917053,0.001304585486650467,0.13299018144607544,0.007386252284049988
50x50 largo,152000,194560000.0,0.263194739818573,0.25,,,4.0,4.0,3.133593797683716,0.9744000434875488,0.002539062639698386,0.2371113896369934,0.0007918799528852105,0.08144721388816833,0.01047303806990385
50x50 largo,154000,197120000.0,0.1198907420039177,0.0625,,,1.0,3.0,3.5015625953674316,0.6656750440597534,0.0003906250058207661,0.051949210464954376,0.000743174459785223,0.1234302967786789,0.0030864847358316183
50x50 largo,156000,199680000.0,0.0,0.0,,,0.0,0.0,2.0,0.91777503490448,0.0003906250058207661,0.12833759188652039,0.0017160488059744239,0.11401064693927765,7.84338844823651e-05
50x50 largo,158000,202240000.0,0.20198187232017517,0.1875,,,3.0,2.0,1.8601562976837158,0.8218750357627869,0.012890624813735485,0.07081711292266846,0.000836567603982985,0.08048920333385468,0.0048553794622421265
50x50 largo,160000,204800000.0,0.32006460428237915,0.25,,,4.0,3.0,1.7578125,0.9074749946594238,0.03925781324505806,0.058608949184417725,0.0003278699587099254,0.07847344875335693,0.006321273744106293
50x50 largo,162000,207360000.0,0.1439221203327179,0.125,,,2.0,5.0,1.857812523841858,0.91367506980896,0.008007812313735485,0.1797007918357849,0.0009221844375133514,0.12008987367153168,0.005464230664074421
50x50 largo,164000,209920000.0,0.7346625328063965,0.625,,,10.0,7.0,3.3148438930511475,0.7317249774932861,0.0021484375465661287,0.028652779757976532,0.0002987551561091095,0.07838582247495651,0.027733948081731796
50x50 largo,166000,212480000.0,0.39439234137535095,0.375,,,6.0,6.0,3.2445313930511475,0.9740999937057495,0.0033203125931322575,0.04398050159215927,0.00037492444971576333,0.09132397174835205,0.011706163175404072
50x50 largo,168000,215040000.0,0.3966987133026123,0.375,,,6.0,3.0,3.4593751430511475,0.9010250568389893,0.0052734375931322575,0.25290238857269287,0.00320602604188025,0.11656663566827774,0.01090712659060955
50x50 largo,170000,217600000.0,0.361569344997406,0.3125,,,5.0,5.0,2.801562547683716,0.9394500255584717,0.0015625000232830644,0.2314988225698471,0.0006836096290498972,0.1349608153104782,0.010948555544018745
50x50 largo,172000,220160000.0,0.38601425290107727,0.375,,,6.0,2.0,2.774218797683716,0.9261250495910645,0.0263671875,0.021226054057478905,9.359891555504873e-05,0.08497341722249985,0.014011343941092491
50x50 largo,174000,222720000.0,0.3493654727935791,0.25,,,4.0,5.0,2.700000047683716,0.7020250558853149,0.011914062313735485,0.053341131657361984,0.0008823235984891653,0.11467482894659042,0.009209715761244297
50x50 largo,176000,225280000.0,0.08127712458372116,0.0625,,,1.0,6.0,2.7875001430511475,0.9925000667572021,0.0037109374534338713,0.056818313896656036,0.0010938628111034632,0.10852397978305817,0.0032915049232542515
50x50 largo,178000,227840000.0,0.20304350554943085,0.1875,,,3.0,3.0,1.881250023841858,0.9014250636100769,0.04355468973517418,0.11268408596515656,0.0018029530765488744,0.10367754846811295,0.006071870215237141
50x50 largo,180000,230400000.0,0.3733816146850586,0.25,,,4.0,3.0,2.020312547683716,0.8258000612258911,0.0068359375,0.07101882994174957,0.0007509147399105132,0.09400707483291626,0.009099382907152176
50x50 largo,182000,232960000.0,0.12834249436855316,0.125,,,2.0,1.0,2.485156297683716,0.8627500534057617,0.025390625,0.1280716061592102,0.0009347200393676758,0.07951357960700989,0.004296140745282173
50x50 largo,184000,235520000.0,0.5676221251487732,0.5,,,8.0,8.0,3.407031297683716,0.8336500525474548,0.004687500186264515,0.04140297695994377,0.00045312661677598953,0.12881067395210266,0.01895264722406864
50x50 largo,186000,238080000.0,0.06589099764823914,0.0625,,,1.0,1.0,3.0625,0.9691250324249268,0.01718750037252903,0.03911980241537094,0.0003920061863027513,0.05539657920598984,0.0031183906830847263
50x50 largo,188000,240640000.0,0.22048762440681458,0.1875,,,3.0,4.0,2.975781202316284,0.8942500352859497,0.0011718750465661287,0.04825268313288689,0.0001273672969546169,0.07263614237308502,0.00842942763119936
50x50 largo,190000,243200000.0,0.410885751247406,0.3125,,,5.0,2.0,3.16796875,0.8582000136375427,0.0027343749534338713,0.02296973019838333,0.00011970398190896958,0.07687076926231384,0.013502657413482666
50x50 largo,192000,245760000.0,0.32300886511802673,0.3125,,,5.0,3.0,2.663281202316284,0.9275000095367432,0.01679687574505806,0.033633265644311905,0.00017927706358022988,0.05708939954638481,0.013178902678191662
50x50 eficiente,1,4096.0,0.7506250143051147,0.4375,13.5,0.54,7.0,54.0,2.1318359375,0.32792502641677856,0.63165283203125,0.030551336705684662,0.0004239435656927526,0.08291034400463104,0.018213659524917603
50x50 eficiente,2000,8192000.0,1.541374921798706,1.0625,18.0,0.72,17.0,13.0,2.85107421875,0.9956000447273254,0.58807373046875,0.007822005078196526,0.00046589740668423474,0.05208569020032883,0.025821879506111145
50x50 eficiente,4000,16384000.0,1.1586250066757202,0.75,2.5,0.1,12.0,20.0,2.9228515625,0.9931250810623169,0.5694580078125,0.009143915958702564,0.00032486015697941184,0.08123070746660233,0.021270303055644035
50x50 eficiente,6000,24576000.0,1.2421247959136963,0.875,14.5,0.58,14.0,13.0,3.274169921875,0.9932250380516052,0.54132080078125,0.00781505461782217,0.0004185534780845046,0.08332805335521698,0.02917380817234516
50x50 eficiente,8000,32768000.0,0.9912499189376831,0.5625,13.0,0.52,9.0,13.0,2.412353515625,0.9905250072479248,0.587158203125,0.006497548893094063,0.0006880315486341715,0.05933508276939392,0.016736213117837906
50x50 eficiente,10000,40960000.0,0.7982499599456787,0.5625,7.0,0.28,9.0,6.0,3.45947265625,0.9446500539779663,0.5389404296875,0.004556929226964712,0.0003937328001484275,0.059542980045080185,0.018708910793066025
50x50 eficiente,12000,49152000.0,0.9478749632835388,0.625,0.0,0.0,10.0,17.0,3.16552734375,0.978725016117096,0.56243896484375,0.005167627707123756,0.00029773428104817867,0.07428908348083496,0.018550682812929153
50x50 eficiente,14000,57344000.0,1.450624942779541,1.0,13.0,0.52,16.0,14.0,2.893798828125,0.9751750230789185,0.56561279296875,0.0042615123093128204,8.336230530403554e-05,0.04534391313791275,0.027471624314785004
50x50 eficiente,16000,65536000.0,1.6714999675750732,1.1875,1.0,0.04,19.0,19.0,3.103271484375,0.950825035572052,0.55511474609375,0.005520619451999664,0.00019237757078371942,0.07218308001756668,0.03385345637798309
50x50 eficiente,18000,73728000.0,1.465250015258789,1.0625,0.0,0.0,17.0,18.0,3.388671875,0.9113000631332397,0.5323486328125,0.007112931460142136,0.0003210171707905829,0.06816346198320389,0.03565185144543648
50x50 eficiente,20000,81920000.0,2.4231247901916504,1.75,0.0,0.0,28.0,28.0,2.83544921875,0.5087500214576721,0.5643310546875,0.013012959621846676,0.00044368268572725356,0.16894367337226868,0.04030364751815796
50x50 eficiente,22000,90112000.0,1.88462495803833,1.3125,1.0,0.04,21.0,22.0,2.681640625,0.3431999981403351,0.59228515625,0.013502193614840508,0.0006220248760655522,0.13623559474945068,0.020115600898861885
50x50 eficiente,24000,98304000.0,0.797124981880188,0.4375,22.5,0.9,7.0,50.0,1.6123046875,0.18290001153945923,0.76141357421875,0.025097858160734177,0.0006336733931675553,0.07907094061374664,0.010400775820016861
50x50 eficiente,26000,106496000.0,1.3524999618530273,0.875,0.5,0.02,14.0,13.0,2.713623046875,0.9896250367164612,0.63165283203125,0.003328031627461314,0.000183400436071679,0.01596188172698021,0.02286820486187935
50x50 eficiente,28000,114688000.0,1.2925000190734863,0.875,2.5,0.1,14.0,12.0,3.077392578125,0.929650068283081,0.5928955078125,0.008091798983514309,0.0001899076160043478,0.08773086965084076,0.022276710718870163
50x50 eficiente,30000,122880000.0,1.2248749732971191,0.75,0.0,0.0,12.0,18.0,2.59375,0.8954000473022461,0.64007568359375,0.004722968675196171,0.0010572744067758322,0.07054338604211807,0.022281840443611145
50x50 eficiente,32000,131072000.0,1.3101248741149902,0.875,7.5,0.30000000000000004,14.0,13.0,2.9296875,0.9106500744819641,0.6253662109375,0.013403872027993202,0.0002848761505447328,0.0606488436460495,0.03320341557264328
