commit	full_hash	date	refs	family	subject	changed_file_count	change_statuses	changed_paths
04b2937	04b2937865510df094cb1b7612ddf028b9c3aab5	2026-06-10T20:37:23-03:00	.	foundation-task-contract	Initial commit	1	A	README.md
a26d681	a26d681b17123f7639dec4a7a1c771c8530e5780	2026-06-10T20:44:49-03:00	.	communication-memory-bytes	feat: add ant byte foraging env	9	A	.gitignore;ant_byte_env/__init__.py;ant_byte_env/env.py;ant_byte_env/sprites.py;examples/random_rollout.py;pyproject.toml;tests/test_determinism.py;tests/test_env_api.py;tests/test_render.py
76118c6	76118c67178e9b843308a4422025cec3cd250a31	2026-06-10T20:46:18-03:00	.	communication-memory-bytes	docs: document ant byte assets	7	A;M	ASSET_CREDITS.md;LICENSE;README.md;ant_byte_env/assets/ant.png;ant_byte_env/assets/food.png;ant_byte_env/assets/hub.png;ant_byte_env/assets/tile.png
13a3afb	13a3afba33798708c4871e88b16b41aafe34bc66	2026-06-10T20:47:31-03:00	.	foundation-task-contract	test: cover sprite loading and edge cases	2	A;M	tests/test_env_api.py;tests/test_sprites.py
dd83222	dd83222692afbf0c2fbddcd191bbc50e11eaf494	2026-06-10T20:55:11-03:00	.	foundation-task-contract	chore: add random rollout launcher	2	A;M	README.md;launch_random_rollout.py
11b581d	11b581d7f2a8b63b8a9ddaacfbf3b32ce8d731ea	2026-06-10T21:06:21-03:00	.	communication-memory-bytes	fix: reward colony deliveries and deplete food sources	5	M	README.md;ant_byte_env/env.py;launch_random_rollout.py;tests/test_env_api.py;tests/test_render.py
3839151	38391516c56dec709411c340afb30020aa464455	2026-06-10T21:10:07-03:00	.	communication-memory-bytes	feat: rotate ants by facing direction	3	M	ant_byte_env/env.py;tests/test_env_api.py;tests/test_render.py
c912195	c91219552180b54284b2a48123e93a425235eaa9	2026-06-10T21:19:38-03:00	.	foundation-task-contract	feat: export random rollouts as video	4	A;M	README.md;launch_random_rollout.py;pyproject.toml;tests/test_launcher.py
67dbd92	67dbd92bc64155b96933b6000e3ae81a89fa5ec3	2026-06-10T21:37:32-03:00	.	communication-memory-bytes	chore: replace ant and food sprites	3	M	ASSET_CREDITS.md;ant_byte_env/assets/ant.png;ant_byte_env/assets/food.png
cc695f5	cc695f5a14e84dc80e732012057f134128b445ae	2026-06-10T21:43:20-03:00	.	communication-memory-bytes	fix: use cookie colors for food indicators	1	M	ant_byte_env/env.py
cddfc09	cddfc09ef7971c8a1e010f836dd392ae5266d754	2026-06-10T21:51:31-03:00	.	communication-memory-bytes	fix: render cookie counts in white	1	M	ant_byte_env/env.py
27c36fc	27c36fc625152ce390619f7a5e308b9ba7e4c28a	2026-06-10T21:55:52-03:00	.	communication-memory-bytes	fix: block byte writes on food and hub tiles	3	M	README.md;ant_byte_env/env.py;tests/test_env_api.py
59ca795	59ca7952367dae7015769083e76f7986bc4ed03f	2026-06-10T21:57:30-03:00	.	foundation-task-contract	chore: enlarge random rollout defaults	3	M	README.md;launch_random_rollout.py;tests/test_launcher.py
9771434	97714340303698c51965e6273b18903467b4b523	2026-06-10T22:06:48-03:00	.	communication-memory-bytes	feat: add model-controlled ant agents	4	A;M	README.md;ant_byte_env/__init__.py;ant_byte_env/agent.py;tests/test_agent.py
5ec0431	5ec043148b7eef8dd4d12fad9e6847069417f6a3	2026-06-10T22:18:28-03:00	.	communication-memory-bytes	refactor: remove ant agent abstraction	4	D;M	README.md;ant_byte_env/__init__.py;ant_byte_env/agent.py;tests/test_agent.py
62a2e0a	62a2e0a0bd4da85d998bf929e270bb0522c20b7d	2026-06-10T22:22:49-03:00	.	foundation-task-contract	docs: add random rollout video	2	A;M	README.md;docs/media/random-rollout.mp4
f6baf53	f6baf53463088c267607bf96b162751cf3de642a	2026-06-10T22:25:49-03:00	.	jax-mappo-training-core	docs: remove rollout video fallback link	1	M	README.md
4f00c61	4f00c612ff719ce11ac1e4dc95787ae8e20b760f	2026-06-10T22:32:03-03:00	.	foundation-task-contract	docs: embed rollout gif in readme	2	A;M	README.md;docs/media/random-rollout.gif
451af73	451af73f31baf4109c934bcf2504b51fac9d3806	2026-06-11T15:29:55-03:00	.	communication-memory-bytes	feat: add torchrl mappo curriculum	12	A;M	.gitignore;README.md;ant_byte_env/__init__.py;ant_byte_env/env.py;ant_byte_env/vault.py;notebooks/train_mappo_curriculum.ipynb;pyproject.toml;tests/test_env_api.py;tests/test_train_mappo.py;tests/test_vault.py;train_mappo.py;vault/.gitkeep
774d196	774d196bac582dd90143f7ca54075fbe3136c631	2026-06-11T15:47:01-03:00	.	communication-memory-bytes	feat: add jax environment core	5	A;M	README.md;ant_byte_env/jax_env.py;pyproject.toml;tests/test_jax_env.py;tests/test_launcher.py
ac72984	ac72984cbc3b77451ea3cef7a0543a9053d3e0f2	2026-06-11T16:30:15-03:00	.	jax-mappo-training-core	feat: add jax mappo trainer	5	A;M	README.md;tests/test_launcher.py;tests/test_train_mappo_jax.py;train_mappo_jax.py;train_mappo_jax_core.py
fc5de3f	fc5de3f0dbe177131042efeb37d74d1d9e9577fb	2026-06-11T16:37:43-03:00	.	jax-mappo-training-core	docs: update curriculum notebook for jax training	1	M	notebooks/train_mappo_curriculum.ipynb
028eacb	028eacbc6a09abdd28ad26b7bc100dba25d26175	2026-06-11T16:43:53-03:00	.	jax-mappo-training-core	fix: avoid repeated jax trainer startup in notebook	3	M	notebooks/train_mappo_curriculum.ipynb;tests/test_train_mappo_jax.py;train_mappo_jax.py
b186625	b186625531b6b2cfa656abfecd2bf9be93ed2ccd	2026-06-11T16:59:30-03:00	.	jax-mappo-training-core	docs: add cuda jax install extra	3	M	README.md;notebooks/train_mappo_curriculum.ipynb;pyproject.toml
345612f	345612ff18c2fcc4f5a696c94ec74ba4b79fc9fe	2026-06-11T19:55:43-03:00	.	jax-mappo-training-core	feat: add actor border mask	5	M	README.md;tests/test_train_mappo.py;tests/test_train_mappo_jax.py;train_mappo.py;train_mappo_jax_core.py
ebe50af	ebe50af7307756f580586c9719808d669a58e57b	2026-06-11T20:15:21-03:00	.	jax-mappo-training-core	fix: stabilize jax curriculum notebook	1	M	notebooks/train_mappo_curriculum.ipynb
4a0b853	4a0b8536e99a04377129fa2864271c1dd388a9fd	2026-06-11T20:44:41-03:00	.	communication-memory-bytes	feat: add jax communication curriculum notebook	1	A	notebooks/train_jax_communication_curriculum.ipynb
3d9fae8	3d9fae8bac1956142f9bb94393e5e67c5ef45f59	2026-06-11T21:06:17-03:00	.	communication-memory-bytes	chore: move package to src layout	11	M;R100	launch_random_rollout.py;pyproject.toml;src/ant_byte_env/__init__.py;src/ant_byte_env/assets/ant.png;src/ant_byte_env/assets/food.png;src/ant_byte_env/assets/hub.png;src/ant_byte_env/assets/tile.png;src/ant_byte_env/env.py;src/ant_byte_env/jax_env.py;src/ant_byte_env/sprites.py;src/ant_byte_env/vault.py
19098d9	19098d9d753ca33931382a16c1bb19b9e1b52e8b	2026-06-11T21:08:35-03:00	.	communication-memory-bytes	refactor: split torch mappo trainer	13	A;D;M	src/ant_byte_env/training/__init__.py;src/ant_byte_env/training/torch_mappo/__init__.py;src/ant_byte_env/training/torch_mappo/checkpointing.py;src/ant_byte_env/training/torch_mappo/cli.py;src/ant_byte_env/training/torch_mappo/curriculum.py;src/ant_byte_env/training/torch_mappo/evaluation.py;src/ant_byte_env/training/torch_mappo/model.py;src/ant_byte_env/training/torch_mappo/observations.py;src/ant_byte_env/training/torch_mappo/rollout.py;src/ant_byte_env/training/torch_mappo/runner.py;src/ant_byte_env/training/torch_mappo/visualization.py;tests/test_train_mappo.py;train_mappo.py
e646a13	e646a13cabb16c40df54e98bd7ca094f31e2e272	2026-06-11T21:10:11-03:00	.	communication-memory-bytes	refactor: split jax mappo trainer	9	A;D;M;R100	src/ant_byte_env/training/jax_mappo/__init__.py;src/ant_byte_env/training/jax_mappo/checkpointing.py;src/ant_byte_env/training/jax_mappo/cli.py;src/ant_byte_env/training/jax_mappo/core.py;src/ant_byte_env/training/jax_mappo/curriculum.py;src/ant_byte_env/training/jax_mappo/rollout.py;src/ant_byte_env/training/jax_mappo/runner.py;tests/test_train_mappo_jax.py;train_mappo_jax.py
cc072b7	cc072b725eb2c26276e913ce71216c2d89967dd2	2026-06-11T21:15:55-03:00	.	communication-memory-bytes	feat: add research workflow cli	16	A;M	.gitignore;experiments/communication_bits.json;experiments/forage_curriculum.json;experiments/smoke.json;src/ant_byte_env/cli.py;src/ant_byte_env/experiments.py;src/ant_byte_env/rendering.py;src/ant_byte_env/results.py;src/ant_byte_env/runs.py;src/ant_byte_env/training/jax_mappo/__init__.py;src/ant_byte_env/training/jax_mappo/cli.py;src/ant_byte_env/training/jax_mappo/runner.py;src/ant_byte_env/training/jax_mappo/warm_start.py;src/ant_byte_env/training/torch_mappo/cli.py;src/ant_byte_env/training/torch_mappo/runner.py;tests/test_research_workflow.py
2e1aa07	2e1aa07a83d3c26c8b50b09406412930cbd0b532	2026-06-11T21:22:11-03:00	.	communication-memory-bytes	docs: curate research artifacts	6	A;M	README.md;experiments/communication_bits.json;notebooks/train_jax_communication_curriculum.ipynb;notebooks/train_mappo_curriculum.ipynb;results/curated/README.md;results/curated/index.json
7fe745b	7fe745b91ffe34e90b40ee9d54b46a0716daa964	2026-06-11T21:27:52-03:00	.	communication-memory-bytes	fix: load legacy jax checkpoints	2	A;M	src/ant_byte_env/training/jax_mappo/core.py;tests/test_notebooks.py
7f9430e	7f9430eb9a828aa33e613703a9b26d4da4883201	2026-06-11T21:30:13-03:00	.	jax-mappo-training-core	fix: add legacy jax core shim	2	A;M	tests/test_notebooks.py;train_mappo_jax_core.py
6288fe6	6288fe6a39c0c3a66baff2e8db9f78c477508148	2026-06-11T22:28:05-03:00	.	communication-memory-bytes	refactor: remove legacy compatibility shims	13	D;M	README.md;experiments/communication_bits.json;notebooks/train_jax_communication_curriculum.ipynb;results/curated/README.md;results/curated/index.json;src/ant_byte_env/cli.py;src/ant_byte_env/results.py;src/ant_byte_env/training/jax_mappo/__init__.py;src/ant_byte_env/training/jax_mappo/core.py;src/ant_byte_env/training/jax_mappo/warm_start.py;tests/test_notebooks.py;tests/test_research_workflow.py;train_mappo_jax_core.py
5acb453	5acb453eb54a57f50b76a2a95a01830c257cf428	2026-06-11T23:02:22-03:00	.	communication-memory-bytes	fix: repair communication notebook render cell	1	M	notebooks/train_jax_communication_curriculum.ipynb
6c7f204	6c7f2045a15dc3381359a3eb7b0288585dc214f4	2026-06-12T09:57:08-03:00	.	communication-memory-bytes	fix: transfer communication training from forage policy	11	A;M	README.md;experiments/communication_bits.json;notebooks/train_jax_communication_curriculum.ipynb;notebooks/train_mappo_curriculum.ipynb;src/ant_byte_env/cli.py;src/ant_byte_env/training/jax_mappo/__init__.py;src/ant_byte_env/training/jax_mappo/checkpointing.py;src/ant_byte_env/training/jax_mappo/runner.py;src/ant_byte_env/training/jax_mappo/transfer.py;tests/test_research_workflow.py;tests/test_train_mappo_jax.py
f4af1a4	f4af1a4a2ba820ff1c902cf057393114dcef5d0c	2026-06-12T10:10:44-03:00	.	communication-memory-bytes	fix: reload jax runner in communication notebook	1	M	notebooks/train_jax_communication_curriculum.ipynb
78b34b5	78b34b5747d6b828bccbeeb7c588212c7e47c066	2026-06-12T10:36:07-03:00	.	communication-memory-bytes	fix: render ant vision in checkpoint videos	8	A;M	README.md;notebooks/train_jax_communication_curriculum.ipynb;src/ant_byte_env/cli.py;src/ant_byte_env/rendering.py;src/ant_byte_env/training/torch_mappo/visualization.py;src/ant_byte_env/visualization.py;tests/test_notebooks.py;tests/test_render.py
e65e440	e65e4402c2ea3ccca4bf07cead5e927454270889	2026-06-12T15:17:39-03:00	.	autocurriculum-exploration-baselines	feat: extend MAPPO curriculum to 25x25	3	M	experiments/forage_curriculum.json;notebooks/train_mappo_curriculum.ipynb;tests/test_notebooks.py
037dc52	037dc520fe87584f71e15b16dd77fd4a20586a1f	2026-06-12T17:02:28-03:00	.	ant-count-25x25-autoresearch	feat: add jax ant-count curriculum notebook	2	A;M	notebooks/train_jax_ant_count_curriculum.ipynb;tests/test_notebooks.py
4014816	4014816f122dd8eb5a9c1cf9d165c53d717911fe	2026-06-12T17:38:21-03:00	.	communication-memory-bytes	fix: preserve jax food count state	3	M	src/ant_byte_env/jax_env.py;tests/test_jax_env.py;tests/test_train_mappo_jax.py
0f2938c	0f2938c8d110be8d8ddfca5017ec2f439beb3d15	2026-06-12T17:48:16-03:00	.	communication-memory-bytes	feat: add ant occupancy grid to state	9	M	src/ant_byte_env/env.py;src/ant_byte_env/jax_env.py;src/ant_byte_env/training/jax_mappo/core.py;src/ant_byte_env/training/jax_mappo/transfer.py;src/ant_byte_env/training/torch_mappo/observations.py;tests/test_env_api.py;tests/test_jax_env.py;tests/test_train_mappo.py;tests/test_train_mappo_jax.py
22e19de	22e19de67b796cf498765daed674d61875b9e548	2026-06-13T18:37:01-03:00	.	communication-memory-bytes	feat: make ant vision forward-facing	14	M	README.md;src/ant_byte_env/__init__.py;src/ant_byte_env/env.py;src/ant_byte_env/jax_env.py;src/ant_byte_env/training/jax_mappo/cli.py;src/ant_byte_env/training/jax_mappo/core.py;src/ant_byte_env/training/jax_mappo/transfer.py;src/ant_byte_env/training/torch_mappo/cli.py;src/ant_byte_env/training/torch_mappo/observations.py;src/ant_byte_env/visualization.py;tests/test_env_api.py;tests/test_jax_env.py;tests/test_train_mappo.py;tests/test_train_mappo_jax.py
4d7eea0	4d7eea087e2b2aeba4bb3d56c0d3eb27925632ec	2026-06-13T19:03:05-03:00	.	communication-memory-bytes	feat: add body-relative ant movement	11	M	README.md;src/ant_byte_env/__init__.py;src/ant_byte_env/env.py;src/ant_byte_env/jax_env.py;src/ant_byte_env/training/jax_mappo/core.py;src/ant_byte_env/training/jax_mappo/transfer.py;src/ant_byte_env/training/torch_mappo/model.py;tests/test_env_api.py;tests/test_jax_env.py;tests/test_train_mappo.py;tests/test_train_mappo_jax.py
1f49809	1f4980919f403fb3b7f3c3db14befdfacb21a4a9	2026-06-14T09:50:20-03:00	.	infra-tests-ci-cleanup	docs: add conda environment setup	2	A;M	README.md;environment.yml
5cf5faa	5cf5faa72513c258e319ab1ea7f423ba1c9b4e29	2026-06-14T09:50:49-03:00	.	autocurriculum-exploration-baselines	feat: add direct-goal baseline experiment	5	A;M	README.md;experiments/direct_goal_baseline.json;notebooks/train_jax_direct_goal_baseline.ipynb;tests/test_notebooks.py;tests/test_research_workflow.py
1d7cf5b	1d7cf5bfc6fb829440f10086085d274fcd3275ea	2026-06-14T09:52:15-03:00	.	communication-memory-bytes	fix: preserve JAX rollout state across updates	3	M	src/ant_byte_env/training/jax_mappo/rollout.py;src/ant_byte_env/training/jax_mappo/runner.py;tests/test_train_mappo_jax.py
887fc70	887fc70f6f2c0cc9dd6b9da8b41ca2a3bdb698c5	2026-06-14T09:52:26-03:00	.	communication-memory-bytes	feat: add JAX checkpoint evaluation helpers	3	A;M	src/ant_byte_env/training/jax_mappo/__init__.py;src/ant_byte_env/training/jax_mappo/evaluation.py;tests/test_train_mappo_jax.py
5026962	50269622f86e4d0e1d52f16b435a11cadf38ceea	2026-06-14T09:53:29-03:00	.	communication-memory-bytes	fix: use Python 3.10 UTC timezone APIs	4	M	src/ant_byte_env/results.py;src/ant_byte_env/runs.py;src/ant_byte_env/vault.py;tests/test_vault.py
6056309	6056309700680e03778b9040eb890a9575e93953	2026-06-14T10:20:23-03:00	.	communication-memory-bytes	untracked files on main: 4d7eea0 feat: add body-relative ant movement	2	A	src/ant_byte_env/notebook_workflows.py;tests/test_notebook_workflows.py
f064215	f064215e6f44f35678ff00f899a8923affb63590	2026-06-14T10:20:23-03:00	.	foundation-task-contract	index on main: 4d7eea0 feat: add body-relative ant movement	0	.	.
ac1aa40	ac1aa404cdcdfc0b7bf901f722358f5c944bf2e5	2026-06-14T10:20:23-03:00	refs/stash	unclassified-review-needed	On main: codex-before-pull-origin-main-2026-06-14	0	.	.
529ec9b	529ec9b54e7eab5d466f8527ee20fce422fc2a3e	2026-06-14T10:25:28-03:00	.	unclassified-review-needed	Merge remote-tracking branch 'origin/main'	0	.	.
0e138c0	0e138c070d2713acf7092cef305c9026d1ffbdfb	2026-06-15T10:57:55-03:00	.	communication-memory-bytes	feat: improve communication curriculum workflow	40	A;M	README.md;autoresearch/GOAL.md;autoresearch/README.md;autoresearch/ideas/000-communication-bits.md;autoresearch/protocol.md;autoresearch/templates/experiment.md;experiments/communication_bits.json;experiments/forage_curriculum.json;notebooks/train_jax_ant_count_curriculum.ipynb;notebooks/train_jax_communication_curriculum.ipynb;notebooks/train_jax_direct_goal_baseline.ipynb;notebooks/train_mappo_curriculum.ipynb;src/ant_byte_env/__init__.py;src/ant_byte_env/cli.py;src/ant_byte_env/env.py;src/ant_byte_env/jax_env.py;src/ant_byte_env/notebook_workflows.py;src/ant_byte_env/rendering.py;src/ant_byte_env/training/jax_mappo/__init__.py;src/ant_byte_env/training/jax_mappo/cli.py;src/ant_byte_env/training/jax_mappo/core.py;src/ant_byte_env/training/jax_mappo/evaluation.py;src/ant_byte_env/training/jax_mappo/rollout.py;src/ant_byte_env/training/jax_mappo/runner.py;src/ant_byte_env/training/jax_mappo/transfer.py;src/ant_byte_env/training/torch_mappo/checkpointing.py;src/ant_byte_env/training/torch_mappo/cli.py;src/ant_byte_env/training/torch_mappo/evaluation.py;src/ant_byte_env/training/torch_mappo/observations.py;src/ant_byte_env/training/torch_mappo/rollout.py;src/ant_byte_env/training/torch_mappo/runner.py;src/ant_byte_env/visualization.py;tests/test_env_api.py;tests/test_jax_env.py;tests/test_notebook_workflows.py;tests/test_notebooks.py;tests/test_render.py;tests/test_research_workflow.py;tests/test_train_mappo.py;tests/test_train_mappo_jax.py
0add6a5	0add6a5173c01fe417fecd5c9fcf8cedde672267	2026-06-15T11:02:48-03:00	.	communication-memory-bytes	feat: add write bit entropy reward	5	M	src/ant_byte_env/training/jax_mappo/__init__.py;src/ant_byte_env/training/jax_mappo/cli.py;src/ant_byte_env/training/jax_mappo/core.py;src/ant_byte_env/training/jax_mappo/rollout.py;tests/test_train_mappo_jax.py
629516d	629516dda40aa610c949bdc7a1c2e6316a2b6aca	2026-06-15T11:11:32-03:00	.	communication-memory-bytes	fix: randomize rollout starts	4	M	src/ant_byte_env/notebook_workflows.py;src/ant_byte_env/training/jax_mappo/evaluation.py;tests/test_notebook_workflows.py;tests/test_train_mappo_jax.py
91aeb3d	91aeb3d1638b69734052f51b115e8350923c8672	2026-06-15T11:19:06-03:00	.	communication-memory-bytes	feat: add write head transfer modes	6	M	experiments/communication_bits.json;src/ant_byte_env/training/jax_mappo/cli.py;src/ant_byte_env/training/jax_mappo/runner.py;src/ant_byte_env/training/jax_mappo/transfer.py;tests/test_notebook_workflows.py;tests/test_train_mappo_jax.py
fd30efb	fd30efbdadb343c99dacb31b26b546f09d5f02ff	2026-06-15T11:27:27-03:00	.	communication-memory-bytes	feat: add communication checkpoint probe	5	A;M	src/ant_byte_env/cli.py;src/ant_byte_env/training/jax_mappo/__init__.py;src/ant_byte_env/training/jax_mappo/probe.py;tests/test_research_workflow.py;tests/test_train_mappo_jax.py
85c6470	85c647011d48531fe687263ab080264d8784b168	2026-06-15T11:30:30-03:00	.	jax-mappo-training-core	docs: add communication sweep matrix	2	A;M	autoresearch/communication_sweep.json;tests/test_research_workflow.py
92293fb	92293fb66569ea9235d1d5b4cbe25e5435893a18	2026-06-15T11:35:39-03:00	.	communication-memory-bytes	feat: plan communication sweep commands	3	A;M	src/ant_byte_env/autoresearch.py;src/ant_byte_env/cli.py;tests/test_research_workflow.py
3480705	3480705bb89b0046ea425fc08360135becd41130	2026-06-15T11:38:47-03:00	.	communication-memory-bytes	feat: execute communication sweep plans	3	M	src/ant_byte_env/autoresearch.py;src/ant_byte_env/cli.py;tests/test_research_workflow.py
ecc4b27	ecc4b27e11368885f4aebe606909330bb17f698b	2026-06-15T11:44:02-03:00	.	communication-memory-bytes	fix: guard autoresearch resource usage	3	M	src/ant_byte_env/autoresearch.py;src/ant_byte_env/cli.py;tests/test_research_workflow.py
4b6ddc3	4b6ddc338a6486ebab48605ca4a91e879ad178ce	2026-06-15T11:45:26-03:00	.	communication-memory-bytes	fix: report autoresearch preflight failures cleanly	3	M	src/ant_byte_env/autoresearch.py;src/ant_byte_env/cli.py;tests/test_research_workflow.py
4e760e0	4e760e0c75cafebe53a421b7ad6d22f71047e403	2026-06-15T11:51:58-03:00	.	communication-memory-bytes	feat: isolate autoresearch run roots	3	M	src/ant_byte_env/autoresearch.py;src/ant_byte_env/cli.py;tests/test_research_workflow.py
b24fd65	b24fd659b020af241d7d06ab6e934719897e83a4	2026-06-15T12:00:24-03:00	.	communication-memory-bytes	fix: resample jax mappo rollouts each update	2	M	src/ant_byte_env/training/jax_mappo/runner.py;tests/test_train_mappo_jax.py
4b03628	4b03628544797598d22b8b7af0c4867f8fc7e056	2026-06-15T12:20:43-03:00	.	communication-memory-bytes	fix: keep autoresearch probes bounded	4	M	src/ant_byte_env/autoresearch.py;src/ant_byte_env/cli.py;src/ant_byte_env/training/jax_mappo/probe.py;tests/test_research_workflow.py
fa27145	fa27145da49926e2a459f706b702a236cc8188bd	2026-06-15T13:36:23-03:00	.	ant-count-25x25-autoresearch	feat: add communication consolidation sweep	1	A	autoresearch/communication_consolidation_sweep.json
ac1d5ea	ac1d5ea03b337c1ceadb4d3e4b29c508e55d61e5	2026-06-15T13:44:26-03:00	.	ant-count-25x25-autoresearch	feat: add communication consolidation replications	1	M	autoresearch/communication_consolidation_sweep.json
4468fa9	4468fa9b8084028c4b2b818d0f1cfe075977d71d	2026-06-15T13:57:57-03:00	.	ant-count-25x25-autoresearch	docs: record communication consolidation results	1	A	autoresearch/ideas/001-communication-consolidation.md
78389ba	78389ba4c1b2e928dc491686fb68f0ecf8806d2b	2026-06-15T14:01:59-03:00	.	communication-memory-bytes	feat: promote communication consolidation stage	5	M	experiments/communication_bits.json;notebooks/train_jax_communication_curriculum.ipynb;src/ant_byte_env/notebook_workflows.py;tests/test_notebook_workflows.py;tests/test_notebooks.py
c53fc37	c53fc3797aca253fa4f19bef8d52736b8c7db820	2026-06-15T14:04:37-03:00	.	ant-count-25x25-autoresearch	feat: add communication consolidation duration sweep	1	M	autoresearch/communication_consolidation_sweep.json
1326d9b	1326d9bfe832dd4425652a5339ce520457cc3da1	2026-06-15T14:12:01-03:00	.	communication-memory-bytes	feat: promote longer communication consolidation	3	A;M	autoresearch/ideas/002-communication-consolidation-duration.md;experiments/communication_bits.json;tests/test_notebooks.py
bc79f2c	bc79f2c662439b777f08ca2a7aa012b8b105575e	2026-06-15T14:12:54-03:00	.	ant-count-25x25-autoresearch	feat: add long consolidation replications	1	M	autoresearch/communication_consolidation_sweep.json
270ec97	270ec973d7627f38a704787c98e8da628e125e96	2026-06-15T14:19:08-03:00	.	ant-count-25x25-autoresearch	docs: record long consolidation replication	1	A	autoresearch/ideas/003-long-consolidation-replication.md
b0b1751	b0b17517032b3cd1a7e6074f608684269a5de158	2026-06-15T14:20:02-03:00	.	ant-count-25x25-autoresearch	feat: add forage polish sweep	1	M	autoresearch/communication_consolidation_sweep.json
83b54c6	83b54c65b0ff60fd16ce4a7842e2aff248293625	2026-06-15T14:32:01-03:00	.	communication-memory-bytes	feat: promote communication forage polish	6	A;M	autoresearch/ideas/004-communication-forage-polish.md;experiments/communication_bits.json;notebooks/train_jax_communication_curriculum.ipynb;src/ant_byte_env/notebook_workflows.py;tests/test_notebook_workflows.py;tests/test_notebooks.py
5dd48f3	5dd48f38e3d30ea20e81936b7c2ce589beda442a	2026-06-15T14:36:59-03:00	.	communication-memory-bytes	feat: add promoted communication validation plan	4	A;M	autoresearch/communication_sweep.json;autoresearch/ideas/005-promoted-validation-plan.md;src/ant_byte_env/autoresearch.py;tests/test_research_workflow.py
65d0531	65d0531f06d0fbf45d4949884f4c21702e82def1	2026-06-15T14:56:43-03:00	.	ant-count-25x25-autoresearch	feat: record promoted validation replication	5	A;M	autoresearch/communication_sweep.json;autoresearch/ideas/006-promoted-validation-pv1.md;src/ant_byte_env/training/jax_mappo/probe.py;tests/test_research_workflow.py;tests/test_train_mappo_jax.py
104a751	104a7519a969b28f4db4105df6750ecaa3cabae4	2026-06-15T15:10:41-03:00	.	ant-count-25x25-autoresearch	docs: record promoted validation pv2	1	A	autoresearch/ideas/007-promoted-validation-pv2.md
a68937d	a68937d2e49e532cd477cf7f7ecdd66956f9d0d0	2026-06-15T15:25:34-03:00	.	ant-count-25x25-autoresearch	feat: add communication polish length experiment	3	A;M	autoresearch/communication_sweep.json;autoresearch/ideas/008-promoted-validation-aggregate.md;tests/test_research_workflow.py
25cb978	25cb97865b63a8de1b2368dd16f824d067261e39	2026-06-15T15:31:52-03:00	.	ant-count-25x25-autoresearch	feat: add shorter communication polish experiment	3	A;M	autoresearch/communication_sweep.json;autoresearch/ideas/009-polish-length-pl0.md;tests/test_research_workflow.py
f7d4b31	f7d4b3148fbb5513438a15a4b871e5211762d6a2	2026-06-15T15:38:23-03:00	.	ant-count-25x25-autoresearch	feat: add short polish replication experiments	3	A;M	autoresearch/communication_sweep.json;autoresearch/ideas/010-polish-length-pl1.md;tests/test_research_workflow.py
8ae6f08	8ae6f088df6dd198b039d40481ba3acf9cbf1b6b	2026-06-15T15:43:12-03:00	.	ant-count-25x25-autoresearch	docs: record short polish replication results	1	A	autoresearch/ideas/011-short-polish-replication.md
f8f1bf1	f8f1bf108590196b22b4c30e7af44e54b136f8a7	2026-06-15T15:48:33-03:00	.	ant-count-25x25-autoresearch	docs: add short polish eval16 probes	1	M	autoresearch/ideas/011-short-polish-replication.md
2ad416c	2ad416c79609797720d79f80a3936685c9bbfe6b	2026-06-15T15:51:14-03:00	.	ant-count-25x25-autoresearch	feat: add short polish seed sweep	2	M	autoresearch/communication_sweep.json;tests/test_research_workflow.py
0a2b996	0a2b996b308d4b31375dab6999e4086d725ed0e5	2026-06-15T16:00:06-03:00	.	ant-count-25x25-autoresearch	docs: record pv3 short polish seed sweep	1	A	autoresearch/ideas/012-pv3-short-polish-seed-sweep.md
a5dd481	a5dd4814432d3cd176c3aaac638ee1247f0dc7e1	2026-06-15T16:01:01-03:00	.	ant-count-25x25-autoresearch	feat: add fixed-seed polish cross-source checks	2	M	autoresearch/communication_sweep.json;tests/test_research_workflow.py
6374428	6374428c5c70c4836ba4774dbe0b1708f2a3c1ce	2026-06-15T16:10:46-03:00	.	ant-count-25x25-autoresearch	docs: record fixed polish seed cross-source check	1	A	autoresearch/ideas/013-fixed-seed-805-cross-source.md
2c076f1	2c076f1f5af122f173a09dded6e13feb5805f9df	2026-06-15T16:11:57-03:00	.	ant-count-25x25-autoresearch	feat: add pv2 polish seed sweep	2	M	autoresearch/communication_sweep.json;tests/test_research_workflow.py
949b0b6	949b0b68c0569ed6acbf74c434cc9f196efa4a34	2026-06-15T16:21:14-03:00	.	ant-count-25x25-autoresearch	docs: record pv2 polish seed sweep	1	A	autoresearch/ideas/014-pv2-polish-seed-sweep.md
282f1b5	282f1b5bb3e2c31336c7fdcf14ade2d4647ebe65	2026-06-15T16:25:23-03:00	.	ant-count-25x25-autoresearch	feat: add probe-only polish gate candidates	3	M	autoresearch/communication_sweep.json;src/ant_byte_env/autoresearch.py;tests/test_research_workflow.py
cbe1a90	cbe1a904638dbea92532ed1cc0473d10172b2026	2026-06-15T16:41:28-03:00	.	ant-count-25x25-autoresearch	docs: record polish gate eval comparison	1	A	autoresearch/ideas/015-polish-gate-comparison.md
5f5a292	5f5a2920ba4049637a4f436fa6712ccfb5c669b3	2026-06-15T16:43:13-03:00	.	ant-count-25x25-autoresearch	feat: add pv1 polish seed gate candidates	2	M	autoresearch/communication_sweep.json;tests/test_research_workflow.py
6abc547	6abc54738f2c4fd58e8549a33f99953f5d4c069f	2026-06-15T16:51:17-03:00	.	ant-count-25x25-autoresearch	docs: record pv1 polish seed gate	1	A	autoresearch/ideas/016-pv1-polish-seed-gate.md
4a06a6f	4a06a6f75ca4ce9d91d389a5763b905e62998ca9	2026-06-15T16:53:58-03:00	.	communication-memory-bytes	feat: rank communication gate probes	3	M	src/ant_byte_env/autoresearch.py;src/ant_byte_env/cli.py;tests/test_research_workflow.py
caef663	caef66324833e8a0f2e34b61ad60149196f520b5	2026-06-15T16:54:59-03:00	.	communication-memory-bytes	docs: record communication gate ranking	1	A	autoresearch/ideas/017-gate-ranking-helper.md
af6abd3	af6abd35f0ea3d623f48c94e8f651f9d83a44da4	2026-06-15T16:56:20-03:00	.	ant-count-25x25-autoresearch	feat: add polish refine candidates	2	M	autoresearch/communication_sweep.json;tests/test_research_workflow.py
830df2b	830df2b78db3b317caf4a98c28569e7a0b820e44	2026-06-15T17:01:37-03:00	.	ant-count-25x25-autoresearch	docs: record polish refine result	1	A	autoresearch/ideas/018-polish-refine.md
e4c136b	e4c136b02e63ce3312d7a520ad234a88421d56a3	2026-06-15T17:02:55-03:00	.	ant-count-25x25-autoresearch	feat: add weak-source refine candidates	2	M	autoresearch/communication_sweep.json;tests/test_research_workflow.py
b1916b8	b1916b823c95b303bdec68f959a11f8970ca4ec7	2026-06-15T17:09:14-03:00	.	ant-count-25x25-autoresearch	docs: record weak-source refine result	1	A	autoresearch/ideas/019-weak-source-refine.md
30f592f	30f592f14b112514e6bacd05f5ab3099da0f0f67	2026-06-15T17:10:15-03:00	.	ant-count-25x25-autoresearch	docs: compare eval4 and eval16 gate scores	1	A	autoresearch/ideas/020-eval4-vs-eval16-gate.md
5978ddc	5978ddc81ddfe7fb79a6cfbbba582d4a5175ff23	2026-06-15T18:32:15-03:00	.	communication-memory-bytes	fix: separate movement and writing timesteps	11	M	README.md;src/ant_byte_env/env.py;src/ant_byte_env/jax_env.py;src/ant_byte_env/training/jax_mappo/cli.py;src/ant_byte_env/training/jax_mappo/core.py;src/ant_byte_env/training/jax_mappo/probe.py;src/ant_byte_env/training/torch_mappo/cli.py;src/ant_byte_env/training/torch_mappo/observations.py;tests/test_env_api.py;tests/test_jax_env.py;tests/test_train_mappo_jax.py
36d04ff	36d04ff6210279e70709ce085b0732d16a4faf86	2026-06-15T18:46:17-03:00	.	communication-memory-bytes	fix: shuffle evaluation layouts	4	M	src/ant_byte_env/training/jax_mappo/evaluation.py;src/ant_byte_env/training/torch_mappo/evaluation.py;tests/test_train_mappo.py;tests/test_train_mappo_jax.py
41602ae	41602ae899fb6e59f007b4a19707773e7cbf4e5c	2026-06-16T08:56:38-03:00	.	communication-memory-bytes	feat: expose cookie reward hyperparameter	7	M	README.md;src/ant_byte_env/notebook_workflows.py;src/ant_byte_env/training/jax_mappo/cli.py;src/ant_byte_env/training/torch_mappo/cli.py;tests/test_notebook_workflows.py;tests/test_train_mappo.py;tests/test_train_mappo_jax.py
ac010c5	ac010c59a12bb3e809f4ccd2a80176644af54d53	2026-06-16T09:01:10-03:00	.	jax-mappo-training-core	feat: raise forage curriculum cookie reward	1	M	notebooks/train_mappo_curriculum.ipynb
772be2d	772be2d2aaf540147d4baec5735b01b94c503381	2026-06-16T09:34:06-03:00	.	communication-memory-bytes	feat: expose forage curriculum gamma	8	M	README.md;notebooks/train_mappo_curriculum.ipynb;src/ant_byte_env/notebook_workflows.py;src/ant_byte_env/training/jax_mappo/cli.py;src/ant_byte_env/training/torch_mappo/cli.py;tests/test_notebook_workflows.py;tests/test_train_mappo.py;tests/test_train_mappo_jax.py
abbf879	abbf87915fd315a10662ff1a2a328d3a86f90643	2026-06-17T11:46:03-03:00	.	communication-memory-bytes	feat: extend forage curriculum to 50x50	34	M	README.md;autoresearch/GOAL.md;experiments/communication_bits.json;experiments/direct_goal_baseline.json;experiments/forage_curriculum.json;notebooks/train_jax_ant_count_curriculum.ipynb;notebooks/train_jax_communication_curriculum.ipynb;notebooks/train_mappo_curriculum.ipynb;src/ant_byte_env/cli.py;src/ant_byte_env/env.py;src/ant_byte_env/jax_env.py;src/ant_byte_env/notebook_workflows.py;src/ant_byte_env/rendering.py;src/ant_byte_env/training/jax_mappo/cli.py;src/ant_byte_env/training/jax_mappo/core.py;src/ant_byte_env/training/jax_mappo/evaluation.py;src/ant_byte_env/training/jax_mappo/probe.py;src/ant_byte_env/training/jax_mappo/rollout.py;src/ant_byte_env/training/jax_mappo/runner.py;src/ant_byte_env/training/jax_mappo/transfer.py;src/ant_byte_env/training/torch_mappo/checkpointing.py;src/ant_byte_env/training/torch_mappo/cli.py;src/ant_byte_env/training/torch_mappo/curriculum.py;src/ant_byte_env/training/torch_mappo/evaluation.py;src/ant_byte_env/training/torch_mappo/observations.py;src/ant_byte_env/training/torch_mappo/rollout.py;tests/test_env_api.py;tests/test_jax_env.py;tests/test_notebook_workflows.py;tests/test_notebooks.py;tests/test_render.py;tests/test_research_workflow.py;tests/test_train_mappo.py;tests/test_train_mappo_jax.py
9b06bb5	9b06bb5357d1ca7134d2a9f50e1106ea3d4e2f84	2026-06-17T13:58:58-03:00	.	communication-memory-bytes	feat: add optional wandb logging for jax runs	6	A;M	pyproject.toml;src/ant_byte_env/training/jax_mappo/cli.py;src/ant_byte_env/training/jax_mappo/runner.py;src/ant_byte_env/wandb_tracking.py;tests/test_train_mappo_jax.py;tests/test_wandb_tracking.py
435ea18	435ea18d180e10ac11740c9a0132d2e16f4f5e34	2026-06-17T14:01:02-03:00	.	communication-memory-bytes	feat: log curriculum previews to wandb	2	M	src/ant_byte_env/notebook_workflows.py;tests/test_notebook_workflows.py
57fef7c	57fef7cb8fa68a72de1b303f0ff1a723deb9b758	2026-06-17T14:02:39-03:00	.	jax-mappo-training-core	docs: expose wandb curriculum monitoring	3	M	README.md;notebooks/train_mappo_curriculum.ipynb;tests/test_notebooks.py
cdcb567	cdcb567acd12e63e669e4170185bfe264f39f8aa	2026-06-17T14:14:16-03:00	.	communication-memory-bytes	feat: enable jax forage distance shaping	4	M	src/ant_byte_env/training/jax_mappo/cli.py;src/ant_byte_env/training/jax_mappo/core.py;src/ant_byte_env/training/jax_mappo/rollout.py;tests/test_train_mappo_jax.py
132a3e9	132a3e929e230a46d8e7c63c9629f5a65533c9c7	2026-06-17T14:15:27-03:00	.	communication-memory-bytes	feat: limit curriculum wandb preview stages	2	M	src/ant_byte_env/notebook_workflows.py;tests/test_notebook_workflows.py
8b4b062	8b4b062f7aff3552f94c6f72cfaa773bd7851ced	2026-06-17T14:27:50-03:00	.	communication-memory-bytes	feat: add forage 50x50 autoresearch	4	A;M	autoresearch/forage_50x50_sweep.json;src/ant_byte_env/cli.py;src/ant_byte_env/forage_autoresearch.py;tests/test_research_workflow.py
0d08aa1	0d08aa19feb850add4420659248866463612dc4a	2026-06-17T14:43:04-03:00	.	communication-memory-bytes	feat: log forage rollout diagnostics	5	A;M	autoresearch/ideas/020-forage-50x50-r1-live.md;src/ant_byte_env/training/jax_mappo/core.py;src/ant_byte_env/training/jax_mappo/rollout.py;src/ant_byte_env/training/jax_mappo/runner.py;tests/test_train_mappo_jax.py
27abcc8	27abcc8f6dca2bef1494799f9b78cf67fe2cbca9	2026-06-17T14:53:41-03:00	.	jax-mappo-training-core	feat: add forage memory sweep candidates	3	A;M	autoresearch/forage_50x50_sweep.json;autoresearch/ideas/021-forage-50x50-h1-horizon.md;tests/test_research_workflow.py
8efc1b4	8efc1b4d0a324134173d7911b4f559e0322a8722	2026-06-17T14:57:02-03:00	.	communication-memory-bytes	feat: log jax write memory diagnostics	4	M	src/ant_byte_env/training/jax_mappo/core.py;src/ant_byte_env/training/jax_mappo/rollout.py;src/ant_byte_env/training/jax_mappo/runner.py;tests/test_train_mappo_jax.py
874ffc2	874ffc2c59412a1ebd3c6f77130ba4233b1afb37	2026-06-17T15:00:26-03:00	.	communication-memory-bytes	docs: record forage m1 memory run	1	A	autoresearch/ideas/022-forage-50x50-m1-memory.md
b97b056	b97b0563632b0732c927ad1cf3b34ea5761cc065	2026-06-17T19:00:26-03:00	.	jax-mappo-training-core	feat: add lighter forage memory candidate	3	A;M	autoresearch/forage_50x50_sweep.json;autoresearch/ideas/023-forage-50x50-m2-footprint.md;tests/test_research_workflow.py
d5d003d	d5d003db2a3d30c47778cce71db0e9b702ff47f1	2026-06-17T19:19:59-03:00	.	jax-mappo-training-core	feat: add lower-noise forage memory candidate	3	A;M	autoresearch/forage_50x50_sweep.json;autoresearch/ideas/024-forage-50x50-m3-write-noise.md;tests/test_research_workflow.py
2b3f41f	2b3f41fcd42ecddea283913fcd2b86514b44c3e5	2026-06-18T10:52:26-03:00	.	autocurriculum-exploration-baselines	feat: add ant byte autocurriculum env	3	A;M	src/ant_byte_env/__init__.py;src/ant_byte_env/autocurriculum_env.py;tests/test_autocurriculum_env.py
2da22a2	2da22a20857eca641a02dc007db2cbd0596ec7f5	2026-06-18T11:16:28-03:00	.	autocurriculum-exploration-baselines	feat: add JAX autocurriculum forage env	16	A;M	experiments/autocurriculum.json;notebooks/train_mappo_autocurriculum.ipynb;src/ant_byte_env/autocurriculum_env.py;src/ant_byte_env/jax_autocurriculum_env.py;src/ant_byte_env/notebook_workflows.py;src/ant_byte_env/rendering.py;src/ant_byte_env/training/jax_mappo/cli.py;src/ant_byte_env/training/jax_mappo/core.py;src/ant_byte_env/training/jax_mappo/curriculum.py;src/ant_byte_env/training/jax_mappo/evaluation.py;src/ant_byte_env/training/jax_mappo/runner.py;tests/test_autocurriculum_env.py;tests/test_jax_env.py;tests/test_notebook_workflows.py;tests/test_notebooks.py;tests/test_train_mappo_jax.py
13c623e	13c623effbfb4a313294b26a9a686f84bcf93b86	2026-06-18T11:21:54-03:00	.	autocurriculum-exploration-baselines	feat: expose autocurriculum advance cookies knob	2	M	notebooks/train_mappo_autocurriculum.ipynb;tests/test_notebooks.py
3828e65	3828e65d28deeae5aa9074e95db252e7b33bd674	2026-06-18T11:29:23-03:00	.	autocurriculum-exploration-baselines	feat: log autocurriculum rollout video to wandb	4	M	notebooks/train_mappo_autocurriculum.ipynb;src/ant_byte_env/notebook_workflows.py;tests/test_notebook_workflows.py;tests/test_notebooks.py
f795f2d	f795f2d9d23a6efa29b33bd9f7d32ed841c31824	2026-06-18T11:44:22-03:00	.	autocurriculum-exploration-baselines	fix: stabilize autocurriculum rollout frame size	2	M	src/ant_byte_env/autocurriculum_env.py;tests/test_autocurriculum_env.py
336803c	336803c4ec8c1fe32f64af92f61006848181e28c	2026-06-18T12:06:44-03:00	.	autocurriculum-exploration-baselines	perf: throttle jax mappo metric logging	6	M	experiments/autocurriculum.json;src/ant_byte_env/notebook_workflows.py;src/ant_byte_env/training/jax_mappo/cli.py;src/ant_byte_env/training/jax_mappo/runner.py;tests/test_notebook_workflows.py;tests/test_train_mappo_jax.py
ceaf3ba	ceaf3badf966e7087419c648f42de84c1029d635	2026-06-18T13:51:09-03:00	.	autocurriculum-exploration-baselines	fix: sample autocurriculum evaluation by default	3	M	src/ant_byte_env/training/jax_mappo/evaluation.py;src/ant_byte_env/training/jax_mappo/rollout.py;tests/test_train_mappo_jax.py
8b273dd	8b273ddab6fef84aebc7aa11bb1a84d1ff6885fa	2026-06-18T14:37:38-03:00	.	autocurriculum-exploration-baselines	feat: add autocurriculum autoresearch sweep	9	A;M	autoresearch/autocurriculum_sweep.json;src/ant_byte_env/autocurriculum_autoresearch.py;src/ant_byte_env/cli.py;src/ant_byte_env/training/jax_mappo/cli.py;src/ant_byte_env/training/jax_mappo/runner.py;src/ant_byte_env/wandb_tracking.py;tests/test_research_workflow.py;tests/test_train_mappo_jax.py;tests/test_wandb_tracking.py
c6e5a61	c6e5a61449e3ec625d705a3b1b983bb7c3f6a802	2026-06-18T14:44:09-03:00	.	autocurriculum-exploration-baselines	chore: refine autocurriculum reward sweep	2	M	autoresearch/autocurriculum_sweep.json;tests/test_research_workflow.py
722d130	722d130d13d7fd73b1c3ffd95092922caa81489f	2026-06-18T14:50:35-03:00	.	autocurriculum-exploration-baselines	chore: add autocurriculum no-moving-write probe	2	M	autoresearch/autocurriculum_sweep.json;tests/test_research_workflow.py
04fc624	04fc6244f829f701ef7cb9241f837ee9758233fe	2026-06-18T15:00:07-03:00	.	autocurriculum-exploration-baselines	feat: add autocurriculum stage completion reward	6	M	autoresearch/autocurriculum_sweep.json;src/ant_byte_env/training/jax_mappo/cli.py;src/ant_byte_env/training/jax_mappo/core.py;src/ant_byte_env/training/jax_mappo/rollout.py;tests/test_research_workflow.py;tests/test_train_mappo_jax.py
eb9b976	eb9b976bde720f52077c67603a5a02f209364f57	2026-06-18T15:13:38-03:00	.	autocurriculum-exploration-baselines	feat: support autocurriculum checkpoint continuation	3	M	src/ant_byte_env/autocurriculum_autoresearch.py;src/ant_byte_env/cli.py;tests/test_research_workflow.py
87f4cfd	87f4cfd222d7d819fb7ab7955427efdbc108da57	2026-06-18T15:21:36-03:00	.	autocurriculum-exploration-baselines	fix: report rollout autocurriculum progress	5	M	src/ant_byte_env/autocurriculum_autoresearch.py;src/ant_byte_env/training/jax_mappo/core.py;src/ant_byte_env/training/jax_mappo/rollout.py;src/ant_byte_env/training/jax_mappo/runner.py;tests/test_train_mappo_jax.py
2e7be34	2e7be3408bcecd10e639266bb3e86a67b8addc38	2026-06-18T15:34:54-03:00	.	autocurriculum-exploration-baselines	feat: add autocurriculum memory ablation probes	7	M	src/ant_byte_env/autocurriculum_autoresearch.py;src/ant_byte_env/cli.py;src/ant_byte_env/training/jax_mappo/core.py;src/ant_byte_env/training/jax_mappo/rollout.py;src/ant_byte_env/training/jax_mappo/runner.py;tests/test_research_workflow.py;tests/test_train_mappo_jax.py
1721a98	1721a985cbdd44c06c613c23efbfeb58425d966d	2026-06-18T15:46:11-03:00	.	autocurriculum-exploration-baselines	feat: add delivery byte-trail reward	6	M	autoresearch/autocurriculum_sweep.json;src/ant_byte_env/training/jax_mappo/cli.py;src/ant_byte_env/training/jax_mappo/core.py;src/ant_byte_env/training/jax_mappo/rollout.py;tests/test_research_workflow.py;tests/test_train_mappo_jax.py
9148050	91480504ed0be2e1f2f6416089a18db1e55f4d3e	2026-06-18T15:58:00-03:00	.	autocurriculum-exploration-baselines	fix: make memory reward sweep stay-only	2	M	autoresearch/autocurriculum_sweep.json;tests/test_research_workflow.py
08d86d4	08d86d44596ef8b1c2557d305c47497b8fe16bcb	2026-06-18T16:11:38-03:00	.	autocurriculum-exploration-baselines	feat: add byte protocol reward shaping	6	M	autoresearch/autocurriculum_sweep.json;src/ant_byte_env/training/jax_mappo/cli.py;src/ant_byte_env/training/jax_mappo/core.py;src/ant_byte_env/training/jax_mappo/rollout.py;tests/test_research_workflow.py;tests/test_train_mappo_jax.py
2b2c4ae	2b2c4ae693864effdf6d6ac19f6a688684cc7c6f	2026-06-18T16:20:22-03:00	.	autocurriculum-exploration-baselines	feat: add lighter byte protocol sweep	2	M	autoresearch/autocurriculum_sweep.json;tests/test_research_workflow.py
e81bc43	e81bc434833737f8a1f1f697bc67386985154a98	2026-06-18T16:30:28-03:00	.	autocurriculum-exploration-baselines	feat: add sparse checkpoint memory continuation	2	M	autoresearch/autocurriculum_sweep.json;tests/test_research_workflow.py
b19cea9	b19cea9e17af5c37ed953ee90a10a3f810fe058d	2026-06-18T16:34:01-03:00	.	autocurriculum-exploration-baselines	feat: add stronger sparse checkpoint continuation	2	M	autoresearch/autocurriculum_sweep.json;tests/test_research_workflow.py
b9f2dbe	b9f2dbe23f9b6b23152bacca7eec661beb318955	2026-06-18T20:16:46-03:00	.	autocurriculum-exploration-baselines	feat: add scale-aware forage curriculum budget	6	M	experiments/forage_curriculum.json;notebooks/train_mappo_curriculum.ipynb;src/ant_byte_env/forage_autoresearch.py;src/ant_byte_env/notebook_workflows.py;tests/test_notebook_workflows.py;tests/test_notebooks.py
d9807ba	d9807ba5c35b07ffe64680e40a4e368e0e8316b7	2026-06-18T20:24:02-03:00	.	communication-memory-bytes	fix: keep wandb cleanup from masking interrupts	2	M	src/ant_byte_env/wandb_tracking.py;tests/test_wandb_tracking.py
ef2ea14	ef2ea14fed5ae70d34c01e9c9c8c05bc252af39b	2026-06-18T21:50:34-03:00	.	communication-memory-bytes	feat: replace autoresearch with forage improvement loop	40	A;D;M	autoresearch/GOAL.md;autoresearch/README.md;autoresearch/autocurriculum_sweep.json;autoresearch/communication_consolidation_sweep.json;autoresearch/communication_sweep.json;autoresearch/forage_50x50_sweep.json;autoresearch/ideas/000-communication-bits.md;autoresearch/ideas/001-communication-consolidation.md;autoresearch/ideas/002-communication-consolidation-duration.md;autoresearch/ideas/003-long-consolidation-replication.md;autoresearch/ideas/004-communication-forage-polish.md;autoresearch/ideas/005-promoted-validation-plan.md;autoresearch/ideas/006-promoted-validation-pv1.md;autoresearch/ideas/007-promoted-validation-pv2.md;autoresearch/ideas/008-promoted-validation-aggregate.md;autoresearch/ideas/009-polish-length-pl0.md;autoresearch/ideas/010-polish-length-pl1.md;autoresearch/ideas/011-short-polish-replication.md;autoresearch/ideas/012-pv3-short-polish-seed-sweep.md;autoresearch/ideas/013-fixed-seed-805-cross-source.md;autoresearch/ideas/014-pv2-polish-seed-sweep.md;autoresearch/ideas/015-polish-gate-comparison.md;autoresearch/ideas/016-pv1-polish-seed-gate.md;autoresearch/ideas/017-gate-ranking-helper.md;autoresearch/ideas/018-polish-refine.md;autoresearch/ideas/019-weak-source-refine.md;autoresearch/ideas/020-eval4-vs-eval16-gate.md;autoresearch/ideas/020-forage-50x50-r1-live.md;autoresearch/ideas/021-forage-50x50-h1-horizon.md;autoresearch/ideas/022-forage-50x50-m1-memory.md;autoresearch/ideas/023-forage-50x50-m2-footprint.md;autoresearch/ideas/024-forage-50x50-m3-write-noise.md;autoresearch/loop.json;autoresearch/protocol.md;autoresearch/templates/experiment.md;src/ant_byte_env/cli.py;src/ant_byte_env/notebook_workflows.py;src/ant_byte_env/research_loop.py;src/ant_byte_env/training/jax_mappo/cli.py;tests/test_research_workflow.py
7aca89e	7aca89e86095216bd803a30b55c22b5e85f9b4f8	2026-06-18T23:15:05-03:00	.	autocurriculum-exploration-baselines	feat: add unified forage autoresearch loop	10	D;M	autoresearch/GOAL.md;autoresearch/README.md;autoresearch/loop.json;autoresearch/templates/experiment.md;src/ant_byte_env/autocurriculum_autoresearch.py;src/ant_byte_env/autoresearch.py;src/ant_byte_env/cli.py;src/ant_byte_env/forage_autoresearch.py;src/ant_byte_env/research_loop.py;tests/test_research_workflow.py
07fa899	07fa89916f0ad92135c56ddda77eaea3b43076a9	2026-06-18T23:30:56-03:00	.	communication-memory-bytes	perf: jit jax checkpoint evaluation	1	M	src/ant_byte_env/training/jax_mappo/evaluation.py
803dad3	803dad31ac71f91ec2a589888e4b1f9f4d70e263	2026-06-18T23:33:16-03:00	.	ant-count-25x25-autoresearch	feat: add second-wave distance research candidates	2	M	autoresearch/loop.json;tests/test_research_workflow.py
a5fae7a	a5fae7afa8d677acb6ecef2bb3cb63a0a5245c8f	2026-06-18T23:59:43-03:00	.	ant-count-25x25-autoresearch	feat: add policy sharpening research candidate	2	M	autoresearch/loop.json;tests/test_research_workflow.py
ed50fce	ed50fcea3eed3d0e1280b84efd6a5f5a15da569d	2026-06-19T00:19:15-03:00	.	ant-count-25x25-autoresearch	feat: add balanced entropy research candidate	2	M	autoresearch/loop.json;tests/test_research_workflow.py
c5d8caa	c5d8caa99766bf4001093c0edf3d9bd3f47a0a82	2026-06-19T00:35:49-03:00	.	ant-count-25x25-autoresearch	feat: add fine-ladder sharp policy candidate	2	M	autoresearch/loop.json;tests/test_research_workflow.py
2af85e0	2af85e0bff9133bf1e2d4f2e4d850d8ed10bae24	2026-06-19T00:54:18-03:00	.	ant-count-25x25-autoresearch	feat: add warm-start distillation research candidate	4	M	autoresearch/loop.json;src/ant_byte_env/notebook_workflows.py;src/ant_byte_env/research_loop.py;tests/test_research_workflow.py
9c59a7d	9c59a7d0446c9b318805880f8bdc07802360df8f	2026-06-19T01:01:16-03:00	.	ant-count-25x25-autoresearch	feat: add deterministic rollout tuning experiment	4	M	autoresearch/loop.json;src/ant_byte_env/training/jax_mappo/cli.py;src/ant_byte_env/training/jax_mappo/rollout.py;tests/test_research_workflow.py
6b87d0b	6b87d0b1f9ed35f985092e14126e72c9601667a3	2026-06-19T01:10:24-03:00	.	ant-count-25x25-autoresearch	feat: add mixed rollout tuning experiment	5	M	autoresearch/loop.json;src/ant_byte_env/training/jax_mappo/cli.py;src/ant_byte_env/training/jax_mappo/rollout.py;tests/test_research_workflow.py;tests/test_train_mappo_jax.py
e9a84ac	e9a84ac7bf52ca62daba3f09961431dfc6ac951d	2026-06-19T01:17:38-03:00	.	ant-count-25x25-autoresearch	feat: add write ablation research candidate	5	M	autoresearch/loop.json;src/ant_byte_env/training/jax_mappo/cli.py;src/ant_byte_env/training/jax_mappo/evaluation.py;tests/test_research_workflow.py;tests/test_train_mappo_jax.py
813ae1c	813ae1c97cbf785ddf0e4ec151d3e569dcd93696	2026-06-19T01:21:17-03:00	.	ant-count-25x25-autoresearch	feat: add near-cookie distribution candidate	2	M	autoresearch/loop.json;tests/test_research_workflow.py
1de917b	1de917b1e81fc30abe595b70c023148bd33cc5cc	2026-06-19T01:24:45-03:00	.	ant-count-25x25-autoresearch	feat: add long-credit tuning candidate	2	M	autoresearch/loop.json;tests/test_research_workflow.py
04e84bc	04e84bc7e2c91c5882e5021393a2a182f59d5d11	2026-06-19T01:32:58-03:00	.	ant-count-25x25-autoresearch	feat: add gentle greedy mode alignment experiment	2	M	autoresearch/loop.json;tests/test_research_workflow.py
7578854	7578854ba4f77802d437c0115c6965b9788ab05e	2026-06-19T01:39:42-03:00	.	ant-count-25x25-autoresearch	test: strengthen autoresearch evaluation gate	2	M	autoresearch/loop.json;tests/test_research_workflow.py
6d6dbfc	6d6dbfc33b5f04d3cc8b27da42c0988d2a457638	2026-06-19T01:40:25-03:00	.	ant-count-25x25-autoresearch	feat: add entropy penalty mode alignment experiment	2	M	autoresearch/loop.json;tests/test_research_workflow.py
1703dbd	1703dbdb772f5f8a96c819ea1537e4ab011bac90	2026-06-19T01:48:48-03:00	.	ant-count-25x25-autoresearch	feat: add stable sharp curriculum experiment	2	M	autoresearch/loop.json;tests/test_research_workflow.py
6258ea0	6258ea08e2b5febd840feb1b15b91efc744ca231	2026-06-19T02:06:07-03:00	.	ant-count-25x25-autoresearch	feat: add sharp radius-two vision experiment	2	M	autoresearch/loop.json;tests/test_research_workflow.py
e835984	e835984bcc8c28fff73b16a4f51640f1a2b53a3c	2026-06-19T02:27:27-03:00	.	ant-count-25x25-autoresearch	feat: add movement-only greedy rollout tuning	5	M	autoresearch/loop.json;src/ant_byte_env/training/jax_mappo/cli.py;src/ant_byte_env/training/jax_mappo/rollout.py;tests/test_research_workflow.py;tests/test_train_mappo_jax.py
38ad579	38ad579b17c44a71f73c43acdf6dea7de1bff641	2026-06-19T02:30:43-03:00	.	ant-count-25x25-autoresearch	feat: add sharp seed replication experiment	2	M	autoresearch/loop.json;tests/test_research_workflow.py
da2b776	da2b776b5a3e37cbfea166c07233fef3f406b129	2026-06-19T02:50:56-03:00	.	ant-count-25x25-autoresearch	feat: add hybrid policy evaluation mode	5	M	autoresearch/loop.json;src/ant_byte_env/research_loop.py;src/ant_byte_env/training/jax_mappo/evaluation.py;tests/test_research_workflow.py;tests/test_train_mappo_jax.py
fbfe750	fbfe750482fe027dc033b983211e9e632a6b4021	2026-06-19T02:56:10-03:00	.	ant-count-25x25-autoresearch	feat: add movement temperature policy experiment	5	M	autoresearch/loop.json;src/ant_byte_env/research_loop.py;src/ant_byte_env/training/jax_mappo/evaluation.py;tests/test_research_workflow.py;tests/test_train_mappo_jax.py
cb0700c	cb0700ca2adc334265dddfd48823d28142f28395	2026-06-19T02:59:51-03:00	.	ant-count-25x25-autoresearch	feat: add paired movement temperature sweep	2	M	autoresearch/loop.json;tests/test_research_workflow.py
c114530	c1145300d857baaee05659da63d8e8c829b66e2f	2026-06-19T03:05:16-03:00	.	ant-count-25x25-autoresearch	feat: add t125 policy confirmation gate	2	M	autoresearch/loop.json;tests/test_research_workflow.py
5857aed	5857aed85db9472592f91bfb2da97beedb5205ad	2026-06-19T03:11:06-03:00	.	ant-count-25x25-autoresearch	feat: add robust temperature confirmation grid	2	M	autoresearch/loop.json;tests/test_research_workflow.py
18c6fc8	18c6fc87952ff17751347d9354641ccfb22e2d2a	2026-06-19T03:20:28-03:00	.	ant-count-25x25-autoresearch	feat: add high movement temperature sweep	2	M	autoresearch/loop.json;tests/test_research_workflow.py
db41bc5	db41bc58a60ee32257ffe94a90114b309490ddcd	2026-06-19T03:28:09-03:00	.	ant-count-25x25-autoresearch	feat: add top-three temperature confirmation	2	M	autoresearch/loop.json;tests/test_research_workflow.py
182684c	182684ce78356199cf0821385fcab00e2c910e97	2026-06-19T08:22:29-03:00	.	ant-count-25x25-autoresearch	feat: add speed-focused forage experiments	6	M	autoresearch/loop.json;src/ant_byte_env/research_loop.py;src/ant_byte_env/training/jax_mappo/evaluation.py;src/ant_byte_env/training/jax_mappo/transfer.py;tests/test_research_workflow.py;tests/test_train_mappo_jax.py
08ecb10	08ecb106c3c744cb5d0d4449584b9ca21476a66d	2026-06-19T08:30:21-03:00	.	ant-count-25x25-autoresearch	feat: add horizon-ramp speed candidates	3	M	autoresearch/loop.json;src/ant_byte_env/research_loop.py;tests/test_research_workflow.py
0abd6ba	0abd6bad715151c301e16d8069e028534cd68a22	2026-06-19T08:36:37-03:00	.	ant-count-25x25-autoresearch	feat: add speed checkpoint temperature sweep	2	M	autoresearch/loop.json;tests/test_research_workflow.py
c2601e3	c2601e3250f319b6d9f74c5ebef25c2090db1010	2026-06-19T08:40:16-03:00	.	ant-count-25x25-autoresearch	feat: add true four-x speed ramp	2	M	autoresearch/loop.json;tests/test_research_workflow.py
467e006	467e0063c30a477f1a3aedf9dbe55aefd9a83331	2026-06-19T08:45:45-03:00	.	ant-count-25x25-autoresearch	feat: add parallel food-source speed test	2	M	autoresearch/loop.json;tests/test_research_workflow.py
007428f	007428f92f299f3582440e3abc74bd30e5e03d54	2026-06-19T08:50:32-03:00	.	ant-count-25x25-autoresearch	feat: add four-x speed polish run	2	M	autoresearch/loop.json;tests/test_research_workflow.py
2557303	2557303151c77ba6d490c8ad75edf3658fa1ab8d	2026-06-19T08:55:02-03:00	.	ant-count-25x25-autoresearch	feat: add polished speed temperature confirmation	2	M	autoresearch/loop.json;tests/test_research_workflow.py
7ddae93	7ddae93ec4b8f55c5b6f316df0a1a54603b5562b	2026-06-19T08:58:21-03:00	.	ant-count-25x25-autoresearch	feat: add final low-penalty speed polish	2	M	autoresearch/loop.json;tests/test_research_workflow.py
06d0a4b	06d0a4be4592796c752cf3bc26cc7ce8edc60508	2026-06-19T09:02:22-03:00	.	ant-count-25x25-autoresearch	feat: add thirty-two ant speed candidate	2	M	autoresearch/loop.json;tests/test_research_workflow.py
e9becc1	e9becc1c0730b6b63b08f64d35bcd8cea01d45f1	2026-06-19T09:09:07-03:00	.	autocurriculum-exploration-baselines	feat: add completion bonus speed polish	9	M	autoresearch/loop.json;src/ant_byte_env/jax_autocurriculum_env.py;src/ant_byte_env/jax_env.py;src/ant_byte_env/notebook_workflows.py;src/ant_byte_env/training/jax_mappo/cli.py;src/ant_byte_env/training/jax_mappo/evaluation.py;src/ant_byte_env/training/jax_mappo/runner.py;tests/test_jax_env.py;tests/test_research_workflow.py
36b036b	36b036b0e39a1ed5f96925e35afce84086f7e87b	2026-06-19T09:15:39-03:00	.	ant-count-25x25-autoresearch	feat: add condensed food speed experiments	2	M	autoresearch/loop.json;tests/test_research_workflow.py
ac2f538	ac2f5385fffb1354181d3c2f248eb49ca28db7d0	2026-06-19T09:32:24-03:00	.	ant-count-25x25-autoresearch	feat: add wide-source speed experiment	2	M	autoresearch/loop.json;tests/test_research_workflow.py
5920b87	5920b87730f1877e448b67a6e23c8610b13ef5f8	2026-06-19T09:43:46-03:00	.	ant-count-25x25-autoresearch	feat: select best speed checkpoints	8	M	autoresearch/loop.json;src/ant_byte_env/notebook_workflows.py;src/ant_byte_env/research_loop.py;src/ant_byte_env/training/jax_mappo/cli.py;src/ant_byte_env/training/jax_mappo/runner.py;tests/test_notebook_workflows.py;tests/test_research_workflow.py;tests/test_train_mappo_jax.py
9387042	9387042d1732071c48e43be624944ecd1b28a357	2026-06-19T09:55:44-03:00	.	communication-memory-bytes	feat: render hybrid jax action modes	3	M	src/ant_byte_env/cli.py;src/ant_byte_env/rendering.py;tests/test_render.py
849c1ca	849c1caa41bb76cdf794ed7a438db43c3bfb641f	2026-06-19T09:57:30-03:00	.	ant-count-25x25-autoresearch	feat: add best checkpoint confirmation grid	2	M	autoresearch/loop.json;tests/test_research_workflow.py
0412081	0412081e0fac87285e96d4396e9d2ad5384625d7	2026-06-19T10:03:31-03:00	.	ant-count-25x25-autoresearch	feat: add checkpoint selection followups	2	M	autoresearch/loop.json;tests/test_research_workflow.py
adbcaf8	adbcaf8a070c1165b0452f5db0a48a1e7e7d165a	2026-06-19T10:06:24-03:00	.	communication-memory-bytes	fix: pass hybrid render options through wrapper	2	M	src/ant_byte_env/rendering.py;tests/test_render.py
47b4858	47b4858eab36c2a026d202444dec4b76b0058a91	2026-06-19T10:13:36-03:00	.	ant-count-25x25-autoresearch	feat: add seed2 confirmation grid	2	M	autoresearch/loop.json;tests/test_research_workflow.py
9525145	95251456707adbfc6d3b68379dc8e78bb5ab8d43	2026-06-19T10:27:26-03:00	.	ant-count-25x25-autoresearch	feat: add completion bonus best select run	2	M	autoresearch/loop.json;tests/test_research_workflow.py
1ff766e	1ff766ee7daa42295ca22b07137993eb8b8f5e18	2026-06-19T10:40:16-03:00	.	ant-count-25x25-autoresearch	feat: add heldout checkpoint selection	7	M	autoresearch/loop.json;src/ant_byte_env/notebook_workflows.py;src/ant_byte_env/training/jax_mappo/cli.py;src/ant_byte_env/training/jax_mappo/runner.py;tests/test_notebook_workflows.py;tests/test_research_workflow.py;tests/test_train_mappo_jax.py
e811ff9	e811ff9bb7eb77a1b0ab67de200c3a51c69b8c62	2026-06-19T10:54:43-03:00	.	autocurriculum-exploration-baselines	feat: add random ant spawn rarity curriculum	13	M	autoresearch/loop.json;src/ant_byte_env/env.py;src/ant_byte_env/jax_autocurriculum_env.py;src/ant_byte_env/jax_env.py;src/ant_byte_env/notebook_workflows.py;src/ant_byte_env/rendering.py;src/ant_byte_env/training/jax_mappo/cli.py;src/ant_byte_env/training/jax_mappo/evaluation.py;src/ant_byte_env/training/jax_mappo/runner.py;tests/test_env_api.py;tests/test_jax_env.py;tests/test_research_workflow.py;tests/test_train_mappo_jax.py
1bfe9d9	1bfe9d9ac69a0708f59cfdb66fc7bb2547bb92e3	2026-06-19T11:02:25-03:00	.	bigmap-deployment-rendering	feat: add rare bigmap vision followup	2	M	autoresearch/loop.json;tests/test_research_workflow.py
85a8894	85a8894b1c48284020aea00aef1d16b593c65cba	2026-06-19T11:07:16-03:00	.	communication-memory-bytes	fix: transfer actor vision radius checkpoints	2	M	src/ant_byte_env/training/jax_mappo/transfer.py;tests/test_train_mappo_jax.py
eae6f47	eae6f4796df92cad7b4e0567aa7e4d37c8e08753	2026-06-19T11:22:53-03:00	.	source-layout-50x50	feat: add actor hub vector rare-map experiment	12	M	autoresearch/loop.json;src/ant_byte_env/notebook_workflows.py;src/ant_byte_env/rendering.py;src/ant_byte_env/training/jax_mappo/cli.py;src/ant_byte_env/training/jax_mappo/core.py;src/ant_byte_env/training/jax_mappo/evaluation.py;src/ant_byte_env/training/jax_mappo/probe.py;src/ant_byte_env/training/jax_mappo/rollout.py;src/ant_byte_env/training/jax_mappo/runner.py;src/ant_byte_env/training/jax_mappo/transfer.py;tests/test_research_workflow.py;tests/test_train_mappo_jax.py
44feecc	44feeccfc804fe971d1d08887a7ee562e8c96c47	2026-06-19T11:29:31-03:00	.	source-layout-50x50	feat: add rare-map food scent diagnostic	2	M	autoresearch/loop.json;tests/test_research_workflow.py
ef45e12	ef45e12ace8fd9676f612e690736cc7504f7cc5f	2026-06-19T11:36:03-03:00	.	source-layout-50x50	feat: add rare-map nav heldout selector	2	M	autoresearch/loop.json;tests/test_research_workflow.py
e62d86d	e62d86dcea7d7bfaeb5bd066076d022da6063526	2026-06-19T11:57:42-03:00	.	autocurriculum-exploration-baselines	feat: add random spawn radius curriculum	13	M	autoresearch/loop.json;src/ant_byte_env/env.py;src/ant_byte_env/jax_autocurriculum_env.py;src/ant_byte_env/jax_env.py;src/ant_byte_env/notebook_workflows.py;src/ant_byte_env/rendering.py;src/ant_byte_env/training/jax_mappo/cli.py;src/ant_byte_env/training/jax_mappo/evaluation.py;src/ant_byte_env/training/jax_mappo/runner.py;tests/test_env_api.py;tests/test_jax_env.py;tests/test_research_workflow.py;tests/test_train_mappo_jax.py
d5c4861	d5c48614f91a26b219ecc161011a9948ffca3849	2026-06-19T12:13:02-03:00	.	report-site-paper-assets	docs: summarize forage autoresearch findings	1	A	autoresearch/REPORT.md
6e1fb76	6e1fb764d497d32a4ba556d21650defd2be6fbaa	2026-06-19T12:29:18-03:00	.	autocurriculum-exploration-baselines	feat: add mappo exploration curriculum notebook	14	A;M	notebooks/train_mappo_exploration_curriculum.ipynb;src/ant_byte_env/env.py;src/ant_byte_env/jax_env.py;src/ant_byte_env/notebook_workflows.py;src/ant_byte_env/rendering.py;src/ant_byte_env/training/jax_mappo/cli.py;src/ant_byte_env/training/jax_mappo/core.py;src/ant_byte_env/training/jax_mappo/evaluation.py;src/ant_byte_env/training/jax_mappo/rollout.py;src/ant_byte_env/training/jax_mappo/runner.py;tests/test_jax_env.py;tests/test_notebook_workflows.py;tests/test_notebooks.py;tests/test_train_mappo_jax.py
eb7a316	eb7a3164389622edd380fdc2344be6ae40daa6ee	2026-06-19T12:55:44-03:00	.	autocurriculum-exploration-baselines	feat: configure exploration curriculum videos	4	A;M	experiments/exploration_curriculum.json;notebooks/train_mappo_exploration_curriculum.ipynb;src/ant_byte_env/notebook_workflows.py;tests/test_notebooks.py
0b5b54b	0b5b54be43f1c52610f8c00adba8fd3520f468c6	2026-06-19T13:15:38-03:00	.	source-layout-50x50	feat: add exploration-to-forage notebook	9	A;M	experiments/exploration_to_forage_50x50.json;notebooks/train_mappo_exploration_to_forage_50x50.ipynb;src/ant_byte_env/notebook_workflows.py;src/ant_byte_env/training/jax_mappo/cli.py;src/ant_byte_env/training/jax_mappo/core.py;src/ant_byte_env/training/jax_mappo/rollout.py;tests/test_notebook_workflows.py;tests/test_notebooks.py;tests/test_train_mappo_jax.py
f0705b9	f0705b9f08957dc411411fd969153d47a864fac1	2026-06-22T23:03:09-03:00	.	communication-memory-bytes	Enhance JAX MAPPO with Vision Range Curriculum and Actor-Critic Improvements	19	A;M	autoresearch/run_codex_vision_range_tmux.sh;autoresearch/vision_range_program.md;experiments/vision_range_curriculum 12ret.json;experiments/vision_range_curriculum.json;notebooks/train_jax_vision_range_curriculum.ipynb;pyproject.toml;src/ant_byte_env/notebook_workflows.py;src/ant_byte_env/rendering.py;src/ant_byte_env/training/jax_mappo/__init__.py;src/ant_byte_env/training/jax_mappo/cli.py;src/ant_byte_env/training/jax_mappo/core.py;src/ant_byte_env/training/jax_mappo/evaluation.py;src/ant_byte_env/training/jax_mappo/probe.py;src/ant_byte_env/training/jax_mappo/rollout.py;src/ant_byte_env/training/jax_mappo/runner.py;src/ant_byte_env/training/jax_mappo/transfer.py;tests/test_notebook_workflows.py;tests/test_notebooks.py;tests/test_train_mappo_jax.py
e5826fb	e5826fb83a9f8f9e9919abba9c1ea2eca067ff30	2026-06-23T22:10:02-03:00	.	critic-full-layout-50x50	fix: simplify full-layout half-food notebook	2	A	experiments/exploration_to_forage_full_layout_8ants_half_food_50x50.json;notebooks/train_mappo_full_layout_8ants_half_food_50x50.ipynb
41e5eba	41e5eba0f8ccbbbc89701241208bad9f1d5f9eae	2026-06-24T11:15:30-03:00	.	hundred-bridge-maze-stress	chore: checkpoint working research state	62	A;D;M	.gitignore;autoresearch/loop.json;docs/planning/next-serious-compute-bet.md;experiments/autocurriculum.json;experiments/communication_bits.json;experiments/direct_goal_baseline.json;experiments/exploration_curriculum.json;experiments/exploration_to_forage_50x50.json;experiments/exploration_to_forage_padded_sources_50x50.json;experiments/exploration_to_forage_proximity_sources_50x50.json;experiments/exploration_to_forage_scratch_smooth_sources_50x50.json;experiments/forage_curriculum.json;experiments/maze_exploration_curriculum.json;notebooks/train_jax_ant_count_curriculum.ipynb;notebooks/train_jax_communication_curriculum.ipynb;notebooks/train_jax_direct_goal_baseline.ipynb;notebooks/train_mappo_autocurriculum.ipynb;notebooks/train_mappo_curriculum.ipynb;notebooks/train_mappo_exploration_curriculum.ipynb;notebooks/train_mappo_exploration_to_forage_50x50.ipynb;notebooks/train_mappo_exploration_to_forage_padded_sources_50x50.ipynb;notebooks/train_mappo_exploration_to_forage_proximity_sources_50x50.ipynb;notebooks/train_mappo_exploration_to_forage_scratch_smooth_sources_50x50.ipynb;notebooks/train_mappo_full_layout_8ants_half_food_50x50.ipynb;notebooks/train_mappo_maze_exploration_curriculum.ipynb;scripts/run_full_layout_proximity_continuation.py;src/ant_byte_env/autocurriculum_env.py;src/ant_byte_env/autoresearch.py;src/ant_byte_env/env.py;src/ant_byte_env/jax_autocurriculum_env.py;src/ant_byte_env/jax_env.py;src/ant_byte_env/maze.py;src/ant_byte_env/notebook_workflows.py;src/ant_byte_env/rendering.py;src/ant_byte_env/runtime/__init__.py;src/ant_byte_env/runtime/resources.py;src/ant_byte_env/training/jax_mappo/__init__.py;src/ant_byte_env/training/jax_mappo/cli.py;src/ant_byte_env/training/jax_mappo/core.py;src/ant_byte_env/training/jax_mappo/curriculum.py;src/ant_byte_env/training/jax_mappo/evaluation.py;src/ant_byte_env/training/jax_mappo/layout_audit.py;src/ant_byte_env/training/jax_mappo/probe.py;src/ant_byte_env/training/jax_mappo/rollout.py;src/ant_byte_env/t...
4342d2e	4342d2e06632305c32a679aa89739d274654781e	2026-06-24T11:19:44-03:00	.	communication-memory-bytes	refactor: extract curriculum stage builders	4	A;M	src/ant_byte_env/curricula/__init__.py;src/ant_byte_env/curricula/stages.py;src/ant_byte_env/notebook_workflows.py;tests/test_curricula.py
8295c73	8295c732bb0952683179f8c769f20a9a47a93b7a	2026-06-24T11:23:21-03:00	.	communication-memory-bytes	refactor: extract workflow argument builders	4	A;M	src/ant_byte_env/notebook_workflows.py;src/ant_byte_env/workflows/__init__.py;src/ant_byte_env/workflows/args.py;tests/test_workflow_args.py
7e971be	7e971be8f68b52e48deb6d4dae4cbe2feecc2c64	2026-06-24T11:25:54-03:00	.	communication-memory-bytes	refactor: extract workflow checkpoint paths	5	A;M	src/ant_byte_env/notebook_workflows.py;src/ant_byte_env/workflows/__init__.py;src/ant_byte_env/workflows/checkpoints.py;tests/test_notebook_workflows.py;tests/test_workflow_checkpoints.py
633abf1	633abf1805968ec13e64d187e7b927c5c2004d81	2026-06-24T11:30:04-03:00	.	communication-memory-bytes	reward shaped	6	M	experiments/vision_range_curriculum.json;notebooks/train_jax_vision_range_curriculum.ipynb;src/ant_byte_env/training/jax_mappo/cli.py;src/ant_byte_env/training/jax_mappo/core.py;src/ant_byte_env/training/jax_mappo/rollout.py;tests/test_train_mappo_jax.py
9de909b	9de909b5df811bc1b8025f5283a2903d62cb3681	2026-06-24T11:46:02-03:00	.	communication-memory-bytes	refactor: extract workflow cli helpers	4	A;M	src/ant_byte_env/notebook_workflows.py;src/ant_byte_env/workflows/__init__.py;src/ant_byte_env/workflows/cli.py;tests/test_workflow_cli.py
d190a02	d190a02921a18e8c2cccc73d9b770653d32e5de6	2026-06-24T11:47:59-03:00	.	ant-count-25x25-autoresearch	refactor: extract ant count workflow helpers	5	A;M	src/ant_byte_env/notebook_workflows.py;src/ant_byte_env/workflows/__init__.py;src/ant_byte_env/workflows/ant_count.py;tests/test_notebook_workflows.py;tests/test_workflow_ant_count.py
ae39df7	ae39df7bf553f95fb07ee3057a95d72ea89db076	2026-06-24T11:56:38-03:00	.	communication-memory-bytes	refactor: extract workflow support helpers	7	A;M	src/ant_byte_env/notebook_workflows.py;src/ant_byte_env/workflows/__init__.py;src/ant_byte_env/workflows/progress.py;src/ant_byte_env/workflows/rollouts.py;tests/test_notebook_workflows.py;tests/test_workflow_progress.py;tests/test_workflow_rollouts.py
5159fe2	5159fe25de704221f079754c3631a285f06b52f3	2026-06-24T12:02:28-03:00	.	communication-memory-bytes	refactor: extract workflow experiment helpers	4	A;M	src/ant_byte_env/notebook_workflows.py;src/ant_byte_env/workflows/__init__.py;src/ant_byte_env/workflows/experiments.py;tests/test_workflow_experiments.py
c0bc413	c0bc413198ef45349310d2b14452919c64541fe4	2026-06-24T12:05:12-03:00	.	communication-memory-bytes	refactor: extract workflow preview helpers	4	A;M	src/ant_byte_env/notebook_workflows.py;src/ant_byte_env/workflows/__init__.py;src/ant_byte_env/workflows/previews.py;tests/test_workflow_previews.py
6bc2c80	6bc2c805c4afda4d2c1a9c140049b15813075ef1	2026-06-24T12:37:47-03:00	.	report-site-paper-assets	docs: mark autoresearch as archival	2	A;M	autoresearch/README.md;docs/planning/mit-course-mainline-plan.md
1e22d1b	1e22d1bcb41557bd1a2fbb2f2187d3ea361114e8	2026-06-24T12:40:16-03:00	.	communication-memory-bytes	refactor: extract research scoring helpers	4	A;M	src/ant_byte_env/research/__init__.py;src/ant_byte_env/research/scoring.py;src/ant_byte_env/research_loop.py;tests/test_research_scoring.py
4692ebf	4692ebfbb69b03cad4f306bc3bb3f5d25ea50c96	2026-06-24T12:41:36-03:00	.	communication-memory-bytes	refactor: extract research artifact helpers	4	A;M	src/ant_byte_env/research/__init__.py;src/ant_byte_env/research/artifacts.py;src/ant_byte_env/research_loop.py;tests/test_research_artifacts.py
b22310a	b22310aeb2ec3e170c47b0fa07d8ac42f8b461c0	2026-06-24T12:44:32-03:00	.	communication-memory-bytes	refactor: extract research markdown rendering	4	A;M	src/ant_byte_env/research/__init__.py;src/ant_byte_env/research/markdown.py;src/ant_byte_env/research_loop.py;tests/test_research_markdown.py
60f700a	60f700a0ecbf9a9543670d26b1523c5b53420248	2026-06-24T12:47:28-03:00	.	communication-memory-bytes	refactor: extract research config helpers	4	A;M	src/ant_byte_env/research/__init__.py;src/ant_byte_env/research/config.py;src/ant_byte_env/research_loop.py;tests/test_research_config.py
8fdc1d3	8fdc1d3b2f4d26745abe050a543a920b8efbe49f	2026-06-24T12:49:34-03:00	.	communication-memory-bytes	refactor: extract research evaluation helpers	4	A;M	src/ant_byte_env/research/__init__.py;src/ant_byte_env/research/evaluation.py;src/ant_byte_env/research_loop.py;tests/test_research_evaluation.py
f30f05b	f30f05b269eb6cf4a4ac5ab405f9e6dd137136fd	2026-06-24T12:53:23-03:00	.	communication-memory-bytes	refactor: extract rollout suite helpers	3	M	src/ant_byte_env/notebook_workflows.py;src/ant_byte_env/workflows/rollouts.py;tests/test_notebook_workflows.py
94a49bf	94a49bfc16e0467b8fdc00cba998dee084bae748	2026-06-24T12:55:10-03:00	.	communication-memory-bytes	refactor: extract checkpoint rollout helper	3	M	src/ant_byte_env/notebook_workflows.py;src/ant_byte_env/workflows/rollouts.py;tests/test_notebook_workflows.py
4fe73eb	4fe73eb6dd936503d766260b25083a5773a9e3f7	2026-06-24T13:01:12-03:00	.	communication-memory-bytes	refactor: extract checkpoint training workflow	5	A;M	src/ant_byte_env/notebook_workflows.py;src/ant_byte_env/workflows/__init__.py;src/ant_byte_env/workflows/training.py;tests/test_notebook_workflows.py;tests/test_workflow_training.py
424d965	424d9654597e03d86a3ca3a9f2cbf7d6697cb82f	2026-06-24T13:05:25-03:00	.	communication-memory-bytes	refactor: extract forage preview helpers	7	A;M	src/ant_byte_env/notebook_workflows.py;src/ant_byte_env/workflows/__init__.py;src/ant_byte_env/workflows/previews.py;src/ant_byte_env/workflows/stage_profiles.py;tests/test_notebook_workflows.py;tests/test_workflow_previews.py;tests/test_workflow_stage_profiles.py
fd09b1a	fd09b1a080883ed9051bab34d795fb90aab6beef	2026-06-24T13:07:18-03:00	.	jax-mappo-training-core	test: move rollout behavior tests	2	M	tests/test_notebook_workflows.py;tests/test_workflow_rollouts.py
a18a040	a18a040699eca4d70d93abb041117f7173740588	2026-06-24T13:52:52-03:00	.	hundred-bridge-maze-stress	chore: organize notebooks by workflow	15	A;M;R094;R095;R096;R097	README.md;notebooks/README.md;notebooks/baselines/direct_goal.ipynb;notebooks/communication/ant_count_curriculum.ipynb;notebooks/communication/bit_curriculum.ipynb;notebooks/curriculum/autocurriculum.ipynb;notebooks/curriculum/exploration.ipynb;notebooks/curriculum/forage.ipynb;notebooks/curriculum/maze_exploration.ipynb;notebooks/exploration_to_forage/base_50x50.ipynb;notebooks/exploration_to_forage/full_layout_8ants_half_food_50x50.ipynb;notebooks/exploration_to_forage/padded_sources_50x50.ipynb;notebooks/exploration_to_forage/proximity_sources_50x50.ipynb;notebooks/exploration_to_forage/scratch_smooth_sources_50x50.ipynb;tests/test_notebook_layout.py
0037142	0037142145bbb53f97ae53df8179a92eda1ca0be	2026-06-24T13:55:10-03:00	.	critic-full-layout-50x50	chore: refine notebook taxonomy	7	M;R100	notebooks/README.md;notebooks/scaling/ant_count_curriculum.ipynb;notebooks/scaling/full_layout_8ants_half_food_50x50.ipynb;notebooks/source_layouts/padded_sources_50x50.ipynb;notebooks/source_layouts/proximity_sources_50x50.ipynb;notebooks/source_layouts/scratch_smooth_sources_50x50.ipynb;tests/test_notebook_layout.py
b1c39dd	b1c39dded3f166a0506b6efbdf29089a7cc81db4	2026-06-24T14:25:49-03:00	.	critic-full-layout-50x50	chore: continue full-layout notebook from latest weights	2	M	experiments/exploration_to_forage_full_layout_8ants_half_food_50x50.json;notebooks/scaling/full_layout_8ants_half_food_50x50.ipynb
2b5421a	2b5421a8fcc5feed5caadc2407d23601ea3c6ace	2026-06-24T14:27:20-03:00	.	critic-full-layout-50x50	chore: double full-layout upload video length	1	M	experiments/exploration_to_forage_full_layout_8ants_half_food_50x50.json
d3211ac	d3211acbe44d0c31361e788bb4d874ece9ce68ae	2026-06-24T14:29:10-03:00	.	communication-memory-bytes	fix: restore notebook update timestep helper	2	M	src/ant_byte_env/notebook_workflows.py;tests/test_workflow_progress.py
4201933	4201933db55b646ab23579080f665d17f3e7063f	2026-06-24T20:19:52-03:00	.	critic-full-layout-50x50	chore: continue full-layout run from long3 best	1	M	experiments/exploration_to_forage_full_layout_8ants_half_food_50x50.json
1c49367	1c49367e3627b380941af6428292b4a845604031	2026-06-24T21:23:56-03:00	.	critic-full-layout-50x50	chore: add full-layout cloud launcher	2	A;M	pyproject.toml;scripts/run_full_layout_8ants_half_food_continuation.py
e6fa253	e6fa253e83e76c937ef76b024aa55133d0343cfe	2026-06-24T22:37:18-03:00	.	critic-full-layout-50x50	chore: add 64env full-layout continuation	2	A;M	experiments/exploration_to_forage_full_layout_8ants_half_food_50x50_64env.json;scripts/run_full_layout_8ants_half_food_continuation.py
b955a6f	b955a6f2c98567ee0acd5214b899e1b76ebe0eff	2026-06-24T22:51:52-03:00	origin/vision_shrink_curriculum	ant-count-25x25-autoresearch	fix: update vision range parameters and execution counts in curriculum notebook	2	M	experiments/vision_range_curriculum.json;notebooks/train_jax_vision_range_curriculum.ipynb
67a6ade	67a6adecd90f4030792785a70fe4e3cf4c20ac45	2026-06-24T23:49:03-03:00	.	critic-full-layout-50x50	chore: add shared-writes full-layout notebook	3	A;M	experiments/exploration_to_forage_full_layout_8ants_half_food_50x50_shared_writes.json;notebooks/README.md;notebooks/scaling/full_layout_8ants_half_food_shared_writes_50x50.ipynb
c3785b6	c3785b66bf0a04b166d6bd6a17251489642a0186	2026-06-24T23:58:14-03:00	.	critic-full-layout-50x50	chore: expose shared-writes checkpoint videos	2	M	experiments/exploration_to_forage_full_layout_8ants_half_food_50x50_shared_writes.json;notebooks/scaling/full_layout_8ants_half_food_shared_writes_50x50.ipynb
efda6dd	efda6dd3f921c2ddf52c2d6532b45c13250f2118	2026-06-25T00:33:14-03:00	.	communication-memory-bytes	fix: keep wandb alive after artifact issues	2	M	src/ant_byte_env/wandb_tracking.py;tests/test_wandb_tracking.py
36de372	36de372a58df5d984806a7f0ea184912ebebe934	2026-06-25T10:41:23-03:00	.	critic-full-layout-50x50	chore: add 16-ant 8-type cloud run	2	A;M	experiments/exploration_to_forage_full_layout_16ants_half_food_8types_50x50_from_shared_writes.json;scripts/run_full_layout_8ants_half_food_continuation.py
554ee8d	554ee8d771e2e1444195ddea36313f4429262f79	2026-06-25T10:45:00-03:00	.	critic-full-layout-50x50	fix: honor launcher memory fraction	1	M	scripts/run_full_layout_8ants_half_food_continuation.py
93bf753	93bf7537eb9181165f2691ed5082150585442324	2026-06-25T14:15:00-03:00	.	communication-memory-bytes	refactor jax mappo integration cleanup	28	A;M	.gitignore;README.md;docs/experiments.md;docs/integration_audit.md;notebooks/README.md;pyproject.toml;results/curated/README.md;results/curated/index.json;src/ant_byte_env/notebook_workflows.py;src/ant_byte_env/rendering.py;src/ant_byte_env/research_loop.py;src/ant_byte_env/training/jax_mappo/__init__.py;src/ant_byte_env/training/jax_mappo/checkpointing.py;src/ant_byte_env/training/jax_mappo/cli.py;src/ant_byte_env/training/jax_mappo/core.py;src/ant_byte_env/training/jax_mappo/evaluation.py;src/ant_byte_env/training/jax_mappo/models.py;src/ant_byte_env/training/jax_mappo/observations.py;src/ant_byte_env/training/jax_mappo/policy.py;src/ant_byte_env/training/jax_mappo/probe.py;src/ant_byte_env/training/jax_mappo/rewards.py;src/ant_byte_env/training/jax_mappo/rollout.py;src/ant_byte_env/training/jax_mappo/runner.py;src/ant_byte_env/training/jax_mappo/transfer.py;src/ant_byte_env/training/jax_mappo/transfer_shapes.py;src/ant_byte_env/training/jax_mappo/types.py;src/ant_byte_env/training/jax_mappo/updates.py;tests/test_notebook_layout.py
adecfd9	adecfd94dd30cb9f22f10708d698f8f1d2cc236e	2026-06-25T14:22:19-03:00	.	critic-full-layout-50x50	chore: remove one-off continuation launchers	4	D;M	docs/experiments.md;docs/integration_audit.md;scripts/run_full_layout_8ants_half_food_continuation.py;scripts/run_full_layout_proximity_continuation.py
ad1039d	ad1039d01bb653af84f0d54b418564a037cdd772	2026-06-25T14:27:02-03:00	.	ant-count-25x25-autoresearch	docs: preserve gated map-ant mlp curriculum	2	M	docs/experiments.md;docs/integration_audit.md
699cd2a	699cd2a4d7b38fccb075c17ce183db9c4258b11f	2026-06-25T14:53:00-03:00	.	ant-count-25x25-autoresearch	feat: preserve gated map-ant mlp curriculum	12	A;M	docs/experiments.md;docs/integration_audit.md;docs/map_ant_gated_mlp_curriculum.md;experiments/map_ant_gated_mlp_curriculum.json;notebooks/README.md;notebooks/historical/map_ant_gated_mlp_curriculum.ipynb;src/ant_byte_env/cli.py;src/ant_byte_env/training/jax_mappo/evaluation.py;src/ant_byte_env/workflows/__init__.py;src/ant_byte_env/workflows/map_ant.py;tests/test_map_ant_curriculum.py;tests/test_notebook_layout.py
6b00c67	6b00c679b38797b3474eeda40a6520bd39fdb9d9	2026-06-25T14:53:06-03:00	.	communication-memory-bytes	refactor: split jax mappo transfer helpers	5	A;M	src/ant_byte_env/training/jax_mappo/__init__.py;src/ant_byte_env/training/jax_mappo/transfer.py;src/ant_byte_env/training/jax_mappo/transfer_actor.py;src/ant_byte_env/training/jax_mappo/transfer_critic.py;tests/test_train_mappo_jax.py
4d90e4d	4d90e4d9d23c8423131aea73e11e81949c70d99a	2026-06-25T14:53:09-03:00	.	communication-memory-bytes	chore: keep torch dry-runs lightweight	1	M	src/ant_byte_env/training/torch_mappo/__init__.py
c241433	c2414332fd31b8fab99d9eb45a30a8b85e6bc2ef	2026-06-25T14:59:03-03:00	origin/repo/research-integration-cleanup	jax-mappo-training-core	test: skip torch mappo tests without torchrl extras	1	M	tests/test_train_mappo.py
e59a0fb	e59a0fbe9eafe72bc1252c188612383166702bc1	2026-06-25T16:03:26-03:00	.	critic-full-layout-50x50	feat: add shared-write bit cost notebook	5	A;M	experiments/exploration_to_forage_full_layout_8ants_half_food_50x50_shared_writes_write_cost.json;notebooks/README.md;notebooks/scaling/full_layout_8ants_half_food_shared_writes_write_cost_50x50.ipynb;tests/test_notebook_layout.py;tests/test_workflow_experiments.py
26e5968	26e59681e8e9766994c68049f95d728812a67e18	2026-06-25T16:39:49-03:00	.	critic-full-layout-50x50	tune: increase shared-write bit penalty	2	M	experiments/exploration_to_forage_full_layout_8ants_half_food_50x50_shared_writes_write_cost.json;tests/test_workflow_experiments.py
97ccf63	97ccf634162bf489d1266d0330722257a8e6751b	2026-06-25T16:45:14-03:00	.	critic-full-layout-50x50	tune: make shared-write bit penalty strict	2	M	experiments/exploration_to_forage_full_layout_8ants_half_food_50x50_shared_writes_write_cost.json;tests/test_workflow_experiments.py
80a330b	80a330b6be7aa2d3d07bda05435365e75ae0d7ea	2026-06-25T17:06:57-03:00	.	communication-memory-bytes	feat: add jax data parallel helpers	3	A;M	src/ant_byte_env/training/jax_mappo/cli.py;src/ant_byte_env/training/jax_mappo/data_parallel.py;tests/test_train_mappo_jax.py
7e29845	7e298453817a22b592caff04a724bbefefe68568	2026-06-25T17:10:25-03:00	.	communication-memory-bytes	feat: wire jax data parallel trainer	2	M	src/ant_byte_env/training/jax_mappo/data_parallel.py;src/ant_byte_env/training/jax_mappo/runner.py
bb6d481	bb6d4810576a88338d880e253a976b34fc7fb090	2026-06-25T17:12:41-03:00	.	critic-full-layout-50x50	chore: add multidevice 16-ant run config	1	A	experiments/exploration_to_forage_full_layout_16ants_half_food_8types_50x50_multidevice.json
a634252	a634252b73ef7e66d5cf613ce123dc3ff8e927c3	2026-06-25T20:38:43-03:00	.	jax-mappo-training-core	feat: add channel grid checkpoint renderer	1	A	scripts/render_jax_channel_grid_video.py
02c71f0	02c71f071aed4c035297b1ecfc3e5aa28bc2f3e1	2026-06-25T21:34:01-03:00	.	jax-mappo-training-core	fix: label channel grid panels as bits	1	M	scripts/render_jax_channel_grid_video.py
2c17ba9	2c17ba909f51663aa8fb247e4a565f7055fbfb3a	2026-06-25T21:39:14-03:00	.	jax-mappo-training-core	feat: support centered no-food channel rollouts	1	M	scripts/render_jax_channel_grid_video.py
d68e9c3	d68e9c3e0e728219ad2a865011c234e5307fa154	2026-06-25T21:55:24-03:00	.	critic-full-layout-50x50	feat: add higher write cost experiments	2	A	experiments/exploration_to_forage_full_layout_8ants_half_food_50x50_shared_writes_write_cost_x10.json;experiments/exploration_to_forage_full_layout_8ants_half_food_50x50_shared_writes_write_cost_x100.json
6764ea4	6764ea46b6598e469749179ce7a29807f42cc511	2026-06-25T22:04:36-03:00	.	critic-full-layout-50x50	fix: shorten write cost wandb groups	2	M	experiments/exploration_to_forage_full_layout_8ants_half_food_50x50_shared_writes_write_cost_x10.json;experiments/exploration_to_forage_full_layout_8ants_half_food_50x50_shared_writes_write_cost_x100.json
95d1800	95d1800393f80bacd9451a4547d2d4322ba5b67b	2026-06-26T11:09:30-03:00	.	critic-full-layout-50x50	feat: add x1000 write cost experiment	1	A	experiments/exploration_to_forage_full_layout_8ants_half_food_50x50_shared_writes_write_cost_x1000.json
0aadc17	0aadc17164c859102d7dee23eb3aa22728617e4e	2026-06-26T11:14:12-03:00	.	critic-full-layout-50x50	feat: add x10000 write cost experiment	1	A	experiments/exploration_to_forage_full_layout_8ants_half_food_50x50_shared_writes_write_cost_x10000.json
434fc60	434fc60f85027777aca0e0f249b97d93c1c7cc07	2026-06-26T17:29:33-03:00	.	critic-full-layout-50x50	feat: add x500 write cost experiment	1	A	experiments/exploration_to_forage_full_layout_8ants_half_food_50x50_shared_writes_write_cost_x500.json
dcfc7a1	dcfc7a187ffab0c2297c326b5b543ec499f9d981	2026-06-26T17:47:39-03:00	.	critic-full-layout-50x50	feat: add x200 write cost experiment	1	A	experiments/exploration_to_forage_full_layout_8ants_half_food_50x50_shared_writes_write_cost_x200.json
f119b4e	f119b4e6ecf29f32a84e33f071bf36a80d9efae9	2026-06-26T18:13:48-03:00	.	critic-full-layout-50x50	feat: add x5 write cost experiment	1	A	experiments/exploration_to_forage_full_layout_8ants_half_food_50x50_shared_writes_write_cost_x5.json
55a4efb	55a4efb45fd14484d557be75c9628dcc3e93d7a8	2026-06-26T18:23:35-03:00	.	critic-full-layout-50x50	feat: add x50 write cost experiment	1	A	experiments/exploration_to_forage_full_layout_8ants_half_food_50x50_shared_writes_write_cost_x50.json
83d54e7	83d54e7aad75af574e313778dc46bd1d93b3eafa	2026-06-26T18:34:48-03:00	origin/feat/multi-device-jax-mappo	critic-full-layout-50x50	feat: add x150 write cost experiment	1	A	experiments/exploration_to_forage_full_layout_8ants_half_food_50x50_shared_writes_write_cost_x150.json
43f0a9e	43f0a9e5e37fae246b7e976cf005e9241bc83f6e	2026-06-26T19:13:42-03:00	.	adversarial-roles-side-branches	docs: plan adversarial marl experiment	1	A	docs/planning/adversarial-marl-experiments.md
04a511c	04a511c0f9468630af67e04fe00a407c670c7c6e	2026-06-27T13:07:29-03:00	.	critic-full-layout-50x50	feat: add x200 six-source write cost experiment	1	A	experiments/exploration_to_forage_full_layout_8ants_half_food_50x50_shared_writes_write_cost_x200_6src.json
5e67bec	5e67bec2d87f049e4e2784c9fbb632a60f87c081	2026-06-27T16:22:45-03:00	.	critic-full-layout-50x50	feat: add x300 six-source write cost experiment	1	A	experiments/exploration_to_forage_full_layout_8ants_half_food_50x50_shared_writes_write_cost_x300_6src.json
6879fa4	6879fa4fc37f5e4307f6c33272840676eb697377	2026-06-28T14:56:53-03:00	feat/multi-device-jax-mappo	hundred-bridge-maze-stress	perf: skip nearest-open scan for empty arenas	2	M	src/ant_byte_env/maze.py;tests/test_maze.py
3c0eac2	3c0eac25b30b3ca02e1606d7828b40088e4c7f31	2026-06-28T16:19:53-03:00	train-half-scale-resnet	twofifty-frontier-reset	feat: add half-scale resnet training launch	8	A;M	experiments/half_scale_one_food_resnet_actor_warmstart_250x250.json;scripts/run_half_scale_resnet_actor_warmstart.py;src/ant_byte_env/training/jax_mappo/__init__.py;src/ant_byte_env/training/jax_mappo/cli.py;src/ant_byte_env/training/jax_mappo/core.py;src/ant_byte_env/training/jax_mappo/runner.py;src/ant_byte_env/training/jax_mappo/transfer.py;tests/test_train_mappo_jax.py
c3e0427	c3e04272f84456323f1cf33314a21ae9dbf92779	2026-06-28T21:44:27-03:00	.	adversarial-roles-side-branches	Add adversarial frozen-opponent MAPPO workflow	21	A;M	docs/experiments.md;experiments/adversarial_frozen_opponent_probe.json;experiments/adversarial_frozen_opponent_shared_writes_8ants.json;notebooks/README.md;notebooks/adversarial/frozen_opponent.ipynb;src/ant_byte_env/cli.py;src/ant_byte_env/training/jax_mappo/adversarial/__init__.py;src/ant_byte_env/training/jax_mappo/adversarial/actions.py;src/ant_byte_env/training/jax_mappo/adversarial/checkpointing.py;src/ant_byte_env/training/jax_mappo/adversarial/cli.py;src/ant_byte_env/training/jax_mappo/adversarial/env.py;src/ant_byte_env/training/jax_mappo/adversarial/evaluation.py;src/ant_byte_env/training/jax_mappo/adversarial/observations.py;src/ant_byte_env/training/jax_mappo/adversarial/rendering.py;src/ant_byte_env/training/jax_mappo/adversarial/rollout.py;src/ant_byte_env/training/jax_mappo/adversarial/runner.py;src/ant_byte_env/training/jax_mappo/adversarial/setup.py;src/ant_byte_env/training/jax_mappo/adversarial/transfer.py;src/ant_byte_env/training/jax_mappo/adversarial/types.py;tests/test_jax_adversarial_mappo.py;tests/test_notebook_layout.py
929d6ef	929d6ef7309bb837bcca57dd03a9333e57b1db7a	2026-06-28T21:53:40-03:00	.	adversarial-roles-side-branches	Reset adversarial notebook curriculum	1	M	notebooks/adversarial/frozen_opponent.ipynb
34d5fd6	34d5fd649dd20ce4a7bee261004615fd526e20d3	2026-06-28T22:15:23-03:00	.	adversarial-roles-side-branches	Fade adversarial hub center curriculum	1	M	notebooks/adversarial/frozen_opponent.ipynb
d9e224e	d9e224e018293c854f1d720194dfc8006605eda0	2026-06-28T22:37:46-03:00	.	adversarial-roles-side-branches	Add adversarial critic warmup notebook	4	M	notebooks/adversarial/frozen_opponent.ipynb;src/ant_byte_env/training/jax_mappo/adversarial/cli.py;src/ant_byte_env/training/jax_mappo/updates.py;tests/test_jax_adversarial_mappo.py
35ed12d	35ed12d3c19190466f39f36ecde372daee3d459f	2026-06-29T00:09:57-03:00	.	adversarial-roles-side-branches	Add adversarial eval-gated anchor training	12	A;M	notebooks/adversarial/capability_audit.ipynb;notebooks/adversarial/frozen_opponent.ipynb;src/ant_byte_env/training/jax_mappo/__init__.py;src/ant_byte_env/training/jax_mappo/adversarial/checkpointing.py;src/ant_byte_env/training/jax_mappo/adversarial/cli.py;src/ant_byte_env/training/jax_mappo/adversarial/runner.py;src/ant_byte_env/training/jax_mappo/checkpointing.py;src/ant_byte_env/training/jax_mappo/runner.py;src/ant_byte_env/training/jax_mappo/types.py;src/ant_byte_env/training/jax_mappo/updates.py;tests/test_jax_adversarial_mappo.py;tests/test_notebook_layout.py
729f75b	729f75b54225a5372e155896a8146bd1733a6980	2026-06-29T12:49:56-03:00	.	adversarial-roles-side-branches	Add guarded adversarial refinement notebook	5	M	notebooks/adversarial/frozen_opponent.ipynb;src/ant_byte_env/training/jax_mappo/adversarial/checkpointing.py;src/ant_byte_env/training/jax_mappo/adversarial/evaluation.py;src/ant_byte_env/training/jax_mappo/adversarial/rendering.py;tests/test_jax_adversarial_mappo.py
f75f7c8	f75f7c8068f1beb66cd26907668088bef33d743d	2026-06-29T18:20:32-03:00	.	adversarial-roles-side-branches	lethal cookies	23	M	experiments/exploration_to_forage_full_layout_8ants_half_food_50x50.json;experiments/exploration_to_forage_proximity_sources_50x50.json;src/ant_byte_env/curricula/stages.py;src/ant_byte_env/env.py;src/ant_byte_env/jax_env.py;src/ant_byte_env/notebook_workflows.py;src/ant_byte_env/rendering.py;src/ant_byte_env/training/jax_mappo/__init__.py;src/ant_byte_env/training/jax_mappo/cli.py;src/ant_byte_env/training/jax_mappo/core.py;src/ant_byte_env/training/jax_mappo/curriculum.py;src/ant_byte_env/training/jax_mappo/evaluation.py;src/ant_byte_env/training/jax_mappo/probe.py;src/ant_byte_env/training/jax_mappo/rollout.py;src/ant_byte_env/training/jax_mappo/runner.py;src/ant_byte_env/training/jax_mappo/transfer.py;src/ant_byte_env/workflows/args.py;src/ant_byte_env/workflows/rollouts.py;tests/test_jax_env.py;tests/test_notebook_workflows.py;tests/test_render.py;tests/test_train_mappo_jax.py;tests/test_workflow_rollouts.py
a6ba235	a6ba23530c5c618220e95ae8f451aabb6b21b957	2026-07-01T11:36:13-03:00	origin/main, origin/HEAD	critic-full-layout-50x50	feat: add 8-bit shared-write continuation	16	A;M	experiments/exploration_to_forage_full_layout_8ants_half_food_50x50_shared_writes_write_cost_8bits.json;notebooks/README.md;notebooks/scaling/full_layout_8ants_half_food_shared_writes_write_cost_8bits_50x50.ipynb;scripts/render_jax_channel_grid_video.py;src/ant_byte_env/autocurriculum_env.py;src/ant_byte_env/cli.py;src/ant_byte_env/env.py;src/ant_byte_env/notebook_workflows.py;src/ant_byte_env/rendering.py;src/ant_byte_env/workflows/rollouts.py;src/ant_byte_env/workflows/training.py;tests/test_notebook_layout.py;tests/test_render.py;tests/test_workflow_experiments.py;tests/test_workflow_rollouts.py;tests/test_workflow_training.py
58ea666	58ea66654aad7fb0cabdadfc40e4690e38ead1df	2026-07-01T11:47:24-03:00	origin/lethal_cookies	hundred-bridge-maze-stress	modified:   experiments/exploration_to_forage_proximity_sources_50x50.json  new file:   notebooks/source_layouts/proximity_sources_50x50 cookie radius.ipynb  new file:   notebooks/source_layouts/proximity_sources_50x50 maze.ipynb  deleted:    notebooks/source_layouts/proximity_sources_50x50.ipynb  modified:   src/ant_byte_env/training/jax_mappo/transfer.py  modified:   tests/test_train_mappo_jax.py	6	A;D;M	experiments/exploration_to_forage_proximity_sources_50x50.json;notebooks/source_layouts/proximity_sources_50x50 cookie radius.ipynb;notebooks/source_layouts/proximity_sources_50x50 maze.ipynb;notebooks/source_layouts/proximity_sources_50x50.ipynb;src/ant_byte_env/training/jax_mappo/transfer.py;tests/test_train_mappo_jax.py
80b902d	80b902d97ba8a8a453d1fe2345b48487bf3136c5	2026-07-02T15:38:05-03:00	.	sixty-ant-50x50-stabilization	feat: add memory-safe cleanup eval loop	8	A;M	experiments/exploration_to_forage_full_layout_60ants_half_food_50x50_shared_writes_write_cost_8bits_stabilize_from_60best.json;scripts/run_cleanup_temperature_schedule_loop.py;scripts/run_deployment_action_sweep.py;scripts/run_overnight_efficiency_sweep.py;scripts/run_temperature_robustness_loop.py;src/ant_byte_env/training/jax_mappo/evaluation.py;tests/test_train_mappo_jax.py;tests/test_workflow_experiments.py
1e3f96c	1e3f96c0aff1b0207d69f877a4991fb722d2504e	2026-07-02T16:21:00-03:00	.	infra-tests-ci-cleanup	chore: increase cleanup loop video cadence	1	M	scripts/run_cleanup_temperature_schedule_loop.py
b3f8879	b3f88797daa95bbff6086494642c4c468fe9ab1c	2026-07-02T16:41:03-03:00	.	infra-tests-ci-cleanup	chore: focus cleanup schedule sweep	1	M	scripts/run_cleanup_temperature_schedule_loop.py
9d1e147	9d1e147f9b7ea644ec8f6732314d7e0bfe8d763a	2026-07-02T17:27:37-03:00	.	adversarial-roles-side-branches	Record adversarial eval diagnostics and role renders	5	M	notebooks/adversarial/capability_audit.ipynb;notebooks/adversarial/frozen_opponent.ipynb;src/ant_byte_env/training/jax_mappo/adversarial/evaluation.py;src/ant_byte_env/training/jax_mappo/adversarial/rendering.py;tests/test_jax_adversarial_mappo.py
46aa332	46aa33237d2851e260c89ce2a00c58228f326a2f	2026-07-02T18:00:20-03:00	.	adversarial-roles-side-branches	Add timed-release cooperative roles experiment	17	A;M	experiments/timed_release_roles_8ants_shared_writes.json;notebooks/timed_release/roles.ipynb;src/ant_byte_env/cli.py;src/ant_byte_env/training/jax_mappo/rollout.py;src/ant_byte_env/training/jax_mappo/timed_release/__init__.py;src/ant_byte_env/training/jax_mappo/timed_release/cli.py;src/ant_byte_env/training/jax_mappo/timed_release/env.py;src/ant_byte_env/training/jax_mappo/timed_release/evaluation.py;src/ant_byte_env/training/jax_mappo/timed_release/rendering.py;src/ant_byte_env/training/jax_mappo/timed_release/rollout.py;src/ant_byte_env/training/jax_mappo/timed_release/runner.py;src/ant_byte_env/training/jax_mappo/timed_release/types.py;src/ant_byte_env/training/jax_mappo/types.py;src/ant_byte_env/training/jax_mappo/updates.py;tests/test_jax_timed_release_mappo.py;tests/test_notebook_layout.py;tests/test_train_mappo_jax.py
4aad30d	4aad30da3a4f984b6ec0993fd1a46e158adc686c	2026-07-02T18:03:10-03:00	origin/research/adversarial-marl-experiments	adversarial-roles-side-branches	Document adversarial frozen-opponent experiments	1	A	docs/adversarial_frozen_opponent_story.md
8d7b582	8d7b582ee3295c7868df6f6c017ac668f035c8ae	2026-07-02T19:02:50-03:00	.	adversarial-roles-side-branches	Tune timed-release role probe for local CPU	10	A;M	docs/experiments.md;docs/timed_release_roles.md;experiments/timed_release_roles_8ants_shared_writes.json;notebooks/timed_release/roles.ipynb;src/ant_byte_env/training/jax_mappo/__init__.py;src/ant_byte_env/training/jax_mappo/timed_release/cli.py;src/ant_byte_env/training/jax_mappo/timed_release/runner.py;src/ant_byte_env/training/jax_mappo/transfer.py;tests/test_jax_timed_release_mappo.py;tests/test_train_mappo_jax.py
345b88a	345b88ad83920fd73efe0c099216e3e10f3b584e	2026-07-02T19:25:26-03:00	.	hundred-bridge-maze-stress	feat: add 100x100 bridge sweep launcher	1	A	scripts/run_100x100_bridge_sweep.py
483a22c	483a22cf27f4979fffe54921d2964661596905f5	2026-07-02T19:50:17-03:00	.	hundred-bridge-maze-stress	feat: add 100x100 continuation sweep	1	A	scripts/run_100x100_continuation_sweep.py
f0d80f1	f0d80f19214f6dc2add40f1e22e39b2b3cd4eb00	2026-07-02T20:20:26-03:00	.	hundred-bridge-maze-stress	feat: add 100x100 temperature eval grid	1	A	scripts/eval_100x100_temperature_grid.py
9665577	9665577c759d672b02471c420c3400263d19a035	2026-07-02T20:34:47-03:00	.	hundred-bridge-maze-stress	feat: add fixed 100x100 progress video uploader	1	A	scripts/run_100x100_progress_video_daemon.py
900fcc0	900fcc0f9100061ee94a00113211245dffcdc09d	2026-07-02T20:57:53-03:00	.	hundred-bridge-maze-stress	fix: make 100x100 progress videos resume reliably	1	M	scripts/run_100x100_progress_video_daemon.py
ea36bd1	ea36bd1c0d9c49f01b4a5ef602e0bec9b15690af	2026-07-02T21:38:00-03:00	.	hundred-bridge-maze-stress	fix: archive 100x100 progress videos in wandb	1	M	scripts/run_100x100_progress_video_daemon.py
00fa2e3	00fa2e3cc967d7b61694c201647f4bb7ab03deb8	2026-07-02T21:44:53-03:00	.	hundred-bridge-maze-stress	feat: make 100x100 sweeps target 120 ants	3	A;M	scripts/__init__.py;scripts/run_100x100_bridge_sweep.py;scripts/run_100x100_continuation_sweep.py
ed2d78e	ed2d78e726fde73d599297921600279d00f8066c	2026-07-02T21:59:19-03:00	.	hundred-bridge-maze-stress	fix: publish progress video site panel	1	M	scripts/run_100x100_progress_video_daemon.py
aea6e52	aea6e52180b03212a67134624d0664aec11e0c6e	2026-07-02T22:27:39-03:00	.	hundred-bridge-maze-stress	fix: collapse progress video logging to one wandb table	1	M	scripts/run_100x100_progress_video_daemon.py
c4851c7	c4851c7941ef0bffd53de2452d6ac6c56a501bfd	2026-07-02T22:29:22-03:00	.	hundred-bridge-maze-stress	feat: allow 100x100 continuation source override	1	M	scripts/run_100x100_continuation_sweep.py
c1a0741	c1a0741f5b687216f19a612d782f0b130e640043	2026-07-03T13:24:38-03:00	.	twofifty-frontier-reset	feat: add 250x250 truncation continuation config	1	A	experiments/half_scale_distance_250x250_reasonable_truncation_from_frontier.json
10b09d0	10b09d0a8421d846fd56895d50b3f003f3e9efd3	2026-07-03T14:56:14-03:00	.	twofifty-frontier-reset	feat: add d16 250x250 continuation config	1	A	experiments/half_scale_distance_250x250_d16_trunc4096_from_685best.json
935e654	935e6547961816a5266d787b5deed45c0f8add4c	2026-07-03T14:58:39-03:00	.	hundred-bridge-maze-stress	fix: flush progress video table each cycle	1	M	scripts/run_100x100_progress_video_daemon.py
f776de5	f776de5a916b6a203c70a8e5541716c2969d1c19	2026-07-03T15:23:08-03:00	.	twofifty-frontier-reset	feat: add soft 250x250 continuation config	1	A	experiments/half_scale_distance_250x250_soft_d8d16_trunc4096_from_685best.json
a203c2d	a203c2d4fbb9315b7048f07f3557605fe9e340c1	2026-07-03T15:44:28-03:00	.	bigmap-deployment-rendering	feat: add best policy bigmap state render	3	A;M	scripts/render_best_policy_bigmap_state_video.py;src/ant_byte_env/env.py;tests/test_env_api.py
4755061	4755061a5be96a8a406d02e459148d69355a487e	2026-07-03T16:19:03-03:00	.	bigmap-deployment-rendering	feat: support explicit bigmap render layouts	1	M	scripts/render_best_policy_bigmap_state_video.py
e0a80c9	e0a80c92172a71044c26211a23d5305eda9b3876	2026-07-03T16:38:26-03:00	.	bigmap-deployment-rendering	feat: allow bigmap render deployment overrides	1	M	scripts/render_best_policy_bigmap_state_video.py
5b27fd2	5b27fd26abc73332802b7bee065af0f6fbae380b	2026-07-03T17:41:06-03:00	main	bigmap-deployment-rendering	feat: add bigmap palette rerender helper	1	A	scripts/rerender_bigmap_palette_variants.py
a4ed53c	a4ed53ca8aa2b85b9497b74678af9a49b8e0793d	2026-07-03T18:10:04-03:00	.	sixty-ant-50x50-stabilization	chore: checkpoint overnight research state	58	A;M	docs/planning/experiment-history-analysis.md;experiments/exploration_to_forage_full_layout_60ants_half_food_50x50_shared_writes_write_cost_8bits_from_best.json;experiments/exploration_to_forage_full_layout_60ants_half_food_50x50_shared_writes_write_cost_8bits_speed_shaping_from_60best.json;experiments/exploration_to_forage_full_layout_60ants_half_food_50x50_shared_writes_write_cost_8bits_time_penalty_from_stabilized_best.json;experiments/half_scale_distance_autocurriculum_250x250_healthy_reset.json;logs/100x100_bridge_sweep_20260702_222225.log;logs/100x100_bridge_sweep_20260702_222315.log;logs/100x100_continuation_sweep_20260702_225027.log;logs/100x100_hard_temperature_refine_20260702_210546.log;logs/100x100_progress_videos.log;logs/100x100_temperature_grid_20260702_232038.log;logs/100x100_temperature_grid_refine_20260702_204431.log;logs/hs250_d16_trunc4096_from_685best.log;logs/hs250_reasonable_trunc4096_from_frontier.log;notebooks/README.md;notebooks/curriculum/distance_autocurriculum_250x250.ipynb;notebooks/scaling/full_layout_60ants_half_food_shared_writes_write_cost_8bits_50x50.ipynb;notebooks/scaling/full_layout_8ants_half_food_shared_writes_write_cost_8bits_50x50.ipynb;report/.gitignore;report/Makefile;report/README.md;report/data/figure_250x250.csv;report/data/figure_25x25_modes.csv;report/data/figure_behavior_sources.csv;report/data/figure_bits_vs_ants.csv;report/data/figure_critic_50x50.csv;report/data/figure_rare_50x50.csv;report/data/figure_sources.md;report/figures/fig_250x250_diagnostics.pdf;report/figures/fig_250x250_diagnostics.png;report/figures/fig_25x25_modes.pdf;report/figures/fig_25x25_modes.png;report/figures/fig_behavior_montage.jpg;report/figures/fig_bits_vs_ants.pdf;report/figures/fig_bits_vs_ants.png;report/figures/fig_critic_50x50.pdf;report/figures/fig_critic_50x50.png;report/figures/fig_rare_50x50.pdf;report/figures/fig_rare_50x50.png;report/main.pdf;report/main.tex;report/references.bib;report/scripts/build_figures.py;scripts/render_...
034b752	034b7526ea630e98a1e7da19c00f08986654f247	2026-07-03T18:16:44-03:00	.	report-site-paper-assets	docs: add complete experiment chronology	1	A	docs/planning/complete-experiment-chronology.md
c82519e	c82519e00dbb47b27ea73a0d7db03b15f51fa283	2026-07-03T18:27:10-03:00	.	twofifty-frontier-reset	feat: add report website	20	A	docs/.nojekyll;docs/index.html;docs/report-site/assets/curves/curve_100x100_bridge.svg;docs/report-site/assets/curves/curve_250x250_reset.svg;docs/report-site/assets/curves/curve_25x25_ant_count.svg;docs/report-site/assets/curves/curve_50x50_efficiency_sweep.svg;docs/report-site/assets/curves/curve_50x50_efficient.svg;docs/report-site/assets/plots/fig_250x250_diagnostics.png;docs/report-site/assets/plots/fig_25x25_modes.png;docs/report-site/assets/plots/fig_behavior_montage.jpg;docs/report-site/assets/plots/fig_bits_vs_ants.png;docs/report-site/assets/plots/fig_critic_50x50.png;docs/report-site/assets/plots/fig_rare_50x50.png;docs/report-site/assets/report-draft.pdf;docs/report-site/assets/videos/bridge-100x100.mp4;docs/report-site/assets/videos/forage-25x25-4ants.mp4;docs/report-site/assets/videos/frontier-250x250.mp4;docs/report-site/assets/videos/frontier-50x50.mp4;docs/report-site/site.js;docs/report-site/styles.css
d29580a	d29580ad9084ea0ff63eb5327c164e00cb568318	2026-07-03T20:18:21-03:00	.	bigmap-deployment-rendering	feat: add interactive policy sandbox	10	A;M	docs/index.html;docs/report-site/assets/data/policy-runner-25x25-4ants.js;docs/report-site/assets/sprites/ant.png;docs/report-site/assets/sprites/food.png;docs/report-site/assets/sprites/hub.png;docs/report-site/assets/sprites/tile.png;docs/report-site/runner.js;docs/report-site/site.js;docs/report-site/styles.css;scripts/export_report_site_policy.py
c0d7c9a	c0d7c9a3c6aa94066830ea97d47d43f2fd33ed1f	2026-07-03T20:46:36-03:00	.	twofifty-frontier-reset	fix: use actual frontier policy sandbox	9	A;D;M	docs/index.html;docs/report-site/assets/data/policy-runner-25x25-4ants.js;docs/report-site/assets/data/policy-runner-50x50-frontier.js;docs/report-site/assets/report-draft.pdf;docs/report-site/runner.js;pyproject.toml;report/main.pdf;report/main.tex;scripts/export_report_site_policy.py
b0ed5ef	b0ed5ef515db1e302e7758e57433c547be228820	2026-07-03T22:04:35-03:00	.	twofifty-frontier-reset	docs: deepen report site experiment story	5	A;M	docs/index.html;docs/report-site/assets/videos/random-rollout.mp4;docs/report-site/assets/videos/reset-boundary-250x250.mp4;docs/report-site/site.js;docs/report-site/styles.css
ef5928d	ef5928ded36d5db4ab4bbe8125ae7d1a6bff2212	2026-07-03T22:12:29-03:00	.	report-site-paper-assets	docs: clarify report site narrative opening	3	M	docs/index.html;docs/report-site/site.js;docs/report-site/styles.css
2303467	2303467853b06db594ade766d2cf28a13aa1b184	2026-07-03T22:52:26-03:00	.	report-site-paper-assets	docs: make report site more readable	3	M	docs/index.html;docs/report-site/site.js;docs/report-site/styles.css
1f871b3	1f871b34ecb72a1362683898f164264a7729ebce	2026-07-04T10:03:37-03:00	.	twofifty-frontier-reset	feat: add report site experiment tree media	11	A	docs/report-site/assets/posters/tree-bigmap.jpg;docs/report-site/assets/posters/tree-bits-ants.jpg;docs/report-site/assets/posters/tree-critic50.jpg;docs/report-site/assets/posters/tree-frontier50.jpg;docs/report-site/assets/posters/tree-large-scale-100.jpg;docs/report-site/assets/posters/tree-large-scale-250.jpg;docs/report-site/assets/posters/tree-rare50.jpg;docs/report-site/assets/posters/tree-small-scale.jpg;docs/report-site/assets/posters/tree-unlock25.jpg;docs/report-site/assets/posters/tree-world.jpg;docs/report-site/assets/videos/bigmap-50x50-policy-1000x1000.mp4
cf60c11	cf60c112b0c3e830468ac02051dd7e0ef3b4d4a5	2026-07-04T10:19:24-03:00	.	twofifty-frontier-reset	feat: refresh report experiment tree posters	10	M	docs/report-site/assets/posters/tree-bigmap.jpg;docs/report-site/assets/posters/tree-bits-ants.jpg;docs/report-site/assets/posters/tree-critic50.jpg;docs/report-site/assets/posters/tree-frontier50.jpg;docs/report-site/assets/posters/tree-large-scale-100.jpg;docs/report-site/assets/posters/tree-large-scale-250.jpg;docs/report-site/assets/posters/tree-rare50.jpg;docs/report-site/assets/posters/tree-small-scale.jpg;docs/report-site/assets/posters/tree-unlock25.jpg;docs/report-site/assets/posters/tree-world.jpg
2634925	26349251e3488ce91e66d5528900424caf8cffb9	2026-07-04T10:19:38-03:00	.	report-site-paper-assets	docs: rewrite report site in spanish	4	M	docs/index.html;docs/report-site/runner.js;docs/report-site/site.js;docs/report-site/styles.css
7f96d04	7f96d04b0426e68874c85ddc829779ce37690c8c	2026-07-04T10:26:19-03:00	.	jax-mappo-training-core	ci: deploy report site to pages	1	A	.github/workflows/deploy-pages.yml
20e0593	20e059393573ddec5923341b7b96860275b936f4	2026-07-04T10:29:54-03:00	.	twofifty-frontier-reset	docs: remove embedded figure titles	19	M	docs/report-site/assets/plots/fig_250x250_diagnostics.png;docs/report-site/assets/plots/fig_25x25_modes.png;docs/report-site/assets/plots/fig_behavior_montage.jpg;docs/report-site/assets/plots/fig_bits_vs_ants.png;docs/report-site/assets/plots/fig_critic_50x50.png;docs/report-site/assets/plots/fig_rare_50x50.png;report/data/figure_behavior_sources.csv;report/figures/fig_250x250_diagnostics.pdf;report/figures/fig_250x250_diagnostics.png;report/figures/fig_25x25_modes.pdf;report/figures/fig_25x25_modes.png;report/figures/fig_behavior_montage.jpg;report/figures/fig_bits_vs_ants.pdf;report/figures/fig_bits_vs_ants.png;report/figures/fig_critic_50x50.pdf;report/figures/fig_critic_50x50.png;report/figures/fig_rare_50x50.pdf;report/figures/fig_rare_50x50.png;report/scripts/build_figures.py
01ac4f7	01ac4f7e61c6dbd5a69707295477c27a8f61a32a	2026-07-04T10:30:13-03:00	.	report-site-paper-assets	docs: make experiment map a real tree	2	M	docs/index.html;docs/report-site/styles.css
0eeb732	0eeb732c740d9ee1e7e50b2717162976460d4db1	2026-07-04T10:32:05-03:00	.	jax-mappo-training-core	ci: update pages actions	1	M	.github/workflows/deploy-pages.yml
9a08e82	9a08e82f3e5e1dc2376b3b1c994101328bd51928	2026-07-04T11:09:41-03:00	.	twofifty-frontier-reset	docs: update report figure captions	8	M	docs/report-site/assets/report-draft.pdf;report/figures/fig_250x250_diagnostics.pdf;report/figures/fig_25x25_modes.pdf;report/figures/fig_bits_vs_ants.pdf;report/figures/fig_critic_50x50.pdf;report/figures/fig_rare_50x50.pdf;report/main.pdf;report/main.tex
bd1f6ee	bd1f6eea1b8a97f93ce7c7dde693a2097c4dd35c	2026-07-04T11:54:04-03:00	.	twofifty-frontier-reset	docs: add missing experiment branches to report	15	A;M	docs/index.html;docs/planning/complete-experiment-chronology.md;docs/report-site/assets/posters/tree-autocurriculum.svg;docs/report-site/assets/posters/tree-maze.svg;docs/report-site/assets/posters/tree-memory.svg;docs/report-site/assets/report-draft.pdf;docs/report-site/site.js;docs/report-site/styles.css;report/figures/fig_250x250_diagnostics.pdf;report/figures/fig_25x25_modes.pdf;report/figures/fig_bits_vs_ants.pdf;report/figures/fig_critic_50x50.pdf;report/figures/fig_rare_50x50.pdf;report/main.pdf;report/main.tex
38cf3d8	38cf3d8a47402918eb4e32d5475f82b4dafa7efd	2026-07-04T14:56:02+00:00	.	adversarial-roles-side-branches	Configure L4 timed-release continuation	3	M	docs/timed_release_roles.md;experiments/timed_release_roles_8ants_shared_writes.json;tests/test_jax_timed_release_mappo.py
842f3cf	842f3cf88ac3f021895ec9e506bb950bd88031d0	2026-07-04T12:37:20-03:00	.	twofifty-frontier-reset	docs: expand spanish report site chronology	23	A;M	docs/index.html;docs/report-site/assets/plots/fig_behavior_montage.jpg;docs/report-site/assets/plots/fig_logged_metrics_story.png;docs/report-site/assets/report-draft.pdf;docs/report-site/assets/videos/ant-count-25x25-2ants.mp4;docs/report-site/assets/videos/ant-count-25x25-8ants.mp4;docs/report-site/assets/videos/autocurriculum-250x250-failure.mp4;docs/report-site/site.js;docs/report-site/styles.css;report/data/figure_behavior_sources.csv;report/data/figure_logged_metrics_story.csv;report/data/figure_sources.md;report/figures/fig_250x250_diagnostics.pdf;report/figures/fig_25x25_modes.pdf;report/figures/fig_behavior_montage.jpg;report/figures/fig_bits_vs_ants.pdf;report/figures/fig_critic_50x50.pdf;report/figures/fig_logged_metrics_story.pdf;report/figures/fig_logged_metrics_story.png;report/figures/fig_rare_50x50.pdf;report/main.pdf;report/main.tex;report/scripts/build_figures.py
5d2eab7	5d2eab769eda0f6a03efc15bf124062fb60b16ec	2026-07-04T12:53:16-03:00	.	bigmap-deployment-rendering	feat: make report sandbox configurable	3	M	docs/index.html;docs/report-site/runner.js;docs/report-site/styles.css
d5fb086	d5fb086a2bbcf1775c084eab25545bfa595e06e9	2026-07-04T13:08:57-03:00	.	bigmap-deployment-rendering	feat: allow incremental sandbox cookie placement	2	M	docs/index.html;docs/report-site/runner.js
4017d8e	4017d8efb528f5d3b342902f12bf4a42419aefa1	2026-07-04T13:29:48-03:00	.	critic-full-layout-50x50	docs: add rollout evidence to report site	27	A;M	docs/index.html;docs/report-site/assets/posters/tree-autocurriculum.jpg;docs/report-site/assets/posters/tree-critic50.jpg;docs/report-site/assets/posters/tree-rare50.jpg;docs/report-site/assets/posters/tree-size-curriculum.jpg;docs/report-site/assets/posters/tree-source-layouts.jpg;docs/report-site/assets/videos/ant-count-25x25-3ants.mp4;docs/report-site/assets/videos/ant-count-25x25-6ants.mp4;docs/report-site/assets/videos/critic-50x50-8ants-strided.mp4;docs/report-site/assets/videos/curriculum-efficient-08x08.mp4;docs/report-site/assets/videos/curriculum-efficient-12x12.mp4;docs/report-site/assets/videos/curriculum-efficient-16x16.mp4;docs/report-site/assets/videos/curriculum-efficient-20x20.mp4;docs/report-site/assets/videos/curriculum-efficient-25x25.mp4;docs/report-site/assets/videos/curriculum-efficient-30x30.mp4;docs/report-site/assets/videos/curriculum-efficient-35x35.mp4;docs/report-site/assets/videos/curriculum-efficient-40x40.mp4;docs/report-site/assets/videos/curriculum-efficient-45x45.mp4;docs/report-site/assets/videos/curriculum-efficient-50x50.mp4;docs/report-site/assets/videos/padded-sources-02.mp4;docs/report-site/assets/videos/padded-sources-06.mp4;docs/report-site/assets/videos/padded-sources-12.mp4;docs/report-site/assets/videos/proximity-sources-02.mp4;docs/report-site/assets/videos/proximity-sources-08.mp4;docs/report-site/assets/videos/proximity-sources-50.mp4;docs/report-site/assets/videos/rare-50x50-4ants.mp4;docs/report-site/styles.css
2b64a9f	2b64a9fd6c676e819c4c6ce0b52f9a7bf6c8ea09	2026-07-04T13:33:22-03:00	.	twofifty-frontier-reset	docs: align informe with rollout chronology	12	M	report/data/figure_behavior_sources.csv;report/data/figure_sources.md;report/figures/fig_250x250_diagnostics.pdf;report/figures/fig_25x25_modes.pdf;report/figures/fig_behavior_montage.jpg;report/figures/fig_bits_vs_ants.pdf;report/figures/fig_critic_50x50.pdf;report/figures/fig_logged_metrics_story.pdf;report/figures/fig_rare_50x50.pdf;report/main.pdf;report/main.tex;report/scripts/build_figures.py
6e22394	6e22394236ce151e9c1f0a9308e5bc0bc3d27fe6	2026-07-04T13:52:54-03:00	.	twofifty-frontier-reset	docs: generate factual report tree visuals	25	A;D;M	docs/index.html;docs/report-site/assets/plots/fig_maze_layout.png;docs/report-site/assets/plots/fig_memory_r8_r12_ablation.png;docs/report-site/assets/posters/tree-maze.jpg;docs/report-site/assets/posters/tree-maze.svg;docs/report-site/assets/posters/tree-memory.jpg;docs/report-site/assets/posters/tree-memory.svg;docs/report-site/site.js;docs/report-site/styles.css;report/data/figure_maze_layout.csv;report/data/figure_memory_r8_r12_ablation.csv;report/data/figure_sources.md;report/figures/fig_250x250_diagnostics.pdf;report/figures/fig_25x25_modes.pdf;report/figures/fig_bits_vs_ants.pdf;report/figures/fig_critic_50x50.pdf;report/figures/fig_logged_metrics_story.pdf;report/figures/fig_maze_layout.pdf;report/figures/fig_maze_layout.png;report/figures/fig_memory_r8_r12_ablation.pdf;report/figures/fig_memory_r8_r12_ablation.png;report/figures/fig_rare_50x50.pdf;report/main.pdf;report/main.tex;report/scripts/build_figures.py
b20ade2	b20ade202a7831e69671d1068890758e69bce8e9	2026-07-04T14:06:49-03:00	.	sixty-ant-50x50-stabilization	docs: add labyrinth rollout evidence	19	A;M	docs/index.html;docs/report-site/assets/sprites/ant-cursor.png;docs/report-site/assets/videos/labyrinth-50x50-policy-60ants.json;docs/report-site/assets/videos/labyrinth-50x50-policy-60ants.mp4;docs/report-site/assets/videos/labyrinth-50x50-policy-60ants_states.npz;docs/report-site/runner.js;docs/report-site/site.js;docs/report-site/styles.css;report/figures/fig_250x250_diagnostics.pdf;report/figures/fig_25x25_modes.pdf;report/figures/fig_bits_vs_ants.pdf;report/figures/fig_critic_50x50.pdf;report/figures/fig_logged_metrics_story.pdf;report/figures/fig_maze_layout.pdf;report/figures/fig_memory_r8_r12_ablation.pdf;report/figures/fig_rare_50x50.pdf;report/main.pdf;report/main.tex;scripts/render_best_policy_bigmap_state_video.py
a8b23ea	a8b23ea783ba64fa3afee620843ffbadc6feadae	2026-07-04T14:24:01-03:00	.	sixty-ant-50x50-stabilization	docs: use trained maze policy evidence	20	A;D;M	docs/index.html;docs/report-site/assets/data/wandb-maze-checkpoints/jax_mappo_maze_explore_24x24.pkl;docs/report-site/assets/posters/tree-maze.jpg;docs/report-site/assets/videos/labyrinth-50x50-policy-60ants.json;docs/report-site/assets/videos/labyrinth-50x50-policy-60ants.mp4;docs/report-site/assets/videos/labyrinth-50x50-policy-60ants_states.npz;docs/report-site/assets/videos/maze-exploration-50x50-trained-policy.json;docs/report-site/assets/videos/maze-exploration-50x50-trained-policy.mp4;docs/report-site/site.js;report/figures/fig_250x250_diagnostics.pdf;report/figures/fig_25x25_modes.pdf;report/figures/fig_bits_vs_ants.pdf;report/figures/fig_critic_50x50.pdf;report/figures/fig_logged_metrics_story.pdf;report/figures/fig_maze_layout.pdf;report/figures/fig_memory_r8_r12_ablation.pdf;report/figures/fig_rare_50x50.pdf;report/main.pdf;report/main.tex;report/scripts/build_figures.py
9b64473	9b6447312962625d77707681c44749735b029bf5	2026-07-04T15:28:50-03:00	.	bigmap-deployment-rendering	feat: improve sandbox rendering controls	4	M	docs/index.html;docs/report-site/assets/sprites/ant-cursor.png;docs/report-site/runner.js;docs/report-site/styles.css
3c94645	3c946455cfb0bbe0ae2b0d20beca7f1e6149edcf	2026-07-04T15:42:50-03:00	.	bigmap-deployment-rendering	fix: remove sandbox ant and cookie caps	2	M	docs/index.html;docs/report-site/runner.js
daa3c67	daa3c67aa104a951a4feda4ff8b402509edf602e	2026-07-04T16:01:52-03:00	.	sixty-ant-50x50-stabilization	docs: add 100x100 maze stress rollout	2	A	docs/report-site/assets/videos/maze-100x100-60ants-one-far-source.json;docs/report-site/assets/videos/maze-100x100-60ants-one-far-source.mp4
61f6647	61f6647548550a25833a9f3d739f9b895b6c5e45	2026-07-04T19:08:21+00:00	origin/research/timed-release-roles	adversarial-roles-side-branches	Park tuned timed-release continuation	3	M	docs/timed_release_roles.md;experiments/timed_release_roles_8ants_shared_writes.json;notebooks/timed_release/roles.ipynb
a56d504	a56d5049a28a7694a8f9412b17af254a0eb2ac02	2026-07-04T16:08:23-03:00	.	sixty-ant-50x50-stabilization	fix: rerender maze stress rollout at standard temperature	2	M	docs/report-site/assets/videos/maze-100x100-60ants-one-far-source.json;docs/report-site/assets/videos/maze-100x100-60ants-one-far-source.mp4
962f560	962f5604d4a81c67301d1261a17778a4566ae911	2026-07-04T16:14:23-03:00	.	hundred-bridge-maze-stress	docs: surface corrected maze stress rollout	2	M	docs/index.html;docs/report-site/site.js
21d3cdf	21d3cdfb6b9fbb0b01227845701a59be94129bd2	2026-07-04T16:21:50-03:00	HEAD -> report-writing-site, origin/report-writing-site	report-site-paper-assets	docs: sync Spanish report with site story	3	M	docs/report-site/assets/report-draft.pdf;report/main.pdf;report/main.tex
