commit	full_hash	date	family	status	old_path	path	subject
04b2937	04b2937865510df094cb1b7612ddf028b9c3aab5	2026-06-10T20:37:23-03:00	foundation-task-contract	A	.	README.md	Initial commit
a26d681	a26d681b17123f7639dec4a7a1c771c8530e5780	2026-06-10T20:44:49-03:00	communication-memory-bytes	A	.	.gitignore	feat: add ant byte foraging env
a26d681	a26d681b17123f7639dec4a7a1c771c8530e5780	2026-06-10T20:44:49-03:00	communication-memory-bytes	A	.	ant_byte_env/__init__.py	feat: add ant byte foraging env
a26d681	a26d681b17123f7639dec4a7a1c771c8530e5780	2026-06-10T20:44:49-03:00	communication-memory-bytes	A	.	ant_byte_env/env.py	feat: add ant byte foraging env
a26d681	a26d681b17123f7639dec4a7a1c771c8530e5780	2026-06-10T20:44:49-03:00	communication-memory-bytes	A	.	ant_byte_env/sprites.py	feat: add ant byte foraging env
a26d681	a26d681b17123f7639dec4a7a1c771c8530e5780	2026-06-10T20:44:49-03:00	communication-memory-bytes	A	.	examples/random_rollout.py	feat: add ant byte foraging env
a26d681	a26d681b17123f7639dec4a7a1c771c8530e5780	2026-06-10T20:44:49-03:00	communication-memory-bytes	A	.	pyproject.toml	feat: add ant byte foraging env
a26d681	a26d681b17123f7639dec4a7a1c771c8530e5780	2026-06-10T20:44:49-03:00	communication-memory-bytes	A	.	tests/test_determinism.py	feat: add ant byte foraging env
a26d681	a26d681b17123f7639dec4a7a1c771c8530e5780	2026-06-10T20:44:49-03:00	communication-memory-bytes	A	.	tests/test_env_api.py	feat: add ant byte foraging env
a26d681	a26d681b17123f7639dec4a7a1c771c8530e5780	2026-06-10T20:44:49-03:00	communication-memory-bytes	A	.	tests/test_render.py	feat: add ant byte foraging env
76118c6	76118c67178e9b843308a4422025cec3cd250a31	2026-06-10T20:46:18-03:00	communication-memory-bytes	A	.	ASSET_CREDITS.md	docs: document ant byte assets
76118c6	76118c67178e9b843308a4422025cec3cd250a31	2026-06-10T20:46:18-03:00	communication-memory-bytes	A	.	LICENSE	docs: document ant byte assets
76118c6	76118c67178e9b843308a4422025cec3cd250a31	2026-06-10T20:46:18-03:00	communication-memory-bytes	M	.	README.md	docs: document ant byte assets
76118c6	76118c67178e9b843308a4422025cec3cd250a31	2026-06-10T20:46:18-03:00	communication-memory-bytes	A	.	ant_byte_env/assets/ant.png	docs: document ant byte assets
76118c6	76118c67178e9b843308a4422025cec3cd250a31	2026-06-10T20:46:18-03:00	communication-memory-bytes	A	.	ant_byte_env/assets/food.png	docs: document ant byte assets
76118c6	76118c67178e9b843308a4422025cec3cd250a31	2026-06-10T20:46:18-03:00	communication-memory-bytes	A	.	ant_byte_env/assets/hub.png	docs: document ant byte assets
76118c6	76118c67178e9b843308a4422025cec3cd250a31	2026-06-10T20:46:18-03:00	communication-memory-bytes	A	.	ant_byte_env/assets/tile.png	docs: document ant byte assets
13a3afb	13a3afba33798708c4871e88b16b41aafe34bc66	2026-06-10T20:47:31-03:00	foundation-task-contract	M	.	tests/test_env_api.py	test: cover sprite loading and edge cases
13a3afb	13a3afba33798708c4871e88b16b41aafe34bc66	2026-06-10T20:47:31-03:00	foundation-task-contract	A	.	tests/test_sprites.py	test: cover sprite loading and edge cases
dd83222	dd83222692afbf0c2fbddcd191bbc50e11eaf494	2026-06-10T20:55:11-03:00	foundation-task-contract	M	.	README.md	chore: add random rollout launcher
dd83222	dd83222692afbf0c2fbddcd191bbc50e11eaf494	2026-06-10T20:55:11-03:00	foundation-task-contract	A	.	launch_random_rollout.py	chore: add random rollout launcher
11b581d	11b581d7f2a8b63b8a9ddaacfbf3b32ce8d731ea	2026-06-10T21:06:21-03:00	communication-memory-bytes	M	.	README.md	fix: reward colony deliveries and deplete food sources
11b581d	11b581d7f2a8b63b8a9ddaacfbf3b32ce8d731ea	2026-06-10T21:06:21-03:00	communication-memory-bytes	M	.	ant_byte_env/env.py	fix: reward colony deliveries and deplete food sources
11b581d	11b581d7f2a8b63b8a9ddaacfbf3b32ce8d731ea	2026-06-10T21:06:21-03:00	communication-memory-bytes	M	.	launch_random_rollout.py	fix: reward colony deliveries and deplete food sources
11b581d	11b581d7f2a8b63b8a9ddaacfbf3b32ce8d731ea	2026-06-10T21:06:21-03:00	communication-memory-bytes	M	.	tests/test_env_api.py	fix: reward colony deliveries and deplete food sources
11b581d	11b581d7f2a8b63b8a9ddaacfbf3b32ce8d731ea	2026-06-10T21:06:21-03:00	communication-memory-bytes	M	.	tests/test_render.py	fix: reward colony deliveries and deplete food sources
3839151	38391516c56dec709411c340afb30020aa464455	2026-06-10T21:10:07-03:00	communication-memory-bytes	M	.	ant_byte_env/env.py	feat: rotate ants by facing direction
3839151	38391516c56dec709411c340afb30020aa464455	2026-06-10T21:10:07-03:00	communication-memory-bytes	M	.	tests/test_env_api.py	feat: rotate ants by facing direction
3839151	38391516c56dec709411c340afb30020aa464455	2026-06-10T21:10:07-03:00	communication-memory-bytes	M	.	tests/test_render.py	feat: rotate ants by facing direction
c912195	c91219552180b54284b2a48123e93a425235eaa9	2026-06-10T21:19:38-03:00	foundation-task-contract	M	.	README.md	feat: export random rollouts as video
c912195	c91219552180b54284b2a48123e93a425235eaa9	2026-06-10T21:19:38-03:00	foundation-task-contract	M	.	launch_random_rollout.py	feat: export random rollouts as video
c912195	c91219552180b54284b2a48123e93a425235eaa9	2026-06-10T21:19:38-03:00	foundation-task-contract	M	.	pyproject.toml	feat: export random rollouts as video
c912195	c91219552180b54284b2a48123e93a425235eaa9	2026-06-10T21:19:38-03:00	foundation-task-contract	A	.	tests/test_launcher.py	feat: export random rollouts as video
67dbd92	67dbd92bc64155b96933b6000e3ae81a89fa5ec3	2026-06-10T21:37:32-03:00	communication-memory-bytes	M	.	ASSET_CREDITS.md	chore: replace ant and food sprites
67dbd92	67dbd92bc64155b96933b6000e3ae81a89fa5ec3	2026-06-10T21:37:32-03:00	communication-memory-bytes	M	.	ant_byte_env/assets/ant.png	chore: replace ant and food sprites
67dbd92	67dbd92bc64155b96933b6000e3ae81a89fa5ec3	2026-06-10T21:37:32-03:00	communication-memory-bytes	M	.	ant_byte_env/assets/food.png	chore: replace ant and food sprites
cc695f5	cc695f5a14e84dc80e732012057f134128b445ae	2026-06-10T21:43:20-03:00	communication-memory-bytes	M	.	ant_byte_env/env.py	fix: use cookie colors for food indicators
cddfc09	cddfc09ef7971c8a1e010f836dd392ae5266d754	2026-06-10T21:51:31-03:00	communication-memory-bytes	M	.	ant_byte_env/env.py	fix: render cookie counts in white
27c36fc	27c36fc625152ce390619f7a5e308b9ba7e4c28a	2026-06-10T21:55:52-03:00	communication-memory-bytes	M	.	README.md	fix: block byte writes on food and hub tiles
27c36fc	27c36fc625152ce390619f7a5e308b9ba7e4c28a	2026-06-10T21:55:52-03:00	communication-memory-bytes	M	.	ant_byte_env/env.py	fix: block byte writes on food and hub tiles
27c36fc	27c36fc625152ce390619f7a5e308b9ba7e4c28a	2026-06-10T21:55:52-03:00	communication-memory-bytes	M	.	tests/test_env_api.py	fix: block byte writes on food and hub tiles
59ca795	59ca7952367dae7015769083e76f7986bc4ed03f	2026-06-10T21:57:30-03:00	foundation-task-contract	M	.	README.md	chore: enlarge random rollout defaults
59ca795	59ca7952367dae7015769083e76f7986bc4ed03f	2026-06-10T21:57:30-03:00	foundation-task-contract	M	.	launch_random_rollout.py	chore: enlarge random rollout defaults
59ca795	59ca7952367dae7015769083e76f7986bc4ed03f	2026-06-10T21:57:30-03:00	foundation-task-contract	M	.	tests/test_launcher.py	chore: enlarge random rollout defaults
9771434	97714340303698c51965e6273b18903467b4b523	2026-06-10T22:06:48-03:00	communication-memory-bytes	M	.	README.md	feat: add model-controlled ant agents
9771434	97714340303698c51965e6273b18903467b4b523	2026-06-10T22:06:48-03:00	communication-memory-bytes	M	.	ant_byte_env/__init__.py	feat: add model-controlled ant agents
9771434	97714340303698c51965e6273b18903467b4b523	2026-06-10T22:06:48-03:00	communication-memory-bytes	A	.	ant_byte_env/agent.py	feat: add model-controlled ant agents
9771434	97714340303698c51965e6273b18903467b4b523	2026-06-10T22:06:48-03:00	communication-memory-bytes	A	.	tests/test_agent.py	feat: add model-controlled ant agents
5ec0431	5ec043148b7eef8dd4d12fad9e6847069417f6a3	2026-06-10T22:18:28-03:00	communication-memory-bytes	M	.	README.md	refactor: remove ant agent abstraction
5ec0431	5ec043148b7eef8dd4d12fad9e6847069417f6a3	2026-06-10T22:18:28-03:00	communication-memory-bytes	M	.	ant_byte_env/__init__.py	refactor: remove ant agent abstraction
5ec0431	5ec043148b7eef8dd4d12fad9e6847069417f6a3	2026-06-10T22:18:28-03:00	communication-memory-bytes	D	.	ant_byte_env/agent.py	refactor: remove ant agent abstraction
5ec0431	5ec043148b7eef8dd4d12fad9e6847069417f6a3	2026-06-10T22:18:28-03:00	communication-memory-bytes	D	.	tests/test_agent.py	refactor: remove ant agent abstraction
62a2e0a	62a2e0a0bd4da85d998bf929e270bb0522c20b7d	2026-06-10T22:22:49-03:00	foundation-task-contract	M	.	README.md	docs: add random rollout video
62a2e0a	62a2e0a0bd4da85d998bf929e270bb0522c20b7d	2026-06-10T22:22:49-03:00	foundation-task-contract	A	.	docs/media/random-rollout.mp4	docs: add random rollout video
f6baf53	f6baf53463088c267607bf96b162751cf3de642a	2026-06-10T22:25:49-03:00	jax-mappo-training-core	M	.	README.md	docs: remove rollout video fallback link
4f00c61	4f00c612ff719ce11ac1e4dc95787ae8e20b760f	2026-06-10T22:32:03-03:00	foundation-task-contract	M	.	README.md	docs: embed rollout gif in readme
4f00c61	4f00c612ff719ce11ac1e4dc95787ae8e20b760f	2026-06-10T22:32:03-03:00	foundation-task-contract	A	.	docs/media/random-rollout.gif	docs: embed rollout gif in readme
451af73	451af73f31baf4109c934bcf2504b51fac9d3806	2026-06-11T15:29:55-03:00	communication-memory-bytes	M	.	.gitignore	feat: add torchrl mappo curriculum
451af73	451af73f31baf4109c934bcf2504b51fac9d3806	2026-06-11T15:29:55-03:00	communication-memory-bytes	M	.	README.md	feat: add torchrl mappo curriculum
451af73	451af73f31baf4109c934bcf2504b51fac9d3806	2026-06-11T15:29:55-03:00	communication-memory-bytes	M	.	ant_byte_env/__init__.py	feat: add torchrl mappo curriculum
451af73	451af73f31baf4109c934bcf2504b51fac9d3806	2026-06-11T15:29:55-03:00	communication-memory-bytes	M	.	ant_byte_env/env.py	feat: add torchrl mappo curriculum
451af73	451af73f31baf4109c934bcf2504b51fac9d3806	2026-06-11T15:29:55-03:00	communication-memory-bytes	A	.	ant_byte_env/vault.py	feat: add torchrl mappo curriculum
451af73	451af73f31baf4109c934bcf2504b51fac9d3806	2026-06-11T15:29:55-03:00	communication-memory-bytes	A	.	notebooks/train_mappo_curriculum.ipynb	feat: add torchrl mappo curriculum
451af73	451af73f31baf4109c934bcf2504b51fac9d3806	2026-06-11T15:29:55-03:00	communication-memory-bytes	M	.	pyproject.toml	feat: add torchrl mappo curriculum
451af73	451af73f31baf4109c934bcf2504b51fac9d3806	2026-06-11T15:29:55-03:00	communication-memory-bytes	M	.	tests/test_env_api.py	feat: add torchrl mappo curriculum
451af73	451af73f31baf4109c934bcf2504b51fac9d3806	2026-06-11T15:29:55-03:00	communication-memory-bytes	A	.	tests/test_train_mappo.py	feat: add torchrl mappo curriculum
451af73	451af73f31baf4109c934bcf2504b51fac9d3806	2026-06-11T15:29:55-03:00	communication-memory-bytes	A	.	tests/test_vault.py	feat: add torchrl mappo curriculum
451af73	451af73f31baf4109c934bcf2504b51fac9d3806	2026-06-11T15:29:55-03:00	communication-memory-bytes	A	.	train_mappo.py	feat: add torchrl mappo curriculum
451af73	451af73f31baf4109c934bcf2504b51fac9d3806	2026-06-11T15:29:55-03:00	communication-memory-bytes	A	.	vault/.gitkeep	feat: add torchrl mappo curriculum
774d196	774d196bac582dd90143f7ca54075fbe3136c631	2026-06-11T15:47:01-03:00	communication-memory-bytes	M	.	README.md	feat: add jax environment core
774d196	774d196bac582dd90143f7ca54075fbe3136c631	2026-06-11T15:47:01-03:00	communication-memory-bytes	A	.	ant_byte_env/jax_env.py	feat: add jax environment core
774d196	774d196bac582dd90143f7ca54075fbe3136c631	2026-06-11T15:47:01-03:00	communication-memory-bytes	M	.	pyproject.toml	feat: add jax environment core
774d196	774d196bac582dd90143f7ca54075fbe3136c631	2026-06-11T15:47:01-03:00	communication-memory-bytes	A	.	tests/test_jax_env.py	feat: add jax environment core
774d196	774d196bac582dd90143f7ca54075fbe3136c631	2026-06-11T15:47:01-03:00	communication-memory-bytes	M	.	tests/test_launcher.py	feat: add jax environment core
ac72984	ac72984cbc3b77451ea3cef7a0543a9053d3e0f2	2026-06-11T16:30:15-03:00	jax-mappo-training-core	M	.	README.md	feat: add jax mappo trainer
ac72984	ac72984cbc3b77451ea3cef7a0543a9053d3e0f2	2026-06-11T16:30:15-03:00	jax-mappo-training-core	M	.	tests/test_launcher.py	feat: add jax mappo trainer
ac72984	ac72984cbc3b77451ea3cef7a0543a9053d3e0f2	2026-06-11T16:30:15-03:00	jax-mappo-training-core	A	.	tests/test_train_mappo_jax.py	feat: add jax mappo trainer
ac72984	ac72984cbc3b77451ea3cef7a0543a9053d3e0f2	2026-06-11T16:30:15-03:00	jax-mappo-training-core	A	.	train_mappo_jax.py	feat: add jax mappo trainer
ac72984	ac72984cbc3b77451ea3cef7a0543a9053d3e0f2	2026-06-11T16:30:15-03:00	jax-mappo-training-core	A	.	train_mappo_jax_core.py	feat: add jax mappo trainer
fc5de3f	fc5de3f0dbe177131042efeb37d74d1d9e9577fb	2026-06-11T16:37:43-03:00	jax-mappo-training-core	M	.	notebooks/train_mappo_curriculum.ipynb	docs: update curriculum notebook for jax training
028eacb	028eacbc6a09abdd28ad26b7bc100dba25d26175	2026-06-11T16:43:53-03:00	jax-mappo-training-core	M	.	notebooks/train_mappo_curriculum.ipynb	fix: avoid repeated jax trainer startup in notebook
028eacb	028eacbc6a09abdd28ad26b7bc100dba25d26175	2026-06-11T16:43:53-03:00	jax-mappo-training-core	M	.	tests/test_train_mappo_jax.py	fix: avoid repeated jax trainer startup in notebook
028eacb	028eacbc6a09abdd28ad26b7bc100dba25d26175	2026-06-11T16:43:53-03:00	jax-mappo-training-core	M	.	train_mappo_jax.py	fix: avoid repeated jax trainer startup in notebook
b186625	b186625531b6b2cfa656abfecd2bf9be93ed2ccd	2026-06-11T16:59:30-03:00	jax-mappo-training-core	M	.	README.md	docs: add cuda jax install extra
b186625	b186625531b6b2cfa656abfecd2bf9be93ed2ccd	2026-06-11T16:59:30-03:00	jax-mappo-training-core	M	.	notebooks/train_mappo_curriculum.ipynb	docs: add cuda jax install extra
b186625	b186625531b6b2cfa656abfecd2bf9be93ed2ccd	2026-06-11T16:59:30-03:00	jax-mappo-training-core	M	.	pyproject.toml	docs: add cuda jax install extra
345612f	345612ff18c2fcc4f5a696c94ec74ba4b79fc9fe	2026-06-11T19:55:43-03:00	jax-mappo-training-core	M	.	README.md	feat: add actor border mask
345612f	345612ff18c2fcc4f5a696c94ec74ba4b79fc9fe	2026-06-11T19:55:43-03:00	jax-mappo-training-core	M	.	tests/test_train_mappo.py	feat: add actor border mask
345612f	345612ff18c2fcc4f5a696c94ec74ba4b79fc9fe	2026-06-11T19:55:43-03:00	jax-mappo-training-core	M	.	tests/test_train_mappo_jax.py	feat: add actor border mask
345612f	345612ff18c2fcc4f5a696c94ec74ba4b79fc9fe	2026-06-11T19:55:43-03:00	jax-mappo-training-core	M	.	train_mappo.py	feat: add actor border mask
345612f	345612ff18c2fcc4f5a696c94ec74ba4b79fc9fe	2026-06-11T19:55:43-03:00	jax-mappo-training-core	M	.	train_mappo_jax_core.py	feat: add actor border mask
ebe50af	ebe50af7307756f580586c9719808d669a58e57b	2026-06-11T20:15:21-03:00	jax-mappo-training-core	M	.	notebooks/train_mappo_curriculum.ipynb	fix: stabilize jax curriculum notebook
4a0b853	4a0b8536e99a04377129fa2864271c1dd388a9fd	2026-06-11T20:44:41-03:00	communication-memory-bytes	A	.	notebooks/train_jax_communication_curriculum.ipynb	feat: add jax communication curriculum notebook
3d9fae8	3d9fae8bac1956142f9bb94393e5e67c5ef45f59	2026-06-11T21:06:17-03:00	communication-memory-bytes	M	.	launch_random_rollout.py	chore: move package to src layout
3d9fae8	3d9fae8bac1956142f9bb94393e5e67c5ef45f59	2026-06-11T21:06:17-03:00	communication-memory-bytes	M	.	pyproject.toml	chore: move package to src layout
3d9fae8	3d9fae8bac1956142f9bb94393e5e67c5ef45f59	2026-06-11T21:06:17-03:00	communication-memory-bytes	R100	ant_byte_env/__init__.py	src/ant_byte_env/__init__.py	chore: move package to src layout
3d9fae8	3d9fae8bac1956142f9bb94393e5e67c5ef45f59	2026-06-11T21:06:17-03:00	communication-memory-bytes	R100	ant_byte_env/assets/ant.png	src/ant_byte_env/assets/ant.png	chore: move package to src layout
3d9fae8	3d9fae8bac1956142f9bb94393e5e67c5ef45f59	2026-06-11T21:06:17-03:00	communication-memory-bytes	R100	ant_byte_env/assets/food.png	src/ant_byte_env/assets/food.png	chore: move package to src layout
3d9fae8	3d9fae8bac1956142f9bb94393e5e67c5ef45f59	2026-06-11T21:06:17-03:00	communication-memory-bytes	R100	ant_byte_env/assets/hub.png	src/ant_byte_env/assets/hub.png	chore: move package to src layout
3d9fae8	3d9fae8bac1956142f9bb94393e5e67c5ef45f59	2026-06-11T21:06:17-03:00	communication-memory-bytes	R100	ant_byte_env/assets/tile.png	src/ant_byte_env/assets/tile.png	chore: move package to src layout
3d9fae8	3d9fae8bac1956142f9bb94393e5e67c5ef45f59	2026-06-11T21:06:17-03:00	communication-memory-bytes	R100	ant_byte_env/env.py	src/ant_byte_env/env.py	chore: move package to src layout
3d9fae8	3d9fae8bac1956142f9bb94393e5e67c5ef45f59	2026-06-11T21:06:17-03:00	communication-memory-bytes	R100	ant_byte_env/jax_env.py	src/ant_byte_env/jax_env.py	chore: move package to src layout
3d9fae8	3d9fae8bac1956142f9bb94393e5e67c5ef45f59	2026-06-11T21:06:17-03:00	communication-memory-bytes	R100	ant_byte_env/sprites.py	src/ant_byte_env/sprites.py	chore: move package to src layout
3d9fae8	3d9fae8bac1956142f9bb94393e5e67c5ef45f59	2026-06-11T21:06:17-03:00	communication-memory-bytes	R100	ant_byte_env/vault.py	src/ant_byte_env/vault.py	chore: move package to src layout
19098d9	19098d9d753ca33931382a16c1bb19b9e1b52e8b	2026-06-11T21:08:35-03:00	communication-memory-bytes	A	.	src/ant_byte_env/training/__init__.py	refactor: split torch mappo trainer
19098d9	19098d9d753ca33931382a16c1bb19b9e1b52e8b	2026-06-11T21:08:35-03:00	communication-memory-bytes	A	.	src/ant_byte_env/training/torch_mappo/__init__.py	refactor: split torch mappo trainer
19098d9	19098d9d753ca33931382a16c1bb19b9e1b52e8b	2026-06-11T21:08:35-03:00	communication-memory-bytes	A	.	src/ant_byte_env/training/torch_mappo/checkpointing.py	refactor: split torch mappo trainer
19098d9	19098d9d753ca33931382a16c1bb19b9e1b52e8b	2026-06-11T21:08:35-03:00	communication-memory-bytes	A	.	src/ant_byte_env/training/torch_mappo/cli.py	refactor: split torch mappo trainer
19098d9	19098d9d753ca33931382a16c1bb19b9e1b52e8b	2026-06-11T21:08:35-03:00	communication-memory-bytes	A	.	src/ant_byte_env/training/torch_mappo/curriculum.py	refactor: split torch mappo trainer
19098d9	19098d9d753ca33931382a16c1bb19b9e1b52e8b	2026-06-11T21:08:35-03:00	communication-memory-bytes	A	.	src/ant_byte_env/training/torch_mappo/evaluation.py	refactor: split torch mappo trainer
19098d9	19098d9d753ca33931382a16c1bb19b9e1b52e8b	2026-06-11T21:08:35-03:00	communication-memory-bytes	A	.	src/ant_byte_env/training/torch_mappo/model.py	refactor: split torch mappo trainer
19098d9	19098d9d753ca33931382a16c1bb19b9e1b52e8b	2026-06-11T21:08:35-03:00	communication-memory-bytes	A	.	src/ant_byte_env/training/torch_mappo/observations.py	refactor: split torch mappo trainer
19098d9	19098d9d753ca33931382a16c1bb19b9e1b52e8b	2026-06-11T21:08:35-03:00	communication-memory-bytes	A	.	src/ant_byte_env/training/torch_mappo/rollout.py	refactor: split torch mappo trainer
19098d9	19098d9d753ca33931382a16c1bb19b9e1b52e8b	2026-06-11T21:08:35-03:00	communication-memory-bytes	A	.	src/ant_byte_env/training/torch_mappo/runner.py	refactor: split torch mappo trainer
19098d9	19098d9d753ca33931382a16c1bb19b9e1b52e8b	2026-06-11T21:08:35-03:00	communication-memory-bytes	A	.	src/ant_byte_env/training/torch_mappo/visualization.py	refactor: split torch mappo trainer
19098d9	19098d9d753ca33931382a16c1bb19b9e1b52e8b	2026-06-11T21:08:35-03:00	communication-memory-bytes	M	.	tests/test_train_mappo.py	refactor: split torch mappo trainer
19098d9	19098d9d753ca33931382a16c1bb19b9e1b52e8b	2026-06-11T21:08:35-03:00	communication-memory-bytes	D	.	train_mappo.py	refactor: split torch mappo trainer
e646a13	e646a13cabb16c40df54e98bd7ca094f31e2e272	2026-06-11T21:10:11-03:00	communication-memory-bytes	A	.	src/ant_byte_env/training/jax_mappo/__init__.py	refactor: split jax mappo trainer
e646a13	e646a13cabb16c40df54e98bd7ca094f31e2e272	2026-06-11T21:10:11-03:00	communication-memory-bytes	A	.	src/ant_byte_env/training/jax_mappo/checkpointing.py	refactor: split jax mappo trainer
e646a13	e646a13cabb16c40df54e98bd7ca094f31e2e272	2026-06-11T21:10:11-03:00	communication-memory-bytes	A	.	src/ant_byte_env/training/jax_mappo/cli.py	refactor: split jax mappo trainer
e646a13	e646a13cabb16c40df54e98bd7ca094f31e2e272	2026-06-11T21:10:11-03:00	communication-memory-bytes	R100	train_mappo_jax_core.py	src/ant_byte_env/training/jax_mappo/core.py	refactor: split jax mappo trainer
e646a13	e646a13cabb16c40df54e98bd7ca094f31e2e272	2026-06-11T21:10:11-03:00	communication-memory-bytes	A	.	src/ant_byte_env/training/jax_mappo/curriculum.py	refactor: split jax mappo trainer
e646a13	e646a13cabb16c40df54e98bd7ca094f31e2e272	2026-06-11T21:10:11-03:00	communication-memory-bytes	A	.	src/ant_byte_env/training/jax_mappo/rollout.py	refactor: split jax mappo trainer
e646a13	e646a13cabb16c40df54e98bd7ca094f31e2e272	2026-06-11T21:10:11-03:00	communication-memory-bytes	A	.	src/ant_byte_env/training/jax_mappo/runner.py	refactor: split jax mappo trainer
e646a13	e646a13cabb16c40df54e98bd7ca094f31e2e272	2026-06-11T21:10:11-03:00	communication-memory-bytes	M	.	tests/test_train_mappo_jax.py	refactor: split jax mappo trainer
e646a13	e646a13cabb16c40df54e98bd7ca094f31e2e272	2026-06-11T21:10:11-03:00	communication-memory-bytes	D	.	train_mappo_jax.py	refactor: split jax mappo trainer
cc072b7	cc072b725eb2c26276e913ce71216c2d89967dd2	2026-06-11T21:15:55-03:00	communication-memory-bytes	M	.	.gitignore	feat: add research workflow cli
cc072b7	cc072b725eb2c26276e913ce71216c2d89967dd2	2026-06-11T21:15:55-03:00	communication-memory-bytes	A	.	experiments/communication_bits.json	feat: add research workflow cli
cc072b7	cc072b725eb2c26276e913ce71216c2d89967dd2	2026-06-11T21:15:55-03:00	communication-memory-bytes	A	.	experiments/forage_curriculum.json	feat: add research workflow cli
cc072b7	cc072b725eb2c26276e913ce71216c2d89967dd2	2026-06-11T21:15:55-03:00	communication-memory-bytes	A	.	experiments/smoke.json	feat: add research workflow cli
cc072b7	cc072b725eb2c26276e913ce71216c2d89967dd2	2026-06-11T21:15:55-03:00	communication-memory-bytes	A	.	src/ant_byte_env/cli.py	feat: add research workflow cli
cc072b7	cc072b725eb2c26276e913ce71216c2d89967dd2	2026-06-11T21:15:55-03:00	communication-memory-bytes	A	.	src/ant_byte_env/experiments.py	feat: add research workflow cli
cc072b7	cc072b725eb2c26276e913ce71216c2d89967dd2	2026-06-11T21:15:55-03:00	communication-memory-bytes	A	.	src/ant_byte_env/rendering.py	feat: add research workflow cli
cc072b7	cc072b725eb2c26276e913ce71216c2d89967dd2	2026-06-11T21:15:55-03:00	communication-memory-bytes	A	.	src/ant_byte_env/results.py	feat: add research workflow cli
cc072b7	cc072b725eb2c26276e913ce71216c2d89967dd2	2026-06-11T21:15:55-03:00	communication-memory-bytes	A	.	src/ant_byte_env/runs.py	feat: add research workflow cli
cc072b7	cc072b725eb2c26276e913ce71216c2d89967dd2	2026-06-11T21:15:55-03:00	communication-memory-bytes	M	.	src/ant_byte_env/training/jax_mappo/__init__.py	feat: add research workflow cli
cc072b7	cc072b725eb2c26276e913ce71216c2d89967dd2	2026-06-11T21:15:55-03:00	communication-memory-bytes	M	.	src/ant_byte_env/training/jax_mappo/cli.py	feat: add research workflow cli
cc072b7	cc072b725eb2c26276e913ce71216c2d89967dd2	2026-06-11T21:15:55-03:00	communication-memory-bytes	M	.	src/ant_byte_env/training/jax_mappo/runner.py	feat: add research workflow cli
cc072b7	cc072b725eb2c26276e913ce71216c2d89967dd2	2026-06-11T21:15:55-03:00	communication-memory-bytes	A	.	src/ant_byte_env/training/jax_mappo/warm_start.py	feat: add research workflow cli
cc072b7	cc072b725eb2c26276e913ce71216c2d89967dd2	2026-06-11T21:15:55-03:00	communication-memory-bytes	M	.	src/ant_byte_env/training/torch_mappo/cli.py	feat: add research workflow cli
cc072b7	cc072b725eb2c26276e913ce71216c2d89967dd2	2026-06-11T21:15:55-03:00	communication-memory-bytes	M	.	src/ant_byte_env/training/torch_mappo/runner.py	feat: add research workflow cli
cc072b7	cc072b725eb2c26276e913ce71216c2d89967dd2	2026-06-11T21:15:55-03:00	communication-memory-bytes	A	.	tests/test_research_workflow.py	feat: add research workflow cli
2e1aa07	2e1aa07a83d3c26c8b50b09406412930cbd0b532	2026-06-11T21:22:11-03:00	communication-memory-bytes	M	.	README.md	docs: curate research artifacts
2e1aa07	2e1aa07a83d3c26c8b50b09406412930cbd0b532	2026-06-11T21:22:11-03:00	communication-memory-bytes	M	.	experiments/communication_bits.json	docs: curate research artifacts
2e1aa07	2e1aa07a83d3c26c8b50b09406412930cbd0b532	2026-06-11T21:22:11-03:00	communication-memory-bytes	M	.	notebooks/train_jax_communication_curriculum.ipynb	docs: curate research artifacts
2e1aa07	2e1aa07a83d3c26c8b50b09406412930cbd0b532	2026-06-11T21:22:11-03:00	communication-memory-bytes	M	.	notebooks/train_mappo_curriculum.ipynb	docs: curate research artifacts
2e1aa07	2e1aa07a83d3c26c8b50b09406412930cbd0b532	2026-06-11T21:22:11-03:00	communication-memory-bytes	A	.	results/curated/README.md	docs: curate research artifacts
2e1aa07	2e1aa07a83d3c26c8b50b09406412930cbd0b532	2026-06-11T21:22:11-03:00	communication-memory-bytes	A	.	results/curated/index.json	docs: curate research artifacts
7fe745b	7fe745b91ffe34e90b40ee9d54b46a0716daa964	2026-06-11T21:27:52-03:00	communication-memory-bytes	M	.	src/ant_byte_env/training/jax_mappo/core.py	fix: load legacy jax checkpoints
7fe745b	7fe745b91ffe34e90b40ee9d54b46a0716daa964	2026-06-11T21:27:52-03:00	communication-memory-bytes	A	.	tests/test_notebooks.py	fix: load legacy jax checkpoints
7f9430e	7f9430eb9a828aa33e613703a9b26d4da4883201	2026-06-11T21:30:13-03:00	jax-mappo-training-core	M	.	tests/test_notebooks.py	fix: add legacy jax core shim
7f9430e	7f9430eb9a828aa33e613703a9b26d4da4883201	2026-06-11T21:30:13-03:00	jax-mappo-training-core	A	.	train_mappo_jax_core.py	fix: add legacy jax core shim
6288fe6	6288fe6a39c0c3a66baff2e8db9f78c477508148	2026-06-11T22:28:05-03:00	communication-memory-bytes	M	.	README.md	refactor: remove legacy compatibility shims
6288fe6	6288fe6a39c0c3a66baff2e8db9f78c477508148	2026-06-11T22:28:05-03:00	communication-memory-bytes	M	.	experiments/communication_bits.json	refactor: remove legacy compatibility shims
6288fe6	6288fe6a39c0c3a66baff2e8db9f78c477508148	2026-06-11T22:28:05-03:00	communication-memory-bytes	M	.	notebooks/train_jax_communication_curriculum.ipynb	refactor: remove legacy compatibility shims
6288fe6	6288fe6a39c0c3a66baff2e8db9f78c477508148	2026-06-11T22:28:05-03:00	communication-memory-bytes	M	.	results/curated/README.md	refactor: remove legacy compatibility shims
6288fe6	6288fe6a39c0c3a66baff2e8db9f78c477508148	2026-06-11T22:28:05-03:00	communication-memory-bytes	M	.	results/curated/index.json	refactor: remove legacy compatibility shims
6288fe6	6288fe6a39c0c3a66baff2e8db9f78c477508148	2026-06-11T22:28:05-03:00	communication-memory-bytes	M	.	src/ant_byte_env/cli.py	refactor: remove legacy compatibility shims
6288fe6	6288fe6a39c0c3a66baff2e8db9f78c477508148	2026-06-11T22:28:05-03:00	communication-memory-bytes	M	.	src/ant_byte_env/results.py	refactor: remove legacy compatibility shims
6288fe6	6288fe6a39c0c3a66baff2e8db9f78c477508148	2026-06-11T22:28:05-03:00	communication-memory-bytes	M	.	src/ant_byte_env/training/jax_mappo/__init__.py	refactor: remove legacy compatibility shims
6288fe6	6288fe6a39c0c3a66baff2e8db9f78c477508148	2026-06-11T22:28:05-03:00	communication-memory-bytes	M	.	src/ant_byte_env/training/jax_mappo/core.py	refactor: remove legacy compatibility shims
6288fe6	6288fe6a39c0c3a66baff2e8db9f78c477508148	2026-06-11T22:28:05-03:00	communication-memory-bytes	D	.	src/ant_byte_env/training/jax_mappo/warm_start.py	refactor: remove legacy compatibility shims
6288fe6	6288fe6a39c0c3a66baff2e8db9f78c477508148	2026-06-11T22:28:05-03:00	communication-memory-bytes	M	.	tests/test_notebooks.py	refactor: remove legacy compatibility shims
6288fe6	6288fe6a39c0c3a66baff2e8db9f78c477508148	2026-06-11T22:28:05-03:00	communication-memory-bytes	M	.	tests/test_research_workflow.py	refactor: remove legacy compatibility shims
6288fe6	6288fe6a39c0c3a66baff2e8db9f78c477508148	2026-06-11T22:28:05-03:00	communication-memory-bytes	D	.	train_mappo_jax_core.py	refactor: remove legacy compatibility shims
5acb453	5acb453eb54a57f50b76a2a95a01830c257cf428	2026-06-11T23:02:22-03:00	communication-memory-bytes	M	.	notebooks/train_jax_communication_curriculum.ipynb	fix: repair communication notebook render cell
6c7f204	6c7f2045a15dc3381359a3eb7b0288585dc214f4	2026-06-12T09:57:08-03:00	communication-memory-bytes	M	.	README.md	fix: transfer communication training from forage policy
6c7f204	6c7f2045a15dc3381359a3eb7b0288585dc214f4	2026-06-12T09:57:08-03:00	communication-memory-bytes	M	.	experiments/communication_bits.json	fix: transfer communication training from forage policy
6c7f204	6c7f2045a15dc3381359a3eb7b0288585dc214f4	2026-06-12T09:57:08-03:00	communication-memory-bytes	M	.	notebooks/train_jax_communication_curriculum.ipynb	fix: transfer communication training from forage policy
6c7f204	6c7f2045a15dc3381359a3eb7b0288585dc214f4	2026-06-12T09:57:08-03:00	communication-memory-bytes	M	.	notebooks/train_mappo_curriculum.ipynb	fix: transfer communication training from forage policy
6c7f204	6c7f2045a15dc3381359a3eb7b0288585dc214f4	2026-06-12T09:57:08-03:00	communication-memory-bytes	M	.	src/ant_byte_env/cli.py	fix: transfer communication training from forage policy
6c7f204	6c7f2045a15dc3381359a3eb7b0288585dc214f4	2026-06-12T09:57:08-03:00	communication-memory-bytes	M	.	src/ant_byte_env/training/jax_mappo/__init__.py	fix: transfer communication training from forage policy
6c7f204	6c7f2045a15dc3381359a3eb7b0288585dc214f4	2026-06-12T09:57:08-03:00	communication-memory-bytes	M	.	src/ant_byte_env/training/jax_mappo/checkpointing.py	fix: transfer communication training from forage policy
6c7f204	6c7f2045a15dc3381359a3eb7b0288585dc214f4	2026-06-12T09:57:08-03:00	communication-memory-bytes	M	.	src/ant_byte_env/training/jax_mappo/runner.py	fix: transfer communication training from forage policy
6c7f204	6c7f2045a15dc3381359a3eb7b0288585dc214f4	2026-06-12T09:57:08-03:00	communication-memory-bytes	A	.	src/ant_byte_env/training/jax_mappo/transfer.py	fix: transfer communication training from forage policy
6c7f204	6c7f2045a15dc3381359a3eb7b0288585dc214f4	2026-06-12T09:57:08-03:00	communication-memory-bytes	M	.	tests/test_research_workflow.py	fix: transfer communication training from forage policy
6c7f204	6c7f2045a15dc3381359a3eb7b0288585dc214f4	2026-06-12T09:57:08-03:00	communication-memory-bytes	M	.	tests/test_train_mappo_jax.py	fix: transfer communication training from forage policy
f4af1a4	f4af1a4a2ba820ff1c902cf057393114dcef5d0c	2026-06-12T10:10:44-03:00	communication-memory-bytes	M	.	notebooks/train_jax_communication_curriculum.ipynb	fix: reload jax runner in communication notebook
78b34b5	78b34b5747d6b828bccbeeb7c588212c7e47c066	2026-06-12T10:36:07-03:00	communication-memory-bytes	M	.	README.md	fix: render ant vision in checkpoint videos
78b34b5	78b34b5747d6b828bccbeeb7c588212c7e47c066	2026-06-12T10:36:07-03:00	communication-memory-bytes	M	.	notebooks/train_jax_communication_curriculum.ipynb	fix: render ant vision in checkpoint videos
78b34b5	78b34b5747d6b828bccbeeb7c588212c7e47c066	2026-06-12T10:36:07-03:00	communication-memory-bytes	M	.	src/ant_byte_env/cli.py	fix: render ant vision in checkpoint videos
78b34b5	78b34b5747d6b828bccbeeb7c588212c7e47c066	2026-06-12T10:36:07-03:00	communication-memory-bytes	M	.	src/ant_byte_env/rendering.py	fix: render ant vision in checkpoint videos
78b34b5	78b34b5747d6b828bccbeeb7c588212c7e47c066	2026-06-12T10:36:07-03:00	communication-memory-bytes	M	.	src/ant_byte_env/training/torch_mappo/visualization.py	fix: render ant vision in checkpoint videos
78b34b5	78b34b5747d6b828bccbeeb7c588212c7e47c066	2026-06-12T10:36:07-03:00	communication-memory-bytes	A	.	src/ant_byte_env/visualization.py	fix: render ant vision in checkpoint videos
78b34b5	78b34b5747d6b828bccbeeb7c588212c7e47c066	2026-06-12T10:36:07-03:00	communication-memory-bytes	M	.	tests/test_notebooks.py	fix: render ant vision in checkpoint videos
78b34b5	78b34b5747d6b828bccbeeb7c588212c7e47c066	2026-06-12T10:36:07-03:00	communication-memory-bytes	M	.	tests/test_render.py	fix: render ant vision in checkpoint videos
e65e440	e65e4402c2ea3ccca4bf07cead5e927454270889	2026-06-12T15:17:39-03:00	autocurriculum-exploration-baselines	M	.	experiments/forage_curriculum.json	feat: extend MAPPO curriculum to 25x25
e65e440	e65e4402c2ea3ccca4bf07cead5e927454270889	2026-06-12T15:17:39-03:00	autocurriculum-exploration-baselines	M	.	notebooks/train_mappo_curriculum.ipynb	feat: extend MAPPO curriculum to 25x25
e65e440	e65e4402c2ea3ccca4bf07cead5e927454270889	2026-06-12T15:17:39-03:00	autocurriculum-exploration-baselines	M	.	tests/test_notebooks.py	feat: extend MAPPO curriculum to 25x25
037dc52	037dc520fe87584f71e15b16dd77fd4a20586a1f	2026-06-12T17:02:28-03:00	ant-count-25x25-autoresearch	A	.	notebooks/train_jax_ant_count_curriculum.ipynb	feat: add jax ant-count curriculum notebook
037dc52	037dc520fe87584f71e15b16dd77fd4a20586a1f	2026-06-12T17:02:28-03:00	ant-count-25x25-autoresearch	M	.	tests/test_notebooks.py	feat: add jax ant-count curriculum notebook
4014816	4014816f122dd8eb5a9c1cf9d165c53d717911fe	2026-06-12T17:38:21-03:00	communication-memory-bytes	M	.	src/ant_byte_env/jax_env.py	fix: preserve jax food count state
4014816	4014816f122dd8eb5a9c1cf9d165c53d717911fe	2026-06-12T17:38:21-03:00	communication-memory-bytes	M	.	tests/test_jax_env.py	fix: preserve jax food count state
4014816	4014816f122dd8eb5a9c1cf9d165c53d717911fe	2026-06-12T17:38:21-03:00	communication-memory-bytes	M	.	tests/test_train_mappo_jax.py	fix: preserve jax food count state
0f2938c	0f2938c8d110be8d8ddfca5017ec2f439beb3d15	2026-06-12T17:48:16-03:00	communication-memory-bytes	M	.	src/ant_byte_env/env.py	feat: add ant occupancy grid to state
0f2938c	0f2938c8d110be8d8ddfca5017ec2f439beb3d15	2026-06-12T17:48:16-03:00	communication-memory-bytes	M	.	src/ant_byte_env/jax_env.py	feat: add ant occupancy grid to state
0f2938c	0f2938c8d110be8d8ddfca5017ec2f439beb3d15	2026-06-12T17:48:16-03:00	communication-memory-bytes	M	.	src/ant_byte_env/training/jax_mappo/core.py	feat: add ant occupancy grid to state
0f2938c	0f2938c8d110be8d8ddfca5017ec2f439beb3d15	2026-06-12T17:48:16-03:00	communication-memory-bytes	M	.	src/ant_byte_env/training/jax_mappo/transfer.py	feat: add ant occupancy grid to state
0f2938c	0f2938c8d110be8d8ddfca5017ec2f439beb3d15	2026-06-12T17:48:16-03:00	communication-memory-bytes	M	.	src/ant_byte_env/training/torch_mappo/observations.py	feat: add ant occupancy grid to state
0f2938c	0f2938c8d110be8d8ddfca5017ec2f439beb3d15	2026-06-12T17:48:16-03:00	communication-memory-bytes	M	.	tests/test_env_api.py	feat: add ant occupancy grid to state
0f2938c	0f2938c8d110be8d8ddfca5017ec2f439beb3d15	2026-06-12T17:48:16-03:00	communication-memory-bytes	M	.	tests/test_jax_env.py	feat: add ant occupancy grid to state
0f2938c	0f2938c8d110be8d8ddfca5017ec2f439beb3d15	2026-06-12T17:48:16-03:00	communication-memory-bytes	M	.	tests/test_train_mappo.py	feat: add ant occupancy grid to state
0f2938c	0f2938c8d110be8d8ddfca5017ec2f439beb3d15	2026-06-12T17:48:16-03:00	communication-memory-bytes	M	.	tests/test_train_mappo_jax.py	feat: add ant occupancy grid to state
22e19de	22e19de67b796cf498765daed674d61875b9e548	2026-06-13T18:37:01-03:00	communication-memory-bytes	M	.	README.md	feat: make ant vision forward-facing
22e19de	22e19de67b796cf498765daed674d61875b9e548	2026-06-13T18:37:01-03:00	communication-memory-bytes	M	.	src/ant_byte_env/__init__.py	feat: make ant vision forward-facing
22e19de	22e19de67b796cf498765daed674d61875b9e548	2026-06-13T18:37:01-03:00	communication-memory-bytes	M	.	src/ant_byte_env/env.py	feat: make ant vision forward-facing
22e19de	22e19de67b796cf498765daed674d61875b9e548	2026-06-13T18:37:01-03:00	communication-memory-bytes	M	.	src/ant_byte_env/jax_env.py	feat: make ant vision forward-facing
22e19de	22e19de67b796cf498765daed674d61875b9e548	2026-06-13T18:37:01-03:00	communication-memory-bytes	M	.	src/ant_byte_env/training/jax_mappo/cli.py	feat: make ant vision forward-facing
22e19de	22e19de67b796cf498765daed674d61875b9e548	2026-06-13T18:37:01-03:00	communication-memory-bytes	M	.	src/ant_byte_env/training/jax_mappo/core.py	feat: make ant vision forward-facing
22e19de	22e19de67b796cf498765daed674d61875b9e548	2026-06-13T18:37:01-03:00	communication-memory-bytes	M	.	src/ant_byte_env/training/jax_mappo/transfer.py	feat: make ant vision forward-facing
22e19de	22e19de67b796cf498765daed674d61875b9e548	2026-06-13T18:37:01-03:00	communication-memory-bytes	M	.	src/ant_byte_env/training/torch_mappo/cli.py	feat: make ant vision forward-facing
22e19de	22e19de67b796cf498765daed674d61875b9e548	2026-06-13T18:37:01-03:00	communication-memory-bytes	M	.	src/ant_byte_env/training/torch_mappo/observations.py	feat: make ant vision forward-facing
22e19de	22e19de67b796cf498765daed674d61875b9e548	2026-06-13T18:37:01-03:00	communication-memory-bytes	M	.	src/ant_byte_env/visualization.py	feat: make ant vision forward-facing
22e19de	22e19de67b796cf498765daed674d61875b9e548	2026-06-13T18:37:01-03:00	communication-memory-bytes	M	.	tests/test_env_api.py	feat: make ant vision forward-facing
22e19de	22e19de67b796cf498765daed674d61875b9e548	2026-06-13T18:37:01-03:00	communication-memory-bytes	M	.	tests/test_jax_env.py	feat: make ant vision forward-facing
22e19de	22e19de67b796cf498765daed674d61875b9e548	2026-06-13T18:37:01-03:00	communication-memory-bytes	M	.	tests/test_train_mappo.py	feat: make ant vision forward-facing
22e19de	22e19de67b796cf498765daed674d61875b9e548	2026-06-13T18:37:01-03:00	communication-memory-bytes	M	.	tests/test_train_mappo_jax.py	feat: make ant vision forward-facing
4d7eea0	4d7eea087e2b2aeba4bb3d56c0d3eb27925632ec	2026-06-13T19:03:05-03:00	communication-memory-bytes	M	.	README.md	feat: add body-relative ant movement
4d7eea0	4d7eea087e2b2aeba4bb3d56c0d3eb27925632ec	2026-06-13T19:03:05-03:00	communication-memory-bytes	M	.	src/ant_byte_env/__init__.py	feat: add body-relative ant movement
4d7eea0	4d7eea087e2b2aeba4bb3d56c0d3eb27925632ec	2026-06-13T19:03:05-03:00	communication-memory-bytes	M	.	src/ant_byte_env/env.py	feat: add body-relative ant movement
4d7eea0	4d7eea087e2b2aeba4bb3d56c0d3eb27925632ec	2026-06-13T19:03:05-03:00	communication-memory-bytes	M	.	src/ant_byte_env/jax_env.py	feat: add body-relative ant movement
4d7eea0	4d7eea087e2b2aeba4bb3d56c0d3eb27925632ec	2026-06-13T19:03:05-03:00	communication-memory-bytes	M	.	src/ant_byte_env/training/jax_mappo/core.py	feat: add body-relative ant movement
4d7eea0	4d7eea087e2b2aeba4bb3d56c0d3eb27925632ec	2026-06-13T19:03:05-03:00	communication-memory-bytes	M	.	src/ant_byte_env/training/jax_mappo/transfer.py	feat: add body-relative ant movement
4d7eea0	4d7eea087e2b2aeba4bb3d56c0d3eb27925632ec	2026-06-13T19:03:05-03:00	communication-memory-bytes	M	.	src/ant_byte_env/training/torch_mappo/model.py	feat: add body-relative ant movement
4d7eea0	4d7eea087e2b2aeba4bb3d56c0d3eb27925632ec	2026-06-13T19:03:05-03:00	communication-memory-bytes	M	.	tests/test_env_api.py	feat: add body-relative ant movement
4d7eea0	4d7eea087e2b2aeba4bb3d56c0d3eb27925632ec	2026-06-13T19:03:05-03:00	communication-memory-bytes	M	.	tests/test_jax_env.py	feat: add body-relative ant movement
4d7eea0	4d7eea087e2b2aeba4bb3d56c0d3eb27925632ec	2026-06-13T19:03:05-03:00	communication-memory-bytes	M	.	tests/test_train_mappo.py	feat: add body-relative ant movement
4d7eea0	4d7eea087e2b2aeba4bb3d56c0d3eb27925632ec	2026-06-13T19:03:05-03:00	communication-memory-bytes	M	.	tests/test_train_mappo_jax.py	feat: add body-relative ant movement
1f49809	1f4980919f403fb3b7f3c3db14befdfacb21a4a9	2026-06-14T09:50:20-03:00	infra-tests-ci-cleanup	M	.	README.md	docs: add conda environment setup
1f49809	1f4980919f403fb3b7f3c3db14befdfacb21a4a9	2026-06-14T09:50:20-03:00	infra-tests-ci-cleanup	A	.	environment.yml	docs: add conda environment setup
5cf5faa	5cf5faa72513c258e319ab1ea7f423ba1c9b4e29	2026-06-14T09:50:49-03:00	autocurriculum-exploration-baselines	M	.	README.md	feat: add direct-goal baseline experiment
5cf5faa	5cf5faa72513c258e319ab1ea7f423ba1c9b4e29	2026-06-14T09:50:49-03:00	autocurriculum-exploration-baselines	A	.	experiments/direct_goal_baseline.json	feat: add direct-goal baseline experiment
5cf5faa	5cf5faa72513c258e319ab1ea7f423ba1c9b4e29	2026-06-14T09:50:49-03:00	autocurriculum-exploration-baselines	A	.	notebooks/train_jax_direct_goal_baseline.ipynb	feat: add direct-goal baseline experiment
5cf5faa	5cf5faa72513c258e319ab1ea7f423ba1c9b4e29	2026-06-14T09:50:49-03:00	autocurriculum-exploration-baselines	M	.	tests/test_notebooks.py	feat: add direct-goal baseline experiment
5cf5faa	5cf5faa72513c258e319ab1ea7f423ba1c9b4e29	2026-06-14T09:50:49-03:00	autocurriculum-exploration-baselines	M	.	tests/test_research_workflow.py	feat: add direct-goal baseline experiment
1d7cf5b	1d7cf5bfc6fb829440f10086085d274fcd3275ea	2026-06-14T09:52:15-03:00	communication-memory-bytes	M	.	src/ant_byte_env/training/jax_mappo/rollout.py	fix: preserve JAX rollout state across updates
1d7cf5b	1d7cf5bfc6fb829440f10086085d274fcd3275ea	2026-06-14T09:52:15-03:00	communication-memory-bytes	M	.	src/ant_byte_env/training/jax_mappo/runner.py	fix: preserve JAX rollout state across updates
1d7cf5b	1d7cf5bfc6fb829440f10086085d274fcd3275ea	2026-06-14T09:52:15-03:00	communication-memory-bytes	M	.	tests/test_train_mappo_jax.py	fix: preserve JAX rollout state across updates
887fc70	887fc70f6f2c0cc9dd6b9da8b41ca2a3bdb698c5	2026-06-14T09:52:26-03:00	communication-memory-bytes	M	.	src/ant_byte_env/training/jax_mappo/__init__.py	feat: add JAX checkpoint evaluation helpers
887fc70	887fc70f6f2c0cc9dd6b9da8b41ca2a3bdb698c5	2026-06-14T09:52:26-03:00	communication-memory-bytes	A	.	src/ant_byte_env/training/jax_mappo/evaluation.py	feat: add JAX checkpoint evaluation helpers
887fc70	887fc70f6f2c0cc9dd6b9da8b41ca2a3bdb698c5	2026-06-14T09:52:26-03:00	communication-memory-bytes	M	.	tests/test_train_mappo_jax.py	feat: add JAX checkpoint evaluation helpers
5026962	50269622f86e4d0e1d52f16b435a11cadf38ceea	2026-06-14T09:53:29-03:00	communication-memory-bytes	M	.	src/ant_byte_env/results.py	fix: use Python 3.10 UTC timezone APIs
5026962	50269622f86e4d0e1d52f16b435a11cadf38ceea	2026-06-14T09:53:29-03:00	communication-memory-bytes	M	.	src/ant_byte_env/runs.py	fix: use Python 3.10 UTC timezone APIs
5026962	50269622f86e4d0e1d52f16b435a11cadf38ceea	2026-06-14T09:53:29-03:00	communication-memory-bytes	M	.	src/ant_byte_env/vault.py	fix: use Python 3.10 UTC timezone APIs
5026962	50269622f86e4d0e1d52f16b435a11cadf38ceea	2026-06-14T09:53:29-03:00	communication-memory-bytes	M	.	tests/test_vault.py	fix: use Python 3.10 UTC timezone APIs
6056309	6056309700680e03778b9040eb890a9575e93953	2026-06-14T10:20:23-03:00	communication-memory-bytes	A	.	src/ant_byte_env/notebook_workflows.py	untracked files on main: 4d7eea0 feat: add body-relative ant movement
6056309	6056309700680e03778b9040eb890a9575e93953	2026-06-14T10:20:23-03:00	communication-memory-bytes	A	.	tests/test_notebook_workflows.py	untracked files on main: 4d7eea0 feat: add body-relative ant movement
0e138c0	0e138c070d2713acf7092cef305c9026d1ffbdfb	2026-06-15T10:57:55-03:00	communication-memory-bytes	M	.	README.md	feat: improve communication curriculum workflow
0e138c0	0e138c070d2713acf7092cef305c9026d1ffbdfb	2026-06-15T10:57:55-03:00	communication-memory-bytes	A	.	autoresearch/GOAL.md	feat: improve communication curriculum workflow
0e138c0	0e138c070d2713acf7092cef305c9026d1ffbdfb	2026-06-15T10:57:55-03:00	communication-memory-bytes	A	.	autoresearch/README.md	feat: improve communication curriculum workflow
0e138c0	0e138c070d2713acf7092cef305c9026d1ffbdfb	2026-06-15T10:57:55-03:00	communication-memory-bytes	A	.	autoresearch/ideas/000-communication-bits.md	feat: improve communication curriculum workflow
0e138c0	0e138c070d2713acf7092cef305c9026d1ffbdfb	2026-06-15T10:57:55-03:00	communication-memory-bytes	A	.	autoresearch/protocol.md	feat: improve communication curriculum workflow
0e138c0	0e138c070d2713acf7092cef305c9026d1ffbdfb	2026-06-15T10:57:55-03:00	communication-memory-bytes	A	.	autoresearch/templates/experiment.md	feat: improve communication curriculum workflow
0e138c0	0e138c070d2713acf7092cef305c9026d1ffbdfb	2026-06-15T10:57:55-03:00	communication-memory-bytes	M	.	experiments/communication_bits.json	feat: improve communication curriculum workflow
0e138c0	0e138c070d2713acf7092cef305c9026d1ffbdfb	2026-06-15T10:57:55-03:00	communication-memory-bytes	M	.	experiments/forage_curriculum.json	feat: improve communication curriculum workflow
0e138c0	0e138c070d2713acf7092cef305c9026d1ffbdfb	2026-06-15T10:57:55-03:00	communication-memory-bytes	M	.	notebooks/train_jax_ant_count_curriculum.ipynb	feat: improve communication curriculum workflow
0e138c0	0e138c070d2713acf7092cef305c9026d1ffbdfb	2026-06-15T10:57:55-03:00	communication-memory-bytes	M	.	notebooks/train_jax_communication_curriculum.ipynb	feat: improve communication curriculum workflow
0e138c0	0e138c070d2713acf7092cef305c9026d1ffbdfb	2026-06-15T10:57:55-03:00	communication-memory-bytes	M	.	notebooks/train_jax_direct_goal_baseline.ipynb	feat: improve communication curriculum workflow
0e138c0	0e138c070d2713acf7092cef305c9026d1ffbdfb	2026-06-15T10:57:55-03:00	communication-memory-bytes	M	.	notebooks/train_mappo_curriculum.ipynb	feat: improve communication curriculum workflow
0e138c0	0e138c070d2713acf7092cef305c9026d1ffbdfb	2026-06-15T10:57:55-03:00	communication-memory-bytes	M	.	src/ant_byte_env/__init__.py	feat: improve communication curriculum workflow
0e138c0	0e138c070d2713acf7092cef305c9026d1ffbdfb	2026-06-15T10:57:55-03:00	communication-memory-bytes	M	.	src/ant_byte_env/cli.py	feat: improve communication curriculum workflow
0e138c0	0e138c070d2713acf7092cef305c9026d1ffbdfb	2026-06-15T10:57:55-03:00	communication-memory-bytes	M	.	src/ant_byte_env/env.py	feat: improve communication curriculum workflow
0e138c0	0e138c070d2713acf7092cef305c9026d1ffbdfb	2026-06-15T10:57:55-03:00	communication-memory-bytes	M	.	src/ant_byte_env/jax_env.py	feat: improve communication curriculum workflow
0e138c0	0e138c070d2713acf7092cef305c9026d1ffbdfb	2026-06-15T10:57:55-03:00	communication-memory-bytes	A	.	src/ant_byte_env/notebook_workflows.py	feat: improve communication curriculum workflow
0e138c0	0e138c070d2713acf7092cef305c9026d1ffbdfb	2026-06-15T10:57:55-03:00	communication-memory-bytes	M	.	src/ant_byte_env/rendering.py	feat: improve communication curriculum workflow
0e138c0	0e138c070d2713acf7092cef305c9026d1ffbdfb	2026-06-15T10:57:55-03:00	communication-memory-bytes	M	.	src/ant_byte_env/training/jax_mappo/__init__.py	feat: improve communication curriculum workflow
0e138c0	0e138c070d2713acf7092cef305c9026d1ffbdfb	2026-06-15T10:57:55-03:00	communication-memory-bytes	M	.	src/ant_byte_env/training/jax_mappo/cli.py	feat: improve communication curriculum workflow
0e138c0	0e138c070d2713acf7092cef305c9026d1ffbdfb	2026-06-15T10:57:55-03:00	communication-memory-bytes	M	.	src/ant_byte_env/training/jax_mappo/core.py	feat: improve communication curriculum workflow
0e138c0	0e138c070d2713acf7092cef305c9026d1ffbdfb	2026-06-15T10:57:55-03:00	communication-memory-bytes	M	.	src/ant_byte_env/training/jax_mappo/evaluation.py	feat: improve communication curriculum workflow
0e138c0	0e138c070d2713acf7092cef305c9026d1ffbdfb	2026-06-15T10:57:55-03:00	communication-memory-bytes	M	.	src/ant_byte_env/training/jax_mappo/rollout.py	feat: improve communication curriculum workflow
0e138c0	0e138c070d2713acf7092cef305c9026d1ffbdfb	2026-06-15T10:57:55-03:00	communication-memory-bytes	M	.	src/ant_byte_env/training/jax_mappo/runner.py	feat: improve communication curriculum workflow
0e138c0	0e138c070d2713acf7092cef305c9026d1ffbdfb	2026-06-15T10:57:55-03:00	communication-memory-bytes	M	.	src/ant_byte_env/training/jax_mappo/transfer.py	feat: improve communication curriculum workflow
0e138c0	0e138c070d2713acf7092cef305c9026d1ffbdfb	2026-06-15T10:57:55-03:00	communication-memory-bytes	M	.	src/ant_byte_env/training/torch_mappo/checkpointing.py	feat: improve communication curriculum workflow
0e138c0	0e138c070d2713acf7092cef305c9026d1ffbdfb	2026-06-15T10:57:55-03:00	communication-memory-bytes	M	.	src/ant_byte_env/training/torch_mappo/cli.py	feat: improve communication curriculum workflow
0e138c0	0e138c070d2713acf7092cef305c9026d1ffbdfb	2026-06-15T10:57:55-03:00	communication-memory-bytes	M	.	src/ant_byte_env/training/torch_mappo/evaluation.py	feat: improve communication curriculum workflow
0e138c0	0e138c070d2713acf7092cef305c9026d1ffbdfb	2026-06-15T10:57:55-03:00	communication-memory-bytes	M	.	src/ant_byte_env/training/torch_mappo/observations.py	feat: improve communication curriculum workflow
0e138c0	0e138c070d2713acf7092cef305c9026d1ffbdfb	2026-06-15T10:57:55-03:00	communication-memory-bytes	M	.	src/ant_byte_env/training/torch_mappo/rollout.py	feat: improve communication curriculum workflow
0e138c0	0e138c070d2713acf7092cef305c9026d1ffbdfb	2026-06-15T10:57:55-03:00	communication-memory-bytes	M	.	src/ant_byte_env/training/torch_mappo/runner.py	feat: improve communication curriculum workflow
0e138c0	0e138c070d2713acf7092cef305c9026d1ffbdfb	2026-06-15T10:57:55-03:00	communication-memory-bytes	M	.	src/ant_byte_env/visualization.py	feat: improve communication curriculum workflow
0e138c0	0e138c070d2713acf7092cef305c9026d1ffbdfb	2026-06-15T10:57:55-03:00	communication-memory-bytes	M	.	tests/test_env_api.py	feat: improve communication curriculum workflow
0e138c0	0e138c070d2713acf7092cef305c9026d1ffbdfb	2026-06-15T10:57:55-03:00	communication-memory-bytes	M	.	tests/test_jax_env.py	feat: improve communication curriculum workflow
0e138c0	0e138c070d2713acf7092cef305c9026d1ffbdfb	2026-06-15T10:57:55-03:00	communication-memory-bytes	A	.	tests/test_notebook_workflows.py	feat: improve communication curriculum workflow
0e138c0	0e138c070d2713acf7092cef305c9026d1ffbdfb	2026-06-15T10:57:55-03:00	communication-memory-bytes	M	.	tests/test_notebooks.py	feat: improve communication curriculum workflow
0e138c0	0e138c070d2713acf7092cef305c9026d1ffbdfb	2026-06-15T10:57:55-03:00	communication-memory-bytes	M	.	tests/test_render.py	feat: improve communication curriculum workflow
0e138c0	0e138c070d2713acf7092cef305c9026d1ffbdfb	2026-06-15T10:57:55-03:00	communication-memory-bytes	M	.	tests/test_research_workflow.py	feat: improve communication curriculum workflow
0e138c0	0e138c070d2713acf7092cef305c9026d1ffbdfb	2026-06-15T10:57:55-03:00	communication-memory-bytes	M	.	tests/test_train_mappo.py	feat: improve communication curriculum workflow
0e138c0	0e138c070d2713acf7092cef305c9026d1ffbdfb	2026-06-15T10:57:55-03:00	communication-memory-bytes	M	.	tests/test_train_mappo_jax.py	feat: improve communication curriculum workflow
0add6a5	0add6a5173c01fe417fecd5c9fcf8cedde672267	2026-06-15T11:02:48-03:00	communication-memory-bytes	M	.	src/ant_byte_env/training/jax_mappo/__init__.py	feat: add write bit entropy reward
0add6a5	0add6a5173c01fe417fecd5c9fcf8cedde672267	2026-06-15T11:02:48-03:00	communication-memory-bytes	M	.	src/ant_byte_env/training/jax_mappo/cli.py	feat: add write bit entropy reward
0add6a5	0add6a5173c01fe417fecd5c9fcf8cedde672267	2026-06-15T11:02:48-03:00	communication-memory-bytes	M	.	src/ant_byte_env/training/jax_mappo/core.py	feat: add write bit entropy reward
0add6a5	0add6a5173c01fe417fecd5c9fcf8cedde672267	2026-06-15T11:02:48-03:00	communication-memory-bytes	M	.	src/ant_byte_env/training/jax_mappo/rollout.py	feat: add write bit entropy reward
0add6a5	0add6a5173c01fe417fecd5c9fcf8cedde672267	2026-06-15T11:02:48-03:00	communication-memory-bytes	M	.	tests/test_train_mappo_jax.py	feat: add write bit entropy reward
629516d	629516dda40aa610c949bdc7a1c2e6316a2b6aca	2026-06-15T11:11:32-03:00	communication-memory-bytes	M	.	src/ant_byte_env/notebook_workflows.py	fix: randomize rollout starts
629516d	629516dda40aa610c949bdc7a1c2e6316a2b6aca	2026-06-15T11:11:32-03:00	communication-memory-bytes	M	.	src/ant_byte_env/training/jax_mappo/evaluation.py	fix: randomize rollout starts
629516d	629516dda40aa610c949bdc7a1c2e6316a2b6aca	2026-06-15T11:11:32-03:00	communication-memory-bytes	M	.	tests/test_notebook_workflows.py	fix: randomize rollout starts
629516d	629516dda40aa610c949bdc7a1c2e6316a2b6aca	2026-06-15T11:11:32-03:00	communication-memory-bytes	M	.	tests/test_train_mappo_jax.py	fix: randomize rollout starts
91aeb3d	91aeb3d1638b69734052f51b115e8350923c8672	2026-06-15T11:19:06-03:00	communication-memory-bytes	M	.	experiments/communication_bits.json	feat: add write head transfer modes
91aeb3d	91aeb3d1638b69734052f51b115e8350923c8672	2026-06-15T11:19:06-03:00	communication-memory-bytes	M	.	src/ant_byte_env/training/jax_mappo/cli.py	feat: add write head transfer modes
91aeb3d	91aeb3d1638b69734052f51b115e8350923c8672	2026-06-15T11:19:06-03:00	communication-memory-bytes	M	.	src/ant_byte_env/training/jax_mappo/runner.py	feat: add write head transfer modes
91aeb3d	91aeb3d1638b69734052f51b115e8350923c8672	2026-06-15T11:19:06-03:00	communication-memory-bytes	M	.	src/ant_byte_env/training/jax_mappo/transfer.py	feat: add write head transfer modes
91aeb3d	91aeb3d1638b69734052f51b115e8350923c8672	2026-06-15T11:19:06-03:00	communication-memory-bytes	M	.	tests/test_notebook_workflows.py	feat: add write head transfer modes
91aeb3d	91aeb3d1638b69734052f51b115e8350923c8672	2026-06-15T11:19:06-03:00	communication-memory-bytes	M	.	tests/test_train_mappo_jax.py	feat: add write head transfer modes
fd30efb	fd30efbdadb343c99dacb31b26b546f09d5f02ff	2026-06-15T11:27:27-03:00	communication-memory-bytes	M	.	src/ant_byte_env/cli.py	feat: add communication checkpoint probe
fd30efb	fd30efbdadb343c99dacb31b26b546f09d5f02ff	2026-06-15T11:27:27-03:00	communication-memory-bytes	M	.	src/ant_byte_env/training/jax_mappo/__init__.py	feat: add communication checkpoint probe
fd30efb	fd30efbdadb343c99dacb31b26b546f09d5f02ff	2026-06-15T11:27:27-03:00	communication-memory-bytes	A	.	src/ant_byte_env/training/jax_mappo/probe.py	feat: add communication checkpoint probe
fd30efb	fd30efbdadb343c99dacb31b26b546f09d5f02ff	2026-06-15T11:27:27-03:00	communication-memory-bytes	M	.	tests/test_research_workflow.py	feat: add communication checkpoint probe
fd30efb	fd30efbdadb343c99dacb31b26b546f09d5f02ff	2026-06-15T11:27:27-03:00	communication-memory-bytes	M	.	tests/test_train_mappo_jax.py	feat: add communication checkpoint probe
85c6470	85c647011d48531fe687263ab080264d8784b168	2026-06-15T11:30:30-03:00	jax-mappo-training-core	A	.	autoresearch/communication_sweep.json	docs: add communication sweep matrix
85c6470	85c647011d48531fe687263ab080264d8784b168	2026-06-15T11:30:30-03:00	jax-mappo-training-core	M	.	tests/test_research_workflow.py	docs: add communication sweep matrix
92293fb	92293fb66569ea9235d1d5b4cbe25e5435893a18	2026-06-15T11:35:39-03:00	communication-memory-bytes	A	.	src/ant_byte_env/autoresearch.py	feat: plan communication sweep commands
92293fb	92293fb66569ea9235d1d5b4cbe25e5435893a18	2026-06-15T11:35:39-03:00	communication-memory-bytes	M	.	src/ant_byte_env/cli.py	feat: plan communication sweep commands
92293fb	92293fb66569ea9235d1d5b4cbe25e5435893a18	2026-06-15T11:35:39-03:00	communication-memory-bytes	M	.	tests/test_research_workflow.py	feat: plan communication sweep commands
3480705	3480705bb89b0046ea425fc08360135becd41130	2026-06-15T11:38:47-03:00	communication-memory-bytes	M	.	src/ant_byte_env/autoresearch.py	feat: execute communication sweep plans
3480705	3480705bb89b0046ea425fc08360135becd41130	2026-06-15T11:38:47-03:00	communication-memory-bytes	M	.	src/ant_byte_env/cli.py	feat: execute communication sweep plans
3480705	3480705bb89b0046ea425fc08360135becd41130	2026-06-15T11:38:47-03:00	communication-memory-bytes	M	.	tests/test_research_workflow.py	feat: execute communication sweep plans
ecc4b27	ecc4b27e11368885f4aebe606909330bb17f698b	2026-06-15T11:44:02-03:00	communication-memory-bytes	M	.	src/ant_byte_env/autoresearch.py	fix: guard autoresearch resource usage
ecc4b27	ecc4b27e11368885f4aebe606909330bb17f698b	2026-06-15T11:44:02-03:00	communication-memory-bytes	M	.	src/ant_byte_env/cli.py	fix: guard autoresearch resource usage
ecc4b27	ecc4b27e11368885f4aebe606909330bb17f698b	2026-06-15T11:44:02-03:00	communication-memory-bytes	M	.	tests/test_research_workflow.py	fix: guard autoresearch resource usage
4b6ddc3	4b6ddc338a6486ebab48605ca4a91e879ad178ce	2026-06-15T11:45:26-03:00	communication-memory-bytes	M	.	src/ant_byte_env/autoresearch.py	fix: report autoresearch preflight failures cleanly
4b6ddc3	4b6ddc338a6486ebab48605ca4a91e879ad178ce	2026-06-15T11:45:26-03:00	communication-memory-bytes	M	.	src/ant_byte_env/cli.py	fix: report autoresearch preflight failures cleanly
4b6ddc3	4b6ddc338a6486ebab48605ca4a91e879ad178ce	2026-06-15T11:45:26-03:00	communication-memory-bytes	M	.	tests/test_research_workflow.py	fix: report autoresearch preflight failures cleanly
4e760e0	4e760e0c75cafebe53a421b7ad6d22f71047e403	2026-06-15T11:51:58-03:00	communication-memory-bytes	M	.	src/ant_byte_env/autoresearch.py	feat: isolate autoresearch run roots
4e760e0	4e760e0c75cafebe53a421b7ad6d22f71047e403	2026-06-15T11:51:58-03:00	communication-memory-bytes	M	.	src/ant_byte_env/cli.py	feat: isolate autoresearch run roots
4e760e0	4e760e0c75cafebe53a421b7ad6d22f71047e403	2026-06-15T11:51:58-03:00	communication-memory-bytes	M	.	tests/test_research_workflow.py	feat: isolate autoresearch run roots
b24fd65	b24fd659b020af241d7d06ab6e934719897e83a4	2026-06-15T12:00:24-03:00	communication-memory-bytes	M	.	src/ant_byte_env/training/jax_mappo/runner.py	fix: resample jax mappo rollouts each update
b24fd65	b24fd659b020af241d7d06ab6e934719897e83a4	2026-06-15T12:00:24-03:00	communication-memory-bytes	M	.	tests/test_train_mappo_jax.py	fix: resample jax mappo rollouts each update
4b03628	4b03628544797598d22b8b7af0c4867f8fc7e056	2026-06-15T12:20:43-03:00	communication-memory-bytes	M	.	src/ant_byte_env/autoresearch.py	fix: keep autoresearch probes bounded
4b03628	4b03628544797598d22b8b7af0c4867f8fc7e056	2026-06-15T12:20:43-03:00	communication-memory-bytes	M	.	src/ant_byte_env/cli.py	fix: keep autoresearch probes bounded
4b03628	4b03628544797598d22b8b7af0c4867f8fc7e056	2026-06-15T12:20:43-03:00	communication-memory-bytes	M	.	src/ant_byte_env/training/jax_mappo/probe.py	fix: keep autoresearch probes bounded
4b03628	4b03628544797598d22b8b7af0c4867f8fc7e056	2026-06-15T12:20:43-03:00	communication-memory-bytes	M	.	tests/test_research_workflow.py	fix: keep autoresearch probes bounded
fa27145	fa27145da49926e2a459f706b702a236cc8188bd	2026-06-15T13:36:23-03:00	ant-count-25x25-autoresearch	A	.	autoresearch/communication_consolidation_sweep.json	feat: add communication consolidation sweep
ac1d5ea	ac1d5ea03b337c1ceadb4d3e4b29c508e55d61e5	2026-06-15T13:44:26-03:00	ant-count-25x25-autoresearch	M	.	autoresearch/communication_consolidation_sweep.json	feat: add communication consolidation replications
4468fa9	4468fa9b8084028c4b2b818d0f1cfe075977d71d	2026-06-15T13:57:57-03:00	ant-count-25x25-autoresearch	A	.	autoresearch/ideas/001-communication-consolidation.md	docs: record communication consolidation results
78389ba	78389ba4c1b2e928dc491686fb68f0ecf8806d2b	2026-06-15T14:01:59-03:00	communication-memory-bytes	M	.	experiments/communication_bits.json	feat: promote communication consolidation stage
78389ba	78389ba4c1b2e928dc491686fb68f0ecf8806d2b	2026-06-15T14:01:59-03:00	communication-memory-bytes	M	.	notebooks/train_jax_communication_curriculum.ipynb	feat: promote communication consolidation stage
78389ba	78389ba4c1b2e928dc491686fb68f0ecf8806d2b	2026-06-15T14:01:59-03:00	communication-memory-bytes	M	.	src/ant_byte_env/notebook_workflows.py	feat: promote communication consolidation stage
78389ba	78389ba4c1b2e928dc491686fb68f0ecf8806d2b	2026-06-15T14:01:59-03:00	communication-memory-bytes	M	.	tests/test_notebook_workflows.py	feat: promote communication consolidation stage
78389ba	78389ba4c1b2e928dc491686fb68f0ecf8806d2b	2026-06-15T14:01:59-03:00	communication-memory-bytes	M	.	tests/test_notebooks.py	feat: promote communication consolidation stage
c53fc37	c53fc3797aca253fa4f19bef8d52736b8c7db820	2026-06-15T14:04:37-03:00	ant-count-25x25-autoresearch	M	.	autoresearch/communication_consolidation_sweep.json	feat: add communication consolidation duration sweep
1326d9b	1326d9bfe832dd4425652a5339ce520457cc3da1	2026-06-15T14:12:01-03:00	communication-memory-bytes	A	.	autoresearch/ideas/002-communication-consolidation-duration.md	feat: promote longer communication consolidation
1326d9b	1326d9bfe832dd4425652a5339ce520457cc3da1	2026-06-15T14:12:01-03:00	communication-memory-bytes	M	.	experiments/communication_bits.json	feat: promote longer communication consolidation
1326d9b	1326d9bfe832dd4425652a5339ce520457cc3da1	2026-06-15T14:12:01-03:00	communication-memory-bytes	M	.	tests/test_notebooks.py	feat: promote longer communication consolidation
bc79f2c	bc79f2c662439b777f08ca2a7aa012b8b105575e	2026-06-15T14:12:54-03:00	ant-count-25x25-autoresearch	M	.	autoresearch/communication_consolidation_sweep.json	feat: add long consolidation replications
270ec97	270ec973d7627f38a704787c98e8da628e125e96	2026-06-15T14:19:08-03:00	ant-count-25x25-autoresearch	A	.	autoresearch/ideas/003-long-consolidation-replication.md	docs: record long consolidation replication
b0b1751	b0b17517032b3cd1a7e6074f608684269a5de158	2026-06-15T14:20:02-03:00	ant-count-25x25-autoresearch	M	.	autoresearch/communication_consolidation_sweep.json	feat: add forage polish sweep
83b54c6	83b54c65b0ff60fd16ce4a7842e2aff248293625	2026-06-15T14:32:01-03:00	communication-memory-bytes	A	.	autoresearch/ideas/004-communication-forage-polish.md	feat: promote communication forage polish
83b54c6	83b54c65b0ff60fd16ce4a7842e2aff248293625	2026-06-15T14:32:01-03:00	communication-memory-bytes	M	.	experiments/communication_bits.json	feat: promote communication forage polish
83b54c6	83b54c65b0ff60fd16ce4a7842e2aff248293625	2026-06-15T14:32:01-03:00	communication-memory-bytes	M	.	notebooks/train_jax_communication_curriculum.ipynb	feat: promote communication forage polish
83b54c6	83b54c65b0ff60fd16ce4a7842e2aff248293625	2026-06-15T14:32:01-03:00	communication-memory-bytes	M	.	src/ant_byte_env/notebook_workflows.py	feat: promote communication forage polish
83b54c6	83b54c65b0ff60fd16ce4a7842e2aff248293625	2026-06-15T14:32:01-03:00	communication-memory-bytes	M	.	tests/test_notebook_workflows.py	feat: promote communication forage polish
83b54c6	83b54c65b0ff60fd16ce4a7842e2aff248293625	2026-06-15T14:32:01-03:00	communication-memory-bytes	M	.	tests/test_notebooks.py	feat: promote communication forage polish
5dd48f3	5dd48f38e3d30ea20e81936b7c2ce589beda442a	2026-06-15T14:36:59-03:00	communication-memory-bytes	M	.	autoresearch/communication_sweep.json	feat: add promoted communication validation plan
5dd48f3	5dd48f38e3d30ea20e81936b7c2ce589beda442a	2026-06-15T14:36:59-03:00	communication-memory-bytes	A	.	autoresearch/ideas/005-promoted-validation-plan.md	feat: add promoted communication validation plan
5dd48f3	5dd48f38e3d30ea20e81936b7c2ce589beda442a	2026-06-15T14:36:59-03:00	communication-memory-bytes	M	.	src/ant_byte_env/autoresearch.py	feat: add promoted communication validation plan
5dd48f3	5dd48f38e3d30ea20e81936b7c2ce589beda442a	2026-06-15T14:36:59-03:00	communication-memory-bytes	M	.	tests/test_research_workflow.py	feat: add promoted communication validation plan
65d0531	65d0531f06d0fbf45d4949884f4c21702e82def1	2026-06-15T14:56:43-03:00	ant-count-25x25-autoresearch	M	.	autoresearch/communication_sweep.json	feat: record promoted validation replication
65d0531	65d0531f06d0fbf45d4949884f4c21702e82def1	2026-06-15T14:56:43-03:00	ant-count-25x25-autoresearch	A	.	autoresearch/ideas/006-promoted-validation-pv1.md	feat: record promoted validation replication
65d0531	65d0531f06d0fbf45d4949884f4c21702e82def1	2026-06-15T14:56:43-03:00	ant-count-25x25-autoresearch	M	.	src/ant_byte_env/training/jax_mappo/probe.py	feat: record promoted validation replication
65d0531	65d0531f06d0fbf45d4949884f4c21702e82def1	2026-06-15T14:56:43-03:00	ant-count-25x25-autoresearch	M	.	tests/test_research_workflow.py	feat: record promoted validation replication
65d0531	65d0531f06d0fbf45d4949884f4c21702e82def1	2026-06-15T14:56:43-03:00	ant-count-25x25-autoresearch	M	.	tests/test_train_mappo_jax.py	feat: record promoted validation replication
104a751	104a7519a969b28f4db4105df6750ecaa3cabae4	2026-06-15T15:10:41-03:00	ant-count-25x25-autoresearch	A	.	autoresearch/ideas/007-promoted-validation-pv2.md	docs: record promoted validation pv2
a68937d	a68937d2e49e532cd477cf7f7ecdd66956f9d0d0	2026-06-15T15:25:34-03:00	ant-count-25x25-autoresearch	M	.	autoresearch/communication_sweep.json	feat: add communication polish length experiment
a68937d	a68937d2e49e532cd477cf7f7ecdd66956f9d0d0	2026-06-15T15:25:34-03:00	ant-count-25x25-autoresearch	A	.	autoresearch/ideas/008-promoted-validation-aggregate.md	feat: add communication polish length experiment
a68937d	a68937d2e49e532cd477cf7f7ecdd66956f9d0d0	2026-06-15T15:25:34-03:00	ant-count-25x25-autoresearch	M	.	tests/test_research_workflow.py	feat: add communication polish length experiment
25cb978	25cb97865b63a8de1b2368dd16f824d067261e39	2026-06-15T15:31:52-03:00	ant-count-25x25-autoresearch	M	.	autoresearch/communication_sweep.json	feat: add shorter communication polish experiment
25cb978	25cb97865b63a8de1b2368dd16f824d067261e39	2026-06-15T15:31:52-03:00	ant-count-25x25-autoresearch	A	.	autoresearch/ideas/009-polish-length-pl0.md	feat: add shorter communication polish experiment
25cb978	25cb97865b63a8de1b2368dd16f824d067261e39	2026-06-15T15:31:52-03:00	ant-count-25x25-autoresearch	M	.	tests/test_research_workflow.py	feat: add shorter communication polish experiment
f7d4b31	f7d4b3148fbb5513438a15a4b871e5211762d6a2	2026-06-15T15:38:23-03:00	ant-count-25x25-autoresearch	M	.	autoresearch/communication_sweep.json	feat: add short polish replication experiments
f7d4b31	f7d4b3148fbb5513438a15a4b871e5211762d6a2	2026-06-15T15:38:23-03:00	ant-count-25x25-autoresearch	A	.	autoresearch/ideas/010-polish-length-pl1.md	feat: add short polish replication experiments
f7d4b31	f7d4b3148fbb5513438a15a4b871e5211762d6a2	2026-06-15T15:38:23-03:00	ant-count-25x25-autoresearch	M	.	tests/test_research_workflow.py	feat: add short polish replication experiments
8ae6f08	8ae6f088df6dd198b039d40481ba3acf9cbf1b6b	2026-06-15T15:43:12-03:00	ant-count-25x25-autoresearch	A	.	autoresearch/ideas/011-short-polish-replication.md	docs: record short polish replication results
f8f1bf1	f8f1bf108590196b22b4c30e7af44e54b136f8a7	2026-06-15T15:48:33-03:00	ant-count-25x25-autoresearch	M	.	autoresearch/ideas/011-short-polish-replication.md	docs: add short polish eval16 probes
2ad416c	2ad416c79609797720d79f80a3936685c9bbfe6b	2026-06-15T15:51:14-03:00	ant-count-25x25-autoresearch	M	.	autoresearch/communication_sweep.json	feat: add short polish seed sweep
2ad416c	2ad416c79609797720d79f80a3936685c9bbfe6b	2026-06-15T15:51:14-03:00	ant-count-25x25-autoresearch	M	.	tests/test_research_workflow.py	feat: add short polish seed sweep
0a2b996	0a2b996b308d4b31375dab6999e4086d725ed0e5	2026-06-15T16:00:06-03:00	ant-count-25x25-autoresearch	A	.	autoresearch/ideas/012-pv3-short-polish-seed-sweep.md	docs: record pv3 short polish seed sweep
a5dd481	a5dd4814432d3cd176c3aaac638ee1247f0dc7e1	2026-06-15T16:01:01-03:00	ant-count-25x25-autoresearch	M	.	autoresearch/communication_sweep.json	feat: add fixed-seed polish cross-source checks
a5dd481	a5dd4814432d3cd176c3aaac638ee1247f0dc7e1	2026-06-15T16:01:01-03:00	ant-count-25x25-autoresearch	M	.	tests/test_research_workflow.py	feat: add fixed-seed polish cross-source checks
6374428	6374428c5c70c4836ba4774dbe0b1708f2a3c1ce	2026-06-15T16:10:46-03:00	ant-count-25x25-autoresearch	A	.	autoresearch/ideas/013-fixed-seed-805-cross-source.md	docs: record fixed polish seed cross-source check
2c076f1	2c076f1f5af122f173a09dded6e13feb5805f9df	2026-06-15T16:11:57-03:00	ant-count-25x25-autoresearch	M	.	autoresearch/communication_sweep.json	feat: add pv2 polish seed sweep
2c076f1	2c076f1f5af122f173a09dded6e13feb5805f9df	2026-06-15T16:11:57-03:00	ant-count-25x25-autoresearch	M	.	tests/test_research_workflow.py	feat: add pv2 polish seed sweep
949b0b6	949b0b68c0569ed6acbf74c434cc9f196efa4a34	2026-06-15T16:21:14-03:00	ant-count-25x25-autoresearch	A	.	autoresearch/ideas/014-pv2-polish-seed-sweep.md	docs: record pv2 polish seed sweep
282f1b5	282f1b5bb3e2c31336c7fdcf14ade2d4647ebe65	2026-06-15T16:25:23-03:00	ant-count-25x25-autoresearch	M	.	autoresearch/communication_sweep.json	feat: add probe-only polish gate candidates
282f1b5	282f1b5bb3e2c31336c7fdcf14ade2d4647ebe65	2026-06-15T16:25:23-03:00	ant-count-25x25-autoresearch	M	.	src/ant_byte_env/autoresearch.py	feat: add probe-only polish gate candidates
282f1b5	282f1b5bb3e2c31336c7fdcf14ade2d4647ebe65	2026-06-15T16:25:23-03:00	ant-count-25x25-autoresearch	M	.	tests/test_research_workflow.py	feat: add probe-only polish gate candidates
cbe1a90	cbe1a904638dbea92532ed1cc0473d10172b2026	2026-06-15T16:41:28-03:00	ant-count-25x25-autoresearch	A	.	autoresearch/ideas/015-polish-gate-comparison.md	docs: record polish gate eval comparison
5f5a292	5f5a2920ba4049637a4f436fa6712ccfb5c669b3	2026-06-15T16:43:13-03:00	ant-count-25x25-autoresearch	M	.	autoresearch/communication_sweep.json	feat: add pv1 polish seed gate candidates
5f5a292	5f5a2920ba4049637a4f436fa6712ccfb5c669b3	2026-06-15T16:43:13-03:00	ant-count-25x25-autoresearch	M	.	tests/test_research_workflow.py	feat: add pv1 polish seed gate candidates
6abc547	6abc54738f2c4fd58e8549a33f99953f5d4c069f	2026-06-15T16:51:17-03:00	ant-count-25x25-autoresearch	A	.	autoresearch/ideas/016-pv1-polish-seed-gate.md	docs: record pv1 polish seed gate
4a06a6f	4a06a6f75ca4ce9d91d389a5763b905e62998ca9	2026-06-15T16:53:58-03:00	communication-memory-bytes	M	.	src/ant_byte_env/autoresearch.py	feat: rank communication gate probes
4a06a6f	4a06a6f75ca4ce9d91d389a5763b905e62998ca9	2026-06-15T16:53:58-03:00	communication-memory-bytes	M	.	src/ant_byte_env/cli.py	feat: rank communication gate probes
4a06a6f	4a06a6f75ca4ce9d91d389a5763b905e62998ca9	2026-06-15T16:53:58-03:00	communication-memory-bytes	M	.	tests/test_research_workflow.py	feat: rank communication gate probes
caef663	caef66324833e8a0f2e34b61ad60149196f520b5	2026-06-15T16:54:59-03:00	communication-memory-bytes	A	.	autoresearch/ideas/017-gate-ranking-helper.md	docs: record communication gate ranking
af6abd3	af6abd35f0ea3d623f48c94e8f651f9d83a44da4	2026-06-15T16:56:20-03:00	ant-count-25x25-autoresearch	M	.	autoresearch/communication_sweep.json	feat: add polish refine candidates
af6abd3	af6abd35f0ea3d623f48c94e8f651f9d83a44da4	2026-06-15T16:56:20-03:00	ant-count-25x25-autoresearch	M	.	tests/test_research_workflow.py	feat: add polish refine candidates
830df2b	830df2b78db3b317caf4a98c28569e7a0b820e44	2026-06-15T17:01:37-03:00	ant-count-25x25-autoresearch	A	.	autoresearch/ideas/018-polish-refine.md	docs: record polish refine result
e4c136b	e4c136b02e63ce3312d7a520ad234a88421d56a3	2026-06-15T17:02:55-03:00	ant-count-25x25-autoresearch	M	.	autoresearch/communication_sweep.json	feat: add weak-source refine candidates
e4c136b	e4c136b02e63ce3312d7a520ad234a88421d56a3	2026-06-15T17:02:55-03:00	ant-count-25x25-autoresearch	M	.	tests/test_research_workflow.py	feat: add weak-source refine candidates
b1916b8	b1916b823c95b303bdec68f959a11f8970ca4ec7	2026-06-15T17:09:14-03:00	ant-count-25x25-autoresearch	A	.	autoresearch/ideas/019-weak-source-refine.md	docs: record weak-source refine result
30f592f	30f592f14b112514e6bacd05f5ab3099da0f0f67	2026-06-15T17:10:15-03:00	ant-count-25x25-autoresearch	A	.	autoresearch/ideas/020-eval4-vs-eval16-gate.md	docs: compare eval4 and eval16 gate scores
5978ddc	5978ddc81ddfe7fb79a6cfbbba582d4a5175ff23	2026-06-15T18:32:15-03:00	communication-memory-bytes	M	.	README.md	fix: separate movement and writing timesteps
5978ddc	5978ddc81ddfe7fb79a6cfbbba582d4a5175ff23	2026-06-15T18:32:15-03:00	communication-memory-bytes	M	.	src/ant_byte_env/env.py	fix: separate movement and writing timesteps
5978ddc	5978ddc81ddfe7fb79a6cfbbba582d4a5175ff23	2026-06-15T18:32:15-03:00	communication-memory-bytes	M	.	src/ant_byte_env/jax_env.py	fix: separate movement and writing timesteps
5978ddc	5978ddc81ddfe7fb79a6cfbbba582d4a5175ff23	2026-06-15T18:32:15-03:00	communication-memory-bytes	M	.	src/ant_byte_env/training/jax_mappo/cli.py	fix: separate movement and writing timesteps
5978ddc	5978ddc81ddfe7fb79a6cfbbba582d4a5175ff23	2026-06-15T18:32:15-03:00	communication-memory-bytes	M	.	src/ant_byte_env/training/jax_mappo/core.py	fix: separate movement and writing timesteps
5978ddc	5978ddc81ddfe7fb79a6cfbbba582d4a5175ff23	2026-06-15T18:32:15-03:00	communication-memory-bytes	M	.	src/ant_byte_env/training/jax_mappo/probe.py	fix: separate movement and writing timesteps
5978ddc	5978ddc81ddfe7fb79a6cfbbba582d4a5175ff23	2026-06-15T18:32:15-03:00	communication-memory-bytes	M	.	src/ant_byte_env/training/torch_mappo/cli.py	fix: separate movement and writing timesteps
5978ddc	5978ddc81ddfe7fb79a6cfbbba582d4a5175ff23	2026-06-15T18:32:15-03:00	communication-memory-bytes	M	.	src/ant_byte_env/training/torch_mappo/observations.py	fix: separate movement and writing timesteps
5978ddc	5978ddc81ddfe7fb79a6cfbbba582d4a5175ff23	2026-06-15T18:32:15-03:00	communication-memory-bytes	M	.	tests/test_env_api.py	fix: separate movement and writing timesteps
5978ddc	5978ddc81ddfe7fb79a6cfbbba582d4a5175ff23	2026-06-15T18:32:15-03:00	communication-memory-bytes	M	.	tests/test_jax_env.py	fix: separate movement and writing timesteps
5978ddc	5978ddc81ddfe7fb79a6cfbbba582d4a5175ff23	2026-06-15T18:32:15-03:00	communication-memory-bytes	M	.	tests/test_train_mappo_jax.py	fix: separate movement and writing timesteps
36d04ff	36d04ff6210279e70709ce085b0732d16a4faf86	2026-06-15T18:46:17-03:00	communication-memory-bytes	M	.	src/ant_byte_env/training/jax_mappo/evaluation.py	fix: shuffle evaluation layouts
36d04ff	36d04ff6210279e70709ce085b0732d16a4faf86	2026-06-15T18:46:17-03:00	communication-memory-bytes	M	.	src/ant_byte_env/training/torch_mappo/evaluation.py	fix: shuffle evaluation layouts
36d04ff	36d04ff6210279e70709ce085b0732d16a4faf86	2026-06-15T18:46:17-03:00	communication-memory-bytes	M	.	tests/test_train_mappo.py	fix: shuffle evaluation layouts
36d04ff	36d04ff6210279e70709ce085b0732d16a4faf86	2026-06-15T18:46:17-03:00	communication-memory-bytes	M	.	tests/test_train_mappo_jax.py	fix: shuffle evaluation layouts
41602ae	41602ae899fb6e59f007b4a19707773e7cbf4e5c	2026-06-16T08:56:38-03:00	communication-memory-bytes	M	.	README.md	feat: expose cookie reward hyperparameter
41602ae	41602ae899fb6e59f007b4a19707773e7cbf4e5c	2026-06-16T08:56:38-03:00	communication-memory-bytes	M	.	src/ant_byte_env/notebook_workflows.py	feat: expose cookie reward hyperparameter
41602ae	41602ae899fb6e59f007b4a19707773e7cbf4e5c	2026-06-16T08:56:38-03:00	communication-memory-bytes	M	.	src/ant_byte_env/training/jax_mappo/cli.py	feat: expose cookie reward hyperparameter
41602ae	41602ae899fb6e59f007b4a19707773e7cbf4e5c	2026-06-16T08:56:38-03:00	communication-memory-bytes	M	.	src/ant_byte_env/training/torch_mappo/cli.py	feat: expose cookie reward hyperparameter
41602ae	41602ae899fb6e59f007b4a19707773e7cbf4e5c	2026-06-16T08:56:38-03:00	communication-memory-bytes	M	.	tests/test_notebook_workflows.py	feat: expose cookie reward hyperparameter
41602ae	41602ae899fb6e59f007b4a19707773e7cbf4e5c	2026-06-16T08:56:38-03:00	communication-memory-bytes	M	.	tests/test_train_mappo.py	feat: expose cookie reward hyperparameter
41602ae	41602ae899fb6e59f007b4a19707773e7cbf4e5c	2026-06-16T08:56:38-03:00	communication-memory-bytes	M	.	tests/test_train_mappo_jax.py	feat: expose cookie reward hyperparameter
ac010c5	ac010c59a12bb3e809f4ccd2a80176644af54d53	2026-06-16T09:01:10-03:00	jax-mappo-training-core	M	.	notebooks/train_mappo_curriculum.ipynb	feat: raise forage curriculum cookie reward
772be2d	772be2d2aaf540147d4baec5735b01b94c503381	2026-06-16T09:34:06-03:00	communication-memory-bytes	M	.	README.md	feat: expose forage curriculum gamma
772be2d	772be2d2aaf540147d4baec5735b01b94c503381	2026-06-16T09:34:06-03:00	communication-memory-bytes	M	.	notebooks/train_mappo_curriculum.ipynb	feat: expose forage curriculum gamma
772be2d	772be2d2aaf540147d4baec5735b01b94c503381	2026-06-16T09:34:06-03:00	communication-memory-bytes	M	.	src/ant_byte_env/notebook_workflows.py	feat: expose forage curriculum gamma
772be2d	772be2d2aaf540147d4baec5735b01b94c503381	2026-06-16T09:34:06-03:00	communication-memory-bytes	M	.	src/ant_byte_env/training/jax_mappo/cli.py	feat: expose forage curriculum gamma
772be2d	772be2d2aaf540147d4baec5735b01b94c503381	2026-06-16T09:34:06-03:00	communication-memory-bytes	M	.	src/ant_byte_env/training/torch_mappo/cli.py	feat: expose forage curriculum gamma
772be2d	772be2d2aaf540147d4baec5735b01b94c503381	2026-06-16T09:34:06-03:00	communication-memory-bytes	M	.	tests/test_notebook_workflows.py	feat: expose forage curriculum gamma
772be2d	772be2d2aaf540147d4baec5735b01b94c503381	2026-06-16T09:34:06-03:00	communication-memory-bytes	M	.	tests/test_train_mappo.py	feat: expose forage curriculum gamma
772be2d	772be2d2aaf540147d4baec5735b01b94c503381	2026-06-16T09:34:06-03:00	communication-memory-bytes	M	.	tests/test_train_mappo_jax.py	feat: expose forage curriculum gamma
abbf879	abbf87915fd315a10662ff1a2a328d3a86f90643	2026-06-17T11:46:03-03:00	communication-memory-bytes	M	.	README.md	feat: extend forage curriculum to 50x50
abbf879	abbf87915fd315a10662ff1a2a328d3a86f90643	2026-06-17T11:46:03-03:00	communication-memory-bytes	M	.	autoresearch/GOAL.md	feat: extend forage curriculum to 50x50
abbf879	abbf87915fd315a10662ff1a2a328d3a86f90643	2026-06-17T11:46:03-03:00	communication-memory-bytes	M	.	experiments/communication_bits.json	feat: extend forage curriculum to 50x50
abbf879	abbf87915fd315a10662ff1a2a328d3a86f90643	2026-06-17T11:46:03-03:00	communication-memory-bytes	M	.	experiments/direct_goal_baseline.json	feat: extend forage curriculum to 50x50
abbf879	abbf87915fd315a10662ff1a2a328d3a86f90643	2026-06-17T11:46:03-03:00	communication-memory-bytes	M	.	experiments/forage_curriculum.json	feat: extend forage curriculum to 50x50
abbf879	abbf87915fd315a10662ff1a2a328d3a86f90643	2026-06-17T11:46:03-03:00	communication-memory-bytes	M	.	notebooks/train_jax_ant_count_curriculum.ipynb	feat: extend forage curriculum to 50x50
abbf879	abbf87915fd315a10662ff1a2a328d3a86f90643	2026-06-17T11:46:03-03:00	communication-memory-bytes	M	.	notebooks/train_jax_communication_curriculum.ipynb	feat: extend forage curriculum to 50x50
abbf879	abbf87915fd315a10662ff1a2a328d3a86f90643	2026-06-17T11:46:03-03:00	communication-memory-bytes	M	.	notebooks/train_mappo_curriculum.ipynb	feat: extend forage curriculum to 50x50
abbf879	abbf87915fd315a10662ff1a2a328d3a86f90643	2026-06-17T11:46:03-03:00	communication-memory-bytes	M	.	src/ant_byte_env/cli.py	feat: extend forage curriculum to 50x50
abbf879	abbf87915fd315a10662ff1a2a328d3a86f90643	2026-06-17T11:46:03-03:00	communication-memory-bytes	M	.	src/ant_byte_env/env.py	feat: extend forage curriculum to 50x50
abbf879	abbf87915fd315a10662ff1a2a328d3a86f90643	2026-06-17T11:46:03-03:00	communication-memory-bytes	M	.	src/ant_byte_env/jax_env.py	feat: extend forage curriculum to 50x50
abbf879	abbf87915fd315a10662ff1a2a328d3a86f90643	2026-06-17T11:46:03-03:00	communication-memory-bytes	M	.	src/ant_byte_env/notebook_workflows.py	feat: extend forage curriculum to 50x50
abbf879	abbf87915fd315a10662ff1a2a328d3a86f90643	2026-06-17T11:46:03-03:00	communication-memory-bytes	M	.	src/ant_byte_env/rendering.py	feat: extend forage curriculum to 50x50
abbf879	abbf87915fd315a10662ff1a2a328d3a86f90643	2026-06-17T11:46:03-03:00	communication-memory-bytes	M	.	src/ant_byte_env/training/jax_mappo/cli.py	feat: extend forage curriculum to 50x50
abbf879	abbf87915fd315a10662ff1a2a328d3a86f90643	2026-06-17T11:46:03-03:00	communication-memory-bytes	M	.	src/ant_byte_env/training/jax_mappo/core.py	feat: extend forage curriculum to 50x50
abbf879	abbf87915fd315a10662ff1a2a328d3a86f90643	2026-06-17T11:46:03-03:00	communication-memory-bytes	M	.	src/ant_byte_env/training/jax_mappo/evaluation.py	feat: extend forage curriculum to 50x50
abbf879	abbf87915fd315a10662ff1a2a328d3a86f90643	2026-06-17T11:46:03-03:00	communication-memory-bytes	M	.	src/ant_byte_env/training/jax_mappo/probe.py	feat: extend forage curriculum to 50x50
abbf879	abbf87915fd315a10662ff1a2a328d3a86f90643	2026-06-17T11:46:03-03:00	communication-memory-bytes	M	.	src/ant_byte_env/training/jax_mappo/rollout.py	feat: extend forage curriculum to 50x50
abbf879	abbf87915fd315a10662ff1a2a328d3a86f90643	2026-06-17T11:46:03-03:00	communication-memory-bytes	M	.	src/ant_byte_env/training/jax_mappo/runner.py	feat: extend forage curriculum to 50x50
abbf879	abbf87915fd315a10662ff1a2a328d3a86f90643	2026-06-17T11:46:03-03:00	communication-memory-bytes	M	.	src/ant_byte_env/training/jax_mappo/transfer.py	feat: extend forage curriculum to 50x50
abbf879	abbf87915fd315a10662ff1a2a328d3a86f90643	2026-06-17T11:46:03-03:00	communication-memory-bytes	M	.	src/ant_byte_env/training/torch_mappo/checkpointing.py	feat: extend forage curriculum to 50x50
abbf879	abbf87915fd315a10662ff1a2a328d3a86f90643	2026-06-17T11:46:03-03:00	communication-memory-bytes	M	.	src/ant_byte_env/training/torch_mappo/cli.py	feat: extend forage curriculum to 50x50
abbf879	abbf87915fd315a10662ff1a2a328d3a86f90643	2026-06-17T11:46:03-03:00	communication-memory-bytes	M	.	src/ant_byte_env/training/torch_mappo/curriculum.py	feat: extend forage curriculum to 50x50
abbf879	abbf87915fd315a10662ff1a2a328d3a86f90643	2026-06-17T11:46:03-03:00	communication-memory-bytes	M	.	src/ant_byte_env/training/torch_mappo/evaluation.py	feat: extend forage curriculum to 50x50
abbf879	abbf87915fd315a10662ff1a2a328d3a86f90643	2026-06-17T11:46:03-03:00	communication-memory-bytes	M	.	src/ant_byte_env/training/torch_mappo/observations.py	feat: extend forage curriculum to 50x50
abbf879	abbf87915fd315a10662ff1a2a328d3a86f90643	2026-06-17T11:46:03-03:00	communication-memory-bytes	M	.	src/ant_byte_env/training/torch_mappo/rollout.py	feat: extend forage curriculum to 50x50
abbf879	abbf87915fd315a10662ff1a2a328d3a86f90643	2026-06-17T11:46:03-03:00	communication-memory-bytes	M	.	tests/test_env_api.py	feat: extend forage curriculum to 50x50
abbf879	abbf87915fd315a10662ff1a2a328d3a86f90643	2026-06-17T11:46:03-03:00	communication-memory-bytes	M	.	tests/test_jax_env.py	feat: extend forage curriculum to 50x50
abbf879	abbf87915fd315a10662ff1a2a328d3a86f90643	2026-06-17T11:46:03-03:00	communication-memory-bytes	M	.	tests/test_notebook_workflows.py	feat: extend forage curriculum to 50x50
abbf879	abbf87915fd315a10662ff1a2a328d3a86f90643	2026-06-17T11:46:03-03:00	communication-memory-bytes	M	.	tests/test_notebooks.py	feat: extend forage curriculum to 50x50
abbf879	abbf87915fd315a10662ff1a2a328d3a86f90643	2026-06-17T11:46:03-03:00	communication-memory-bytes	M	.	tests/test_render.py	feat: extend forage curriculum to 50x50
abbf879	abbf87915fd315a10662ff1a2a328d3a86f90643	2026-06-17T11:46:03-03:00	communication-memory-bytes	M	.	tests/test_research_workflow.py	feat: extend forage curriculum to 50x50
abbf879	abbf87915fd315a10662ff1a2a328d3a86f90643	2026-06-17T11:46:03-03:00	communication-memory-bytes	M	.	tests/test_train_mappo.py	feat: extend forage curriculum to 50x50
abbf879	abbf87915fd315a10662ff1a2a328d3a86f90643	2026-06-17T11:46:03-03:00	communication-memory-bytes	M	.	tests/test_train_mappo_jax.py	feat: extend forage curriculum to 50x50
9b06bb5	9b06bb5357d1ca7134d2a9f50e1106ea3d4e2f84	2026-06-17T13:58:58-03:00	communication-memory-bytes	M	.	pyproject.toml	feat: add optional wandb logging for jax runs
9b06bb5	9b06bb5357d1ca7134d2a9f50e1106ea3d4e2f84	2026-06-17T13:58:58-03:00	communication-memory-bytes	M	.	src/ant_byte_env/training/jax_mappo/cli.py	feat: add optional wandb logging for jax runs
9b06bb5	9b06bb5357d1ca7134d2a9f50e1106ea3d4e2f84	2026-06-17T13:58:58-03:00	communication-memory-bytes	M	.	src/ant_byte_env/training/jax_mappo/runner.py	feat: add optional wandb logging for jax runs
9b06bb5	9b06bb5357d1ca7134d2a9f50e1106ea3d4e2f84	2026-06-17T13:58:58-03:00	communication-memory-bytes	A	.	src/ant_byte_env/wandb_tracking.py	feat: add optional wandb logging for jax runs
9b06bb5	9b06bb5357d1ca7134d2a9f50e1106ea3d4e2f84	2026-06-17T13:58:58-03:00	communication-memory-bytes	M	.	tests/test_train_mappo_jax.py	feat: add optional wandb logging for jax runs
9b06bb5	9b06bb5357d1ca7134d2a9f50e1106ea3d4e2f84	2026-06-17T13:58:58-03:00	communication-memory-bytes	A	.	tests/test_wandb_tracking.py	feat: add optional wandb logging for jax runs
435ea18	435ea18d180e10ac11740c9a0132d2e16f4f5e34	2026-06-17T14:01:02-03:00	communication-memory-bytes	M	.	src/ant_byte_env/notebook_workflows.py	feat: log curriculum previews to wandb
435ea18	435ea18d180e10ac11740c9a0132d2e16f4f5e34	2026-06-17T14:01:02-03:00	communication-memory-bytes	M	.	tests/test_notebook_workflows.py	feat: log curriculum previews to wandb
57fef7c	57fef7cb8fa68a72de1b303f0ff1a723deb9b758	2026-06-17T14:02:39-03:00	jax-mappo-training-core	M	.	README.md	docs: expose wandb curriculum monitoring
57fef7c	57fef7cb8fa68a72de1b303f0ff1a723deb9b758	2026-06-17T14:02:39-03:00	jax-mappo-training-core	M	.	notebooks/train_mappo_curriculum.ipynb	docs: expose wandb curriculum monitoring
57fef7c	57fef7cb8fa68a72de1b303f0ff1a723deb9b758	2026-06-17T14:02:39-03:00	jax-mappo-training-core	M	.	tests/test_notebooks.py	docs: expose wandb curriculum monitoring
cdcb567	cdcb567acd12e63e669e4170185bfe264f39f8aa	2026-06-17T14:14:16-03:00	communication-memory-bytes	M	.	src/ant_byte_env/training/jax_mappo/cli.py	feat: enable jax forage distance shaping
cdcb567	cdcb567acd12e63e669e4170185bfe264f39f8aa	2026-06-17T14:14:16-03:00	communication-memory-bytes	M	.	src/ant_byte_env/training/jax_mappo/core.py	feat: enable jax forage distance shaping
cdcb567	cdcb567acd12e63e669e4170185bfe264f39f8aa	2026-06-17T14:14:16-03:00	communication-memory-bytes	M	.	src/ant_byte_env/training/jax_mappo/rollout.py	feat: enable jax forage distance shaping
cdcb567	cdcb567acd12e63e669e4170185bfe264f39f8aa	2026-06-17T14:14:16-03:00	communication-memory-bytes	M	.	tests/test_train_mappo_jax.py	feat: enable jax forage distance shaping
132a3e9	132a3e929e230a46d8e7c63c9629f5a65533c9c7	2026-06-17T14:15:27-03:00	communication-memory-bytes	M	.	src/ant_byte_env/notebook_workflows.py	feat: limit curriculum wandb preview stages
132a3e9	132a3e929e230a46d8e7c63c9629f5a65533c9c7	2026-06-17T14:15:27-03:00	communication-memory-bytes	M	.	tests/test_notebook_workflows.py	feat: limit curriculum wandb preview stages
8b4b062	8b4b062f7aff3552f94c6f72cfaa773bd7851ced	2026-06-17T14:27:50-03:00	communication-memory-bytes	A	.	autoresearch/forage_50x50_sweep.json	feat: add forage 50x50 autoresearch
8b4b062	8b4b062f7aff3552f94c6f72cfaa773bd7851ced	2026-06-17T14:27:50-03:00	communication-memory-bytes	M	.	src/ant_byte_env/cli.py	feat: add forage 50x50 autoresearch
8b4b062	8b4b062f7aff3552f94c6f72cfaa773bd7851ced	2026-06-17T14:27:50-03:00	communication-memory-bytes	A	.	src/ant_byte_env/forage_autoresearch.py	feat: add forage 50x50 autoresearch
8b4b062	8b4b062f7aff3552f94c6f72cfaa773bd7851ced	2026-06-17T14:27:50-03:00	communication-memory-bytes	M	.	tests/test_research_workflow.py	feat: add forage 50x50 autoresearch
0d08aa1	0d08aa19feb850add4420659248866463612dc4a	2026-06-17T14:43:04-03:00	communication-memory-bytes	A	.	autoresearch/ideas/020-forage-50x50-r1-live.md	feat: log forage rollout diagnostics
0d08aa1	0d08aa19feb850add4420659248866463612dc4a	2026-06-17T14:43:04-03:00	communication-memory-bytes	M	.	src/ant_byte_env/training/jax_mappo/core.py	feat: log forage rollout diagnostics
0d08aa1	0d08aa19feb850add4420659248866463612dc4a	2026-06-17T14:43:04-03:00	communication-memory-bytes	M	.	src/ant_byte_env/training/jax_mappo/rollout.py	feat: log forage rollout diagnostics
0d08aa1	0d08aa19feb850add4420659248866463612dc4a	2026-06-17T14:43:04-03:00	communication-memory-bytes	M	.	src/ant_byte_env/training/jax_mappo/runner.py	feat: log forage rollout diagnostics
0d08aa1	0d08aa19feb850add4420659248866463612dc4a	2026-06-17T14:43:04-03:00	communication-memory-bytes	M	.	tests/test_train_mappo_jax.py	feat: log forage rollout diagnostics
27abcc8	27abcc8f6dca2bef1494799f9b78cf67fe2cbca9	2026-06-17T14:53:41-03:00	jax-mappo-training-core	M	.	autoresearch/forage_50x50_sweep.json	feat: add forage memory sweep candidates
27abcc8	27abcc8f6dca2bef1494799f9b78cf67fe2cbca9	2026-06-17T14:53:41-03:00	jax-mappo-training-core	A	.	autoresearch/ideas/021-forage-50x50-h1-horizon.md	feat: add forage memory sweep candidates
27abcc8	27abcc8f6dca2bef1494799f9b78cf67fe2cbca9	2026-06-17T14:53:41-03:00	jax-mappo-training-core	M	.	tests/test_research_workflow.py	feat: add forage memory sweep candidates
8efc1b4	8efc1b4d0a324134173d7911b4f559e0322a8722	2026-06-17T14:57:02-03:00	communication-memory-bytes	M	.	src/ant_byte_env/training/jax_mappo/core.py	feat: log jax write memory diagnostics
8efc1b4	8efc1b4d0a324134173d7911b4f559e0322a8722	2026-06-17T14:57:02-03:00	communication-memory-bytes	M	.	src/ant_byte_env/training/jax_mappo/rollout.py	feat: log jax write memory diagnostics
8efc1b4	8efc1b4d0a324134173d7911b4f559e0322a8722	2026-06-17T14:57:02-03:00	communication-memory-bytes	M	.	src/ant_byte_env/training/jax_mappo/runner.py	feat: log jax write memory diagnostics
8efc1b4	8efc1b4d0a324134173d7911b4f559e0322a8722	2026-06-17T14:57:02-03:00	communication-memory-bytes	M	.	tests/test_train_mappo_jax.py	feat: log jax write memory diagnostics
874ffc2	874ffc2c59412a1ebd3c6f77130ba4233b1afb37	2026-06-17T15:00:26-03:00	communication-memory-bytes	A	.	autoresearch/ideas/022-forage-50x50-m1-memory.md	docs: record forage m1 memory run
b97b056	b97b0563632b0732c927ad1cf3b34ea5761cc065	2026-06-17T19:00:26-03:00	jax-mappo-training-core	M	.	autoresearch/forage_50x50_sweep.json	feat: add lighter forage memory candidate
b97b056	b97b0563632b0732c927ad1cf3b34ea5761cc065	2026-06-17T19:00:26-03:00	jax-mappo-training-core	A	.	autoresearch/ideas/023-forage-50x50-m2-footprint.md	feat: add lighter forage memory candidate
b97b056	b97b0563632b0732c927ad1cf3b34ea5761cc065	2026-06-17T19:00:26-03:00	jax-mappo-training-core	M	.	tests/test_research_workflow.py	feat: add lighter forage memory candidate
d5d003d	d5d003db2a3d30c47778cce71db0e9b702ff47f1	2026-06-17T19:19:59-03:00	jax-mappo-training-core	M	.	autoresearch/forage_50x50_sweep.json	feat: add lower-noise forage memory candidate
d5d003d	d5d003db2a3d30c47778cce71db0e9b702ff47f1	2026-06-17T19:19:59-03:00	jax-mappo-training-core	A	.	autoresearch/ideas/024-forage-50x50-m3-write-noise.md	feat: add lower-noise forage memory candidate
d5d003d	d5d003db2a3d30c47778cce71db0e9b702ff47f1	2026-06-17T19:19:59-03:00	jax-mappo-training-core	M	.	tests/test_research_workflow.py	feat: add lower-noise forage memory candidate
2b3f41f	2b3f41fcd42ecddea283913fcd2b86514b44c3e5	2026-06-18T10:52:26-03:00	autocurriculum-exploration-baselines	M	.	src/ant_byte_env/__init__.py	feat: add ant byte autocurriculum env
2b3f41f	2b3f41fcd42ecddea283913fcd2b86514b44c3e5	2026-06-18T10:52:26-03:00	autocurriculum-exploration-baselines	A	.	src/ant_byte_env/autocurriculum_env.py	feat: add ant byte autocurriculum env
2b3f41f	2b3f41fcd42ecddea283913fcd2b86514b44c3e5	2026-06-18T10:52:26-03:00	autocurriculum-exploration-baselines	A	.	tests/test_autocurriculum_env.py	feat: add ant byte autocurriculum env
2da22a2	2da22a20857eca641a02dc007db2cbd0596ec7f5	2026-06-18T11:16:28-03:00	autocurriculum-exploration-baselines	A	.	experiments/autocurriculum.json	feat: add JAX autocurriculum forage env
2da22a2	2da22a20857eca641a02dc007db2cbd0596ec7f5	2026-06-18T11:16:28-03:00	autocurriculum-exploration-baselines	A	.	notebooks/train_mappo_autocurriculum.ipynb	feat: add JAX autocurriculum forage env
2da22a2	2da22a20857eca641a02dc007db2cbd0596ec7f5	2026-06-18T11:16:28-03:00	autocurriculum-exploration-baselines	M	.	src/ant_byte_env/autocurriculum_env.py	feat: add JAX autocurriculum forage env
2da22a2	2da22a20857eca641a02dc007db2cbd0596ec7f5	2026-06-18T11:16:28-03:00	autocurriculum-exploration-baselines	A	.	src/ant_byte_env/jax_autocurriculum_env.py	feat: add JAX autocurriculum forage env
2da22a2	2da22a20857eca641a02dc007db2cbd0596ec7f5	2026-06-18T11:16:28-03:00	autocurriculum-exploration-baselines	M	.	src/ant_byte_env/notebook_workflows.py	feat: add JAX autocurriculum forage env
2da22a2	2da22a20857eca641a02dc007db2cbd0596ec7f5	2026-06-18T11:16:28-03:00	autocurriculum-exploration-baselines	M	.	src/ant_byte_env/rendering.py	feat: add JAX autocurriculum forage env
2da22a2	2da22a20857eca641a02dc007db2cbd0596ec7f5	2026-06-18T11:16:28-03:00	autocurriculum-exploration-baselines	M	.	src/ant_byte_env/training/jax_mappo/cli.py	feat: add JAX autocurriculum forage env
2da22a2	2da22a20857eca641a02dc007db2cbd0596ec7f5	2026-06-18T11:16:28-03:00	autocurriculum-exploration-baselines	M	.	src/ant_byte_env/training/jax_mappo/core.py	feat: add JAX autocurriculum forage env
2da22a2	2da22a20857eca641a02dc007db2cbd0596ec7f5	2026-06-18T11:16:28-03:00	autocurriculum-exploration-baselines	M	.	src/ant_byte_env/training/jax_mappo/curriculum.py	feat: add JAX autocurriculum forage env
2da22a2	2da22a20857eca641a02dc007db2cbd0596ec7f5	2026-06-18T11:16:28-03:00	autocurriculum-exploration-baselines	M	.	src/ant_byte_env/training/jax_mappo/evaluation.py	feat: add JAX autocurriculum forage env
2da22a2	2da22a20857eca641a02dc007db2cbd0596ec7f5	2026-06-18T11:16:28-03:00	autocurriculum-exploration-baselines	M	.	src/ant_byte_env/training/jax_mappo/runner.py	feat: add JAX autocurriculum forage env
2da22a2	2da22a20857eca641a02dc007db2cbd0596ec7f5	2026-06-18T11:16:28-03:00	autocurriculum-exploration-baselines	M	.	tests/test_autocurriculum_env.py	feat: add JAX autocurriculum forage env
2da22a2	2da22a20857eca641a02dc007db2cbd0596ec7f5	2026-06-18T11:16:28-03:00	autocurriculum-exploration-baselines	M	.	tests/test_jax_env.py	feat: add JAX autocurriculum forage env
2da22a2	2da22a20857eca641a02dc007db2cbd0596ec7f5	2026-06-18T11:16:28-03:00	autocurriculum-exploration-baselines	M	.	tests/test_notebook_workflows.py	feat: add JAX autocurriculum forage env
2da22a2	2da22a20857eca641a02dc007db2cbd0596ec7f5	2026-06-18T11:16:28-03:00	autocurriculum-exploration-baselines	M	.	tests/test_notebooks.py	feat: add JAX autocurriculum forage env
2da22a2	2da22a20857eca641a02dc007db2cbd0596ec7f5	2026-06-18T11:16:28-03:00	autocurriculum-exploration-baselines	M	.	tests/test_train_mappo_jax.py	feat: add JAX autocurriculum forage env
13c623e	13c623effbfb4a313294b26a9a686f84bcf93b86	2026-06-18T11:21:54-03:00	autocurriculum-exploration-baselines	M	.	notebooks/train_mappo_autocurriculum.ipynb	feat: expose autocurriculum advance cookies knob
13c623e	13c623effbfb4a313294b26a9a686f84bcf93b86	2026-06-18T11:21:54-03:00	autocurriculum-exploration-baselines	M	.	tests/test_notebooks.py	feat: expose autocurriculum advance cookies knob
3828e65	3828e65d28deeae5aa9074e95db252e7b33bd674	2026-06-18T11:29:23-03:00	autocurriculum-exploration-baselines	M	.	notebooks/train_mappo_autocurriculum.ipynb	feat: log autocurriculum rollout video to wandb
3828e65	3828e65d28deeae5aa9074e95db252e7b33bd674	2026-06-18T11:29:23-03:00	autocurriculum-exploration-baselines	M	.	src/ant_byte_env/notebook_workflows.py	feat: log autocurriculum rollout video to wandb
3828e65	3828e65d28deeae5aa9074e95db252e7b33bd674	2026-06-18T11:29:23-03:00	autocurriculum-exploration-baselines	M	.	tests/test_notebook_workflows.py	feat: log autocurriculum rollout video to wandb
3828e65	3828e65d28deeae5aa9074e95db252e7b33bd674	2026-06-18T11:29:23-03:00	autocurriculum-exploration-baselines	M	.	tests/test_notebooks.py	feat: log autocurriculum rollout video to wandb
f795f2d	f795f2d9d23a6efa29b33bd9f7d32ed841c31824	2026-06-18T11:44:22-03:00	autocurriculum-exploration-baselines	M	.	src/ant_byte_env/autocurriculum_env.py	fix: stabilize autocurriculum rollout frame size
f795f2d	f795f2d9d23a6efa29b33bd9f7d32ed841c31824	2026-06-18T11:44:22-03:00	autocurriculum-exploration-baselines	M	.	tests/test_autocurriculum_env.py	fix: stabilize autocurriculum rollout frame size
336803c	336803c4ec8c1fe32f64af92f61006848181e28c	2026-06-18T12:06:44-03:00	autocurriculum-exploration-baselines	M	.	experiments/autocurriculum.json	perf: throttle jax mappo metric logging
336803c	336803c4ec8c1fe32f64af92f61006848181e28c	2026-06-18T12:06:44-03:00	autocurriculum-exploration-baselines	M	.	src/ant_byte_env/notebook_workflows.py	perf: throttle jax mappo metric logging
336803c	336803c4ec8c1fe32f64af92f61006848181e28c	2026-06-18T12:06:44-03:00	autocurriculum-exploration-baselines	M	.	src/ant_byte_env/training/jax_mappo/cli.py	perf: throttle jax mappo metric logging
336803c	336803c4ec8c1fe32f64af92f61006848181e28c	2026-06-18T12:06:44-03:00	autocurriculum-exploration-baselines	M	.	src/ant_byte_env/training/jax_mappo/runner.py	perf: throttle jax mappo metric logging
336803c	336803c4ec8c1fe32f64af92f61006848181e28c	2026-06-18T12:06:44-03:00	autocurriculum-exploration-baselines	M	.	tests/test_notebook_workflows.py	perf: throttle jax mappo metric logging
336803c	336803c4ec8c1fe32f64af92f61006848181e28c	2026-06-18T12:06:44-03:00	autocurriculum-exploration-baselines	M	.	tests/test_train_mappo_jax.py	perf: throttle jax mappo metric logging
ceaf3ba	ceaf3badf966e7087419c648f42de84c1029d635	2026-06-18T13:51:09-03:00	autocurriculum-exploration-baselines	M	.	src/ant_byte_env/training/jax_mappo/evaluation.py	fix: sample autocurriculum evaluation by default
ceaf3ba	ceaf3badf966e7087419c648f42de84c1029d635	2026-06-18T13:51:09-03:00	autocurriculum-exploration-baselines	M	.	src/ant_byte_env/training/jax_mappo/rollout.py	fix: sample autocurriculum evaluation by default
ceaf3ba	ceaf3badf966e7087419c648f42de84c1029d635	2026-06-18T13:51:09-03:00	autocurriculum-exploration-baselines	M	.	tests/test_train_mappo_jax.py	fix: sample autocurriculum evaluation by default
8b273dd	8b273ddab6fef84aebc7aa11bb1a84d1ff6885fa	2026-06-18T14:37:38-03:00	autocurriculum-exploration-baselines	A	.	autoresearch/autocurriculum_sweep.json	feat: add autocurriculum autoresearch sweep
8b273dd	8b273ddab6fef84aebc7aa11bb1a84d1ff6885fa	2026-06-18T14:37:38-03:00	autocurriculum-exploration-baselines	A	.	src/ant_byte_env/autocurriculum_autoresearch.py	feat: add autocurriculum autoresearch sweep
8b273dd	8b273ddab6fef84aebc7aa11bb1a84d1ff6885fa	2026-06-18T14:37:38-03:00	autocurriculum-exploration-baselines	M	.	src/ant_byte_env/cli.py	feat: add autocurriculum autoresearch sweep
8b273dd	8b273ddab6fef84aebc7aa11bb1a84d1ff6885fa	2026-06-18T14:37:38-03:00	autocurriculum-exploration-baselines	M	.	src/ant_byte_env/training/jax_mappo/cli.py	feat: add autocurriculum autoresearch sweep
8b273dd	8b273ddab6fef84aebc7aa11bb1a84d1ff6885fa	2026-06-18T14:37:38-03:00	autocurriculum-exploration-baselines	M	.	src/ant_byte_env/training/jax_mappo/runner.py	feat: add autocurriculum autoresearch sweep
8b273dd	8b273ddab6fef84aebc7aa11bb1a84d1ff6885fa	2026-06-18T14:37:38-03:00	autocurriculum-exploration-baselines	M	.	src/ant_byte_env/wandb_tracking.py	feat: add autocurriculum autoresearch sweep
8b273dd	8b273ddab6fef84aebc7aa11bb1a84d1ff6885fa	2026-06-18T14:37:38-03:00	autocurriculum-exploration-baselines	M	.	tests/test_research_workflow.py	feat: add autocurriculum autoresearch sweep
8b273dd	8b273ddab6fef84aebc7aa11bb1a84d1ff6885fa	2026-06-18T14:37:38-03:00	autocurriculum-exploration-baselines	M	.	tests/test_train_mappo_jax.py	feat: add autocurriculum autoresearch sweep
8b273dd	8b273ddab6fef84aebc7aa11bb1a84d1ff6885fa	2026-06-18T14:37:38-03:00	autocurriculum-exploration-baselines	M	.	tests/test_wandb_tracking.py	feat: add autocurriculum autoresearch sweep
c6e5a61	c6e5a61449e3ec625d705a3b1b983bb7c3f6a802	2026-06-18T14:44:09-03:00	autocurriculum-exploration-baselines	M	.	autoresearch/autocurriculum_sweep.json	chore: refine autocurriculum reward sweep
c6e5a61	c6e5a61449e3ec625d705a3b1b983bb7c3f6a802	2026-06-18T14:44:09-03:00	autocurriculum-exploration-baselines	M	.	tests/test_research_workflow.py	chore: refine autocurriculum reward sweep
722d130	722d130d13d7fd73b1c3ffd95092922caa81489f	2026-06-18T14:50:35-03:00	autocurriculum-exploration-baselines	M	.	autoresearch/autocurriculum_sweep.json	chore: add autocurriculum no-moving-write probe
722d130	722d130d13d7fd73b1c3ffd95092922caa81489f	2026-06-18T14:50:35-03:00	autocurriculum-exploration-baselines	M	.	tests/test_research_workflow.py	chore: add autocurriculum no-moving-write probe
04fc624	04fc6244f829f701ef7cb9241f837ee9758233fe	2026-06-18T15:00:07-03:00	autocurriculum-exploration-baselines	M	.	autoresearch/autocurriculum_sweep.json	feat: add autocurriculum stage completion reward
04fc624	04fc6244f829f701ef7cb9241f837ee9758233fe	2026-06-18T15:00:07-03:00	autocurriculum-exploration-baselines	M	.	src/ant_byte_env/training/jax_mappo/cli.py	feat: add autocurriculum stage completion reward
04fc624	04fc6244f829f701ef7cb9241f837ee9758233fe	2026-06-18T15:00:07-03:00	autocurriculum-exploration-baselines	M	.	src/ant_byte_env/training/jax_mappo/core.py	feat: add autocurriculum stage completion reward
04fc624	04fc6244f829f701ef7cb9241f837ee9758233fe	2026-06-18T15:00:07-03:00	autocurriculum-exploration-baselines	M	.	src/ant_byte_env/training/jax_mappo/rollout.py	feat: add autocurriculum stage completion reward
04fc624	04fc6244f829f701ef7cb9241f837ee9758233fe	2026-06-18T15:00:07-03:00	autocurriculum-exploration-baselines	M	.	tests/test_research_workflow.py	feat: add autocurriculum stage completion reward
04fc624	04fc6244f829f701ef7cb9241f837ee9758233fe	2026-06-18T15:00:07-03:00	autocurriculum-exploration-baselines	M	.	tests/test_train_mappo_jax.py	feat: add autocurriculum stage completion reward
eb9b976	eb9b976bde720f52077c67603a5a02f209364f57	2026-06-18T15:13:38-03:00	autocurriculum-exploration-baselines	M	.	src/ant_byte_env/autocurriculum_autoresearch.py	feat: support autocurriculum checkpoint continuation
eb9b976	eb9b976bde720f52077c67603a5a02f209364f57	2026-06-18T15:13:38-03:00	autocurriculum-exploration-baselines	M	.	src/ant_byte_env/cli.py	feat: support autocurriculum checkpoint continuation
eb9b976	eb9b976bde720f52077c67603a5a02f209364f57	2026-06-18T15:13:38-03:00	autocurriculum-exploration-baselines	M	.	tests/test_research_workflow.py	feat: support autocurriculum checkpoint continuation
87f4cfd	87f4cfd222d7d819fb7ab7955427efdbc108da57	2026-06-18T15:21:36-03:00	autocurriculum-exploration-baselines	M	.	src/ant_byte_env/autocurriculum_autoresearch.py	fix: report rollout autocurriculum progress
87f4cfd	87f4cfd222d7d819fb7ab7955427efdbc108da57	2026-06-18T15:21:36-03:00	autocurriculum-exploration-baselines	M	.	src/ant_byte_env/training/jax_mappo/core.py	fix: report rollout autocurriculum progress
87f4cfd	87f4cfd222d7d819fb7ab7955427efdbc108da57	2026-06-18T15:21:36-03:00	autocurriculum-exploration-baselines	M	.	src/ant_byte_env/training/jax_mappo/rollout.py	fix: report rollout autocurriculum progress
87f4cfd	87f4cfd222d7d819fb7ab7955427efdbc108da57	2026-06-18T15:21:36-03:00	autocurriculum-exploration-baselines	M	.	src/ant_byte_env/training/jax_mappo/runner.py	fix: report rollout autocurriculum progress
87f4cfd	87f4cfd222d7d819fb7ab7955427efdbc108da57	2026-06-18T15:21:36-03:00	autocurriculum-exploration-baselines	M	.	tests/test_train_mappo_jax.py	fix: report rollout autocurriculum progress
2e7be34	2e7be3408bcecd10e639266bb3e86a67b8addc38	2026-06-18T15:34:54-03:00	autocurriculum-exploration-baselines	M	.	src/ant_byte_env/autocurriculum_autoresearch.py	feat: add autocurriculum memory ablation probes
2e7be34	2e7be3408bcecd10e639266bb3e86a67b8addc38	2026-06-18T15:34:54-03:00	autocurriculum-exploration-baselines	M	.	src/ant_byte_env/cli.py	feat: add autocurriculum memory ablation probes
2e7be34	2e7be3408bcecd10e639266bb3e86a67b8addc38	2026-06-18T15:34:54-03:00	autocurriculum-exploration-baselines	M	.	src/ant_byte_env/training/jax_mappo/core.py	feat: add autocurriculum memory ablation probes
2e7be34	2e7be3408bcecd10e639266bb3e86a67b8addc38	2026-06-18T15:34:54-03:00	autocurriculum-exploration-baselines	M	.	src/ant_byte_env/training/jax_mappo/rollout.py	feat: add autocurriculum memory ablation probes
2e7be34	2e7be3408bcecd10e639266bb3e86a67b8addc38	2026-06-18T15:34:54-03:00	autocurriculum-exploration-baselines	M	.	src/ant_byte_env/training/jax_mappo/runner.py	feat: add autocurriculum memory ablation probes
2e7be34	2e7be3408bcecd10e639266bb3e86a67b8addc38	2026-06-18T15:34:54-03:00	autocurriculum-exploration-baselines	M	.	tests/test_research_workflow.py	feat: add autocurriculum memory ablation probes
2e7be34	2e7be3408bcecd10e639266bb3e86a67b8addc38	2026-06-18T15:34:54-03:00	autocurriculum-exploration-baselines	M	.	tests/test_train_mappo_jax.py	feat: add autocurriculum memory ablation probes
1721a98	1721a985cbdd44c06c613c23efbfeb58425d966d	2026-06-18T15:46:11-03:00	autocurriculum-exploration-baselines	M	.	autoresearch/autocurriculum_sweep.json	feat: add delivery byte-trail reward
1721a98	1721a985cbdd44c06c613c23efbfeb58425d966d	2026-06-18T15:46:11-03:00	autocurriculum-exploration-baselines	M	.	src/ant_byte_env/training/jax_mappo/cli.py	feat: add delivery byte-trail reward
1721a98	1721a985cbdd44c06c613c23efbfeb58425d966d	2026-06-18T15:46:11-03:00	autocurriculum-exploration-baselines	M	.	src/ant_byte_env/training/jax_mappo/core.py	feat: add delivery byte-trail reward
1721a98	1721a985cbdd44c06c613c23efbfeb58425d966d	2026-06-18T15:46:11-03:00	autocurriculum-exploration-baselines	M	.	src/ant_byte_env/training/jax_mappo/rollout.py	feat: add delivery byte-trail reward
1721a98	1721a985cbdd44c06c613c23efbfeb58425d966d	2026-06-18T15:46:11-03:00	autocurriculum-exploration-baselines	M	.	tests/test_research_workflow.py	feat: add delivery byte-trail reward
1721a98	1721a985cbdd44c06c613c23efbfeb58425d966d	2026-06-18T15:46:11-03:00	autocurriculum-exploration-baselines	M	.	tests/test_train_mappo_jax.py	feat: add delivery byte-trail reward
9148050	91480504ed0be2e1f2f6416089a18db1e55f4d3e	2026-06-18T15:58:00-03:00	autocurriculum-exploration-baselines	M	.	autoresearch/autocurriculum_sweep.json	fix: make memory reward sweep stay-only
9148050	91480504ed0be2e1f2f6416089a18db1e55f4d3e	2026-06-18T15:58:00-03:00	autocurriculum-exploration-baselines	M	.	tests/test_research_workflow.py	fix: make memory reward sweep stay-only
08d86d4	08d86d44596ef8b1c2557d305c47497b8fe16bcb	2026-06-18T16:11:38-03:00	autocurriculum-exploration-baselines	M	.	autoresearch/autocurriculum_sweep.json	feat: add byte protocol reward shaping
08d86d4	08d86d44596ef8b1c2557d305c47497b8fe16bcb	2026-06-18T16:11:38-03:00	autocurriculum-exploration-baselines	M	.	src/ant_byte_env/training/jax_mappo/cli.py	feat: add byte protocol reward shaping
08d86d4	08d86d44596ef8b1c2557d305c47497b8fe16bcb	2026-06-18T16:11:38-03:00	autocurriculum-exploration-baselines	M	.	src/ant_byte_env/training/jax_mappo/core.py	feat: add byte protocol reward shaping
08d86d4	08d86d44596ef8b1c2557d305c47497b8fe16bcb	2026-06-18T16:11:38-03:00	autocurriculum-exploration-baselines	M	.	src/ant_byte_env/training/jax_mappo/rollout.py	feat: add byte protocol reward shaping
08d86d4	08d86d44596ef8b1c2557d305c47497b8fe16bcb	2026-06-18T16:11:38-03:00	autocurriculum-exploration-baselines	M	.	tests/test_research_workflow.py	feat: add byte protocol reward shaping
08d86d4	08d86d44596ef8b1c2557d305c47497b8fe16bcb	2026-06-18T16:11:38-03:00	autocurriculum-exploration-baselines	M	.	tests/test_train_mappo_jax.py	feat: add byte protocol reward shaping
2b2c4ae	2b2c4ae693864effdf6d6ac19f6a688684cc7c6f	2026-06-18T16:20:22-03:00	autocurriculum-exploration-baselines	M	.	autoresearch/autocurriculum_sweep.json	feat: add lighter byte protocol sweep
2b2c4ae	2b2c4ae693864effdf6d6ac19f6a688684cc7c6f	2026-06-18T16:20:22-03:00	autocurriculum-exploration-baselines	M	.	tests/test_research_workflow.py	feat: add lighter byte protocol sweep
e81bc43	e81bc434833737f8a1f1f697bc67386985154a98	2026-06-18T16:30:28-03:00	autocurriculum-exploration-baselines	M	.	autoresearch/autocurriculum_sweep.json	feat: add sparse checkpoint memory continuation
e81bc43	e81bc434833737f8a1f1f697bc67386985154a98	2026-06-18T16:30:28-03:00	autocurriculum-exploration-baselines	M	.	tests/test_research_workflow.py	feat: add sparse checkpoint memory continuation
b19cea9	b19cea9e17af5c37ed953ee90a10a3f810fe058d	2026-06-18T16:34:01-03:00	autocurriculum-exploration-baselines	M	.	autoresearch/autocurriculum_sweep.json	feat: add stronger sparse checkpoint continuation
b19cea9	b19cea9e17af5c37ed953ee90a10a3f810fe058d	2026-06-18T16:34:01-03:00	autocurriculum-exploration-baselines	M	.	tests/test_research_workflow.py	feat: add stronger sparse checkpoint continuation
b9f2dbe	b9f2dbe23f9b6b23152bacca7eec661beb318955	2026-06-18T20:16:46-03:00	autocurriculum-exploration-baselines	M	.	experiments/forage_curriculum.json	feat: add scale-aware forage curriculum budget
b9f2dbe	b9f2dbe23f9b6b23152bacca7eec661beb318955	2026-06-18T20:16:46-03:00	autocurriculum-exploration-baselines	M	.	notebooks/train_mappo_curriculum.ipynb	feat: add scale-aware forage curriculum budget
b9f2dbe	b9f2dbe23f9b6b23152bacca7eec661beb318955	2026-06-18T20:16:46-03:00	autocurriculum-exploration-baselines	M	.	src/ant_byte_env/forage_autoresearch.py	feat: add scale-aware forage curriculum budget
b9f2dbe	b9f2dbe23f9b6b23152bacca7eec661beb318955	2026-06-18T20:16:46-03:00	autocurriculum-exploration-baselines	M	.	src/ant_byte_env/notebook_workflows.py	feat: add scale-aware forage curriculum budget
b9f2dbe	b9f2dbe23f9b6b23152bacca7eec661beb318955	2026-06-18T20:16:46-03:00	autocurriculum-exploration-baselines	M	.	tests/test_notebook_workflows.py	feat: add scale-aware forage curriculum budget
b9f2dbe	b9f2dbe23f9b6b23152bacca7eec661beb318955	2026-06-18T20:16:46-03:00	autocurriculum-exploration-baselines	M	.	tests/test_notebooks.py	feat: add scale-aware forage curriculum budget
d9807ba	d9807ba5c35b07ffe64680e40a4e368e0e8316b7	2026-06-18T20:24:02-03:00	communication-memory-bytes	M	.	src/ant_byte_env/wandb_tracking.py	fix: keep wandb cleanup from masking interrupts
d9807ba	d9807ba5c35b07ffe64680e40a4e368e0e8316b7	2026-06-18T20:24:02-03:00	communication-memory-bytes	M	.	tests/test_wandb_tracking.py	fix: keep wandb cleanup from masking interrupts
ef2ea14	ef2ea14fed5ae70d34c01e9c9c8c05bc252af39b	2026-06-18T21:50:34-03:00	communication-memory-bytes	M	.	autoresearch/GOAL.md	feat: replace autoresearch with forage improvement loop
ef2ea14	ef2ea14fed5ae70d34c01e9c9c8c05bc252af39b	2026-06-18T21:50:34-03:00	communication-memory-bytes	M	.	autoresearch/README.md	feat: replace autoresearch with forage improvement loop
ef2ea14	ef2ea14fed5ae70d34c01e9c9c8c05bc252af39b	2026-06-18T21:50:34-03:00	communication-memory-bytes	D	.	autoresearch/autocurriculum_sweep.json	feat: replace autoresearch with forage improvement loop
ef2ea14	ef2ea14fed5ae70d34c01e9c9c8c05bc252af39b	2026-06-18T21:50:34-03:00	communication-memory-bytes	D	.	autoresearch/communication_consolidation_sweep.json	feat: replace autoresearch with forage improvement loop
ef2ea14	ef2ea14fed5ae70d34c01e9c9c8c05bc252af39b	2026-06-18T21:50:34-03:00	communication-memory-bytes	D	.	autoresearch/communication_sweep.json	feat: replace autoresearch with forage improvement loop
ef2ea14	ef2ea14fed5ae70d34c01e9c9c8c05bc252af39b	2026-06-18T21:50:34-03:00	communication-memory-bytes	D	.	autoresearch/forage_50x50_sweep.json	feat: replace autoresearch with forage improvement loop
ef2ea14	ef2ea14fed5ae70d34c01e9c9c8c05bc252af39b	2026-06-18T21:50:34-03:00	communication-memory-bytes	D	.	autoresearch/ideas/000-communication-bits.md	feat: replace autoresearch with forage improvement loop
ef2ea14	ef2ea14fed5ae70d34c01e9c9c8c05bc252af39b	2026-06-18T21:50:34-03:00	communication-memory-bytes	D	.	autoresearch/ideas/001-communication-consolidation.md	feat: replace autoresearch with forage improvement loop
ef2ea14	ef2ea14fed5ae70d34c01e9c9c8c05bc252af39b	2026-06-18T21:50:34-03:00	communication-memory-bytes	D	.	autoresearch/ideas/002-communication-consolidation-duration.md	feat: replace autoresearch with forage improvement loop
ef2ea14	ef2ea14fed5ae70d34c01e9c9c8c05bc252af39b	2026-06-18T21:50:34-03:00	communication-memory-bytes	D	.	autoresearch/ideas/003-long-consolidation-replication.md	feat: replace autoresearch with forage improvement loop
ef2ea14	ef2ea14fed5ae70d34c01e9c9c8c05bc252af39b	2026-06-18T21:50:34-03:00	communication-memory-bytes	D	.	autoresearch/ideas/004-communication-forage-polish.md	feat: replace autoresearch with forage improvement loop
ef2ea14	ef2ea14fed5ae70d34c01e9c9c8c05bc252af39b	2026-06-18T21:50:34-03:00	communication-memory-bytes	D	.	autoresearch/ideas/005-promoted-validation-plan.md	feat: replace autoresearch with forage improvement loop
ef2ea14	ef2ea14fed5ae70d34c01e9c9c8c05bc252af39b	2026-06-18T21:50:34-03:00	communication-memory-bytes	D	.	autoresearch/ideas/006-promoted-validation-pv1.md	feat: replace autoresearch with forage improvement loop
ef2ea14	ef2ea14fed5ae70d34c01e9c9c8c05bc252af39b	2026-06-18T21:50:34-03:00	communication-memory-bytes	D	.	autoresearch/ideas/007-promoted-validation-pv2.md	feat: replace autoresearch with forage improvement loop
ef2ea14	ef2ea14fed5ae70d34c01e9c9c8c05bc252af39b	2026-06-18T21:50:34-03:00	communication-memory-bytes	D	.	autoresearch/ideas/008-promoted-validation-aggregate.md	feat: replace autoresearch with forage improvement loop
ef2ea14	ef2ea14fed5ae70d34c01e9c9c8c05bc252af39b	2026-06-18T21:50:34-03:00	communication-memory-bytes	D	.	autoresearch/ideas/009-polish-length-pl0.md	feat: replace autoresearch with forage improvement loop
ef2ea14	ef2ea14fed5ae70d34c01e9c9c8c05bc252af39b	2026-06-18T21:50:34-03:00	communication-memory-bytes	D	.	autoresearch/ideas/010-polish-length-pl1.md	feat: replace autoresearch with forage improvement loop
ef2ea14	ef2ea14fed5ae70d34c01e9c9c8c05bc252af39b	2026-06-18T21:50:34-03:00	communication-memory-bytes	D	.	autoresearch/ideas/011-short-polish-replication.md	feat: replace autoresearch with forage improvement loop
ef2ea14	ef2ea14fed5ae70d34c01e9c9c8c05bc252af39b	2026-06-18T21:50:34-03:00	communication-memory-bytes	D	.	autoresearch/ideas/012-pv3-short-polish-seed-sweep.md	feat: replace autoresearch with forage improvement loop
ef2ea14	ef2ea14fed5ae70d34c01e9c9c8c05bc252af39b	2026-06-18T21:50:34-03:00	communication-memory-bytes	D	.	autoresearch/ideas/013-fixed-seed-805-cross-source.md	feat: replace autoresearch with forage improvement loop
ef2ea14	ef2ea14fed5ae70d34c01e9c9c8c05bc252af39b	2026-06-18T21:50:34-03:00	communication-memory-bytes	D	.	autoresearch/ideas/014-pv2-polish-seed-sweep.md	feat: replace autoresearch with forage improvement loop
ef2ea14	ef2ea14fed5ae70d34c01e9c9c8c05bc252af39b	2026-06-18T21:50:34-03:00	communication-memory-bytes	D	.	autoresearch/ideas/015-polish-gate-comparison.md	feat: replace autoresearch with forage improvement loop
ef2ea14	ef2ea14fed5ae70d34c01e9c9c8c05bc252af39b	2026-06-18T21:50:34-03:00	communication-memory-bytes	D	.	autoresearch/ideas/016-pv1-polish-seed-gate.md	feat: replace autoresearch with forage improvement loop
ef2ea14	ef2ea14fed5ae70d34c01e9c9c8c05bc252af39b	2026-06-18T21:50:34-03:00	communication-memory-bytes	D	.	autoresearch/ideas/017-gate-ranking-helper.md	feat: replace autoresearch with forage improvement loop
ef2ea14	ef2ea14fed5ae70d34c01e9c9c8c05bc252af39b	2026-06-18T21:50:34-03:00	communication-memory-bytes	D	.	autoresearch/ideas/018-polish-refine.md	feat: replace autoresearch with forage improvement loop
ef2ea14	ef2ea14fed5ae70d34c01e9c9c8c05bc252af39b	2026-06-18T21:50:34-03:00	communication-memory-bytes	D	.	autoresearch/ideas/019-weak-source-refine.md	feat: replace autoresearch with forage improvement loop
ef2ea14	ef2ea14fed5ae70d34c01e9c9c8c05bc252af39b	2026-06-18T21:50:34-03:00	communication-memory-bytes	D	.	autoresearch/ideas/020-eval4-vs-eval16-gate.md	feat: replace autoresearch with forage improvement loop
ef2ea14	ef2ea14fed5ae70d34c01e9c9c8c05bc252af39b	2026-06-18T21:50:34-03:00	communication-memory-bytes	D	.	autoresearch/ideas/020-forage-50x50-r1-live.md	feat: replace autoresearch with forage improvement loop
ef2ea14	ef2ea14fed5ae70d34c01e9c9c8c05bc252af39b	2026-06-18T21:50:34-03:00	communication-memory-bytes	D	.	autoresearch/ideas/021-forage-50x50-h1-horizon.md	feat: replace autoresearch with forage improvement loop
ef2ea14	ef2ea14fed5ae70d34c01e9c9c8c05bc252af39b	2026-06-18T21:50:34-03:00	communication-memory-bytes	D	.	autoresearch/ideas/022-forage-50x50-m1-memory.md	feat: replace autoresearch with forage improvement loop
ef2ea14	ef2ea14fed5ae70d34c01e9c9c8c05bc252af39b	2026-06-18T21:50:34-03:00	communication-memory-bytes	D	.	autoresearch/ideas/023-forage-50x50-m2-footprint.md	feat: replace autoresearch with forage improvement loop
ef2ea14	ef2ea14fed5ae70d34c01e9c9c8c05bc252af39b	2026-06-18T21:50:34-03:00	communication-memory-bytes	D	.	autoresearch/ideas/024-forage-50x50-m3-write-noise.md	feat: replace autoresearch with forage improvement loop
ef2ea14	ef2ea14fed5ae70d34c01e9c9c8c05bc252af39b	2026-06-18T21:50:34-03:00	communication-memory-bytes	A	.	autoresearch/loop.json	feat: replace autoresearch with forage improvement loop
ef2ea14	ef2ea14fed5ae70d34c01e9c9c8c05bc252af39b	2026-06-18T21:50:34-03:00	communication-memory-bytes	D	.	autoresearch/protocol.md	feat: replace autoresearch with forage improvement loop
ef2ea14	ef2ea14fed5ae70d34c01e9c9c8c05bc252af39b	2026-06-18T21:50:34-03:00	communication-memory-bytes	M	.	autoresearch/templates/experiment.md	feat: replace autoresearch with forage improvement loop
ef2ea14	ef2ea14fed5ae70d34c01e9c9c8c05bc252af39b	2026-06-18T21:50:34-03:00	communication-memory-bytes	M	.	src/ant_byte_env/cli.py	feat: replace autoresearch with forage improvement loop
ef2ea14	ef2ea14fed5ae70d34c01e9c9c8c05bc252af39b	2026-06-18T21:50:34-03:00	communication-memory-bytes	M	.	src/ant_byte_env/notebook_workflows.py	feat: replace autoresearch with forage improvement loop
ef2ea14	ef2ea14fed5ae70d34c01e9c9c8c05bc252af39b	2026-06-18T21:50:34-03:00	communication-memory-bytes	A	.	src/ant_byte_env/research_loop.py	feat: replace autoresearch with forage improvement loop
ef2ea14	ef2ea14fed5ae70d34c01e9c9c8c05bc252af39b	2026-06-18T21:50:34-03:00	communication-memory-bytes	M	.	src/ant_byte_env/training/jax_mappo/cli.py	feat: replace autoresearch with forage improvement loop
ef2ea14	ef2ea14fed5ae70d34c01e9c9c8c05bc252af39b	2026-06-18T21:50:34-03:00	communication-memory-bytes	M	.	tests/test_research_workflow.py	feat: replace autoresearch with forage improvement loop
7aca89e	7aca89e86095216bd803a30b55c22b5e85f9b4f8	2026-06-18T23:15:05-03:00	autocurriculum-exploration-baselines	M	.	autoresearch/GOAL.md	feat: add unified forage autoresearch loop
7aca89e	7aca89e86095216bd803a30b55c22b5e85f9b4f8	2026-06-18T23:15:05-03:00	autocurriculum-exploration-baselines	M	.	autoresearch/README.md	feat: add unified forage autoresearch loop
7aca89e	7aca89e86095216bd803a30b55c22b5e85f9b4f8	2026-06-18T23:15:05-03:00	autocurriculum-exploration-baselines	M	.	autoresearch/loop.json	feat: add unified forage autoresearch loop
7aca89e	7aca89e86095216bd803a30b55c22b5e85f9b4f8	2026-06-18T23:15:05-03:00	autocurriculum-exploration-baselines	M	.	autoresearch/templates/experiment.md	feat: add unified forage autoresearch loop
7aca89e	7aca89e86095216bd803a30b55c22b5e85f9b4f8	2026-06-18T23:15:05-03:00	autocurriculum-exploration-baselines	D	.	src/ant_byte_env/autocurriculum_autoresearch.py	feat: add unified forage autoresearch loop
7aca89e	7aca89e86095216bd803a30b55c22b5e85f9b4f8	2026-06-18T23:15:05-03:00	autocurriculum-exploration-baselines	M	.	src/ant_byte_env/autoresearch.py	feat: add unified forage autoresearch loop
7aca89e	7aca89e86095216bd803a30b55c22b5e85f9b4f8	2026-06-18T23:15:05-03:00	autocurriculum-exploration-baselines	M	.	src/ant_byte_env/cli.py	feat: add unified forage autoresearch loop
7aca89e	7aca89e86095216bd803a30b55c22b5e85f9b4f8	2026-06-18T23:15:05-03:00	autocurriculum-exploration-baselines	D	.	src/ant_byte_env/forage_autoresearch.py	feat: add unified forage autoresearch loop
7aca89e	7aca89e86095216bd803a30b55c22b5e85f9b4f8	2026-06-18T23:15:05-03:00	autocurriculum-exploration-baselines	M	.	src/ant_byte_env/research_loop.py	feat: add unified forage autoresearch loop
7aca89e	7aca89e86095216bd803a30b55c22b5e85f9b4f8	2026-06-18T23:15:05-03:00	autocurriculum-exploration-baselines	M	.	tests/test_research_workflow.py	feat: add unified forage autoresearch loop
07fa899	07fa89916f0ad92135c56ddda77eaea3b43076a9	2026-06-18T23:30:56-03:00	communication-memory-bytes	M	.	src/ant_byte_env/training/jax_mappo/evaluation.py	perf: jit jax checkpoint evaluation
803dad3	803dad31ac71f91ec2a589888e4b1f9f4d70e263	2026-06-18T23:33:16-03:00	ant-count-25x25-autoresearch	M	.	autoresearch/loop.json	feat: add second-wave distance research candidates
803dad3	803dad31ac71f91ec2a589888e4b1f9f4d70e263	2026-06-18T23:33:16-03:00	ant-count-25x25-autoresearch	M	.	tests/test_research_workflow.py	feat: add second-wave distance research candidates
a5fae7a	a5fae7afa8d677acb6ecef2bb3cb63a0a5245c8f	2026-06-18T23:59:43-03:00	ant-count-25x25-autoresearch	M	.	autoresearch/loop.json	feat: add policy sharpening research candidate
a5fae7a	a5fae7afa8d677acb6ecef2bb3cb63a0a5245c8f	2026-06-18T23:59:43-03:00	ant-count-25x25-autoresearch	M	.	tests/test_research_workflow.py	feat: add policy sharpening research candidate
ed50fce	ed50fcea3eed3d0e1280b84efd6a5f5a15da569d	2026-06-19T00:19:15-03:00	ant-count-25x25-autoresearch	M	.	autoresearch/loop.json	feat: add balanced entropy research candidate
ed50fce	ed50fcea3eed3d0e1280b84efd6a5f5a15da569d	2026-06-19T00:19:15-03:00	ant-count-25x25-autoresearch	M	.	tests/test_research_workflow.py	feat: add balanced entropy research candidate
c5d8caa	c5d8caa99766bf4001093c0edf3d9bd3f47a0a82	2026-06-19T00:35:49-03:00	ant-count-25x25-autoresearch	M	.	autoresearch/loop.json	feat: add fine-ladder sharp policy candidate
c5d8caa	c5d8caa99766bf4001093c0edf3d9bd3f47a0a82	2026-06-19T00:35:49-03:00	ant-count-25x25-autoresearch	M	.	tests/test_research_workflow.py	feat: add fine-ladder sharp policy candidate
2af85e0	2af85e0bff9133bf1e2d4f2e4d850d8ed10bae24	2026-06-19T00:54:18-03:00	ant-count-25x25-autoresearch	M	.	autoresearch/loop.json	feat: add warm-start distillation research candidate
2af85e0	2af85e0bff9133bf1e2d4f2e4d850d8ed10bae24	2026-06-19T00:54:18-03:00	ant-count-25x25-autoresearch	M	.	src/ant_byte_env/notebook_workflows.py	feat: add warm-start distillation research candidate
2af85e0	2af85e0bff9133bf1e2d4f2e4d850d8ed10bae24	2026-06-19T00:54:18-03:00	ant-count-25x25-autoresearch	M	.	src/ant_byte_env/research_loop.py	feat: add warm-start distillation research candidate
2af85e0	2af85e0bff9133bf1e2d4f2e4d850d8ed10bae24	2026-06-19T00:54:18-03:00	ant-count-25x25-autoresearch	M	.	tests/test_research_workflow.py	feat: add warm-start distillation research candidate
9c59a7d	9c59a7d0446c9b318805880f8bdc07802360df8f	2026-06-19T01:01:16-03:00	ant-count-25x25-autoresearch	M	.	autoresearch/loop.json	feat: add deterministic rollout tuning experiment
9c59a7d	9c59a7d0446c9b318805880f8bdc07802360df8f	2026-06-19T01:01:16-03:00	ant-count-25x25-autoresearch	M	.	src/ant_byte_env/training/jax_mappo/cli.py	feat: add deterministic rollout tuning experiment
9c59a7d	9c59a7d0446c9b318805880f8bdc07802360df8f	2026-06-19T01:01:16-03:00	ant-count-25x25-autoresearch	M	.	src/ant_byte_env/training/jax_mappo/rollout.py	feat: add deterministic rollout tuning experiment
9c59a7d	9c59a7d0446c9b318805880f8bdc07802360df8f	2026-06-19T01:01:16-03:00	ant-count-25x25-autoresearch	M	.	tests/test_research_workflow.py	feat: add deterministic rollout tuning experiment
6b87d0b	6b87d0b1f9ed35f985092e14126e72c9601667a3	2026-06-19T01:10:24-03:00	ant-count-25x25-autoresearch	M	.	autoresearch/loop.json	feat: add mixed rollout tuning experiment
6b87d0b	6b87d0b1f9ed35f985092e14126e72c9601667a3	2026-06-19T01:10:24-03:00	ant-count-25x25-autoresearch	M	.	src/ant_byte_env/training/jax_mappo/cli.py	feat: add mixed rollout tuning experiment
6b87d0b	6b87d0b1f9ed35f985092e14126e72c9601667a3	2026-06-19T01:10:24-03:00	ant-count-25x25-autoresearch	M	.	src/ant_byte_env/training/jax_mappo/rollout.py	feat: add mixed rollout tuning experiment
6b87d0b	6b87d0b1f9ed35f985092e14126e72c9601667a3	2026-06-19T01:10:24-03:00	ant-count-25x25-autoresearch	M	.	tests/test_research_workflow.py	feat: add mixed rollout tuning experiment
6b87d0b	6b87d0b1f9ed35f985092e14126e72c9601667a3	2026-06-19T01:10:24-03:00	ant-count-25x25-autoresearch	M	.	tests/test_train_mappo_jax.py	feat: add mixed rollout tuning experiment
e9a84ac	e9a84ac7bf52ca62daba3f09961431dfc6ac951d	2026-06-19T01:17:38-03:00	ant-count-25x25-autoresearch	M	.	autoresearch/loop.json	feat: add write ablation research candidate
e9a84ac	e9a84ac7bf52ca62daba3f09961431dfc6ac951d	2026-06-19T01:17:38-03:00	ant-count-25x25-autoresearch	M	.	src/ant_byte_env/training/jax_mappo/cli.py	feat: add write ablation research candidate
e9a84ac	e9a84ac7bf52ca62daba3f09961431dfc6ac951d	2026-06-19T01:17:38-03:00	ant-count-25x25-autoresearch	M	.	src/ant_byte_env/training/jax_mappo/evaluation.py	feat: add write ablation research candidate
e9a84ac	e9a84ac7bf52ca62daba3f09961431dfc6ac951d	2026-06-19T01:17:38-03:00	ant-count-25x25-autoresearch	M	.	tests/test_research_workflow.py	feat: add write ablation research candidate
e9a84ac	e9a84ac7bf52ca62daba3f09961431dfc6ac951d	2026-06-19T01:17:38-03:00	ant-count-25x25-autoresearch	M	.	tests/test_train_mappo_jax.py	feat: add write ablation research candidate
813ae1c	813ae1c97cbf785ddf0e4ec151d3e569dcd93696	2026-06-19T01:21:17-03:00	ant-count-25x25-autoresearch	M	.	autoresearch/loop.json	feat: add near-cookie distribution candidate
813ae1c	813ae1c97cbf785ddf0e4ec151d3e569dcd93696	2026-06-19T01:21:17-03:00	ant-count-25x25-autoresearch	M	.	tests/test_research_workflow.py	feat: add near-cookie distribution candidate
1de917b	1de917b1e81fc30abe595b70c023148bd33cc5cc	2026-06-19T01:24:45-03:00	ant-count-25x25-autoresearch	M	.	autoresearch/loop.json	feat: add long-credit tuning candidate
1de917b	1de917b1e81fc30abe595b70c023148bd33cc5cc	2026-06-19T01:24:45-03:00	ant-count-25x25-autoresearch	M	.	tests/test_research_workflow.py	feat: add long-credit tuning candidate
04e84bc	04e84bc7e2c91c5882e5021393a2a182f59d5d11	2026-06-19T01:32:58-03:00	ant-count-25x25-autoresearch	M	.	autoresearch/loop.json	feat: add gentle greedy mode alignment experiment
04e84bc	04e84bc7e2c91c5882e5021393a2a182f59d5d11	2026-06-19T01:32:58-03:00	ant-count-25x25-autoresearch	M	.	tests/test_research_workflow.py	feat: add gentle greedy mode alignment experiment
7578854	7578854ba4f77802d437c0115c6965b9788ab05e	2026-06-19T01:39:42-03:00	ant-count-25x25-autoresearch	M	.	autoresearch/loop.json	test: strengthen autoresearch evaluation gate
7578854	7578854ba4f77802d437c0115c6965b9788ab05e	2026-06-19T01:39:42-03:00	ant-count-25x25-autoresearch	M	.	tests/test_research_workflow.py	test: strengthen autoresearch evaluation gate
6d6dbfc	6d6dbfc33b5f04d3cc8b27da42c0988d2a457638	2026-06-19T01:40:25-03:00	ant-count-25x25-autoresearch	M	.	autoresearch/loop.json	feat: add entropy penalty mode alignment experiment
6d6dbfc	6d6dbfc33b5f04d3cc8b27da42c0988d2a457638	2026-06-19T01:40:25-03:00	ant-count-25x25-autoresearch	M	.	tests/test_research_workflow.py	feat: add entropy penalty mode alignment experiment
1703dbd	1703dbdb772f5f8a96c819ea1537e4ab011bac90	2026-06-19T01:48:48-03:00	ant-count-25x25-autoresearch	M	.	autoresearch/loop.json	feat: add stable sharp curriculum experiment
1703dbd	1703dbdb772f5f8a96c819ea1537e4ab011bac90	2026-06-19T01:48:48-03:00	ant-count-25x25-autoresearch	M	.	tests/test_research_workflow.py	feat: add stable sharp curriculum experiment
6258ea0	6258ea08e2b5febd840feb1b15b91efc744ca231	2026-06-19T02:06:07-03:00	ant-count-25x25-autoresearch	M	.	autoresearch/loop.json	feat: add sharp radius-two vision experiment
6258ea0	6258ea08e2b5febd840feb1b15b91efc744ca231	2026-06-19T02:06:07-03:00	ant-count-25x25-autoresearch	M	.	tests/test_research_workflow.py	feat: add sharp radius-two vision experiment
e835984	e835984bcc8c28fff73b16a4f51640f1a2b53a3c	2026-06-19T02:27:27-03:00	ant-count-25x25-autoresearch	M	.	autoresearch/loop.json	feat: add movement-only greedy rollout tuning
e835984	e835984bcc8c28fff73b16a4f51640f1a2b53a3c	2026-06-19T02:27:27-03:00	ant-count-25x25-autoresearch	M	.	src/ant_byte_env/training/jax_mappo/cli.py	feat: add movement-only greedy rollout tuning
e835984	e835984bcc8c28fff73b16a4f51640f1a2b53a3c	2026-06-19T02:27:27-03:00	ant-count-25x25-autoresearch	M	.	src/ant_byte_env/training/jax_mappo/rollout.py	feat: add movement-only greedy rollout tuning
e835984	e835984bcc8c28fff73b16a4f51640f1a2b53a3c	2026-06-19T02:27:27-03:00	ant-count-25x25-autoresearch	M	.	tests/test_research_workflow.py	feat: add movement-only greedy rollout tuning
e835984	e835984bcc8c28fff73b16a4f51640f1a2b53a3c	2026-06-19T02:27:27-03:00	ant-count-25x25-autoresearch	M	.	tests/test_train_mappo_jax.py	feat: add movement-only greedy rollout tuning
38ad579	38ad579b17c44a71f73c43acdf6dea7de1bff641	2026-06-19T02:30:43-03:00	ant-count-25x25-autoresearch	M	.	autoresearch/loop.json	feat: add sharp seed replication experiment
38ad579	38ad579b17c44a71f73c43acdf6dea7de1bff641	2026-06-19T02:30:43-03:00	ant-count-25x25-autoresearch	M	.	tests/test_research_workflow.py	feat: add sharp seed replication experiment
da2b776	da2b776b5a3e37cbfea166c07233fef3f406b129	2026-06-19T02:50:56-03:00	ant-count-25x25-autoresearch	M	.	autoresearch/loop.json	feat: add hybrid policy evaluation mode
da2b776	da2b776b5a3e37cbfea166c07233fef3f406b129	2026-06-19T02:50:56-03:00	ant-count-25x25-autoresearch	M	.	src/ant_byte_env/research_loop.py	feat: add hybrid policy evaluation mode
da2b776	da2b776b5a3e37cbfea166c07233fef3f406b129	2026-06-19T02:50:56-03:00	ant-count-25x25-autoresearch	M	.	src/ant_byte_env/training/jax_mappo/evaluation.py	feat: add hybrid policy evaluation mode
da2b776	da2b776b5a3e37cbfea166c07233fef3f406b129	2026-06-19T02:50:56-03:00	ant-count-25x25-autoresearch	M	.	tests/test_research_workflow.py	feat: add hybrid policy evaluation mode
da2b776	da2b776b5a3e37cbfea166c07233fef3f406b129	2026-06-19T02:50:56-03:00	ant-count-25x25-autoresearch	M	.	tests/test_train_mappo_jax.py	feat: add hybrid policy evaluation mode
fbfe750	fbfe750482fe027dc033b983211e9e632a6b4021	2026-06-19T02:56:10-03:00	ant-count-25x25-autoresearch	M	.	autoresearch/loop.json	feat: add movement temperature policy experiment
fbfe750	fbfe750482fe027dc033b983211e9e632a6b4021	2026-06-19T02:56:10-03:00	ant-count-25x25-autoresearch	M	.	src/ant_byte_env/research_loop.py	feat: add movement temperature policy experiment
fbfe750	fbfe750482fe027dc033b983211e9e632a6b4021	2026-06-19T02:56:10-03:00	ant-count-25x25-autoresearch	M	.	src/ant_byte_env/training/jax_mappo/evaluation.py	feat: add movement temperature policy experiment
fbfe750	fbfe750482fe027dc033b983211e9e632a6b4021	2026-06-19T02:56:10-03:00	ant-count-25x25-autoresearch	M	.	tests/test_research_workflow.py	feat: add movement temperature policy experiment
fbfe750	fbfe750482fe027dc033b983211e9e632a6b4021	2026-06-19T02:56:10-03:00	ant-count-25x25-autoresearch	M	.	tests/test_train_mappo_jax.py	feat: add movement temperature policy experiment
cb0700c	cb0700ca2adc334265dddfd48823d28142f28395	2026-06-19T02:59:51-03:00	ant-count-25x25-autoresearch	M	.	autoresearch/loop.json	feat: add paired movement temperature sweep
cb0700c	cb0700ca2adc334265dddfd48823d28142f28395	2026-06-19T02:59:51-03:00	ant-count-25x25-autoresearch	M	.	tests/test_research_workflow.py	feat: add paired movement temperature sweep
c114530	c1145300d857baaee05659da63d8e8c829b66e2f	2026-06-19T03:05:16-03:00	ant-count-25x25-autoresearch	M	.	autoresearch/loop.json	feat: add t125 policy confirmation gate
c114530	c1145300d857baaee05659da63d8e8c829b66e2f	2026-06-19T03:05:16-03:00	ant-count-25x25-autoresearch	M	.	tests/test_research_workflow.py	feat: add t125 policy confirmation gate
5857aed	5857aed85db9472592f91bfb2da97beedb5205ad	2026-06-19T03:11:06-03:00	ant-count-25x25-autoresearch	M	.	autoresearch/loop.json	feat: add robust temperature confirmation grid
5857aed	5857aed85db9472592f91bfb2da97beedb5205ad	2026-06-19T03:11:06-03:00	ant-count-25x25-autoresearch	M	.	tests/test_research_workflow.py	feat: add robust temperature confirmation grid
18c6fc8	18c6fc87952ff17751347d9354641ccfb22e2d2a	2026-06-19T03:20:28-03:00	ant-count-25x25-autoresearch	M	.	autoresearch/loop.json	feat: add high movement temperature sweep
18c6fc8	18c6fc87952ff17751347d9354641ccfb22e2d2a	2026-06-19T03:20:28-03:00	ant-count-25x25-autoresearch	M	.	tests/test_research_workflow.py	feat: add high movement temperature sweep
db41bc5	db41bc58a60ee32257ffe94a90114b309490ddcd	2026-06-19T03:28:09-03:00	ant-count-25x25-autoresearch	M	.	autoresearch/loop.json	feat: add top-three temperature confirmation
db41bc5	db41bc58a60ee32257ffe94a90114b309490ddcd	2026-06-19T03:28:09-03:00	ant-count-25x25-autoresearch	M	.	tests/test_research_workflow.py	feat: add top-three temperature confirmation
182684c	182684ce78356199cf0821385fcab00e2c910e97	2026-06-19T08:22:29-03:00	ant-count-25x25-autoresearch	M	.	autoresearch/loop.json	feat: add speed-focused forage experiments
182684c	182684ce78356199cf0821385fcab00e2c910e97	2026-06-19T08:22:29-03:00	ant-count-25x25-autoresearch	M	.	src/ant_byte_env/research_loop.py	feat: add speed-focused forage experiments
182684c	182684ce78356199cf0821385fcab00e2c910e97	2026-06-19T08:22:29-03:00	ant-count-25x25-autoresearch	M	.	src/ant_byte_env/training/jax_mappo/evaluation.py	feat: add speed-focused forage experiments
182684c	182684ce78356199cf0821385fcab00e2c910e97	2026-06-19T08:22:29-03:00	ant-count-25x25-autoresearch	M	.	src/ant_byte_env/training/jax_mappo/transfer.py	feat: add speed-focused forage experiments
182684c	182684ce78356199cf0821385fcab00e2c910e97	2026-06-19T08:22:29-03:00	ant-count-25x25-autoresearch	M	.	tests/test_research_workflow.py	feat: add speed-focused forage experiments
182684c	182684ce78356199cf0821385fcab00e2c910e97	2026-06-19T08:22:29-03:00	ant-count-25x25-autoresearch	M	.	tests/test_train_mappo_jax.py	feat: add speed-focused forage experiments
08ecb10	08ecb106c3c744cb5d0d4449584b9ca21476a66d	2026-06-19T08:30:21-03:00	ant-count-25x25-autoresearch	M	.	autoresearch/loop.json	feat: add horizon-ramp speed candidates
08ecb10	08ecb106c3c744cb5d0d4449584b9ca21476a66d	2026-06-19T08:30:21-03:00	ant-count-25x25-autoresearch	M	.	src/ant_byte_env/research_loop.py	feat: add horizon-ramp speed candidates
08ecb10	08ecb106c3c744cb5d0d4449584b9ca21476a66d	2026-06-19T08:30:21-03:00	ant-count-25x25-autoresearch	M	.	tests/test_research_workflow.py	feat: add horizon-ramp speed candidates
0abd6ba	0abd6bad715151c301e16d8069e028534cd68a22	2026-06-19T08:36:37-03:00	ant-count-25x25-autoresearch	M	.	autoresearch/loop.json	feat: add speed checkpoint temperature sweep
0abd6ba	0abd6bad715151c301e16d8069e028534cd68a22	2026-06-19T08:36:37-03:00	ant-count-25x25-autoresearch	M	.	tests/test_research_workflow.py	feat: add speed checkpoint temperature sweep
c2601e3	c2601e3250f319b6d9f74c5ebef25c2090db1010	2026-06-19T08:40:16-03:00	ant-count-25x25-autoresearch	M	.	autoresearch/loop.json	feat: add true four-x speed ramp
c2601e3	c2601e3250f319b6d9f74c5ebef25c2090db1010	2026-06-19T08:40:16-03:00	ant-count-25x25-autoresearch	M	.	tests/test_research_workflow.py	feat: add true four-x speed ramp
467e006	467e0063c30a477f1a3aedf9dbe55aefd9a83331	2026-06-19T08:45:45-03:00	ant-count-25x25-autoresearch	M	.	autoresearch/loop.json	feat: add parallel food-source speed test
467e006	467e0063c30a477f1a3aedf9dbe55aefd9a83331	2026-06-19T08:45:45-03:00	ant-count-25x25-autoresearch	M	.	tests/test_research_workflow.py	feat: add parallel food-source speed test
007428f	007428f92f299f3582440e3abc74bd30e5e03d54	2026-06-19T08:50:32-03:00	ant-count-25x25-autoresearch	M	.	autoresearch/loop.json	feat: add four-x speed polish run
007428f	007428f92f299f3582440e3abc74bd30e5e03d54	2026-06-19T08:50:32-03:00	ant-count-25x25-autoresearch	M	.	tests/test_research_workflow.py	feat: add four-x speed polish run
2557303	2557303151c77ba6d490c8ad75edf3658fa1ab8d	2026-06-19T08:55:02-03:00	ant-count-25x25-autoresearch	M	.	autoresearch/loop.json	feat: add polished speed temperature confirmation
2557303	2557303151c77ba6d490c8ad75edf3658fa1ab8d	2026-06-19T08:55:02-03:00	ant-count-25x25-autoresearch	M	.	tests/test_research_workflow.py	feat: add polished speed temperature confirmation
7ddae93	7ddae93ec4b8f55c5b6f316df0a1a54603b5562b	2026-06-19T08:58:21-03:00	ant-count-25x25-autoresearch	M	.	autoresearch/loop.json	feat: add final low-penalty speed polish
7ddae93	7ddae93ec4b8f55c5b6f316df0a1a54603b5562b	2026-06-19T08:58:21-03:00	ant-count-25x25-autoresearch	M	.	tests/test_research_workflow.py	feat: add final low-penalty speed polish
06d0a4b	06d0a4be4592796c752cf3bc26cc7ce8edc60508	2026-06-19T09:02:22-03:00	ant-count-25x25-autoresearch	M	.	autoresearch/loop.json	feat: add thirty-two ant speed candidate
06d0a4b	06d0a4be4592796c752cf3bc26cc7ce8edc60508	2026-06-19T09:02:22-03:00	ant-count-25x25-autoresearch	M	.	tests/test_research_workflow.py	feat: add thirty-two ant speed candidate
e9becc1	e9becc1c0730b6b63b08f64d35bcd8cea01d45f1	2026-06-19T09:09:07-03:00	autocurriculum-exploration-baselines	M	.	autoresearch/loop.json	feat: add completion bonus speed polish
e9becc1	e9becc1c0730b6b63b08f64d35bcd8cea01d45f1	2026-06-19T09:09:07-03:00	autocurriculum-exploration-baselines	M	.	src/ant_byte_env/jax_autocurriculum_env.py	feat: add completion bonus speed polish
e9becc1	e9becc1c0730b6b63b08f64d35bcd8cea01d45f1	2026-06-19T09:09:07-03:00	autocurriculum-exploration-baselines	M	.	src/ant_byte_env/jax_env.py	feat: add completion bonus speed polish
e9becc1	e9becc1c0730b6b63b08f64d35bcd8cea01d45f1	2026-06-19T09:09:07-03:00	autocurriculum-exploration-baselines	M	.	src/ant_byte_env/notebook_workflows.py	feat: add completion bonus speed polish
e9becc1	e9becc1c0730b6b63b08f64d35bcd8cea01d45f1	2026-06-19T09:09:07-03:00	autocurriculum-exploration-baselines	M	.	src/ant_byte_env/training/jax_mappo/cli.py	feat: add completion bonus speed polish
e9becc1	e9becc1c0730b6b63b08f64d35bcd8cea01d45f1	2026-06-19T09:09:07-03:00	autocurriculum-exploration-baselines	M	.	src/ant_byte_env/training/jax_mappo/evaluation.py	feat: add completion bonus speed polish
e9becc1	e9becc1c0730b6b63b08f64d35bcd8cea01d45f1	2026-06-19T09:09:07-03:00	autocurriculum-exploration-baselines	M	.	src/ant_byte_env/training/jax_mappo/runner.py	feat: add completion bonus speed polish
e9becc1	e9becc1c0730b6b63b08f64d35bcd8cea01d45f1	2026-06-19T09:09:07-03:00	autocurriculum-exploration-baselines	M	.	tests/test_jax_env.py	feat: add completion bonus speed polish
e9becc1	e9becc1c0730b6b63b08f64d35bcd8cea01d45f1	2026-06-19T09:09:07-03:00	autocurriculum-exploration-baselines	M	.	tests/test_research_workflow.py	feat: add completion bonus speed polish
36b036b	36b036b0e39a1ed5f96925e35afce84086f7e87b	2026-06-19T09:15:39-03:00	ant-count-25x25-autoresearch	M	.	autoresearch/loop.json	feat: add condensed food speed experiments
36b036b	36b036b0e39a1ed5f96925e35afce84086f7e87b	2026-06-19T09:15:39-03:00	ant-count-25x25-autoresearch	M	.	tests/test_research_workflow.py	feat: add condensed food speed experiments
ac2f538	ac2f5385fffb1354181d3c2f248eb49ca28db7d0	2026-06-19T09:32:24-03:00	ant-count-25x25-autoresearch	M	.	autoresearch/loop.json	feat: add wide-source speed experiment
ac2f538	ac2f5385fffb1354181d3c2f248eb49ca28db7d0	2026-06-19T09:32:24-03:00	ant-count-25x25-autoresearch	M	.	tests/test_research_workflow.py	feat: add wide-source speed experiment
5920b87	5920b87730f1877e448b67a6e23c8610b13ef5f8	2026-06-19T09:43:46-03:00	ant-count-25x25-autoresearch	M	.	autoresearch/loop.json	feat: select best speed checkpoints
5920b87	5920b87730f1877e448b67a6e23c8610b13ef5f8	2026-06-19T09:43:46-03:00	ant-count-25x25-autoresearch	M	.	src/ant_byte_env/notebook_workflows.py	feat: select best speed checkpoints
5920b87	5920b87730f1877e448b67a6e23c8610b13ef5f8	2026-06-19T09:43:46-03:00	ant-count-25x25-autoresearch	M	.	src/ant_byte_env/research_loop.py	feat: select best speed checkpoints
5920b87	5920b87730f1877e448b67a6e23c8610b13ef5f8	2026-06-19T09:43:46-03:00	ant-count-25x25-autoresearch	M	.	src/ant_byte_env/training/jax_mappo/cli.py	feat: select best speed checkpoints
5920b87	5920b87730f1877e448b67a6e23c8610b13ef5f8	2026-06-19T09:43:46-03:00	ant-count-25x25-autoresearch	M	.	src/ant_byte_env/training/jax_mappo/runner.py	feat: select best speed checkpoints
5920b87	5920b87730f1877e448b67a6e23c8610b13ef5f8	2026-06-19T09:43:46-03:00	ant-count-25x25-autoresearch	M	.	tests/test_notebook_workflows.py	feat: select best speed checkpoints
5920b87	5920b87730f1877e448b67a6e23c8610b13ef5f8	2026-06-19T09:43:46-03:00	ant-count-25x25-autoresearch	M	.	tests/test_research_workflow.py	feat: select best speed checkpoints
5920b87	5920b87730f1877e448b67a6e23c8610b13ef5f8	2026-06-19T09:43:46-03:00	ant-count-25x25-autoresearch	M	.	tests/test_train_mappo_jax.py	feat: select best speed checkpoints
9387042	9387042d1732071c48e43be624944ecd1b28a357	2026-06-19T09:55:44-03:00	communication-memory-bytes	M	.	src/ant_byte_env/cli.py	feat: render hybrid jax action modes
9387042	9387042d1732071c48e43be624944ecd1b28a357	2026-06-19T09:55:44-03:00	communication-memory-bytes	M	.	src/ant_byte_env/rendering.py	feat: render hybrid jax action modes
9387042	9387042d1732071c48e43be624944ecd1b28a357	2026-06-19T09:55:44-03:00	communication-memory-bytes	M	.	tests/test_render.py	feat: render hybrid jax action modes
849c1ca	849c1caa41bb76cdf794ed7a438db43c3bfb641f	2026-06-19T09:57:30-03:00	ant-count-25x25-autoresearch	M	.	autoresearch/loop.json	feat: add best checkpoint confirmation grid
849c1ca	849c1caa41bb76cdf794ed7a438db43c3bfb641f	2026-06-19T09:57:30-03:00	ant-count-25x25-autoresearch	M	.	tests/test_research_workflow.py	feat: add best checkpoint confirmation grid
0412081	0412081e0fac87285e96d4396e9d2ad5384625d7	2026-06-19T10:03:31-03:00	ant-count-25x25-autoresearch	M	.	autoresearch/loop.json	feat: add checkpoint selection followups
0412081	0412081e0fac87285e96d4396e9d2ad5384625d7	2026-06-19T10:03:31-03:00	ant-count-25x25-autoresearch	M	.	tests/test_research_workflow.py	feat: add checkpoint selection followups
adbcaf8	adbcaf8a070c1165b0452f5db0a48a1e7e7d165a	2026-06-19T10:06:24-03:00	communication-memory-bytes	M	.	src/ant_byte_env/rendering.py	fix: pass hybrid render options through wrapper
adbcaf8	adbcaf8a070c1165b0452f5db0a48a1e7e7d165a	2026-06-19T10:06:24-03:00	communication-memory-bytes	M	.	tests/test_render.py	fix: pass hybrid render options through wrapper
47b4858	47b4858eab36c2a026d202444dec4b76b0058a91	2026-06-19T10:13:36-03:00	ant-count-25x25-autoresearch	M	.	autoresearch/loop.json	feat: add seed2 confirmation grid
47b4858	47b4858eab36c2a026d202444dec4b76b0058a91	2026-06-19T10:13:36-03:00	ant-count-25x25-autoresearch	M	.	tests/test_research_workflow.py	feat: add seed2 confirmation grid
9525145	95251456707adbfc6d3b68379dc8e78bb5ab8d43	2026-06-19T10:27:26-03:00	ant-count-25x25-autoresearch	M	.	autoresearch/loop.json	feat: add completion bonus best select run
9525145	95251456707adbfc6d3b68379dc8e78bb5ab8d43	2026-06-19T10:27:26-03:00	ant-count-25x25-autoresearch	M	.	tests/test_research_workflow.py	feat: add completion bonus best select run
1ff766e	1ff766ee7daa42295ca22b07137993eb8b8f5e18	2026-06-19T10:40:16-03:00	ant-count-25x25-autoresearch	M	.	autoresearch/loop.json	feat: add heldout checkpoint selection
1ff766e	1ff766ee7daa42295ca22b07137993eb8b8f5e18	2026-06-19T10:40:16-03:00	ant-count-25x25-autoresearch	M	.	src/ant_byte_env/notebook_workflows.py	feat: add heldout checkpoint selection
1ff766e	1ff766ee7daa42295ca22b07137993eb8b8f5e18	2026-06-19T10:40:16-03:00	ant-count-25x25-autoresearch	M	.	src/ant_byte_env/training/jax_mappo/cli.py	feat: add heldout checkpoint selection
1ff766e	1ff766ee7daa42295ca22b07137993eb8b8f5e18	2026-06-19T10:40:16-03:00	ant-count-25x25-autoresearch	M	.	src/ant_byte_env/training/jax_mappo/runner.py	feat: add heldout checkpoint selection
1ff766e	1ff766ee7daa42295ca22b07137993eb8b8f5e18	2026-06-19T10:40:16-03:00	ant-count-25x25-autoresearch	M	.	tests/test_notebook_workflows.py	feat: add heldout checkpoint selection
1ff766e	1ff766ee7daa42295ca22b07137993eb8b8f5e18	2026-06-19T10:40:16-03:00	ant-count-25x25-autoresearch	M	.	tests/test_research_workflow.py	feat: add heldout checkpoint selection
1ff766e	1ff766ee7daa42295ca22b07137993eb8b8f5e18	2026-06-19T10:40:16-03:00	ant-count-25x25-autoresearch	M	.	tests/test_train_mappo_jax.py	feat: add heldout checkpoint selection
e811ff9	e811ff9bb7eb77a1b0ab67de200c3a51c69b8c62	2026-06-19T10:54:43-03:00	autocurriculum-exploration-baselines	M	.	autoresearch/loop.json	feat: add random ant spawn rarity curriculum
e811ff9	e811ff9bb7eb77a1b0ab67de200c3a51c69b8c62	2026-06-19T10:54:43-03:00	autocurriculum-exploration-baselines	M	.	src/ant_byte_env/env.py	feat: add random ant spawn rarity curriculum
e811ff9	e811ff9bb7eb77a1b0ab67de200c3a51c69b8c62	2026-06-19T10:54:43-03:00	autocurriculum-exploration-baselines	M	.	src/ant_byte_env/jax_autocurriculum_env.py	feat: add random ant spawn rarity curriculum
e811ff9	e811ff9bb7eb77a1b0ab67de200c3a51c69b8c62	2026-06-19T10:54:43-03:00	autocurriculum-exploration-baselines	M	.	src/ant_byte_env/jax_env.py	feat: add random ant spawn rarity curriculum
e811ff9	e811ff9bb7eb77a1b0ab67de200c3a51c69b8c62	2026-06-19T10:54:43-03:00	autocurriculum-exploration-baselines	M	.	src/ant_byte_env/notebook_workflows.py	feat: add random ant spawn rarity curriculum
e811ff9	e811ff9bb7eb77a1b0ab67de200c3a51c69b8c62	2026-06-19T10:54:43-03:00	autocurriculum-exploration-baselines	M	.	src/ant_byte_env/rendering.py	feat: add random ant spawn rarity curriculum
e811ff9	e811ff9bb7eb77a1b0ab67de200c3a51c69b8c62	2026-06-19T10:54:43-03:00	autocurriculum-exploration-baselines	M	.	src/ant_byte_env/training/jax_mappo/cli.py	feat: add random ant spawn rarity curriculum
e811ff9	e811ff9bb7eb77a1b0ab67de200c3a51c69b8c62	2026-06-19T10:54:43-03:00	autocurriculum-exploration-baselines	M	.	src/ant_byte_env/training/jax_mappo/evaluation.py	feat: add random ant spawn rarity curriculum
e811ff9	e811ff9bb7eb77a1b0ab67de200c3a51c69b8c62	2026-06-19T10:54:43-03:00	autocurriculum-exploration-baselines	M	.	src/ant_byte_env/training/jax_mappo/runner.py	feat: add random ant spawn rarity curriculum
e811ff9	e811ff9bb7eb77a1b0ab67de200c3a51c69b8c62	2026-06-19T10:54:43-03:00	autocurriculum-exploration-baselines	M	.	tests/test_env_api.py	feat: add random ant spawn rarity curriculum
e811ff9	e811ff9bb7eb77a1b0ab67de200c3a51c69b8c62	2026-06-19T10:54:43-03:00	autocurriculum-exploration-baselines	M	.	tests/test_jax_env.py	feat: add random ant spawn rarity curriculum
e811ff9	e811ff9bb7eb77a1b0ab67de200c3a51c69b8c62	2026-06-19T10:54:43-03:00	autocurriculum-exploration-baselines	M	.	tests/test_research_workflow.py	feat: add random ant spawn rarity curriculum
e811ff9	e811ff9bb7eb77a1b0ab67de200c3a51c69b8c62	2026-06-19T10:54:43-03:00	autocurriculum-exploration-baselines	M	.	tests/test_train_mappo_jax.py	feat: add random ant spawn rarity curriculum
1bfe9d9	1bfe9d9ac69a0708f59cfdb66fc7bb2547bb92e3	2026-06-19T11:02:25-03:00	bigmap-deployment-rendering	M	.	autoresearch/loop.json	feat: add rare bigmap vision followup
1bfe9d9	1bfe9d9ac69a0708f59cfdb66fc7bb2547bb92e3	2026-06-19T11:02:25-03:00	bigmap-deployment-rendering	M	.	tests/test_research_workflow.py	feat: add rare bigmap vision followup
85a8894	85a8894b1c48284020aea00aef1d16b593c65cba	2026-06-19T11:07:16-03:00	communication-memory-bytes	M	.	src/ant_byte_env/training/jax_mappo/transfer.py	fix: transfer actor vision radius checkpoints
85a8894	85a8894b1c48284020aea00aef1d16b593c65cba	2026-06-19T11:07:16-03:00	communication-memory-bytes	M	.	tests/test_train_mappo_jax.py	fix: transfer actor vision radius checkpoints
eae6f47	eae6f4796df92cad7b4e0567aa7e4d37c8e08753	2026-06-19T11:22:53-03:00	source-layout-50x50	M	.	autoresearch/loop.json	feat: add actor hub vector rare-map experiment
eae6f47	eae6f4796df92cad7b4e0567aa7e4d37c8e08753	2026-06-19T11:22:53-03:00	source-layout-50x50	M	.	src/ant_byte_env/notebook_workflows.py	feat: add actor hub vector rare-map experiment
eae6f47	eae6f4796df92cad7b4e0567aa7e4d37c8e08753	2026-06-19T11:22:53-03:00	source-layout-50x50	M	.	src/ant_byte_env/rendering.py	feat: add actor hub vector rare-map experiment
eae6f47	eae6f4796df92cad7b4e0567aa7e4d37c8e08753	2026-06-19T11:22:53-03:00	source-layout-50x50	M	.	src/ant_byte_env/training/jax_mappo/cli.py	feat: add actor hub vector rare-map experiment
eae6f47	eae6f4796df92cad7b4e0567aa7e4d37c8e08753	2026-06-19T11:22:53-03:00	source-layout-50x50	M	.	src/ant_byte_env/training/jax_mappo/core.py	feat: add actor hub vector rare-map experiment
eae6f47	eae6f4796df92cad7b4e0567aa7e4d37c8e08753	2026-06-19T11:22:53-03:00	source-layout-50x50	M	.	src/ant_byte_env/training/jax_mappo/evaluation.py	feat: add actor hub vector rare-map experiment
eae6f47	eae6f4796df92cad7b4e0567aa7e4d37c8e08753	2026-06-19T11:22:53-03:00	source-layout-50x50	M	.	src/ant_byte_env/training/jax_mappo/probe.py	feat: add actor hub vector rare-map experiment
eae6f47	eae6f4796df92cad7b4e0567aa7e4d37c8e08753	2026-06-19T11:22:53-03:00	source-layout-50x50	M	.	src/ant_byte_env/training/jax_mappo/rollout.py	feat: add actor hub vector rare-map experiment
eae6f47	eae6f4796df92cad7b4e0567aa7e4d37c8e08753	2026-06-19T11:22:53-03:00	source-layout-50x50	M	.	src/ant_byte_env/training/jax_mappo/runner.py	feat: add actor hub vector rare-map experiment
eae6f47	eae6f4796df92cad7b4e0567aa7e4d37c8e08753	2026-06-19T11:22:53-03:00	source-layout-50x50	M	.	src/ant_byte_env/training/jax_mappo/transfer.py	feat: add actor hub vector rare-map experiment
eae6f47	eae6f4796df92cad7b4e0567aa7e4d37c8e08753	2026-06-19T11:22:53-03:00	source-layout-50x50	M	.	tests/test_research_workflow.py	feat: add actor hub vector rare-map experiment
eae6f47	eae6f4796df92cad7b4e0567aa7e4d37c8e08753	2026-06-19T11:22:53-03:00	source-layout-50x50	M	.	tests/test_train_mappo_jax.py	feat: add actor hub vector rare-map experiment
44feecc	44feeccfc804fe971d1d08887a7ee562e8c96c47	2026-06-19T11:29:31-03:00	source-layout-50x50	M	.	autoresearch/loop.json	feat: add rare-map food scent diagnostic
44feecc	44feeccfc804fe971d1d08887a7ee562e8c96c47	2026-06-19T11:29:31-03:00	source-layout-50x50	M	.	tests/test_research_workflow.py	feat: add rare-map food scent diagnostic
ef45e12	ef45e12ace8fd9676f612e690736cc7504f7cc5f	2026-06-19T11:36:03-03:00	source-layout-50x50	M	.	autoresearch/loop.json	feat: add rare-map nav heldout selector
ef45e12	ef45e12ace8fd9676f612e690736cc7504f7cc5f	2026-06-19T11:36:03-03:00	source-layout-50x50	M	.	tests/test_research_workflow.py	feat: add rare-map nav heldout selector
e62d86d	e62d86dcea7d7bfaeb5bd066076d022da6063526	2026-06-19T11:57:42-03:00	autocurriculum-exploration-baselines	M	.	autoresearch/loop.json	feat: add random spawn radius curriculum
e62d86d	e62d86dcea7d7bfaeb5bd066076d022da6063526	2026-06-19T11:57:42-03:00	autocurriculum-exploration-baselines	M	.	src/ant_byte_env/env.py	feat: add random spawn radius curriculum
e62d86d	e62d86dcea7d7bfaeb5bd066076d022da6063526	2026-06-19T11:57:42-03:00	autocurriculum-exploration-baselines	M	.	src/ant_byte_env/jax_autocurriculum_env.py	feat: add random spawn radius curriculum
e62d86d	e62d86dcea7d7bfaeb5bd066076d022da6063526	2026-06-19T11:57:42-03:00	autocurriculum-exploration-baselines	M	.	src/ant_byte_env/jax_env.py	feat: add random spawn radius curriculum
e62d86d	e62d86dcea7d7bfaeb5bd066076d022da6063526	2026-06-19T11:57:42-03:00	autocurriculum-exploration-baselines	M	.	src/ant_byte_env/notebook_workflows.py	feat: add random spawn radius curriculum
e62d86d	e62d86dcea7d7bfaeb5bd066076d022da6063526	2026-06-19T11:57:42-03:00	autocurriculum-exploration-baselines	M	.	src/ant_byte_env/rendering.py	feat: add random spawn radius curriculum
e62d86d	e62d86dcea7d7bfaeb5bd066076d022da6063526	2026-06-19T11:57:42-03:00	autocurriculum-exploration-baselines	M	.	src/ant_byte_env/training/jax_mappo/cli.py	feat: add random spawn radius curriculum
e62d86d	e62d86dcea7d7bfaeb5bd066076d022da6063526	2026-06-19T11:57:42-03:00	autocurriculum-exploration-baselines	M	.	src/ant_byte_env/training/jax_mappo/evaluation.py	feat: add random spawn radius curriculum
e62d86d	e62d86dcea7d7bfaeb5bd066076d022da6063526	2026-06-19T11:57:42-03:00	autocurriculum-exploration-baselines	M	.	src/ant_byte_env/training/jax_mappo/runner.py	feat: add random spawn radius curriculum
e62d86d	e62d86dcea7d7bfaeb5bd066076d022da6063526	2026-06-19T11:57:42-03:00	autocurriculum-exploration-baselines	M	.	tests/test_env_api.py	feat: add random spawn radius curriculum
e62d86d	e62d86dcea7d7bfaeb5bd066076d022da6063526	2026-06-19T11:57:42-03:00	autocurriculum-exploration-baselines	M	.	tests/test_jax_env.py	feat: add random spawn radius curriculum
e62d86d	e62d86dcea7d7bfaeb5bd066076d022da6063526	2026-06-19T11:57:42-03:00	autocurriculum-exploration-baselines	M	.	tests/test_research_workflow.py	feat: add random spawn radius curriculum
e62d86d	e62d86dcea7d7bfaeb5bd066076d022da6063526	2026-06-19T11:57:42-03:00	autocurriculum-exploration-baselines	M	.	tests/test_train_mappo_jax.py	feat: add random spawn radius curriculum
d5c4861	d5c48614f91a26b219ecc161011a9948ffca3849	2026-06-19T12:13:02-03:00	report-site-paper-assets	A	.	autoresearch/REPORT.md	docs: summarize forage autoresearch findings
6e1fb76	6e1fb764d497d32a4ba556d21650defd2be6fbaa	2026-06-19T12:29:18-03:00	autocurriculum-exploration-baselines	A	.	notebooks/train_mappo_exploration_curriculum.ipynb	feat: add mappo exploration curriculum notebook
6e1fb76	6e1fb764d497d32a4ba556d21650defd2be6fbaa	2026-06-19T12:29:18-03:00	autocurriculum-exploration-baselines	M	.	src/ant_byte_env/env.py	feat: add mappo exploration curriculum notebook
6e1fb76	6e1fb764d497d32a4ba556d21650defd2be6fbaa	2026-06-19T12:29:18-03:00	autocurriculum-exploration-baselines	M	.	src/ant_byte_env/jax_env.py	feat: add mappo exploration curriculum notebook
6e1fb76	6e1fb764d497d32a4ba556d21650defd2be6fbaa	2026-06-19T12:29:18-03:00	autocurriculum-exploration-baselines	M	.	src/ant_byte_env/notebook_workflows.py	feat: add mappo exploration curriculum notebook
6e1fb76	6e1fb764d497d32a4ba556d21650defd2be6fbaa	2026-06-19T12:29:18-03:00	autocurriculum-exploration-baselines	M	.	src/ant_byte_env/rendering.py	feat: add mappo exploration curriculum notebook
6e1fb76	6e1fb764d497d32a4ba556d21650defd2be6fbaa	2026-06-19T12:29:18-03:00	autocurriculum-exploration-baselines	M	.	src/ant_byte_env/training/jax_mappo/cli.py	feat: add mappo exploration curriculum notebook
6e1fb76	6e1fb764d497d32a4ba556d21650defd2be6fbaa	2026-06-19T12:29:18-03:00	autocurriculum-exploration-baselines	M	.	src/ant_byte_env/training/jax_mappo/core.py	feat: add mappo exploration curriculum notebook
6e1fb76	6e1fb764d497d32a4ba556d21650defd2be6fbaa	2026-06-19T12:29:18-03:00	autocurriculum-exploration-baselines	M	.	src/ant_byte_env/training/jax_mappo/evaluation.py	feat: add mappo exploration curriculum notebook
6e1fb76	6e1fb764d497d32a4ba556d21650defd2be6fbaa	2026-06-19T12:29:18-03:00	autocurriculum-exploration-baselines	M	.	src/ant_byte_env/training/jax_mappo/rollout.py	feat: add mappo exploration curriculum notebook
6e1fb76	6e1fb764d497d32a4ba556d21650defd2be6fbaa	2026-06-19T12:29:18-03:00	autocurriculum-exploration-baselines	M	.	src/ant_byte_env/training/jax_mappo/runner.py	feat: add mappo exploration curriculum notebook
6e1fb76	6e1fb764d497d32a4ba556d21650defd2be6fbaa	2026-06-19T12:29:18-03:00	autocurriculum-exploration-baselines	M	.	tests/test_jax_env.py	feat: add mappo exploration curriculum notebook
6e1fb76	6e1fb764d497d32a4ba556d21650defd2be6fbaa	2026-06-19T12:29:18-03:00	autocurriculum-exploration-baselines	M	.	tests/test_notebook_workflows.py	feat: add mappo exploration curriculum notebook
6e1fb76	6e1fb764d497d32a4ba556d21650defd2be6fbaa	2026-06-19T12:29:18-03:00	autocurriculum-exploration-baselines	M	.	tests/test_notebooks.py	feat: add mappo exploration curriculum notebook
6e1fb76	6e1fb764d497d32a4ba556d21650defd2be6fbaa	2026-06-19T12:29:18-03:00	autocurriculum-exploration-baselines	M	.	tests/test_train_mappo_jax.py	feat: add mappo exploration curriculum notebook
eb7a316	eb7a3164389622edd380fdc2344be6ae40daa6ee	2026-06-19T12:55:44-03:00	autocurriculum-exploration-baselines	A	.	experiments/exploration_curriculum.json	feat: configure exploration curriculum videos
eb7a316	eb7a3164389622edd380fdc2344be6ae40daa6ee	2026-06-19T12:55:44-03:00	autocurriculum-exploration-baselines	M	.	notebooks/train_mappo_exploration_curriculum.ipynb	feat: configure exploration curriculum videos
eb7a316	eb7a3164389622edd380fdc2344be6ae40daa6ee	2026-06-19T12:55:44-03:00	autocurriculum-exploration-baselines	M	.	src/ant_byte_env/notebook_workflows.py	feat: configure exploration curriculum videos
eb7a316	eb7a3164389622edd380fdc2344be6ae40daa6ee	2026-06-19T12:55:44-03:00	autocurriculum-exploration-baselines	M	.	tests/test_notebooks.py	feat: configure exploration curriculum videos
0b5b54b	0b5b54be43f1c52610f8c00adba8fd3520f468c6	2026-06-19T13:15:38-03:00	source-layout-50x50	A	.	experiments/exploration_to_forage_50x50.json	feat: add exploration-to-forage notebook
0b5b54b	0b5b54be43f1c52610f8c00adba8fd3520f468c6	2026-06-19T13:15:38-03:00	source-layout-50x50	A	.	notebooks/train_mappo_exploration_to_forage_50x50.ipynb	feat: add exploration-to-forage notebook
0b5b54b	0b5b54be43f1c52610f8c00adba8fd3520f468c6	2026-06-19T13:15:38-03:00	source-layout-50x50	M	.	src/ant_byte_env/notebook_workflows.py	feat: add exploration-to-forage notebook
0b5b54b	0b5b54be43f1c52610f8c00adba8fd3520f468c6	2026-06-19T13:15:38-03:00	source-layout-50x50	M	.	src/ant_byte_env/training/jax_mappo/cli.py	feat: add exploration-to-forage notebook
0b5b54b	0b5b54be43f1c52610f8c00adba8fd3520f468c6	2026-06-19T13:15:38-03:00	source-layout-50x50	M	.	src/ant_byte_env/training/jax_mappo/core.py	feat: add exploration-to-forage notebook
0b5b54b	0b5b54be43f1c52610f8c00adba8fd3520f468c6	2026-06-19T13:15:38-03:00	source-layout-50x50	M	.	src/ant_byte_env/training/jax_mappo/rollout.py	feat: add exploration-to-forage notebook
0b5b54b	0b5b54be43f1c52610f8c00adba8fd3520f468c6	2026-06-19T13:15:38-03:00	source-layout-50x50	M	.	tests/test_notebook_workflows.py	feat: add exploration-to-forage notebook
0b5b54b	0b5b54be43f1c52610f8c00adba8fd3520f468c6	2026-06-19T13:15:38-03:00	source-layout-50x50	M	.	tests/test_notebooks.py	feat: add exploration-to-forage notebook
0b5b54b	0b5b54be43f1c52610f8c00adba8fd3520f468c6	2026-06-19T13:15:38-03:00	source-layout-50x50	M	.	tests/test_train_mappo_jax.py	feat: add exploration-to-forage notebook
f0705b9	f0705b9f08957dc411411fd969153d47a864fac1	2026-06-22T23:03:09-03:00	communication-memory-bytes	A	.	autoresearch/run_codex_vision_range_tmux.sh	Enhance JAX MAPPO with Vision Range Curriculum and Actor-Critic Improvements
f0705b9	f0705b9f08957dc411411fd969153d47a864fac1	2026-06-22T23:03:09-03:00	communication-memory-bytes	A	.	autoresearch/vision_range_program.md	Enhance JAX MAPPO with Vision Range Curriculum and Actor-Critic Improvements
f0705b9	f0705b9f08957dc411411fd969153d47a864fac1	2026-06-22T23:03:09-03:00	communication-memory-bytes	A	.	experiments/vision_range_curriculum 12ret.json	Enhance JAX MAPPO with Vision Range Curriculum and Actor-Critic Improvements
f0705b9	f0705b9f08957dc411411fd969153d47a864fac1	2026-06-22T23:03:09-03:00	communication-memory-bytes	A	.	experiments/vision_range_curriculum.json	Enhance JAX MAPPO with Vision Range Curriculum and Actor-Critic Improvements
f0705b9	f0705b9f08957dc411411fd969153d47a864fac1	2026-06-22T23:03:09-03:00	communication-memory-bytes	A	.	notebooks/train_jax_vision_range_curriculum.ipynb	Enhance JAX MAPPO with Vision Range Curriculum and Actor-Critic Improvements
f0705b9	f0705b9f08957dc411411fd969153d47a864fac1	2026-06-22T23:03:09-03:00	communication-memory-bytes	M	.	pyproject.toml	Enhance JAX MAPPO with Vision Range Curriculum and Actor-Critic Improvements
f0705b9	f0705b9f08957dc411411fd969153d47a864fac1	2026-06-22T23:03:09-03:00	communication-memory-bytes	M	.	src/ant_byte_env/notebook_workflows.py	Enhance JAX MAPPO with Vision Range Curriculum and Actor-Critic Improvements
f0705b9	f0705b9f08957dc411411fd969153d47a864fac1	2026-06-22T23:03:09-03:00	communication-memory-bytes	M	.	src/ant_byte_env/rendering.py	Enhance JAX MAPPO with Vision Range Curriculum and Actor-Critic Improvements
f0705b9	f0705b9f08957dc411411fd969153d47a864fac1	2026-06-22T23:03:09-03:00	communication-memory-bytes	M	.	src/ant_byte_env/training/jax_mappo/__init__.py	Enhance JAX MAPPO with Vision Range Curriculum and Actor-Critic Improvements
f0705b9	f0705b9f08957dc411411fd969153d47a864fac1	2026-06-22T23:03:09-03:00	communication-memory-bytes	M	.	src/ant_byte_env/training/jax_mappo/cli.py	Enhance JAX MAPPO with Vision Range Curriculum and Actor-Critic Improvements
f0705b9	f0705b9f08957dc411411fd969153d47a864fac1	2026-06-22T23:03:09-03:00	communication-memory-bytes	M	.	src/ant_byte_env/training/jax_mappo/core.py	Enhance JAX MAPPO with Vision Range Curriculum and Actor-Critic Improvements
f0705b9	f0705b9f08957dc411411fd969153d47a864fac1	2026-06-22T23:03:09-03:00	communication-memory-bytes	M	.	src/ant_byte_env/training/jax_mappo/evaluation.py	Enhance JAX MAPPO with Vision Range Curriculum and Actor-Critic Improvements
f0705b9	f0705b9f08957dc411411fd969153d47a864fac1	2026-06-22T23:03:09-03:00	communication-memory-bytes	M	.	src/ant_byte_env/training/jax_mappo/probe.py	Enhance JAX MAPPO with Vision Range Curriculum and Actor-Critic Improvements
f0705b9	f0705b9f08957dc411411fd969153d47a864fac1	2026-06-22T23:03:09-03:00	communication-memory-bytes	M	.	src/ant_byte_env/training/jax_mappo/rollout.py	Enhance JAX MAPPO with Vision Range Curriculum and Actor-Critic Improvements
f0705b9	f0705b9f08957dc411411fd969153d47a864fac1	2026-06-22T23:03:09-03:00	communication-memory-bytes	M	.	src/ant_byte_env/training/jax_mappo/runner.py	Enhance JAX MAPPO with Vision Range Curriculum and Actor-Critic Improvements
f0705b9	f0705b9f08957dc411411fd969153d47a864fac1	2026-06-22T23:03:09-03:00	communication-memory-bytes	M	.	src/ant_byte_env/training/jax_mappo/transfer.py	Enhance JAX MAPPO with Vision Range Curriculum and Actor-Critic Improvements
f0705b9	f0705b9f08957dc411411fd969153d47a864fac1	2026-06-22T23:03:09-03:00	communication-memory-bytes	M	.	tests/test_notebook_workflows.py	Enhance JAX MAPPO with Vision Range Curriculum and Actor-Critic Improvements
f0705b9	f0705b9f08957dc411411fd969153d47a864fac1	2026-06-22T23:03:09-03:00	communication-memory-bytes	M	.	tests/test_notebooks.py	Enhance JAX MAPPO with Vision Range Curriculum and Actor-Critic Improvements
f0705b9	f0705b9f08957dc411411fd969153d47a864fac1	2026-06-22T23:03:09-03:00	communication-memory-bytes	M	.	tests/test_train_mappo_jax.py	Enhance JAX MAPPO with Vision Range Curriculum and Actor-Critic Improvements
e5826fb	e5826fb83a9f8f9e9919abba9c1ea2eca067ff30	2026-06-23T22:10:02-03:00	critic-full-layout-50x50	A	.	experiments/exploration_to_forage_full_layout_8ants_half_food_50x50.json	fix: simplify full-layout half-food notebook
e5826fb	e5826fb83a9f8f9e9919abba9c1ea2eca067ff30	2026-06-23T22:10:02-03:00	critic-full-layout-50x50	A	.	notebooks/train_mappo_full_layout_8ants_half_food_50x50.ipynb	fix: simplify full-layout half-food notebook
41e5eba	41e5eba0f8ccbbbc89701241208bad9f1d5f9eae	2026-06-24T11:15:30-03:00	hundred-bridge-maze-stress	M	.	.gitignore	chore: checkpoint working research state
41e5eba	41e5eba0f8ccbbbc89701241208bad9f1d5f9eae	2026-06-24T11:15:30-03:00	hundred-bridge-maze-stress	M	.	autoresearch/loop.json	chore: checkpoint working research state
41e5eba	41e5eba0f8ccbbbc89701241208bad9f1d5f9eae	2026-06-24T11:15:30-03:00	hundred-bridge-maze-stress	A	.	docs/planning/next-serious-compute-bet.md	chore: checkpoint working research state
41e5eba	41e5eba0f8ccbbbc89701241208bad9f1d5f9eae	2026-06-24T11:15:30-03:00	hundred-bridge-maze-stress	M	.	experiments/autocurriculum.json	chore: checkpoint working research state
41e5eba	41e5eba0f8ccbbbc89701241208bad9f1d5f9eae	2026-06-24T11:15:30-03:00	hundred-bridge-maze-stress	M	.	experiments/communication_bits.json	chore: checkpoint working research state
41e5eba	41e5eba0f8ccbbbc89701241208bad9f1d5f9eae	2026-06-24T11:15:30-03:00	hundred-bridge-maze-stress	M	.	experiments/direct_goal_baseline.json	chore: checkpoint working research state
41e5eba	41e5eba0f8ccbbbc89701241208bad9f1d5f9eae	2026-06-24T11:15:30-03:00	hundred-bridge-maze-stress	M	.	experiments/exploration_curriculum.json	chore: checkpoint working research state
41e5eba	41e5eba0f8ccbbbc89701241208bad9f1d5f9eae	2026-06-24T11:15:30-03:00	hundred-bridge-maze-stress	M	.	experiments/exploration_to_forage_50x50.json	chore: checkpoint working research state
41e5eba	41e5eba0f8ccbbbc89701241208bad9f1d5f9eae	2026-06-24T11:15:30-03:00	hundred-bridge-maze-stress	A	.	experiments/exploration_to_forage_padded_sources_50x50.json	chore: checkpoint working research state
41e5eba	41e5eba0f8ccbbbc89701241208bad9f1d5f9eae	2026-06-24T11:15:30-03:00	hundred-bridge-maze-stress	A	.	experiments/exploration_to_forage_proximity_sources_50x50.json	chore: checkpoint working research state
41e5eba	41e5eba0f8ccbbbc89701241208bad9f1d5f9eae	2026-06-24T11:15:30-03:00	hundred-bridge-maze-stress	A	.	experiments/exploration_to_forage_scratch_smooth_sources_50x50.json	chore: checkpoint working research state
41e5eba	41e5eba0f8ccbbbc89701241208bad9f1d5f9eae	2026-06-24T11:15:30-03:00	hundred-bridge-maze-stress	M	.	experiments/forage_curriculum.json	chore: checkpoint working research state
41e5eba	41e5eba0f8ccbbbc89701241208bad9f1d5f9eae	2026-06-24T11:15:30-03:00	hundred-bridge-maze-stress	A	.	experiments/maze_exploration_curriculum.json	chore: checkpoint working research state
41e5eba	41e5eba0f8ccbbbc89701241208bad9f1d5f9eae	2026-06-24T11:15:30-03:00	hundred-bridge-maze-stress	M	.	notebooks/train_jax_ant_count_curriculum.ipynb	chore: checkpoint working research state
41e5eba	41e5eba0f8ccbbbc89701241208bad9f1d5f9eae	2026-06-24T11:15:30-03:00	hundred-bridge-maze-stress	M	.	notebooks/train_jax_communication_curriculum.ipynb	chore: checkpoint working research state
41e5eba	41e5eba0f8ccbbbc89701241208bad9f1d5f9eae	2026-06-24T11:15:30-03:00	hundred-bridge-maze-stress	M	.	notebooks/train_jax_direct_goal_baseline.ipynb	chore: checkpoint working research state
41e5eba	41e5eba0f8ccbbbc89701241208bad9f1d5f9eae	2026-06-24T11:15:30-03:00	hundred-bridge-maze-stress	M	.	notebooks/train_mappo_autocurriculum.ipynb	chore: checkpoint working research state
41e5eba	41e5eba0f8ccbbbc89701241208bad9f1d5f9eae	2026-06-24T11:15:30-03:00	hundred-bridge-maze-stress	M	.	notebooks/train_mappo_curriculum.ipynb	chore: checkpoint working research state
41e5eba	41e5eba0f8ccbbbc89701241208bad9f1d5f9eae	2026-06-24T11:15:30-03:00	hundred-bridge-maze-stress	M	.	notebooks/train_mappo_exploration_curriculum.ipynb	chore: checkpoint working research state
41e5eba	41e5eba0f8ccbbbc89701241208bad9f1d5f9eae	2026-06-24T11:15:30-03:00	hundred-bridge-maze-stress	M	.	notebooks/train_mappo_exploration_to_forage_50x50.ipynb	chore: checkpoint working research state
41e5eba	41e5eba0f8ccbbbc89701241208bad9f1d5f9eae	2026-06-24T11:15:30-03:00	hundred-bridge-maze-stress	A	.	notebooks/train_mappo_exploration_to_forage_padded_sources_50x50.ipynb	chore: checkpoint working research state
41e5eba	41e5eba0f8ccbbbc89701241208bad9f1d5f9eae	2026-06-24T11:15:30-03:00	hundred-bridge-maze-stress	A	.	notebooks/train_mappo_exploration_to_forage_proximity_sources_50x50.ipynb	chore: checkpoint working research state
41e5eba	41e5eba0f8ccbbbc89701241208bad9f1d5f9eae	2026-06-24T11:15:30-03:00	hundred-bridge-maze-stress	A	.	notebooks/train_mappo_exploration_to_forage_scratch_smooth_sources_50x50.ipynb	chore: checkpoint working research state
41e5eba	41e5eba0f8ccbbbc89701241208bad9f1d5f9eae	2026-06-24T11:15:30-03:00	hundred-bridge-maze-stress	M	.	notebooks/train_mappo_full_layout_8ants_half_food_50x50.ipynb	chore: checkpoint working research state
41e5eba	41e5eba0f8ccbbbc89701241208bad9f1d5f9eae	2026-06-24T11:15:30-03:00	hundred-bridge-maze-stress	A	.	notebooks/train_mappo_maze_exploration_curriculum.ipynb	chore: checkpoint working research state
41e5eba	41e5eba0f8ccbbbc89701241208bad9f1d5f9eae	2026-06-24T11:15:30-03:00	hundred-bridge-maze-stress	A	.	scripts/run_full_layout_proximity_continuation.py	chore: checkpoint working research state
41e5eba	41e5eba0f8ccbbbc89701241208bad9f1d5f9eae	2026-06-24T11:15:30-03:00	hundred-bridge-maze-stress	M	.	src/ant_byte_env/autocurriculum_env.py	chore: checkpoint working research state
41e5eba	41e5eba0f8ccbbbc89701241208bad9f1d5f9eae	2026-06-24T11:15:30-03:00	hundred-bridge-maze-stress	M	.	src/ant_byte_env/autoresearch.py	chore: checkpoint working research state
41e5eba	41e5eba0f8ccbbbc89701241208bad9f1d5f9eae	2026-06-24T11:15:30-03:00	hundred-bridge-maze-stress	M	.	src/ant_byte_env/env.py	chore: checkpoint working research state
41e5eba	41e5eba0f8ccbbbc89701241208bad9f1d5f9eae	2026-06-24T11:15:30-03:00	hundred-bridge-maze-stress	M	.	src/ant_byte_env/jax_autocurriculum_env.py	chore: checkpoint working research state
41e5eba	41e5eba0f8ccbbbc89701241208bad9f1d5f9eae	2026-06-24T11:15:30-03:00	hundred-bridge-maze-stress	M	.	src/ant_byte_env/jax_env.py	chore: checkpoint working research state
41e5eba	41e5eba0f8ccbbbc89701241208bad9f1d5f9eae	2026-06-24T11:15:30-03:00	hundred-bridge-maze-stress	A	.	src/ant_byte_env/maze.py	chore: checkpoint working research state
41e5eba	41e5eba0f8ccbbbc89701241208bad9f1d5f9eae	2026-06-24T11:15:30-03:00	hundred-bridge-maze-stress	M	.	src/ant_byte_env/notebook_workflows.py	chore: checkpoint working research state
41e5eba	41e5eba0f8ccbbbc89701241208bad9f1d5f9eae	2026-06-24T11:15:30-03:00	hundred-bridge-maze-stress	M	.	src/ant_byte_env/rendering.py	chore: checkpoint working research state
41e5eba	41e5eba0f8ccbbbc89701241208bad9f1d5f9eae	2026-06-24T11:15:30-03:00	hundred-bridge-maze-stress	A	.	src/ant_byte_env/runtime/__init__.py	chore: checkpoint working research state
41e5eba	41e5eba0f8ccbbbc89701241208bad9f1d5f9eae	2026-06-24T11:15:30-03:00	hundred-bridge-maze-stress	A	.	src/ant_byte_env/runtime/resources.py	chore: checkpoint working research state
41e5eba	41e5eba0f8ccbbbc89701241208bad9f1d5f9eae	2026-06-24T11:15:30-03:00	hundred-bridge-maze-stress	M	.	src/ant_byte_env/training/jax_mappo/__init__.py	chore: checkpoint working research state
41e5eba	41e5eba0f8ccbbbc89701241208bad9f1d5f9eae	2026-06-24T11:15:30-03:00	hundred-bridge-maze-stress	M	.	src/ant_byte_env/training/jax_mappo/cli.py	chore: checkpoint working research state
41e5eba	41e5eba0f8ccbbbc89701241208bad9f1d5f9eae	2026-06-24T11:15:30-03:00	hundred-bridge-maze-stress	M	.	src/ant_byte_env/training/jax_mappo/core.py	chore: checkpoint working research state
41e5eba	41e5eba0f8ccbbbc89701241208bad9f1d5f9eae	2026-06-24T11:15:30-03:00	hundred-bridge-maze-stress	M	.	src/ant_byte_env/training/jax_mappo/curriculum.py	chore: checkpoint working research state
41e5eba	41e5eba0f8ccbbbc89701241208bad9f1d5f9eae	2026-06-24T11:15:30-03:00	hundred-bridge-maze-stress	M	.	src/ant_byte_env/training/jax_mappo/evaluation.py	chore: checkpoint working research state
41e5eba	41e5eba0f8ccbbbc89701241208bad9f1d5f9eae	2026-06-24T11:15:30-03:00	hundred-bridge-maze-stress	A	.	src/ant_byte_env/training/jax_mappo/layout_audit.py	chore: checkpoint working research state
41e5eba	41e5eba0f8ccbbbc89701241208bad9f1d5f9eae	2026-06-24T11:15:30-03:00	hundred-bridge-maze-stress	M	.	src/ant_byte_env/training/jax_mappo/probe.py	chore: checkpoint working research state
41e5eba	41e5eba0f8ccbbbc89701241208bad9f1d5f9eae	2026-06-24T11:15:30-03:00	hundred-bridge-maze-stress	M	.	src/ant_byte_env/training/jax_mappo/rollout.py	chore: checkpoint working research state
41e5eba	41e5eba0f8ccbbbc89701241208bad9f1d5f9eae	2026-06-24T11:15:30-03:00	hundred-bridge-maze-stress	M	.	src/ant_byte_env/training/jax_mappo/runner.py	chore: checkpoint working research state
41e5eba	41e5eba0f8ccbbbc89701241208bad9f1d5f9eae	2026-06-24T11:15:30-03:00	hundred-bridge-maze-stress	M	.	src/ant_byte_env/training/jax_mappo/transfer.py	chore: checkpoint working research state
41e5eba	41e5eba0f8ccbbbc89701241208bad9f1d5f9eae	2026-06-24T11:15:30-03:00	hundred-bridge-maze-stress	M	.	src/ant_byte_env/training/torch_mappo/checkpointing.py	chore: checkpoint working research state
41e5eba	41e5eba0f8ccbbbc89701241208bad9f1d5f9eae	2026-06-24T11:15:30-03:00	hundred-bridge-maze-stress	M	.	src/ant_byte_env/training/torch_mappo/evaluation.py	chore: checkpoint working research state
41e5eba	41e5eba0f8ccbbbc89701241208bad9f1d5f9eae	2026-06-24T11:15:30-03:00	hundred-bridge-maze-stress	M	.	src/ant_byte_env/training/torch_mappo/observations.py	chore: checkpoint working research state
41e5eba	41e5eba0f8ccbbbc89701241208bad9f1d5f9eae	2026-06-24T11:15:30-03:00	hundred-bridge-maze-stress	M	.	src/ant_byte_env/training/torch_mappo/runner.py	chore: checkpoint working research state
41e5eba	41e5eba0f8ccbbbc89701241208bad9f1d5f9eae	2026-06-24T11:15:30-03:00	hundred-bridge-maze-stress	M	.	src/ant_byte_env/wandb_tracking.py	chore: checkpoint working research state
41e5eba	41e5eba0f8ccbbbc89701241208bad9f1d5f9eae	2026-06-24T11:15:30-03:00	hundred-bridge-maze-stress	M	.	tests/test_env_api.py	chore: checkpoint working research state
41e5eba	41e5eba0f8ccbbbc89701241208bad9f1d5f9eae	2026-06-24T11:15:30-03:00	hundred-bridge-maze-stress	M	.	tests/test_jax_env.py	chore: checkpoint working research state
41e5eba	41e5eba0f8ccbbbc89701241208bad9f1d5f9eae	2026-06-24T11:15:30-03:00	hundred-bridge-maze-stress	A	.	tests/test_maze.py	chore: checkpoint working research state
41e5eba	41e5eba0f8ccbbbc89701241208bad9f1d5f9eae	2026-06-24T11:15:30-03:00	hundred-bridge-maze-stress	M	.	tests/test_notebook_workflows.py	chore: checkpoint working research state
41e5eba	41e5eba0f8ccbbbc89701241208bad9f1d5f9eae	2026-06-24T11:15:30-03:00	hundred-bridge-maze-stress	D	.	tests/test_notebooks.py	chore: checkpoint working research state
41e5eba	41e5eba0f8ccbbbc89701241208bad9f1d5f9eae	2026-06-24T11:15:30-03:00	hundred-bridge-maze-stress	M	.	tests/test_render.py	chore: checkpoint working research state
41e5eba	41e5eba0f8ccbbbc89701241208bad9f1d5f9eae	2026-06-24T11:15:30-03:00	hundred-bridge-maze-stress	M	.	tests/test_research_workflow.py	chore: checkpoint working research state
41e5eba	41e5eba0f8ccbbbc89701241208bad9f1d5f9eae	2026-06-24T11:15:30-03:00	hundred-bridge-maze-stress	A	.	tests/test_runtime_resources.py	chore: checkpoint working research state
41e5eba	41e5eba0f8ccbbbc89701241208bad9f1d5f9eae	2026-06-24T11:15:30-03:00	hundred-bridge-maze-stress	M	.	tests/test_train_mappo.py	chore: checkpoint working research state
41e5eba	41e5eba0f8ccbbbc89701241208bad9f1d5f9eae	2026-06-24T11:15:30-03:00	hundred-bridge-maze-stress	M	.	tests/test_train_mappo_jax.py	chore: checkpoint working research state
41e5eba	41e5eba0f8ccbbbc89701241208bad9f1d5f9eae	2026-06-24T11:15:30-03:00	hundred-bridge-maze-stress	M	.	tests/test_wandb_tracking.py	chore: checkpoint working research state
4342d2e	4342d2e06632305c32a679aa89739d274654781e	2026-06-24T11:19:44-03:00	communication-memory-bytes	A	.	src/ant_byte_env/curricula/__init__.py	refactor: extract curriculum stage builders
4342d2e	4342d2e06632305c32a679aa89739d274654781e	2026-06-24T11:19:44-03:00	communication-memory-bytes	A	.	src/ant_byte_env/curricula/stages.py	refactor: extract curriculum stage builders
4342d2e	4342d2e06632305c32a679aa89739d274654781e	2026-06-24T11:19:44-03:00	communication-memory-bytes	M	.	src/ant_byte_env/notebook_workflows.py	refactor: extract curriculum stage builders
4342d2e	4342d2e06632305c32a679aa89739d274654781e	2026-06-24T11:19:44-03:00	communication-memory-bytes	A	.	tests/test_curricula.py	refactor: extract curriculum stage builders
8295c73	8295c732bb0952683179f8c769f20a9a47a93b7a	2026-06-24T11:23:21-03:00	communication-memory-bytes	M	.	src/ant_byte_env/notebook_workflows.py	refactor: extract workflow argument builders
8295c73	8295c732bb0952683179f8c769f20a9a47a93b7a	2026-06-24T11:23:21-03:00	communication-memory-bytes	A	.	src/ant_byte_env/workflows/__init__.py	refactor: extract workflow argument builders
8295c73	8295c732bb0952683179f8c769f20a9a47a93b7a	2026-06-24T11:23:21-03:00	communication-memory-bytes	A	.	src/ant_byte_env/workflows/args.py	refactor: extract workflow argument builders
8295c73	8295c732bb0952683179f8c769f20a9a47a93b7a	2026-06-24T11:23:21-03:00	communication-memory-bytes	A	.	tests/test_workflow_args.py	refactor: extract workflow argument builders
7e971be	7e971be8f68b52e48deb6d4dae4cbe2feecc2c64	2026-06-24T11:25:54-03:00	communication-memory-bytes	M	.	src/ant_byte_env/notebook_workflows.py	refactor: extract workflow checkpoint paths
7e971be	7e971be8f68b52e48deb6d4dae4cbe2feecc2c64	2026-06-24T11:25:54-03:00	communication-memory-bytes	M	.	src/ant_byte_env/workflows/__init__.py	refactor: extract workflow checkpoint paths
7e971be	7e971be8f68b52e48deb6d4dae4cbe2feecc2c64	2026-06-24T11:25:54-03:00	communication-memory-bytes	A	.	src/ant_byte_env/workflows/checkpoints.py	refactor: extract workflow checkpoint paths
7e971be	7e971be8f68b52e48deb6d4dae4cbe2feecc2c64	2026-06-24T11:25:54-03:00	communication-memory-bytes	M	.	tests/test_notebook_workflows.py	refactor: extract workflow checkpoint paths
7e971be	7e971be8f68b52e48deb6d4dae4cbe2feecc2c64	2026-06-24T11:25:54-03:00	communication-memory-bytes	A	.	tests/test_workflow_checkpoints.py	refactor: extract workflow checkpoint paths
633abf1	633abf1805968ec13e64d187e7b927c5c2004d81	2026-06-24T11:30:04-03:00	communication-memory-bytes	M	.	experiments/vision_range_curriculum.json	reward shaped
633abf1	633abf1805968ec13e64d187e7b927c5c2004d81	2026-06-24T11:30:04-03:00	communication-memory-bytes	M	.	notebooks/train_jax_vision_range_curriculum.ipynb	reward shaped
633abf1	633abf1805968ec13e64d187e7b927c5c2004d81	2026-06-24T11:30:04-03:00	communication-memory-bytes	M	.	src/ant_byte_env/training/jax_mappo/cli.py	reward shaped
633abf1	633abf1805968ec13e64d187e7b927c5c2004d81	2026-06-24T11:30:04-03:00	communication-memory-bytes	M	.	src/ant_byte_env/training/jax_mappo/core.py	reward shaped
633abf1	633abf1805968ec13e64d187e7b927c5c2004d81	2026-06-24T11:30:04-03:00	communication-memory-bytes	M	.	src/ant_byte_env/training/jax_mappo/rollout.py	reward shaped
633abf1	633abf1805968ec13e64d187e7b927c5c2004d81	2026-06-24T11:30:04-03:00	communication-memory-bytes	M	.	tests/test_train_mappo_jax.py	reward shaped
9de909b	9de909b5df811bc1b8025f5283a2903d62cb3681	2026-06-24T11:46:02-03:00	communication-memory-bytes	M	.	src/ant_byte_env/notebook_workflows.py	refactor: extract workflow cli helpers
9de909b	9de909b5df811bc1b8025f5283a2903d62cb3681	2026-06-24T11:46:02-03:00	communication-memory-bytes	M	.	src/ant_byte_env/workflows/__init__.py	refactor: extract workflow cli helpers
9de909b	9de909b5df811bc1b8025f5283a2903d62cb3681	2026-06-24T11:46:02-03:00	communication-memory-bytes	A	.	src/ant_byte_env/workflows/cli.py	refactor: extract workflow cli helpers
9de909b	9de909b5df811bc1b8025f5283a2903d62cb3681	2026-06-24T11:46:02-03:00	communication-memory-bytes	A	.	tests/test_workflow_cli.py	refactor: extract workflow cli helpers
d190a02	d190a02921a18e8c2cccc73d9b770653d32e5de6	2026-06-24T11:47:59-03:00	ant-count-25x25-autoresearch	M	.	src/ant_byte_env/notebook_workflows.py	refactor: extract ant count workflow helpers
d190a02	d190a02921a18e8c2cccc73d9b770653d32e5de6	2026-06-24T11:47:59-03:00	ant-count-25x25-autoresearch	M	.	src/ant_byte_env/workflows/__init__.py	refactor: extract ant count workflow helpers
d190a02	d190a02921a18e8c2cccc73d9b770653d32e5de6	2026-06-24T11:47:59-03:00	ant-count-25x25-autoresearch	A	.	src/ant_byte_env/workflows/ant_count.py	refactor: extract ant count workflow helpers
d190a02	d190a02921a18e8c2cccc73d9b770653d32e5de6	2026-06-24T11:47:59-03:00	ant-count-25x25-autoresearch	M	.	tests/test_notebook_workflows.py	refactor: extract ant count workflow helpers
d190a02	d190a02921a18e8c2cccc73d9b770653d32e5de6	2026-06-24T11:47:59-03:00	ant-count-25x25-autoresearch	A	.	tests/test_workflow_ant_count.py	refactor: extract ant count workflow helpers
ae39df7	ae39df7bf553f95fb07ee3057a95d72ea89db076	2026-06-24T11:56:38-03:00	communication-memory-bytes	M	.	src/ant_byte_env/notebook_workflows.py	refactor: extract workflow support helpers
ae39df7	ae39df7bf553f95fb07ee3057a95d72ea89db076	2026-06-24T11:56:38-03:00	communication-memory-bytes	M	.	src/ant_byte_env/workflows/__init__.py	refactor: extract workflow support helpers
ae39df7	ae39df7bf553f95fb07ee3057a95d72ea89db076	2026-06-24T11:56:38-03:00	communication-memory-bytes	A	.	src/ant_byte_env/workflows/progress.py	refactor: extract workflow support helpers
ae39df7	ae39df7bf553f95fb07ee3057a95d72ea89db076	2026-06-24T11:56:38-03:00	communication-memory-bytes	A	.	src/ant_byte_env/workflows/rollouts.py	refactor: extract workflow support helpers
ae39df7	ae39df7bf553f95fb07ee3057a95d72ea89db076	2026-06-24T11:56:38-03:00	communication-memory-bytes	M	.	tests/test_notebook_workflows.py	refactor: extract workflow support helpers
ae39df7	ae39df7bf553f95fb07ee3057a95d72ea89db076	2026-06-24T11:56:38-03:00	communication-memory-bytes	A	.	tests/test_workflow_progress.py	refactor: extract workflow support helpers
ae39df7	ae39df7bf553f95fb07ee3057a95d72ea89db076	2026-06-24T11:56:38-03:00	communication-memory-bytes	A	.	tests/test_workflow_rollouts.py	refactor: extract workflow support helpers
5159fe2	5159fe25de704221f079754c3631a285f06b52f3	2026-06-24T12:02:28-03:00	communication-memory-bytes	M	.	src/ant_byte_env/notebook_workflows.py	refactor: extract workflow experiment helpers
5159fe2	5159fe25de704221f079754c3631a285f06b52f3	2026-06-24T12:02:28-03:00	communication-memory-bytes	M	.	src/ant_byte_env/workflows/__init__.py	refactor: extract workflow experiment helpers
5159fe2	5159fe25de704221f079754c3631a285f06b52f3	2026-06-24T12:02:28-03:00	communication-memory-bytes	A	.	src/ant_byte_env/workflows/experiments.py	refactor: extract workflow experiment helpers
5159fe2	5159fe25de704221f079754c3631a285f06b52f3	2026-06-24T12:02:28-03:00	communication-memory-bytes	A	.	tests/test_workflow_experiments.py	refactor: extract workflow experiment helpers
c0bc413	c0bc413198ef45349310d2b14452919c64541fe4	2026-06-24T12:05:12-03:00	communication-memory-bytes	M	.	src/ant_byte_env/notebook_workflows.py	refactor: extract workflow preview helpers
c0bc413	c0bc413198ef45349310d2b14452919c64541fe4	2026-06-24T12:05:12-03:00	communication-memory-bytes	M	.	src/ant_byte_env/workflows/__init__.py	refactor: extract workflow preview helpers
c0bc413	c0bc413198ef45349310d2b14452919c64541fe4	2026-06-24T12:05:12-03:00	communication-memory-bytes	A	.	src/ant_byte_env/workflows/previews.py	refactor: extract workflow preview helpers
c0bc413	c0bc413198ef45349310d2b14452919c64541fe4	2026-06-24T12:05:12-03:00	communication-memory-bytes	A	.	tests/test_workflow_previews.py	refactor: extract workflow preview helpers
6bc2c80	6bc2c805c4afda4d2c1a9c140049b15813075ef1	2026-06-24T12:37:47-03:00	report-site-paper-assets	M	.	autoresearch/README.md	docs: mark autoresearch as archival
6bc2c80	6bc2c805c4afda4d2c1a9c140049b15813075ef1	2026-06-24T12:37:47-03:00	report-site-paper-assets	A	.	docs/planning/mit-course-mainline-plan.md	docs: mark autoresearch as archival
1e22d1b	1e22d1bcb41557bd1a2fbb2f2187d3ea361114e8	2026-06-24T12:40:16-03:00	communication-memory-bytes	A	.	src/ant_byte_env/research/__init__.py	refactor: extract research scoring helpers
1e22d1b	1e22d1bcb41557bd1a2fbb2f2187d3ea361114e8	2026-06-24T12:40:16-03:00	communication-memory-bytes	A	.	src/ant_byte_env/research/scoring.py	refactor: extract research scoring helpers
1e22d1b	1e22d1bcb41557bd1a2fbb2f2187d3ea361114e8	2026-06-24T12:40:16-03:00	communication-memory-bytes	M	.	src/ant_byte_env/research_loop.py	refactor: extract research scoring helpers
1e22d1b	1e22d1bcb41557bd1a2fbb2f2187d3ea361114e8	2026-06-24T12:40:16-03:00	communication-memory-bytes	A	.	tests/test_research_scoring.py	refactor: extract research scoring helpers
4692ebf	4692ebfbb69b03cad4f306bc3bb3f5d25ea50c96	2026-06-24T12:41:36-03:00	communication-memory-bytes	M	.	src/ant_byte_env/research/__init__.py	refactor: extract research artifact helpers
4692ebf	4692ebfbb69b03cad4f306bc3bb3f5d25ea50c96	2026-06-24T12:41:36-03:00	communication-memory-bytes	A	.	src/ant_byte_env/research/artifacts.py	refactor: extract research artifact helpers
4692ebf	4692ebfbb69b03cad4f306bc3bb3f5d25ea50c96	2026-06-24T12:41:36-03:00	communication-memory-bytes	M	.	src/ant_byte_env/research_loop.py	refactor: extract research artifact helpers
4692ebf	4692ebfbb69b03cad4f306bc3bb3f5d25ea50c96	2026-06-24T12:41:36-03:00	communication-memory-bytes	A	.	tests/test_research_artifacts.py	refactor: extract research artifact helpers
b22310a	b22310aeb2ec3e170c47b0fa07d8ac42f8b461c0	2026-06-24T12:44:32-03:00	communication-memory-bytes	M	.	src/ant_byte_env/research/__init__.py	refactor: extract research markdown rendering
b22310a	b22310aeb2ec3e170c47b0fa07d8ac42f8b461c0	2026-06-24T12:44:32-03:00	communication-memory-bytes	A	.	src/ant_byte_env/research/markdown.py	refactor: extract research markdown rendering
b22310a	b22310aeb2ec3e170c47b0fa07d8ac42f8b461c0	2026-06-24T12:44:32-03:00	communication-memory-bytes	M	.	src/ant_byte_env/research_loop.py	refactor: extract research markdown rendering
b22310a	b22310aeb2ec3e170c47b0fa07d8ac42f8b461c0	2026-06-24T12:44:32-03:00	communication-memory-bytes	A	.	tests/test_research_markdown.py	refactor: extract research markdown rendering
60f700a	60f700a0ecbf9a9543670d26b1523c5b53420248	2026-06-24T12:47:28-03:00	communication-memory-bytes	M	.	src/ant_byte_env/research/__init__.py	refactor: extract research config helpers
60f700a	60f700a0ecbf9a9543670d26b1523c5b53420248	2026-06-24T12:47:28-03:00	communication-memory-bytes	A	.	src/ant_byte_env/research/config.py	refactor: extract research config helpers
60f700a	60f700a0ecbf9a9543670d26b1523c5b53420248	2026-06-24T12:47:28-03:00	communication-memory-bytes	M	.	src/ant_byte_env/research_loop.py	refactor: extract research config helpers
60f700a	60f700a0ecbf9a9543670d26b1523c5b53420248	2026-06-24T12:47:28-03:00	communication-memory-bytes	A	.	tests/test_research_config.py	refactor: extract research config helpers
8fdc1d3	8fdc1d3b2f4d26745abe050a543a920b8efbe49f	2026-06-24T12:49:34-03:00	communication-memory-bytes	M	.	src/ant_byte_env/research/__init__.py	refactor: extract research evaluation helpers
8fdc1d3	8fdc1d3b2f4d26745abe050a543a920b8efbe49f	2026-06-24T12:49:34-03:00	communication-memory-bytes	A	.	src/ant_byte_env/research/evaluation.py	refactor: extract research evaluation helpers
8fdc1d3	8fdc1d3b2f4d26745abe050a543a920b8efbe49f	2026-06-24T12:49:34-03:00	communication-memory-bytes	M	.	src/ant_byte_env/research_loop.py	refactor: extract research evaluation helpers
8fdc1d3	8fdc1d3b2f4d26745abe050a543a920b8efbe49f	2026-06-24T12:49:34-03:00	communication-memory-bytes	A	.	tests/test_research_evaluation.py	refactor: extract research evaluation helpers
f30f05b	f30f05b269eb6cf4a4ac5ab405f9e6dd137136fd	2026-06-24T12:53:23-03:00	communication-memory-bytes	M	.	src/ant_byte_env/notebook_workflows.py	refactor: extract rollout suite helpers
f30f05b	f30f05b269eb6cf4a4ac5ab405f9e6dd137136fd	2026-06-24T12:53:23-03:00	communication-memory-bytes	M	.	src/ant_byte_env/workflows/rollouts.py	refactor: extract rollout suite helpers
f30f05b	f30f05b269eb6cf4a4ac5ab405f9e6dd137136fd	2026-06-24T12:53:23-03:00	communication-memory-bytes	M	.	tests/test_notebook_workflows.py	refactor: extract rollout suite helpers
94a49bf	94a49bfc16e0467b8fdc00cba998dee084bae748	2026-06-24T12:55:10-03:00	communication-memory-bytes	M	.	src/ant_byte_env/notebook_workflows.py	refactor: extract checkpoint rollout helper
94a49bf	94a49bfc16e0467b8fdc00cba998dee084bae748	2026-06-24T12:55:10-03:00	communication-memory-bytes	M	.	src/ant_byte_env/workflows/rollouts.py	refactor: extract checkpoint rollout helper
94a49bf	94a49bfc16e0467b8fdc00cba998dee084bae748	2026-06-24T12:55:10-03:00	communication-memory-bytes	M	.	tests/test_notebook_workflows.py	refactor: extract checkpoint rollout helper
4fe73eb	4fe73eb6dd936503d766260b25083a5773a9e3f7	2026-06-24T13:01:12-03:00	communication-memory-bytes	M	.	src/ant_byte_env/notebook_workflows.py	refactor: extract checkpoint training workflow
4fe73eb	4fe73eb6dd936503d766260b25083a5773a9e3f7	2026-06-24T13:01:12-03:00	communication-memory-bytes	M	.	src/ant_byte_env/workflows/__init__.py	refactor: extract checkpoint training workflow
4fe73eb	4fe73eb6dd936503d766260b25083a5773a9e3f7	2026-06-24T13:01:12-03:00	communication-memory-bytes	A	.	src/ant_byte_env/workflows/training.py	refactor: extract checkpoint training workflow
4fe73eb	4fe73eb6dd936503d766260b25083a5773a9e3f7	2026-06-24T13:01:12-03:00	communication-memory-bytes	M	.	tests/test_notebook_workflows.py	refactor: extract checkpoint training workflow
4fe73eb	4fe73eb6dd936503d766260b25083a5773a9e3f7	2026-06-24T13:01:12-03:00	communication-memory-bytes	A	.	tests/test_workflow_training.py	refactor: extract checkpoint training workflow
424d965	424d9654597e03d86a3ca3a9f2cbf7d6697cb82f	2026-06-24T13:05:25-03:00	communication-memory-bytes	M	.	src/ant_byte_env/notebook_workflows.py	refactor: extract forage preview helpers
424d965	424d9654597e03d86a3ca3a9f2cbf7d6697cb82f	2026-06-24T13:05:25-03:00	communication-memory-bytes	M	.	src/ant_byte_env/workflows/__init__.py	refactor: extract forage preview helpers
424d965	424d9654597e03d86a3ca3a9f2cbf7d6697cb82f	2026-06-24T13:05:25-03:00	communication-memory-bytes	M	.	src/ant_byte_env/workflows/previews.py	refactor: extract forage preview helpers
424d965	424d9654597e03d86a3ca3a9f2cbf7d6697cb82f	2026-06-24T13:05:25-03:00	communication-memory-bytes	A	.	src/ant_byte_env/workflows/stage_profiles.py	refactor: extract forage preview helpers
424d965	424d9654597e03d86a3ca3a9f2cbf7d6697cb82f	2026-06-24T13:05:25-03:00	communication-memory-bytes	M	.	tests/test_notebook_workflows.py	refactor: extract forage preview helpers
424d965	424d9654597e03d86a3ca3a9f2cbf7d6697cb82f	2026-06-24T13:05:25-03:00	communication-memory-bytes	M	.	tests/test_workflow_previews.py	refactor: extract forage preview helpers
424d965	424d9654597e03d86a3ca3a9f2cbf7d6697cb82f	2026-06-24T13:05:25-03:00	communication-memory-bytes	A	.	tests/test_workflow_stage_profiles.py	refactor: extract forage preview helpers
fd09b1a	fd09b1a080883ed9051bab34d795fb90aab6beef	2026-06-24T13:07:18-03:00	jax-mappo-training-core	M	.	tests/test_notebook_workflows.py	test: move rollout behavior tests
fd09b1a	fd09b1a080883ed9051bab34d795fb90aab6beef	2026-06-24T13:07:18-03:00	jax-mappo-training-core	M	.	tests/test_workflow_rollouts.py	test: move rollout behavior tests
a18a040	a18a040699eca4d70d93abb041117f7173740588	2026-06-24T13:52:52-03:00	hundred-bridge-maze-stress	M	.	README.md	chore: organize notebooks by workflow
a18a040	a18a040699eca4d70d93abb041117f7173740588	2026-06-24T13:52:52-03:00	hundred-bridge-maze-stress	A	.	notebooks/README.md	chore: organize notebooks by workflow
a18a040	a18a040699eca4d70d93abb041117f7173740588	2026-06-24T13:52:52-03:00	hundred-bridge-maze-stress	R096	notebooks/train_jax_direct_goal_baseline.ipynb	notebooks/baselines/direct_goal.ipynb	chore: organize notebooks by workflow
a18a040	a18a040699eca4d70d93abb041117f7173740588	2026-06-24T13:52:52-03:00	hundred-bridge-maze-stress	R094	notebooks/train_jax_ant_count_curriculum.ipynb	notebooks/communication/ant_count_curriculum.ipynb	chore: organize notebooks by workflow
a18a040	a18a040699eca4d70d93abb041117f7173740588	2026-06-24T13:52:52-03:00	hundred-bridge-maze-stress	R095	notebooks/train_jax_communication_curriculum.ipynb	notebooks/communication/bit_curriculum.ipynb	chore: organize notebooks by workflow
a18a040	a18a040699eca4d70d93abb041117f7173740588	2026-06-24T13:52:52-03:00	hundred-bridge-maze-stress	R094	notebooks/train_mappo_autocurriculum.ipynb	notebooks/curriculum/autocurriculum.ipynb	chore: organize notebooks by workflow
a18a040	a18a040699eca4d70d93abb041117f7173740588	2026-06-24T13:52:52-03:00	hundred-bridge-maze-stress	R094	notebooks/train_mappo_exploration_curriculum.ipynb	notebooks/curriculum/exploration.ipynb	chore: organize notebooks by workflow
a18a040	a18a040699eca4d70d93abb041117f7173740588	2026-06-24T13:52:52-03:00	hundred-bridge-maze-stress	R095	notebooks/train_mappo_curriculum.ipynb	notebooks/curriculum/forage.ipynb	chore: organize notebooks by workflow
a18a040	a18a040699eca4d70d93abb041117f7173740588	2026-06-24T13:52:52-03:00	hundred-bridge-maze-stress	R095	notebooks/train_mappo_maze_exploration_curriculum.ipynb	notebooks/curriculum/maze_exploration.ipynb	chore: organize notebooks by workflow
a18a040	a18a040699eca4d70d93abb041117f7173740588	2026-06-24T13:52:52-03:00	hundred-bridge-maze-stress	R096	notebooks/train_mappo_exploration_to_forage_50x50.ipynb	notebooks/exploration_to_forage/base_50x50.ipynb	chore: organize notebooks by workflow
a18a040	a18a040699eca4d70d93abb041117f7173740588	2026-06-24T13:52:52-03:00	hundred-bridge-maze-stress	R097	notebooks/train_mappo_full_layout_8ants_half_food_50x50.ipynb	notebooks/exploration_to_forage/full_layout_8ants_half_food_50x50.ipynb	chore: organize notebooks by workflow
a18a040	a18a040699eca4d70d93abb041117f7173740588	2026-06-24T13:52:52-03:00	hundred-bridge-maze-stress	R096	notebooks/train_mappo_exploration_to_forage_padded_sources_50x50.ipynb	notebooks/exploration_to_forage/padded_sources_50x50.ipynb	chore: organize notebooks by workflow
a18a040	a18a040699eca4d70d93abb041117f7173740588	2026-06-24T13:52:52-03:00	hundred-bridge-maze-stress	R096	notebooks/train_mappo_exploration_to_forage_proximity_sources_50x50.ipynb	notebooks/exploration_to_forage/proximity_sources_50x50.ipynb	chore: organize notebooks by workflow
a18a040	a18a040699eca4d70d93abb041117f7173740588	2026-06-24T13:52:52-03:00	hundred-bridge-maze-stress	R096	notebooks/train_mappo_exploration_to_forage_scratch_smooth_sources_50x50.ipynb	notebooks/exploration_to_forage/scratch_smooth_sources_50x50.ipynb	chore: organize notebooks by workflow
a18a040	a18a040699eca4d70d93abb041117f7173740588	2026-06-24T13:52:52-03:00	hundred-bridge-maze-stress	A	.	tests/test_notebook_layout.py	chore: organize notebooks by workflow
0037142	0037142145bbb53f97ae53df8179a92eda1ca0be	2026-06-24T13:55:10-03:00	critic-full-layout-50x50	M	.	notebooks/README.md	chore: refine notebook taxonomy
0037142	0037142145bbb53f97ae53df8179a92eda1ca0be	2026-06-24T13:55:10-03:00	critic-full-layout-50x50	R100	notebooks/communication/ant_count_curriculum.ipynb	notebooks/scaling/ant_count_curriculum.ipynb	chore: refine notebook taxonomy
0037142	0037142145bbb53f97ae53df8179a92eda1ca0be	2026-06-24T13:55:10-03:00	critic-full-layout-50x50	R100	notebooks/exploration_to_forage/full_layout_8ants_half_food_50x50.ipynb	notebooks/scaling/full_layout_8ants_half_food_50x50.ipynb	chore: refine notebook taxonomy
0037142	0037142145bbb53f97ae53df8179a92eda1ca0be	2026-06-24T13:55:10-03:00	critic-full-layout-50x50	R100	notebooks/exploration_to_forage/padded_sources_50x50.ipynb	notebooks/source_layouts/padded_sources_50x50.ipynb	chore: refine notebook taxonomy
0037142	0037142145bbb53f97ae53df8179a92eda1ca0be	2026-06-24T13:55:10-03:00	critic-full-layout-50x50	R100	notebooks/exploration_to_forage/proximity_sources_50x50.ipynb	notebooks/source_layouts/proximity_sources_50x50.ipynb	chore: refine notebook taxonomy
0037142	0037142145bbb53f97ae53df8179a92eda1ca0be	2026-06-24T13:55:10-03:00	critic-full-layout-50x50	R100	notebooks/exploration_to_forage/scratch_smooth_sources_50x50.ipynb	notebooks/source_layouts/scratch_smooth_sources_50x50.ipynb	chore: refine notebook taxonomy
0037142	0037142145bbb53f97ae53df8179a92eda1ca0be	2026-06-24T13:55:10-03:00	critic-full-layout-50x50	M	.	tests/test_notebook_layout.py	chore: refine notebook taxonomy
b1c39dd	b1c39dded3f166a0506b6efbdf29089a7cc81db4	2026-06-24T14:25:49-03:00	critic-full-layout-50x50	M	.	experiments/exploration_to_forage_full_layout_8ants_half_food_50x50.json	chore: continue full-layout notebook from latest weights
b1c39dd	b1c39dded3f166a0506b6efbdf29089a7cc81db4	2026-06-24T14:25:49-03:00	critic-full-layout-50x50	M	.	notebooks/scaling/full_layout_8ants_half_food_50x50.ipynb	chore: continue full-layout notebook from latest weights
2b5421a	2b5421a8fcc5feed5caadc2407d23601ea3c6ace	2026-06-24T14:27:20-03:00	critic-full-layout-50x50	M	.	experiments/exploration_to_forage_full_layout_8ants_half_food_50x50.json	chore: double full-layout upload video length
d3211ac	d3211acbe44d0c31361e788bb4d874ece9ce68ae	2026-06-24T14:29:10-03:00	communication-memory-bytes	M	.	src/ant_byte_env/notebook_workflows.py	fix: restore notebook update timestep helper
d3211ac	d3211acbe44d0c31361e788bb4d874ece9ce68ae	2026-06-24T14:29:10-03:00	communication-memory-bytes	M	.	tests/test_workflow_progress.py	fix: restore notebook update timestep helper
4201933	4201933db55b646ab23579080f665d17f3e7063f	2026-06-24T20:19:52-03:00	critic-full-layout-50x50	M	.	experiments/exploration_to_forage_full_layout_8ants_half_food_50x50.json	chore: continue full-layout run from long3 best
1c49367	1c49367e3627b380941af6428292b4a845604031	2026-06-24T21:23:56-03:00	critic-full-layout-50x50	M	.	pyproject.toml	chore: add full-layout cloud launcher
1c49367	1c49367e3627b380941af6428292b4a845604031	2026-06-24T21:23:56-03:00	critic-full-layout-50x50	A	.	scripts/run_full_layout_8ants_half_food_continuation.py	chore: add full-layout cloud launcher
e6fa253	e6fa253e83e76c937ef76b024aa55133d0343cfe	2026-06-24T22:37:18-03:00	critic-full-layout-50x50	A	.	experiments/exploration_to_forage_full_layout_8ants_half_food_50x50_64env.json	chore: add 64env full-layout continuation
e6fa253	e6fa253e83e76c937ef76b024aa55133d0343cfe	2026-06-24T22:37:18-03:00	critic-full-layout-50x50	M	.	scripts/run_full_layout_8ants_half_food_continuation.py	chore: add 64env full-layout continuation
b955a6f	b955a6f2c98567ee0acd5214b899e1b76ebe0eff	2026-06-24T22:51:52-03:00	ant-count-25x25-autoresearch	M	.	experiments/vision_range_curriculum.json	fix: update vision range parameters and execution counts in curriculum notebook
b955a6f	b955a6f2c98567ee0acd5214b899e1b76ebe0eff	2026-06-24T22:51:52-03:00	ant-count-25x25-autoresearch	M	.	notebooks/train_jax_vision_range_curriculum.ipynb	fix: update vision range parameters and execution counts in curriculum notebook
67a6ade	67a6adecd90f4030792785a70fe4e3cf4c20ac45	2026-06-24T23:49:03-03:00	critic-full-layout-50x50	A	.	experiments/exploration_to_forage_full_layout_8ants_half_food_50x50_shared_writes.json	chore: add shared-writes full-layout notebook
67a6ade	67a6adecd90f4030792785a70fe4e3cf4c20ac45	2026-06-24T23:49:03-03:00	critic-full-layout-50x50	M	.	notebooks/README.md	chore: add shared-writes full-layout notebook
67a6ade	67a6adecd90f4030792785a70fe4e3cf4c20ac45	2026-06-24T23:49:03-03:00	critic-full-layout-50x50	A	.	notebooks/scaling/full_layout_8ants_half_food_shared_writes_50x50.ipynb	chore: add shared-writes full-layout notebook
c3785b6	c3785b66bf0a04b166d6bd6a17251489642a0186	2026-06-24T23:58:14-03:00	critic-full-layout-50x50	M	.	experiments/exploration_to_forage_full_layout_8ants_half_food_50x50_shared_writes.json	chore: expose shared-writes checkpoint videos
c3785b6	c3785b66bf0a04b166d6bd6a17251489642a0186	2026-06-24T23:58:14-03:00	critic-full-layout-50x50	M	.	notebooks/scaling/full_layout_8ants_half_food_shared_writes_50x50.ipynb	chore: expose shared-writes checkpoint videos
efda6dd	efda6dd3f921c2ddf52c2d6532b45c13250f2118	2026-06-25T00:33:14-03:00	communication-memory-bytes	M	.	src/ant_byte_env/wandb_tracking.py	fix: keep wandb alive after artifact issues
efda6dd	efda6dd3f921c2ddf52c2d6532b45c13250f2118	2026-06-25T00:33:14-03:00	communication-memory-bytes	M	.	tests/test_wandb_tracking.py	fix: keep wandb alive after artifact issues
36de372	36de372a58df5d984806a7f0ea184912ebebe934	2026-06-25T10:41:23-03:00	critic-full-layout-50x50	A	.	experiments/exploration_to_forage_full_layout_16ants_half_food_8types_50x50_from_shared_writes.json	chore: add 16-ant 8-type cloud run
36de372	36de372a58df5d984806a7f0ea184912ebebe934	2026-06-25T10:41:23-03:00	critic-full-layout-50x50	M	.	scripts/run_full_layout_8ants_half_food_continuation.py	chore: add 16-ant 8-type cloud run
554ee8d	554ee8d771e2e1444195ddea36313f4429262f79	2026-06-25T10:45:00-03:00	critic-full-layout-50x50	M	.	scripts/run_full_layout_8ants_half_food_continuation.py	fix: honor launcher memory fraction
93bf753	93bf7537eb9181165f2691ed5082150585442324	2026-06-25T14:15:00-03:00	communication-memory-bytes	M	.	.gitignore	refactor jax mappo integration cleanup
93bf753	93bf7537eb9181165f2691ed5082150585442324	2026-06-25T14:15:00-03:00	communication-memory-bytes	M	.	README.md	refactor jax mappo integration cleanup
93bf753	93bf7537eb9181165f2691ed5082150585442324	2026-06-25T14:15:00-03:00	communication-memory-bytes	A	.	docs/experiments.md	refactor jax mappo integration cleanup
93bf753	93bf7537eb9181165f2691ed5082150585442324	2026-06-25T14:15:00-03:00	communication-memory-bytes	A	.	docs/integration_audit.md	refactor jax mappo integration cleanup
93bf753	93bf7537eb9181165f2691ed5082150585442324	2026-06-25T14:15:00-03:00	communication-memory-bytes	M	.	notebooks/README.md	refactor jax mappo integration cleanup
93bf753	93bf7537eb9181165f2691ed5082150585442324	2026-06-25T14:15:00-03:00	communication-memory-bytes	M	.	pyproject.toml	refactor jax mappo integration cleanup
93bf753	93bf7537eb9181165f2691ed5082150585442324	2026-06-25T14:15:00-03:00	communication-memory-bytes	M	.	results/curated/README.md	refactor jax mappo integration cleanup
93bf753	93bf7537eb9181165f2691ed5082150585442324	2026-06-25T14:15:00-03:00	communication-memory-bytes	M	.	results/curated/index.json	refactor jax mappo integration cleanup
93bf753	93bf7537eb9181165f2691ed5082150585442324	2026-06-25T14:15:00-03:00	communication-memory-bytes	M	.	src/ant_byte_env/notebook_workflows.py	refactor jax mappo integration cleanup
93bf753	93bf7537eb9181165f2691ed5082150585442324	2026-06-25T14:15:00-03:00	communication-memory-bytes	M	.	src/ant_byte_env/rendering.py	refactor jax mappo integration cleanup
93bf753	93bf7537eb9181165f2691ed5082150585442324	2026-06-25T14:15:00-03:00	communication-memory-bytes	M	.	src/ant_byte_env/research_loop.py	refactor jax mappo integration cleanup
93bf753	93bf7537eb9181165f2691ed5082150585442324	2026-06-25T14:15:00-03:00	communication-memory-bytes	M	.	src/ant_byte_env/training/jax_mappo/__init__.py	refactor jax mappo integration cleanup
93bf753	93bf7537eb9181165f2691ed5082150585442324	2026-06-25T14:15:00-03:00	communication-memory-bytes	M	.	src/ant_byte_env/training/jax_mappo/checkpointing.py	refactor jax mappo integration cleanup
93bf753	93bf7537eb9181165f2691ed5082150585442324	2026-06-25T14:15:00-03:00	communication-memory-bytes	M	.	src/ant_byte_env/training/jax_mappo/cli.py	refactor jax mappo integration cleanup
93bf753	93bf7537eb9181165f2691ed5082150585442324	2026-06-25T14:15:00-03:00	communication-memory-bytes	M	.	src/ant_byte_env/training/jax_mappo/core.py	refactor jax mappo integration cleanup
93bf753	93bf7537eb9181165f2691ed5082150585442324	2026-06-25T14:15:00-03:00	communication-memory-bytes	M	.	src/ant_byte_env/training/jax_mappo/evaluation.py	refactor jax mappo integration cleanup
93bf753	93bf7537eb9181165f2691ed5082150585442324	2026-06-25T14:15:00-03:00	communication-memory-bytes	A	.	src/ant_byte_env/training/jax_mappo/models.py	refactor jax mappo integration cleanup
93bf753	93bf7537eb9181165f2691ed5082150585442324	2026-06-25T14:15:00-03:00	communication-memory-bytes	A	.	src/ant_byte_env/training/jax_mappo/observations.py	refactor jax mappo integration cleanup
93bf753	93bf7537eb9181165f2691ed5082150585442324	2026-06-25T14:15:00-03:00	communication-memory-bytes	A	.	src/ant_byte_env/training/jax_mappo/policy.py	refactor jax mappo integration cleanup
93bf753	93bf7537eb9181165f2691ed5082150585442324	2026-06-25T14:15:00-03:00	communication-memory-bytes	M	.	src/ant_byte_env/training/jax_mappo/probe.py	refactor jax mappo integration cleanup
93bf753	93bf7537eb9181165f2691ed5082150585442324	2026-06-25T14:15:00-03:00	communication-memory-bytes	A	.	src/ant_byte_env/training/jax_mappo/rewards.py	refactor jax mappo integration cleanup
93bf753	93bf7537eb9181165f2691ed5082150585442324	2026-06-25T14:15:00-03:00	communication-memory-bytes	M	.	src/ant_byte_env/training/jax_mappo/rollout.py	refactor jax mappo integration cleanup
93bf753	93bf7537eb9181165f2691ed5082150585442324	2026-06-25T14:15:00-03:00	communication-memory-bytes	M	.	src/ant_byte_env/training/jax_mappo/runner.py	refactor jax mappo integration cleanup
93bf753	93bf7537eb9181165f2691ed5082150585442324	2026-06-25T14:15:00-03:00	communication-memory-bytes	M	.	src/ant_byte_env/training/jax_mappo/transfer.py	refactor jax mappo integration cleanup
93bf753	93bf7537eb9181165f2691ed5082150585442324	2026-06-25T14:15:00-03:00	communication-memory-bytes	A	.	src/ant_byte_env/training/jax_mappo/transfer_shapes.py	refactor jax mappo integration cleanup
93bf753	93bf7537eb9181165f2691ed5082150585442324	2026-06-25T14:15:00-03:00	communication-memory-bytes	A	.	src/ant_byte_env/training/jax_mappo/types.py	refactor jax mappo integration cleanup
93bf753	93bf7537eb9181165f2691ed5082150585442324	2026-06-25T14:15:00-03:00	communication-memory-bytes	A	.	src/ant_byte_env/training/jax_mappo/updates.py	refactor jax mappo integration cleanup
93bf753	93bf7537eb9181165f2691ed5082150585442324	2026-06-25T14:15:00-03:00	communication-memory-bytes	M	.	tests/test_notebook_layout.py	refactor jax mappo integration cleanup
adecfd9	adecfd94dd30cb9f22f10708d698f8f1d2cc236e	2026-06-25T14:22:19-03:00	critic-full-layout-50x50	M	.	docs/experiments.md	chore: remove one-off continuation launchers
adecfd9	adecfd94dd30cb9f22f10708d698f8f1d2cc236e	2026-06-25T14:22:19-03:00	critic-full-layout-50x50	M	.	docs/integration_audit.md	chore: remove one-off continuation launchers
adecfd9	adecfd94dd30cb9f22f10708d698f8f1d2cc236e	2026-06-25T14:22:19-03:00	critic-full-layout-50x50	D	.	scripts/run_full_layout_8ants_half_food_continuation.py	chore: remove one-off continuation launchers
adecfd9	adecfd94dd30cb9f22f10708d698f8f1d2cc236e	2026-06-25T14:22:19-03:00	critic-full-layout-50x50	D	.	scripts/run_full_layout_proximity_continuation.py	chore: remove one-off continuation launchers
ad1039d	ad1039d01bb653af84f0d54b418564a037cdd772	2026-06-25T14:27:02-03:00	ant-count-25x25-autoresearch	M	.	docs/experiments.md	docs: preserve gated map-ant mlp curriculum
ad1039d	ad1039d01bb653af84f0d54b418564a037cdd772	2026-06-25T14:27:02-03:00	ant-count-25x25-autoresearch	M	.	docs/integration_audit.md	docs: preserve gated map-ant mlp curriculum
699cd2a	699cd2a4d7b38fccb075c17ce183db9c4258b11f	2026-06-25T14:53:00-03:00	ant-count-25x25-autoresearch	M	.	docs/experiments.md	feat: preserve gated map-ant mlp curriculum
699cd2a	699cd2a4d7b38fccb075c17ce183db9c4258b11f	2026-06-25T14:53:00-03:00	ant-count-25x25-autoresearch	M	.	docs/integration_audit.md	feat: preserve gated map-ant mlp curriculum
699cd2a	699cd2a4d7b38fccb075c17ce183db9c4258b11f	2026-06-25T14:53:00-03:00	ant-count-25x25-autoresearch	A	.	docs/map_ant_gated_mlp_curriculum.md	feat: preserve gated map-ant mlp curriculum
699cd2a	699cd2a4d7b38fccb075c17ce183db9c4258b11f	2026-06-25T14:53:00-03:00	ant-count-25x25-autoresearch	A	.	experiments/map_ant_gated_mlp_curriculum.json	feat: preserve gated map-ant mlp curriculum
699cd2a	699cd2a4d7b38fccb075c17ce183db9c4258b11f	2026-06-25T14:53:00-03:00	ant-count-25x25-autoresearch	M	.	notebooks/README.md	feat: preserve gated map-ant mlp curriculum
699cd2a	699cd2a4d7b38fccb075c17ce183db9c4258b11f	2026-06-25T14:53:00-03:00	ant-count-25x25-autoresearch	A	.	notebooks/historical/map_ant_gated_mlp_curriculum.ipynb	feat: preserve gated map-ant mlp curriculum
699cd2a	699cd2a4d7b38fccb075c17ce183db9c4258b11f	2026-06-25T14:53:00-03:00	ant-count-25x25-autoresearch	M	.	src/ant_byte_env/cli.py	feat: preserve gated map-ant mlp curriculum
699cd2a	699cd2a4d7b38fccb075c17ce183db9c4258b11f	2026-06-25T14:53:00-03:00	ant-count-25x25-autoresearch	M	.	src/ant_byte_env/training/jax_mappo/evaluation.py	feat: preserve gated map-ant mlp curriculum
699cd2a	699cd2a4d7b38fccb075c17ce183db9c4258b11f	2026-06-25T14:53:00-03:00	ant-count-25x25-autoresearch	M	.	src/ant_byte_env/workflows/__init__.py	feat: preserve gated map-ant mlp curriculum
699cd2a	699cd2a4d7b38fccb075c17ce183db9c4258b11f	2026-06-25T14:53:00-03:00	ant-count-25x25-autoresearch	A	.	src/ant_byte_env/workflows/map_ant.py	feat: preserve gated map-ant mlp curriculum
699cd2a	699cd2a4d7b38fccb075c17ce183db9c4258b11f	2026-06-25T14:53:00-03:00	ant-count-25x25-autoresearch	A	.	tests/test_map_ant_curriculum.py	feat: preserve gated map-ant mlp curriculum
699cd2a	699cd2a4d7b38fccb075c17ce183db9c4258b11f	2026-06-25T14:53:00-03:00	ant-count-25x25-autoresearch	M	.	tests/test_notebook_layout.py	feat: preserve gated map-ant mlp curriculum
6b00c67	6b00c679b38797b3474eeda40a6520bd39fdb9d9	2026-06-25T14:53:06-03:00	communication-memory-bytes	M	.	src/ant_byte_env/training/jax_mappo/__init__.py	refactor: split jax mappo transfer helpers
6b00c67	6b00c679b38797b3474eeda40a6520bd39fdb9d9	2026-06-25T14:53:06-03:00	communication-memory-bytes	M	.	src/ant_byte_env/training/jax_mappo/transfer.py	refactor: split jax mappo transfer helpers
6b00c67	6b00c679b38797b3474eeda40a6520bd39fdb9d9	2026-06-25T14:53:06-03:00	communication-memory-bytes	A	.	src/ant_byte_env/training/jax_mappo/transfer_actor.py	refactor: split jax mappo transfer helpers
6b00c67	6b00c679b38797b3474eeda40a6520bd39fdb9d9	2026-06-25T14:53:06-03:00	communication-memory-bytes	A	.	src/ant_byte_env/training/jax_mappo/transfer_critic.py	refactor: split jax mappo transfer helpers
6b00c67	6b00c679b38797b3474eeda40a6520bd39fdb9d9	2026-06-25T14:53:06-03:00	communication-memory-bytes	M	.	tests/test_train_mappo_jax.py	refactor: split jax mappo transfer helpers
4d90e4d	4d90e4d9d23c8423131aea73e11e81949c70d99a	2026-06-25T14:53:09-03:00	communication-memory-bytes	M	.	src/ant_byte_env/training/torch_mappo/__init__.py	chore: keep torch dry-runs lightweight
c241433	c2414332fd31b8fab99d9eb45a30a8b85e6bc2ef	2026-06-25T14:59:03-03:00	jax-mappo-training-core	M	.	tests/test_train_mappo.py	test: skip torch mappo tests without torchrl extras
e59a0fb	e59a0fbe9eafe72bc1252c188612383166702bc1	2026-06-25T16:03:26-03:00	critic-full-layout-50x50	A	.	experiments/exploration_to_forage_full_layout_8ants_half_food_50x50_shared_writes_write_cost.json	feat: add shared-write bit cost notebook
e59a0fb	e59a0fbe9eafe72bc1252c188612383166702bc1	2026-06-25T16:03:26-03:00	critic-full-layout-50x50	M	.	notebooks/README.md	feat: add shared-write bit cost notebook
e59a0fb	e59a0fbe9eafe72bc1252c188612383166702bc1	2026-06-25T16:03:26-03:00	critic-full-layout-50x50	A	.	notebooks/scaling/full_layout_8ants_half_food_shared_writes_write_cost_50x50.ipynb	feat: add shared-write bit cost notebook
e59a0fb	e59a0fbe9eafe72bc1252c188612383166702bc1	2026-06-25T16:03:26-03:00	critic-full-layout-50x50	M	.	tests/test_notebook_layout.py	feat: add shared-write bit cost notebook
e59a0fb	e59a0fbe9eafe72bc1252c188612383166702bc1	2026-06-25T16:03:26-03:00	critic-full-layout-50x50	M	.	tests/test_workflow_experiments.py	feat: add shared-write bit cost notebook
26e5968	26e59681e8e9766994c68049f95d728812a67e18	2026-06-25T16:39:49-03:00	critic-full-layout-50x50	M	.	experiments/exploration_to_forage_full_layout_8ants_half_food_50x50_shared_writes_write_cost.json	tune: increase shared-write bit penalty
26e5968	26e59681e8e9766994c68049f95d728812a67e18	2026-06-25T16:39:49-03:00	critic-full-layout-50x50	M	.	tests/test_workflow_experiments.py	tune: increase shared-write bit penalty
97ccf63	97ccf634162bf489d1266d0330722257a8e6751b	2026-06-25T16:45:14-03:00	critic-full-layout-50x50	M	.	experiments/exploration_to_forage_full_layout_8ants_half_food_50x50_shared_writes_write_cost.json	tune: make shared-write bit penalty strict
97ccf63	97ccf634162bf489d1266d0330722257a8e6751b	2026-06-25T16:45:14-03:00	critic-full-layout-50x50	M	.	tests/test_workflow_experiments.py	tune: make shared-write bit penalty strict
80a330b	80a330b6be7aa2d3d07bda05435365e75ae0d7ea	2026-06-25T17:06:57-03:00	communication-memory-bytes	M	.	src/ant_byte_env/training/jax_mappo/cli.py	feat: add jax data parallel helpers
80a330b	80a330b6be7aa2d3d07bda05435365e75ae0d7ea	2026-06-25T17:06:57-03:00	communication-memory-bytes	A	.	src/ant_byte_env/training/jax_mappo/data_parallel.py	feat: add jax data parallel helpers
80a330b	80a330b6be7aa2d3d07bda05435365e75ae0d7ea	2026-06-25T17:06:57-03:00	communication-memory-bytes	M	.	tests/test_train_mappo_jax.py	feat: add jax data parallel helpers
7e29845	7e298453817a22b592caff04a724bbefefe68568	2026-06-25T17:10:25-03:00	communication-memory-bytes	M	.	src/ant_byte_env/training/jax_mappo/data_parallel.py	feat: wire jax data parallel trainer
7e29845	7e298453817a22b592caff04a724bbefefe68568	2026-06-25T17:10:25-03:00	communication-memory-bytes	M	.	src/ant_byte_env/training/jax_mappo/runner.py	feat: wire jax data parallel trainer
bb6d481	bb6d4810576a88338d880e253a976b34fc7fb090	2026-06-25T17:12:41-03:00	critic-full-layout-50x50	A	.	experiments/exploration_to_forage_full_layout_16ants_half_food_8types_50x50_multidevice.json	chore: add multidevice 16-ant run config
a634252	a634252b73ef7e66d5cf613ce123dc3ff8e927c3	2026-06-25T20:38:43-03:00	jax-mappo-training-core	A	.	scripts/render_jax_channel_grid_video.py	feat: add channel grid checkpoint renderer
02c71f0	02c71f071aed4c035297b1ecfc3e5aa28bc2f3e1	2026-06-25T21:34:01-03:00	jax-mappo-training-core	M	.	scripts/render_jax_channel_grid_video.py	fix: label channel grid panels as bits
2c17ba9	2c17ba909f51663aa8fb247e4a565f7055fbfb3a	2026-06-25T21:39:14-03:00	jax-mappo-training-core	M	.	scripts/render_jax_channel_grid_video.py	feat: support centered no-food channel rollouts
d68e9c3	d68e9c3e0e728219ad2a865011c234e5307fa154	2026-06-25T21:55:24-03:00	critic-full-layout-50x50	A	.	experiments/exploration_to_forage_full_layout_8ants_half_food_50x50_shared_writes_write_cost_x10.json	feat: add higher write cost experiments
d68e9c3	d68e9c3e0e728219ad2a865011c234e5307fa154	2026-06-25T21:55:24-03:00	critic-full-layout-50x50	A	.	experiments/exploration_to_forage_full_layout_8ants_half_food_50x50_shared_writes_write_cost_x100.json	feat: add higher write cost experiments
6764ea4	6764ea46b6598e469749179ce7a29807f42cc511	2026-06-25T22:04:36-03:00	critic-full-layout-50x50	M	.	experiments/exploration_to_forage_full_layout_8ants_half_food_50x50_shared_writes_write_cost_x10.json	fix: shorten write cost wandb groups
6764ea4	6764ea46b6598e469749179ce7a29807f42cc511	2026-06-25T22:04:36-03:00	critic-full-layout-50x50	M	.	experiments/exploration_to_forage_full_layout_8ants_half_food_50x50_shared_writes_write_cost_x100.json	fix: shorten write cost wandb groups
95d1800	95d1800393f80bacd9451a4547d2d4322ba5b67b	2026-06-26T11:09:30-03:00	critic-full-layout-50x50	A	.	experiments/exploration_to_forage_full_layout_8ants_half_food_50x50_shared_writes_write_cost_x1000.json	feat: add x1000 write cost experiment
0aadc17	0aadc17164c859102d7dee23eb3aa22728617e4e	2026-06-26T11:14:12-03:00	critic-full-layout-50x50	A	.	experiments/exploration_to_forage_full_layout_8ants_half_food_50x50_shared_writes_write_cost_x10000.json	feat: add x10000 write cost experiment
434fc60	434fc60f85027777aca0e0f249b97d93c1c7cc07	2026-06-26T17:29:33-03:00	critic-full-layout-50x50	A	.	experiments/exploration_to_forage_full_layout_8ants_half_food_50x50_shared_writes_write_cost_x500.json	feat: add x500 write cost experiment
dcfc7a1	dcfc7a187ffab0c2297c326b5b543ec499f9d981	2026-06-26T17:47:39-03:00	critic-full-layout-50x50	A	.	experiments/exploration_to_forage_full_layout_8ants_half_food_50x50_shared_writes_write_cost_x200.json	feat: add x200 write cost experiment
f119b4e	f119b4e6ecf29f32a84e33f071bf36a80d9efae9	2026-06-26T18:13:48-03:00	critic-full-layout-50x50	A	.	experiments/exploration_to_forage_full_layout_8ants_half_food_50x50_shared_writes_write_cost_x5.json	feat: add x5 write cost experiment
55a4efb	55a4efb45fd14484d557be75c9628dcc3e93d7a8	2026-06-26T18:23:35-03:00	critic-full-layout-50x50	A	.	experiments/exploration_to_forage_full_layout_8ants_half_food_50x50_shared_writes_write_cost_x50.json	feat: add x50 write cost experiment
83d54e7	83d54e7aad75af574e313778dc46bd1d93b3eafa	2026-06-26T18:34:48-03:00	critic-full-layout-50x50	A	.	experiments/exploration_to_forage_full_layout_8ants_half_food_50x50_shared_writes_write_cost_x150.json	feat: add x150 write cost experiment
43f0a9e	43f0a9e5e37fae246b7e976cf005e9241bc83f6e	2026-06-26T19:13:42-03:00	adversarial-roles-side-branches	A	.	docs/planning/adversarial-marl-experiments.md	docs: plan adversarial marl experiment
04a511c	04a511c0f9468630af67e04fe00a407c670c7c6e	2026-06-27T13:07:29-03:00	critic-full-layout-50x50	A	.	experiments/exploration_to_forage_full_layout_8ants_half_food_50x50_shared_writes_write_cost_x200_6src.json	feat: add x200 six-source write cost experiment
5e67bec	5e67bec2d87f049e4e2784c9fbb632a60f87c081	2026-06-27T16:22:45-03:00	critic-full-layout-50x50	A	.	experiments/exploration_to_forage_full_layout_8ants_half_food_50x50_shared_writes_write_cost_x300_6src.json	feat: add x300 six-source write cost experiment
6879fa4	6879fa4fc37f5e4307f6c33272840676eb697377	2026-06-28T14:56:53-03:00	hundred-bridge-maze-stress	M	.	src/ant_byte_env/maze.py	perf: skip nearest-open scan for empty arenas
6879fa4	6879fa4fc37f5e4307f6c33272840676eb697377	2026-06-28T14:56:53-03:00	hundred-bridge-maze-stress	M	.	tests/test_maze.py	perf: skip nearest-open scan for empty arenas
3c0eac2	3c0eac25b30b3ca02e1606d7828b40088e4c7f31	2026-06-28T16:19:53-03:00	twofifty-frontier-reset	A	.	experiments/half_scale_one_food_resnet_actor_warmstart_250x250.json	feat: add half-scale resnet training launch
3c0eac2	3c0eac25b30b3ca02e1606d7828b40088e4c7f31	2026-06-28T16:19:53-03:00	twofifty-frontier-reset	A	.	scripts/run_half_scale_resnet_actor_warmstart.py	feat: add half-scale resnet training launch
3c0eac2	3c0eac25b30b3ca02e1606d7828b40088e4c7f31	2026-06-28T16:19:53-03:00	twofifty-frontier-reset	M	.	src/ant_byte_env/training/jax_mappo/__init__.py	feat: add half-scale resnet training launch
3c0eac2	3c0eac25b30b3ca02e1606d7828b40088e4c7f31	2026-06-28T16:19:53-03:00	twofifty-frontier-reset	M	.	src/ant_byte_env/training/jax_mappo/cli.py	feat: add half-scale resnet training launch
3c0eac2	3c0eac25b30b3ca02e1606d7828b40088e4c7f31	2026-06-28T16:19:53-03:00	twofifty-frontier-reset	M	.	src/ant_byte_env/training/jax_mappo/core.py	feat: add half-scale resnet training launch
3c0eac2	3c0eac25b30b3ca02e1606d7828b40088e4c7f31	2026-06-28T16:19:53-03:00	twofifty-frontier-reset	M	.	src/ant_byte_env/training/jax_mappo/runner.py	feat: add half-scale resnet training launch
3c0eac2	3c0eac25b30b3ca02e1606d7828b40088e4c7f31	2026-06-28T16:19:53-03:00	twofifty-frontier-reset	M	.	src/ant_byte_env/training/jax_mappo/transfer.py	feat: add half-scale resnet training launch
3c0eac2	3c0eac25b30b3ca02e1606d7828b40088e4c7f31	2026-06-28T16:19:53-03:00	twofifty-frontier-reset	M	.	tests/test_train_mappo_jax.py	feat: add half-scale resnet training launch
c3e0427	c3e04272f84456323f1cf33314a21ae9dbf92779	2026-06-28T21:44:27-03:00	adversarial-roles-side-branches	M	.	docs/experiments.md	Add adversarial frozen-opponent MAPPO workflow
c3e0427	c3e04272f84456323f1cf33314a21ae9dbf92779	2026-06-28T21:44:27-03:00	adversarial-roles-side-branches	A	.	experiments/adversarial_frozen_opponent_probe.json	Add adversarial frozen-opponent MAPPO workflow
c3e0427	c3e04272f84456323f1cf33314a21ae9dbf92779	2026-06-28T21:44:27-03:00	adversarial-roles-side-branches	A	.	experiments/adversarial_frozen_opponent_shared_writes_8ants.json	Add adversarial frozen-opponent MAPPO workflow
c3e0427	c3e04272f84456323f1cf33314a21ae9dbf92779	2026-06-28T21:44:27-03:00	adversarial-roles-side-branches	M	.	notebooks/README.md	Add adversarial frozen-opponent MAPPO workflow
c3e0427	c3e04272f84456323f1cf33314a21ae9dbf92779	2026-06-28T21:44:27-03:00	adversarial-roles-side-branches	A	.	notebooks/adversarial/frozen_opponent.ipynb	Add adversarial frozen-opponent MAPPO workflow
c3e0427	c3e04272f84456323f1cf33314a21ae9dbf92779	2026-06-28T21:44:27-03:00	adversarial-roles-side-branches	M	.	src/ant_byte_env/cli.py	Add adversarial frozen-opponent MAPPO workflow
c3e0427	c3e04272f84456323f1cf33314a21ae9dbf92779	2026-06-28T21:44:27-03:00	adversarial-roles-side-branches	A	.	src/ant_byte_env/training/jax_mappo/adversarial/__init__.py	Add adversarial frozen-opponent MAPPO workflow
c3e0427	c3e04272f84456323f1cf33314a21ae9dbf92779	2026-06-28T21:44:27-03:00	adversarial-roles-side-branches	A	.	src/ant_byte_env/training/jax_mappo/adversarial/actions.py	Add adversarial frozen-opponent MAPPO workflow
c3e0427	c3e04272f84456323f1cf33314a21ae9dbf92779	2026-06-28T21:44:27-03:00	adversarial-roles-side-branches	A	.	src/ant_byte_env/training/jax_mappo/adversarial/checkpointing.py	Add adversarial frozen-opponent MAPPO workflow
c3e0427	c3e04272f84456323f1cf33314a21ae9dbf92779	2026-06-28T21:44:27-03:00	adversarial-roles-side-branches	A	.	src/ant_byte_env/training/jax_mappo/adversarial/cli.py	Add adversarial frozen-opponent MAPPO workflow
c3e0427	c3e04272f84456323f1cf33314a21ae9dbf92779	2026-06-28T21:44:27-03:00	adversarial-roles-side-branches	A	.	src/ant_byte_env/training/jax_mappo/adversarial/env.py	Add adversarial frozen-opponent MAPPO workflow
c3e0427	c3e04272f84456323f1cf33314a21ae9dbf92779	2026-06-28T21:44:27-03:00	adversarial-roles-side-branches	A	.	src/ant_byte_env/training/jax_mappo/adversarial/evaluation.py	Add adversarial frozen-opponent MAPPO workflow
c3e0427	c3e04272f84456323f1cf33314a21ae9dbf92779	2026-06-28T21:44:27-03:00	adversarial-roles-side-branches	A	.	src/ant_byte_env/training/jax_mappo/adversarial/observations.py	Add adversarial frozen-opponent MAPPO workflow
c3e0427	c3e04272f84456323f1cf33314a21ae9dbf92779	2026-06-28T21:44:27-03:00	adversarial-roles-side-branches	A	.	src/ant_byte_env/training/jax_mappo/adversarial/rendering.py	Add adversarial frozen-opponent MAPPO workflow
c3e0427	c3e04272f84456323f1cf33314a21ae9dbf92779	2026-06-28T21:44:27-03:00	adversarial-roles-side-branches	A	.	src/ant_byte_env/training/jax_mappo/adversarial/rollout.py	Add adversarial frozen-opponent MAPPO workflow
c3e0427	c3e04272f84456323f1cf33314a21ae9dbf92779	2026-06-28T21:44:27-03:00	adversarial-roles-side-branches	A	.	src/ant_byte_env/training/jax_mappo/adversarial/runner.py	Add adversarial frozen-opponent MAPPO workflow
c3e0427	c3e04272f84456323f1cf33314a21ae9dbf92779	2026-06-28T21:44:27-03:00	adversarial-roles-side-branches	A	.	src/ant_byte_env/training/jax_mappo/adversarial/setup.py	Add adversarial frozen-opponent MAPPO workflow
c3e0427	c3e04272f84456323f1cf33314a21ae9dbf92779	2026-06-28T21:44:27-03:00	adversarial-roles-side-branches	A	.	src/ant_byte_env/training/jax_mappo/adversarial/transfer.py	Add adversarial frozen-opponent MAPPO workflow
c3e0427	c3e04272f84456323f1cf33314a21ae9dbf92779	2026-06-28T21:44:27-03:00	adversarial-roles-side-branches	A	.	src/ant_byte_env/training/jax_mappo/adversarial/types.py	Add adversarial frozen-opponent MAPPO workflow
c3e0427	c3e04272f84456323f1cf33314a21ae9dbf92779	2026-06-28T21:44:27-03:00	adversarial-roles-side-branches	A	.	tests/test_jax_adversarial_mappo.py	Add adversarial frozen-opponent MAPPO workflow
c3e0427	c3e04272f84456323f1cf33314a21ae9dbf92779	2026-06-28T21:44:27-03:00	adversarial-roles-side-branches	M	.	tests/test_notebook_layout.py	Add adversarial frozen-opponent MAPPO workflow
929d6ef	929d6ef7309bb837bcca57dd03a9333e57b1db7a	2026-06-28T21:53:40-03:00	adversarial-roles-side-branches	M	.	notebooks/adversarial/frozen_opponent.ipynb	Reset adversarial notebook curriculum
34d5fd6	34d5fd649dd20ce4a7bee261004615fd526e20d3	2026-06-28T22:15:23-03:00	adversarial-roles-side-branches	M	.	notebooks/adversarial/frozen_opponent.ipynb	Fade adversarial hub center curriculum
d9e224e	d9e224e018293c854f1d720194dfc8006605eda0	2026-06-28T22:37:46-03:00	adversarial-roles-side-branches	M	.	notebooks/adversarial/frozen_opponent.ipynb	Add adversarial critic warmup notebook
d9e224e	d9e224e018293c854f1d720194dfc8006605eda0	2026-06-28T22:37:46-03:00	adversarial-roles-side-branches	M	.	src/ant_byte_env/training/jax_mappo/adversarial/cli.py	Add adversarial critic warmup notebook
d9e224e	d9e224e018293c854f1d720194dfc8006605eda0	2026-06-28T22:37:46-03:00	adversarial-roles-side-branches	M	.	src/ant_byte_env/training/jax_mappo/updates.py	Add adversarial critic warmup notebook
d9e224e	d9e224e018293c854f1d720194dfc8006605eda0	2026-06-28T22:37:46-03:00	adversarial-roles-side-branches	M	.	tests/test_jax_adversarial_mappo.py	Add adversarial critic warmup notebook
35ed12d	35ed12d3c19190466f39f36ecde372daee3d459f	2026-06-29T00:09:57-03:00	adversarial-roles-side-branches	A	.	notebooks/adversarial/capability_audit.ipynb	Add adversarial eval-gated anchor training
35ed12d	35ed12d3c19190466f39f36ecde372daee3d459f	2026-06-29T00:09:57-03:00	adversarial-roles-side-branches	M	.	notebooks/adversarial/frozen_opponent.ipynb	Add adversarial eval-gated anchor training
35ed12d	35ed12d3c19190466f39f36ecde372daee3d459f	2026-06-29T00:09:57-03:00	adversarial-roles-side-branches	M	.	src/ant_byte_env/training/jax_mappo/__init__.py	Add adversarial eval-gated anchor training
35ed12d	35ed12d3c19190466f39f36ecde372daee3d459f	2026-06-29T00:09:57-03:00	adversarial-roles-side-branches	M	.	src/ant_byte_env/training/jax_mappo/adversarial/checkpointing.py	Add adversarial eval-gated anchor training
35ed12d	35ed12d3c19190466f39f36ecde372daee3d459f	2026-06-29T00:09:57-03:00	adversarial-roles-side-branches	M	.	src/ant_byte_env/training/jax_mappo/adversarial/cli.py	Add adversarial eval-gated anchor training
35ed12d	35ed12d3c19190466f39f36ecde372daee3d459f	2026-06-29T00:09:57-03:00	adversarial-roles-side-branches	M	.	src/ant_byte_env/training/jax_mappo/adversarial/runner.py	Add adversarial eval-gated anchor training
35ed12d	35ed12d3c19190466f39f36ecde372daee3d459f	2026-06-29T00:09:57-03:00	adversarial-roles-side-branches	M	.	src/ant_byte_env/training/jax_mappo/checkpointing.py	Add adversarial eval-gated anchor training
35ed12d	35ed12d3c19190466f39f36ecde372daee3d459f	2026-06-29T00:09:57-03:00	adversarial-roles-side-branches	M	.	src/ant_byte_env/training/jax_mappo/runner.py	Add adversarial eval-gated anchor training
35ed12d	35ed12d3c19190466f39f36ecde372daee3d459f	2026-06-29T00:09:57-03:00	adversarial-roles-side-branches	M	.	src/ant_byte_env/training/jax_mappo/types.py	Add adversarial eval-gated anchor training
35ed12d	35ed12d3c19190466f39f36ecde372daee3d459f	2026-06-29T00:09:57-03:00	adversarial-roles-side-branches	M	.	src/ant_byte_env/training/jax_mappo/updates.py	Add adversarial eval-gated anchor training
35ed12d	35ed12d3c19190466f39f36ecde372daee3d459f	2026-06-29T00:09:57-03:00	adversarial-roles-side-branches	M	.	tests/test_jax_adversarial_mappo.py	Add adversarial eval-gated anchor training
35ed12d	35ed12d3c19190466f39f36ecde372daee3d459f	2026-06-29T00:09:57-03:00	adversarial-roles-side-branches	M	.	tests/test_notebook_layout.py	Add adversarial eval-gated anchor training
729f75b	729f75b54225a5372e155896a8146bd1733a6980	2026-06-29T12:49:56-03:00	adversarial-roles-side-branches	M	.	notebooks/adversarial/frozen_opponent.ipynb	Add guarded adversarial refinement notebook
729f75b	729f75b54225a5372e155896a8146bd1733a6980	2026-06-29T12:49:56-03:00	adversarial-roles-side-branches	M	.	src/ant_byte_env/training/jax_mappo/adversarial/checkpointing.py	Add guarded adversarial refinement notebook
729f75b	729f75b54225a5372e155896a8146bd1733a6980	2026-06-29T12:49:56-03:00	adversarial-roles-side-branches	M	.	src/ant_byte_env/training/jax_mappo/adversarial/evaluation.py	Add guarded adversarial refinement notebook
729f75b	729f75b54225a5372e155896a8146bd1733a6980	2026-06-29T12:49:56-03:00	adversarial-roles-side-branches	M	.	src/ant_byte_env/training/jax_mappo/adversarial/rendering.py	Add guarded adversarial refinement notebook
729f75b	729f75b54225a5372e155896a8146bd1733a6980	2026-06-29T12:49:56-03:00	adversarial-roles-side-branches	M	.	tests/test_jax_adversarial_mappo.py	Add guarded adversarial refinement notebook
f75f7c8	f75f7c8068f1beb66cd26907668088bef33d743d	2026-06-29T18:20:32-03:00	adversarial-roles-side-branches	M	.	experiments/exploration_to_forage_full_layout_8ants_half_food_50x50.json	lethal cookies
f75f7c8	f75f7c8068f1beb66cd26907668088bef33d743d	2026-06-29T18:20:32-03:00	adversarial-roles-side-branches	M	.	experiments/exploration_to_forage_proximity_sources_50x50.json	lethal cookies
f75f7c8	f75f7c8068f1beb66cd26907668088bef33d743d	2026-06-29T18:20:32-03:00	adversarial-roles-side-branches	M	.	src/ant_byte_env/curricula/stages.py	lethal cookies
f75f7c8	f75f7c8068f1beb66cd26907668088bef33d743d	2026-06-29T18:20:32-03:00	adversarial-roles-side-branches	M	.	src/ant_byte_env/env.py	lethal cookies
f75f7c8	f75f7c8068f1beb66cd26907668088bef33d743d	2026-06-29T18:20:32-03:00	adversarial-roles-side-branches	M	.	src/ant_byte_env/jax_env.py	lethal cookies
f75f7c8	f75f7c8068f1beb66cd26907668088bef33d743d	2026-06-29T18:20:32-03:00	adversarial-roles-side-branches	M	.	src/ant_byte_env/notebook_workflows.py	lethal cookies
f75f7c8	f75f7c8068f1beb66cd26907668088bef33d743d	2026-06-29T18:20:32-03:00	adversarial-roles-side-branches	M	.	src/ant_byte_env/rendering.py	lethal cookies
f75f7c8	f75f7c8068f1beb66cd26907668088bef33d743d	2026-06-29T18:20:32-03:00	adversarial-roles-side-branches	M	.	src/ant_byte_env/training/jax_mappo/__init__.py	lethal cookies
f75f7c8	f75f7c8068f1beb66cd26907668088bef33d743d	2026-06-29T18:20:32-03:00	adversarial-roles-side-branches	M	.	src/ant_byte_env/training/jax_mappo/cli.py	lethal cookies
f75f7c8	f75f7c8068f1beb66cd26907668088bef33d743d	2026-06-29T18:20:32-03:00	adversarial-roles-side-branches	M	.	src/ant_byte_env/training/jax_mappo/core.py	lethal cookies
f75f7c8	f75f7c8068f1beb66cd26907668088bef33d743d	2026-06-29T18:20:32-03:00	adversarial-roles-side-branches	M	.	src/ant_byte_env/training/jax_mappo/curriculum.py	lethal cookies
f75f7c8	f75f7c8068f1beb66cd26907668088bef33d743d	2026-06-29T18:20:32-03:00	adversarial-roles-side-branches	M	.	src/ant_byte_env/training/jax_mappo/evaluation.py	lethal cookies
f75f7c8	f75f7c8068f1beb66cd26907668088bef33d743d	2026-06-29T18:20:32-03:00	adversarial-roles-side-branches	M	.	src/ant_byte_env/training/jax_mappo/probe.py	lethal cookies
f75f7c8	f75f7c8068f1beb66cd26907668088bef33d743d	2026-06-29T18:20:32-03:00	adversarial-roles-side-branches	M	.	src/ant_byte_env/training/jax_mappo/rollout.py	lethal cookies
f75f7c8	f75f7c8068f1beb66cd26907668088bef33d743d	2026-06-29T18:20:32-03:00	adversarial-roles-side-branches	M	.	src/ant_byte_env/training/jax_mappo/runner.py	lethal cookies
f75f7c8	f75f7c8068f1beb66cd26907668088bef33d743d	2026-06-29T18:20:32-03:00	adversarial-roles-side-branches	M	.	src/ant_byte_env/training/jax_mappo/transfer.py	lethal cookies
f75f7c8	f75f7c8068f1beb66cd26907668088bef33d743d	2026-06-29T18:20:32-03:00	adversarial-roles-side-branches	M	.	src/ant_byte_env/workflows/args.py	lethal cookies
f75f7c8	f75f7c8068f1beb66cd26907668088bef33d743d	2026-06-29T18:20:32-03:00	adversarial-roles-side-branches	M	.	src/ant_byte_env/workflows/rollouts.py	lethal cookies
f75f7c8	f75f7c8068f1beb66cd26907668088bef33d743d	2026-06-29T18:20:32-03:00	adversarial-roles-side-branches	M	.	tests/test_jax_env.py	lethal cookies
f75f7c8	f75f7c8068f1beb66cd26907668088bef33d743d	2026-06-29T18:20:32-03:00	adversarial-roles-side-branches	M	.	tests/test_notebook_workflows.py	lethal cookies
f75f7c8	f75f7c8068f1beb66cd26907668088bef33d743d	2026-06-29T18:20:32-03:00	adversarial-roles-side-branches	M	.	tests/test_render.py	lethal cookies
f75f7c8	f75f7c8068f1beb66cd26907668088bef33d743d	2026-06-29T18:20:32-03:00	adversarial-roles-side-branches	M	.	tests/test_train_mappo_jax.py	lethal cookies
f75f7c8	f75f7c8068f1beb66cd26907668088bef33d743d	2026-06-29T18:20:32-03:00	adversarial-roles-side-branches	M	.	tests/test_workflow_rollouts.py	lethal cookies
a6ba235	a6ba23530c5c618220e95ae8f451aabb6b21b957	2026-07-01T11:36:13-03:00	critic-full-layout-50x50	A	.	experiments/exploration_to_forage_full_layout_8ants_half_food_50x50_shared_writes_write_cost_8bits.json	feat: add 8-bit shared-write continuation
a6ba235	a6ba23530c5c618220e95ae8f451aabb6b21b957	2026-07-01T11:36:13-03:00	critic-full-layout-50x50	M	.	notebooks/README.md	feat: add 8-bit shared-write continuation
a6ba235	a6ba23530c5c618220e95ae8f451aabb6b21b957	2026-07-01T11:36:13-03:00	critic-full-layout-50x50	A	.	notebooks/scaling/full_layout_8ants_half_food_shared_writes_write_cost_8bits_50x50.ipynb	feat: add 8-bit shared-write continuation
a6ba235	a6ba23530c5c618220e95ae8f451aabb6b21b957	2026-07-01T11:36:13-03:00	critic-full-layout-50x50	A	.	scripts/render_jax_channel_grid_video.py	feat: add 8-bit shared-write continuation
a6ba235	a6ba23530c5c618220e95ae8f451aabb6b21b957	2026-07-01T11:36:13-03:00	critic-full-layout-50x50	M	.	src/ant_byte_env/autocurriculum_env.py	feat: add 8-bit shared-write continuation
a6ba235	a6ba23530c5c618220e95ae8f451aabb6b21b957	2026-07-01T11:36:13-03:00	critic-full-layout-50x50	M	.	src/ant_byte_env/cli.py	feat: add 8-bit shared-write continuation
a6ba235	a6ba23530c5c618220e95ae8f451aabb6b21b957	2026-07-01T11:36:13-03:00	critic-full-layout-50x50	M	.	src/ant_byte_env/env.py	feat: add 8-bit shared-write continuation
a6ba235	a6ba23530c5c618220e95ae8f451aabb6b21b957	2026-07-01T11:36:13-03:00	critic-full-layout-50x50	M	.	src/ant_byte_env/notebook_workflows.py	feat: add 8-bit shared-write continuation
a6ba235	a6ba23530c5c618220e95ae8f451aabb6b21b957	2026-07-01T11:36:13-03:00	critic-full-layout-50x50	M	.	src/ant_byte_env/rendering.py	feat: add 8-bit shared-write continuation
a6ba235	a6ba23530c5c618220e95ae8f451aabb6b21b957	2026-07-01T11:36:13-03:00	critic-full-layout-50x50	M	.	src/ant_byte_env/workflows/rollouts.py	feat: add 8-bit shared-write continuation
a6ba235	a6ba23530c5c618220e95ae8f451aabb6b21b957	2026-07-01T11:36:13-03:00	critic-full-layout-50x50	M	.	src/ant_byte_env/workflows/training.py	feat: add 8-bit shared-write continuation
a6ba235	a6ba23530c5c618220e95ae8f451aabb6b21b957	2026-07-01T11:36:13-03:00	critic-full-layout-50x50	M	.	tests/test_notebook_layout.py	feat: add 8-bit shared-write continuation
a6ba235	a6ba23530c5c618220e95ae8f451aabb6b21b957	2026-07-01T11:36:13-03:00	critic-full-layout-50x50	M	.	tests/test_render.py	feat: add 8-bit shared-write continuation
a6ba235	a6ba23530c5c618220e95ae8f451aabb6b21b957	2026-07-01T11:36:13-03:00	critic-full-layout-50x50	M	.	tests/test_workflow_experiments.py	feat: add 8-bit shared-write continuation
a6ba235	a6ba23530c5c618220e95ae8f451aabb6b21b957	2026-07-01T11:36:13-03:00	critic-full-layout-50x50	M	.	tests/test_workflow_rollouts.py	feat: add 8-bit shared-write continuation
a6ba235	a6ba23530c5c618220e95ae8f451aabb6b21b957	2026-07-01T11:36:13-03:00	critic-full-layout-50x50	M	.	tests/test_workflow_training.py	feat: add 8-bit shared-write continuation
58ea666	58ea66654aad7fb0cabdadfc40e4690e38ead1df	2026-07-01T11:47:24-03:00	hundred-bridge-maze-stress	M	.	experiments/exploration_to_forage_proximity_sources_50x50.json	modified:   experiments/exploration_to_forage_proximity_sources_50x50.json  new file:   notebooks/source_layouts/proximity_sources_50x50 cookie radius.ipynb  new file:   notebooks/source_layouts/proximity_sources_50x50 maze.ipynb  deleted:    notebooks/source_layouts/proximity_sources_50x50.ipynb  modified:   src/ant_byte_env/training/jax_mappo/transfer.py  modified:   tests/test_train_mappo_jax.py
58ea666	58ea66654aad7fb0cabdadfc40e4690e38ead1df	2026-07-01T11:47:24-03:00	hundred-bridge-maze-stress	A	.	notebooks/source_layouts/proximity_sources_50x50 cookie radius.ipynb	modified:   experiments/exploration_to_forage_proximity_sources_50x50.json  new file:   notebooks/source_layouts/proximity_sources_50x50 cookie radius.ipynb  new file:   notebooks/source_layouts/proximity_sources_50x50 maze.ipynb  deleted:    notebooks/source_layouts/proximity_sources_50x50.ipynb  modified:   src/ant_byte_env/training/jax_mappo/transfer.py  modified:   tests/test_train_mappo_jax.py
58ea666	58ea66654aad7fb0cabdadfc40e4690e38ead1df	2026-07-01T11:47:24-03:00	hundred-bridge-maze-stress	A	.	notebooks/source_layouts/proximity_sources_50x50 maze.ipynb	modified:   experiments/exploration_to_forage_proximity_sources_50x50.json  new file:   notebooks/source_layouts/proximity_sources_50x50 cookie radius.ipynb  new file:   notebooks/source_layouts/proximity_sources_50x50 maze.ipynb  deleted:    notebooks/source_layouts/proximity_sources_50x50.ipynb  modified:   src/ant_byte_env/training/jax_mappo/transfer.py  modified:   tests/test_train_mappo_jax.py
58ea666	58ea66654aad7fb0cabdadfc40e4690e38ead1df	2026-07-01T11:47:24-03:00	hundred-bridge-maze-stress	D	.	notebooks/source_layouts/proximity_sources_50x50.ipynb	modified:   experiments/exploration_to_forage_proximity_sources_50x50.json  new file:   notebooks/source_layouts/proximity_sources_50x50 cookie radius.ipynb  new file:   notebooks/source_layouts/proximity_sources_50x50 maze.ipynb  deleted:    notebooks/source_layouts/proximity_sources_50x50.ipynb  modified:   src/ant_byte_env/training/jax_mappo/transfer.py  modified:   tests/test_train_mappo_jax.py
58ea666	58ea66654aad7fb0cabdadfc40e4690e38ead1df	2026-07-01T11:47:24-03:00	hundred-bridge-maze-stress	M	.	src/ant_byte_env/training/jax_mappo/transfer.py	modified:   experiments/exploration_to_forage_proximity_sources_50x50.json  new file:   notebooks/source_layouts/proximity_sources_50x50 cookie radius.ipynb  new file:   notebooks/source_layouts/proximity_sources_50x50 maze.ipynb  deleted:    notebooks/source_layouts/proximity_sources_50x50.ipynb  modified:   src/ant_byte_env/training/jax_mappo/transfer.py  modified:   tests/test_train_mappo_jax.py
58ea666	58ea66654aad7fb0cabdadfc40e4690e38ead1df	2026-07-01T11:47:24-03:00	hundred-bridge-maze-stress	M	.	tests/test_train_mappo_jax.py	modified:   experiments/exploration_to_forage_proximity_sources_50x50.json  new file:   notebooks/source_layouts/proximity_sources_50x50 cookie radius.ipynb  new file:   notebooks/source_layouts/proximity_sources_50x50 maze.ipynb  deleted:    notebooks/source_layouts/proximity_sources_50x50.ipynb  modified:   src/ant_byte_env/training/jax_mappo/transfer.py  modified:   tests/test_train_mappo_jax.py
80b902d	80b902d97ba8a8a453d1fe2345b48487bf3136c5	2026-07-02T15:38:05-03:00	sixty-ant-50x50-stabilization	A	.	experiments/exploration_to_forage_full_layout_60ants_half_food_50x50_shared_writes_write_cost_8bits_stabilize_from_60best.json	feat: add memory-safe cleanup eval loop
80b902d	80b902d97ba8a8a453d1fe2345b48487bf3136c5	2026-07-02T15:38:05-03:00	sixty-ant-50x50-stabilization	A	.	scripts/run_cleanup_temperature_schedule_loop.py	feat: add memory-safe cleanup eval loop
80b902d	80b902d97ba8a8a453d1fe2345b48487bf3136c5	2026-07-02T15:38:05-03:00	sixty-ant-50x50-stabilization	A	.	scripts/run_deployment_action_sweep.py	feat: add memory-safe cleanup eval loop
80b902d	80b902d97ba8a8a453d1fe2345b48487bf3136c5	2026-07-02T15:38:05-03:00	sixty-ant-50x50-stabilization	A	.	scripts/run_overnight_efficiency_sweep.py	feat: add memory-safe cleanup eval loop
80b902d	80b902d97ba8a8a453d1fe2345b48487bf3136c5	2026-07-02T15:38:05-03:00	sixty-ant-50x50-stabilization	A	.	scripts/run_temperature_robustness_loop.py	feat: add memory-safe cleanup eval loop
80b902d	80b902d97ba8a8a453d1fe2345b48487bf3136c5	2026-07-02T15:38:05-03:00	sixty-ant-50x50-stabilization	M	.	src/ant_byte_env/training/jax_mappo/evaluation.py	feat: add memory-safe cleanup eval loop
80b902d	80b902d97ba8a8a453d1fe2345b48487bf3136c5	2026-07-02T15:38:05-03:00	sixty-ant-50x50-stabilization	M	.	tests/test_train_mappo_jax.py	feat: add memory-safe cleanup eval loop
80b902d	80b902d97ba8a8a453d1fe2345b48487bf3136c5	2026-07-02T15:38:05-03:00	sixty-ant-50x50-stabilization	M	.	tests/test_workflow_experiments.py	feat: add memory-safe cleanup eval loop
1e3f96c	1e3f96c0aff1b0207d69f877a4991fb722d2504e	2026-07-02T16:21:00-03:00	infra-tests-ci-cleanup	M	.	scripts/run_cleanup_temperature_schedule_loop.py	chore: increase cleanup loop video cadence
b3f8879	b3f88797daa95bbff6086494642c4c468fe9ab1c	2026-07-02T16:41:03-03:00	infra-tests-ci-cleanup	M	.	scripts/run_cleanup_temperature_schedule_loop.py	chore: focus cleanup schedule sweep
9d1e147	9d1e147f9b7ea644ec8f6732314d7e0bfe8d763a	2026-07-02T17:27:37-03:00	adversarial-roles-side-branches	M	.	notebooks/adversarial/capability_audit.ipynb	Record adversarial eval diagnostics and role renders
9d1e147	9d1e147f9b7ea644ec8f6732314d7e0bfe8d763a	2026-07-02T17:27:37-03:00	adversarial-roles-side-branches	M	.	notebooks/adversarial/frozen_opponent.ipynb	Record adversarial eval diagnostics and role renders
9d1e147	9d1e147f9b7ea644ec8f6732314d7e0bfe8d763a	2026-07-02T17:27:37-03:00	adversarial-roles-side-branches	M	.	src/ant_byte_env/training/jax_mappo/adversarial/evaluation.py	Record adversarial eval diagnostics and role renders
9d1e147	9d1e147f9b7ea644ec8f6732314d7e0bfe8d763a	2026-07-02T17:27:37-03:00	adversarial-roles-side-branches	M	.	src/ant_byte_env/training/jax_mappo/adversarial/rendering.py	Record adversarial eval diagnostics and role renders
9d1e147	9d1e147f9b7ea644ec8f6732314d7e0bfe8d763a	2026-07-02T17:27:37-03:00	adversarial-roles-side-branches	M	.	tests/test_jax_adversarial_mappo.py	Record adversarial eval diagnostics and role renders
46aa332	46aa33237d2851e260c89ce2a00c58228f326a2f	2026-07-02T18:00:20-03:00	adversarial-roles-side-branches	A	.	experiments/timed_release_roles_8ants_shared_writes.json	Add timed-release cooperative roles experiment
46aa332	46aa33237d2851e260c89ce2a00c58228f326a2f	2026-07-02T18:00:20-03:00	adversarial-roles-side-branches	A	.	notebooks/timed_release/roles.ipynb	Add timed-release cooperative roles experiment
46aa332	46aa33237d2851e260c89ce2a00c58228f326a2f	2026-07-02T18:00:20-03:00	adversarial-roles-side-branches	M	.	src/ant_byte_env/cli.py	Add timed-release cooperative roles experiment
46aa332	46aa33237d2851e260c89ce2a00c58228f326a2f	2026-07-02T18:00:20-03:00	adversarial-roles-side-branches	M	.	src/ant_byte_env/training/jax_mappo/rollout.py	Add timed-release cooperative roles experiment
46aa332	46aa33237d2851e260c89ce2a00c58228f326a2f	2026-07-02T18:00:20-03:00	adversarial-roles-side-branches	A	.	src/ant_byte_env/training/jax_mappo/timed_release/__init__.py	Add timed-release cooperative roles experiment
46aa332	46aa33237d2851e260c89ce2a00c58228f326a2f	2026-07-02T18:00:20-03:00	adversarial-roles-side-branches	A	.	src/ant_byte_env/training/jax_mappo/timed_release/cli.py	Add timed-release cooperative roles experiment
46aa332	46aa33237d2851e260c89ce2a00c58228f326a2f	2026-07-02T18:00:20-03:00	adversarial-roles-side-branches	A	.	src/ant_byte_env/training/jax_mappo/timed_release/env.py	Add timed-release cooperative roles experiment
46aa332	46aa33237d2851e260c89ce2a00c58228f326a2f	2026-07-02T18:00:20-03:00	adversarial-roles-side-branches	A	.	src/ant_byte_env/training/jax_mappo/timed_release/evaluation.py	Add timed-release cooperative roles experiment
46aa332	46aa33237d2851e260c89ce2a00c58228f326a2f	2026-07-02T18:00:20-03:00	adversarial-roles-side-branches	A	.	src/ant_byte_env/training/jax_mappo/timed_release/rendering.py	Add timed-release cooperative roles experiment
46aa332	46aa33237d2851e260c89ce2a00c58228f326a2f	2026-07-02T18:00:20-03:00	adversarial-roles-side-branches	A	.	src/ant_byte_env/training/jax_mappo/timed_release/rollout.py	Add timed-release cooperative roles experiment
46aa332	46aa33237d2851e260c89ce2a00c58228f326a2f	2026-07-02T18:00:20-03:00	adversarial-roles-side-branches	A	.	src/ant_byte_env/training/jax_mappo/timed_release/runner.py	Add timed-release cooperative roles experiment
46aa332	46aa33237d2851e260c89ce2a00c58228f326a2f	2026-07-02T18:00:20-03:00	adversarial-roles-side-branches	A	.	src/ant_byte_env/training/jax_mappo/timed_release/types.py	Add timed-release cooperative roles experiment
46aa332	46aa33237d2851e260c89ce2a00c58228f326a2f	2026-07-02T18:00:20-03:00	adversarial-roles-side-branches	M	.	src/ant_byte_env/training/jax_mappo/types.py	Add timed-release cooperative roles experiment
46aa332	46aa33237d2851e260c89ce2a00c58228f326a2f	2026-07-02T18:00:20-03:00	adversarial-roles-side-branches	M	.	src/ant_byte_env/training/jax_mappo/updates.py	Add timed-release cooperative roles experiment
46aa332	46aa33237d2851e260c89ce2a00c58228f326a2f	2026-07-02T18:00:20-03:00	adversarial-roles-side-branches	A	.	tests/test_jax_timed_release_mappo.py	Add timed-release cooperative roles experiment
46aa332	46aa33237d2851e260c89ce2a00c58228f326a2f	2026-07-02T18:00:20-03:00	adversarial-roles-side-branches	M	.	tests/test_notebook_layout.py	Add timed-release cooperative roles experiment
46aa332	46aa33237d2851e260c89ce2a00c58228f326a2f	2026-07-02T18:00:20-03:00	adversarial-roles-side-branches	M	.	tests/test_train_mappo_jax.py	Add timed-release cooperative roles experiment
4aad30d	4aad30da3a4f984b6ec0993fd1a46e158adc686c	2026-07-02T18:03:10-03:00	adversarial-roles-side-branches	A	.	docs/adversarial_frozen_opponent_story.md	Document adversarial frozen-opponent experiments
8d7b582	8d7b582ee3295c7868df6f6c017ac668f035c8ae	2026-07-02T19:02:50-03:00	adversarial-roles-side-branches	M	.	docs/experiments.md	Tune timed-release role probe for local CPU
8d7b582	8d7b582ee3295c7868df6f6c017ac668f035c8ae	2026-07-02T19:02:50-03:00	adversarial-roles-side-branches	A	.	docs/timed_release_roles.md	Tune timed-release role probe for local CPU
8d7b582	8d7b582ee3295c7868df6f6c017ac668f035c8ae	2026-07-02T19:02:50-03:00	adversarial-roles-side-branches	M	.	experiments/timed_release_roles_8ants_shared_writes.json	Tune timed-release role probe for local CPU
8d7b582	8d7b582ee3295c7868df6f6c017ac668f035c8ae	2026-07-02T19:02:50-03:00	adversarial-roles-side-branches	M	.	notebooks/timed_release/roles.ipynb	Tune timed-release role probe for local CPU
8d7b582	8d7b582ee3295c7868df6f6c017ac668f035c8ae	2026-07-02T19:02:50-03:00	adversarial-roles-side-branches	M	.	src/ant_byte_env/training/jax_mappo/__init__.py	Tune timed-release role probe for local CPU
8d7b582	8d7b582ee3295c7868df6f6c017ac668f035c8ae	2026-07-02T19:02:50-03:00	adversarial-roles-side-branches	M	.	src/ant_byte_env/training/jax_mappo/timed_release/cli.py	Tune timed-release role probe for local CPU
8d7b582	8d7b582ee3295c7868df6f6c017ac668f035c8ae	2026-07-02T19:02:50-03:00	adversarial-roles-side-branches	M	.	src/ant_byte_env/training/jax_mappo/timed_release/runner.py	Tune timed-release role probe for local CPU
8d7b582	8d7b582ee3295c7868df6f6c017ac668f035c8ae	2026-07-02T19:02:50-03:00	adversarial-roles-side-branches	M	.	src/ant_byte_env/training/jax_mappo/transfer.py	Tune timed-release role probe for local CPU
8d7b582	8d7b582ee3295c7868df6f6c017ac668f035c8ae	2026-07-02T19:02:50-03:00	adversarial-roles-side-branches	M	.	tests/test_jax_timed_release_mappo.py	Tune timed-release role probe for local CPU
8d7b582	8d7b582ee3295c7868df6f6c017ac668f035c8ae	2026-07-02T19:02:50-03:00	adversarial-roles-side-branches	M	.	tests/test_train_mappo_jax.py	Tune timed-release role probe for local CPU
345b88a	345b88ad83920fd73efe0c099216e3e10f3b584e	2026-07-02T19:25:26-03:00	hundred-bridge-maze-stress	A	.	scripts/run_100x100_bridge_sweep.py	feat: add 100x100 bridge sweep launcher
483a22c	483a22cf27f4979fffe54921d2964661596905f5	2026-07-02T19:50:17-03:00	hundred-bridge-maze-stress	A	.	scripts/run_100x100_continuation_sweep.py	feat: add 100x100 continuation sweep
f0d80f1	f0d80f19214f6dc2add40f1e22e39b2b3cd4eb00	2026-07-02T20:20:26-03:00	hundred-bridge-maze-stress	A	.	scripts/eval_100x100_temperature_grid.py	feat: add 100x100 temperature eval grid
9665577	9665577c759d672b02471c420c3400263d19a035	2026-07-02T20:34:47-03:00	hundred-bridge-maze-stress	A	.	scripts/run_100x100_progress_video_daemon.py	feat: add fixed 100x100 progress video uploader
900fcc0	900fcc0f9100061ee94a00113211245dffcdc09d	2026-07-02T20:57:53-03:00	hundred-bridge-maze-stress	M	.	scripts/run_100x100_progress_video_daemon.py	fix: make 100x100 progress videos resume reliably
ea36bd1	ea36bd1c0d9c49f01b4a5ef602e0bec9b15690af	2026-07-02T21:38:00-03:00	hundred-bridge-maze-stress	M	.	scripts/run_100x100_progress_video_daemon.py	fix: archive 100x100 progress videos in wandb
00fa2e3	00fa2e3cc967d7b61694c201647f4bb7ab03deb8	2026-07-02T21:44:53-03:00	hundred-bridge-maze-stress	A	.	scripts/__init__.py	feat: make 100x100 sweeps target 120 ants
00fa2e3	00fa2e3cc967d7b61694c201647f4bb7ab03deb8	2026-07-02T21:44:53-03:00	hundred-bridge-maze-stress	M	.	scripts/run_100x100_bridge_sweep.py	feat: make 100x100 sweeps target 120 ants
00fa2e3	00fa2e3cc967d7b61694c201647f4bb7ab03deb8	2026-07-02T21:44:53-03:00	hundred-bridge-maze-stress	M	.	scripts/run_100x100_continuation_sweep.py	feat: make 100x100 sweeps target 120 ants
ed2d78e	ed2d78e726fde73d599297921600279d00f8066c	2026-07-02T21:59:19-03:00	hundred-bridge-maze-stress	M	.	scripts/run_100x100_progress_video_daemon.py	fix: publish progress video site panel
aea6e52	aea6e52180b03212a67134624d0664aec11e0c6e	2026-07-02T22:27:39-03:00	hundred-bridge-maze-stress	M	.	scripts/run_100x100_progress_video_daemon.py	fix: collapse progress video logging to one wandb table
c4851c7	c4851c7941ef0bffd53de2452d6ac6c56a501bfd	2026-07-02T22:29:22-03:00	hundred-bridge-maze-stress	M	.	scripts/run_100x100_continuation_sweep.py	feat: allow 100x100 continuation source override
c1a0741	c1a0741f5b687216f19a612d782f0b130e640043	2026-07-03T13:24:38-03:00	twofifty-frontier-reset	A	.	experiments/half_scale_distance_250x250_reasonable_truncation_from_frontier.json	feat: add 250x250 truncation continuation config
10b09d0	10b09d0a8421d846fd56895d50b3f003f3e9efd3	2026-07-03T14:56:14-03:00	twofifty-frontier-reset	A	.	experiments/half_scale_distance_250x250_d16_trunc4096_from_685best.json	feat: add d16 250x250 continuation config
935e654	935e6547961816a5266d787b5deed45c0f8add4c	2026-07-03T14:58:39-03:00	hundred-bridge-maze-stress	M	.	scripts/run_100x100_progress_video_daemon.py	fix: flush progress video table each cycle
f776de5	f776de5a916b6a203c70a8e5541716c2969d1c19	2026-07-03T15:23:08-03:00	twofifty-frontier-reset	A	.	experiments/half_scale_distance_250x250_soft_d8d16_trunc4096_from_685best.json	feat: add soft 250x250 continuation config
a203c2d	a203c2d4fbb9315b7048f07f3557605fe9e340c1	2026-07-03T15:44:28-03:00	bigmap-deployment-rendering	A	.	scripts/render_best_policy_bigmap_state_video.py	feat: add best policy bigmap state render
a203c2d	a203c2d4fbb9315b7048f07f3557605fe9e340c1	2026-07-03T15:44:28-03:00	bigmap-deployment-rendering	M	.	src/ant_byte_env/env.py	feat: add best policy bigmap state render
a203c2d	a203c2d4fbb9315b7048f07f3557605fe9e340c1	2026-07-03T15:44:28-03:00	bigmap-deployment-rendering	M	.	tests/test_env_api.py	feat: add best policy bigmap state render
4755061	4755061a5be96a8a406d02e459148d69355a487e	2026-07-03T16:19:03-03:00	bigmap-deployment-rendering	M	.	scripts/render_best_policy_bigmap_state_video.py	feat: support explicit bigmap render layouts
e0a80c9	e0a80c92172a71044c26211a23d5305eda9b3876	2026-07-03T16:38:26-03:00	bigmap-deployment-rendering	M	.	scripts/render_best_policy_bigmap_state_video.py	feat: allow bigmap render deployment overrides
5b27fd2	5b27fd26abc73332802b7bee065af0f6fbae380b	2026-07-03T17:41:06-03:00	bigmap-deployment-rendering	A	.	scripts/rerender_bigmap_palette_variants.py	feat: add bigmap palette rerender helper
a4ed53c	a4ed53ca8aa2b85b9497b74678af9a49b8e0793d	2026-07-03T18:10:04-03:00	sixty-ant-50x50-stabilization	A	.	docs/planning/experiment-history-analysis.md	chore: checkpoint overnight research state
a4ed53c	a4ed53ca8aa2b85b9497b74678af9a49b8e0793d	2026-07-03T18:10:04-03:00	sixty-ant-50x50-stabilization	A	.	experiments/exploration_to_forage_full_layout_60ants_half_food_50x50_shared_writes_write_cost_8bits_from_best.json	chore: checkpoint overnight research state
a4ed53c	a4ed53ca8aa2b85b9497b74678af9a49b8e0793d	2026-07-03T18:10:04-03:00	sixty-ant-50x50-stabilization	A	.	experiments/exploration_to_forage_full_layout_60ants_half_food_50x50_shared_writes_write_cost_8bits_speed_shaping_from_60best.json	chore: checkpoint overnight research state
a4ed53c	a4ed53ca8aa2b85b9497b74678af9a49b8e0793d	2026-07-03T18:10:04-03:00	sixty-ant-50x50-stabilization	A	.	experiments/exploration_to_forage_full_layout_60ants_half_food_50x50_shared_writes_write_cost_8bits_time_penalty_from_stabilized_best.json	chore: checkpoint overnight research state
a4ed53c	a4ed53ca8aa2b85b9497b74678af9a49b8e0793d	2026-07-03T18:10:04-03:00	sixty-ant-50x50-stabilization	A	.	experiments/half_scale_distance_autocurriculum_250x250_healthy_reset.json	chore: checkpoint overnight research state
a4ed53c	a4ed53ca8aa2b85b9497b74678af9a49b8e0793d	2026-07-03T18:10:04-03:00	sixty-ant-50x50-stabilization	A	.	logs/100x100_bridge_sweep_20260702_222225.log	chore: checkpoint overnight research state
a4ed53c	a4ed53ca8aa2b85b9497b74678af9a49b8e0793d	2026-07-03T18:10:04-03:00	sixty-ant-50x50-stabilization	A	.	logs/100x100_bridge_sweep_20260702_222315.log	chore: checkpoint overnight research state
a4ed53c	a4ed53ca8aa2b85b9497b74678af9a49b8e0793d	2026-07-03T18:10:04-03:00	sixty-ant-50x50-stabilization	A	.	logs/100x100_continuation_sweep_20260702_225027.log	chore: checkpoint overnight research state
a4ed53c	a4ed53ca8aa2b85b9497b74678af9a49b8e0793d	2026-07-03T18:10:04-03:00	sixty-ant-50x50-stabilization	A	.	logs/100x100_hard_temperature_refine_20260702_210546.log	chore: checkpoint overnight research state
a4ed53c	a4ed53ca8aa2b85b9497b74678af9a49b8e0793d	2026-07-03T18:10:04-03:00	sixty-ant-50x50-stabilization	A	.	logs/100x100_progress_videos.log	chore: checkpoint overnight research state
a4ed53c	a4ed53ca8aa2b85b9497b74678af9a49b8e0793d	2026-07-03T18:10:04-03:00	sixty-ant-50x50-stabilization	A	.	logs/100x100_temperature_grid_20260702_232038.log	chore: checkpoint overnight research state
a4ed53c	a4ed53ca8aa2b85b9497b74678af9a49b8e0793d	2026-07-03T18:10:04-03:00	sixty-ant-50x50-stabilization	A	.	logs/100x100_temperature_grid_refine_20260702_204431.log	chore: checkpoint overnight research state
a4ed53c	a4ed53ca8aa2b85b9497b74678af9a49b8e0793d	2026-07-03T18:10:04-03:00	sixty-ant-50x50-stabilization	A	.	logs/hs250_d16_trunc4096_from_685best.log	chore: checkpoint overnight research state
a4ed53c	a4ed53ca8aa2b85b9497b74678af9a49b8e0793d	2026-07-03T18:10:04-03:00	sixty-ant-50x50-stabilization	A	.	logs/hs250_reasonable_trunc4096_from_frontier.log	chore: checkpoint overnight research state
a4ed53c	a4ed53ca8aa2b85b9497b74678af9a49b8e0793d	2026-07-03T18:10:04-03:00	sixty-ant-50x50-stabilization	M	.	notebooks/README.md	chore: checkpoint overnight research state
a4ed53c	a4ed53ca8aa2b85b9497b74678af9a49b8e0793d	2026-07-03T18:10:04-03:00	sixty-ant-50x50-stabilization	A	.	notebooks/curriculum/distance_autocurriculum_250x250.ipynb	chore: checkpoint overnight research state
a4ed53c	a4ed53ca8aa2b85b9497b74678af9a49b8e0793d	2026-07-03T18:10:04-03:00	sixty-ant-50x50-stabilization	A	.	notebooks/scaling/full_layout_60ants_half_food_shared_writes_write_cost_8bits_50x50.ipynb	chore: checkpoint overnight research state
a4ed53c	a4ed53ca8aa2b85b9497b74678af9a49b8e0793d	2026-07-03T18:10:04-03:00	sixty-ant-50x50-stabilization	M	.	notebooks/scaling/full_layout_8ants_half_food_shared_writes_write_cost_8bits_50x50.ipynb	chore: checkpoint overnight research state
a4ed53c	a4ed53ca8aa2b85b9497b74678af9a49b8e0793d	2026-07-03T18:10:04-03:00	sixty-ant-50x50-stabilization	A	.	report/.gitignore	chore: checkpoint overnight research state
a4ed53c	a4ed53ca8aa2b85b9497b74678af9a49b8e0793d	2026-07-03T18:10:04-03:00	sixty-ant-50x50-stabilization	A	.	report/Makefile	chore: checkpoint overnight research state
a4ed53c	a4ed53ca8aa2b85b9497b74678af9a49b8e0793d	2026-07-03T18:10:04-03:00	sixty-ant-50x50-stabilization	A	.	report/README.md	chore: checkpoint overnight research state
a4ed53c	a4ed53ca8aa2b85b9497b74678af9a49b8e0793d	2026-07-03T18:10:04-03:00	sixty-ant-50x50-stabilization	A	.	report/data/figure_250x250.csv	chore: checkpoint overnight research state
a4ed53c	a4ed53ca8aa2b85b9497b74678af9a49b8e0793d	2026-07-03T18:10:04-03:00	sixty-ant-50x50-stabilization	A	.	report/data/figure_25x25_modes.csv	chore: checkpoint overnight research state
a4ed53c	a4ed53ca8aa2b85b9497b74678af9a49b8e0793d	2026-07-03T18:10:04-03:00	sixty-ant-50x50-stabilization	A	.	report/data/figure_behavior_sources.csv	chore: checkpoint overnight research state
a4ed53c	a4ed53ca8aa2b85b9497b74678af9a49b8e0793d	2026-07-03T18:10:04-03:00	sixty-ant-50x50-stabilization	A	.	report/data/figure_bits_vs_ants.csv	chore: checkpoint overnight research state
a4ed53c	a4ed53ca8aa2b85b9497b74678af9a49b8e0793d	2026-07-03T18:10:04-03:00	sixty-ant-50x50-stabilization	A	.	report/data/figure_critic_50x50.csv	chore: checkpoint overnight research state
a4ed53c	a4ed53ca8aa2b85b9497b74678af9a49b8e0793d	2026-07-03T18:10:04-03:00	sixty-ant-50x50-stabilization	A	.	report/data/figure_rare_50x50.csv	chore: checkpoint overnight research state
a4ed53c	a4ed53ca8aa2b85b9497b74678af9a49b8e0793d	2026-07-03T18:10:04-03:00	sixty-ant-50x50-stabilization	A	.	report/data/figure_sources.md	chore: checkpoint overnight research state
a4ed53c	a4ed53ca8aa2b85b9497b74678af9a49b8e0793d	2026-07-03T18:10:04-03:00	sixty-ant-50x50-stabilization	A	.	report/figures/fig_250x250_diagnostics.pdf	chore: checkpoint overnight research state
a4ed53c	a4ed53ca8aa2b85b9497b74678af9a49b8e0793d	2026-07-03T18:10:04-03:00	sixty-ant-50x50-stabilization	A	.	report/figures/fig_250x250_diagnostics.png	chore: checkpoint overnight research state
a4ed53c	a4ed53ca8aa2b85b9497b74678af9a49b8e0793d	2026-07-03T18:10:04-03:00	sixty-ant-50x50-stabilization	A	.	report/figures/fig_25x25_modes.pdf	chore: checkpoint overnight research state
a4ed53c	a4ed53ca8aa2b85b9497b74678af9a49b8e0793d	2026-07-03T18:10:04-03:00	sixty-ant-50x50-stabilization	A	.	report/figures/fig_25x25_modes.png	chore: checkpoint overnight research state
a4ed53c	a4ed53ca8aa2b85b9497b74678af9a49b8e0793d	2026-07-03T18:10:04-03:00	sixty-ant-50x50-stabilization	A	.	report/figures/fig_behavior_montage.jpg	chore: checkpoint overnight research state
a4ed53c	a4ed53ca8aa2b85b9497b74678af9a49b8e0793d	2026-07-03T18:10:04-03:00	sixty-ant-50x50-stabilization	A	.	report/figures/fig_bits_vs_ants.pdf	chore: checkpoint overnight research state
a4ed53c	a4ed53ca8aa2b85b9497b74678af9a49b8e0793d	2026-07-03T18:10:04-03:00	sixty-ant-50x50-stabilization	A	.	report/figures/fig_bits_vs_ants.png	chore: checkpoint overnight research state
a4ed53c	a4ed53ca8aa2b85b9497b74678af9a49b8e0793d	2026-07-03T18:10:04-03:00	sixty-ant-50x50-stabilization	A	.	report/figures/fig_critic_50x50.pdf	chore: checkpoint overnight research state
a4ed53c	a4ed53ca8aa2b85b9497b74678af9a49b8e0793d	2026-07-03T18:10:04-03:00	sixty-ant-50x50-stabilization	A	.	report/figures/fig_critic_50x50.png	chore: checkpoint overnight research state
a4ed53c	a4ed53ca8aa2b85b9497b74678af9a49b8e0793d	2026-07-03T18:10:04-03:00	sixty-ant-50x50-stabilization	A	.	report/figures/fig_rare_50x50.pdf	chore: checkpoint overnight research state
a4ed53c	a4ed53ca8aa2b85b9497b74678af9a49b8e0793d	2026-07-03T18:10:04-03:00	sixty-ant-50x50-stabilization	A	.	report/figures/fig_rare_50x50.png	chore: checkpoint overnight research state
a4ed53c	a4ed53ca8aa2b85b9497b74678af9a49b8e0793d	2026-07-03T18:10:04-03:00	sixty-ant-50x50-stabilization	A	.	report/main.pdf	chore: checkpoint overnight research state
a4ed53c	a4ed53ca8aa2b85b9497b74678af9a49b8e0793d	2026-07-03T18:10:04-03:00	sixty-ant-50x50-stabilization	A	.	report/main.tex	chore: checkpoint overnight research state
a4ed53c	a4ed53ca8aa2b85b9497b74678af9a49b8e0793d	2026-07-03T18:10:04-03:00	sixty-ant-50x50-stabilization	A	.	report/references.bib	chore: checkpoint overnight research state
a4ed53c	a4ed53ca8aa2b85b9497b74678af9a49b8e0793d	2026-07-03T18:10:04-03:00	sixty-ant-50x50-stabilization	A	.	report/scripts/build_figures.py	chore: checkpoint overnight research state
a4ed53c	a4ed53ca8aa2b85b9497b74678af9a49b8e0793d	2026-07-03T18:10:04-03:00	sixty-ant-50x50-stabilization	M	.	scripts/render_jax_channel_grid_video.py	chore: checkpoint overnight research state
a4ed53c	a4ed53ca8aa2b85b9497b74678af9a49b8e0793d	2026-07-03T18:10:04-03:00	sixty-ant-50x50-stabilization	M	.	scripts/run_full_layout_8ants_half_food_continuation.py	chore: checkpoint overnight research state
a4ed53c	a4ed53ca8aa2b85b9497b74678af9a49b8e0793d	2026-07-03T18:10:04-03:00	sixty-ant-50x50-stabilization	M	.	scripts/run_full_layout_proximity_continuation.py	chore: checkpoint overnight research state
a4ed53c	a4ed53ca8aa2b85b9497b74678af9a49b8e0793d	2026-07-03T18:10:04-03:00	sixty-ant-50x50-stabilization	M	.	src/ant_byte_env/experiments.py	chore: checkpoint overnight research state
a4ed53c	a4ed53ca8aa2b85b9497b74678af9a49b8e0793d	2026-07-03T18:10:04-03:00	sixty-ant-50x50-stabilization	A	.	src/ant_byte_env/jax_distance_autocurriculum_env.py	chore: checkpoint overnight research state
a4ed53c	a4ed53ca8aa2b85b9497b74678af9a49b8e0793d	2026-07-03T18:10:04-03:00	sixty-ant-50x50-stabilization	M	.	src/ant_byte_env/notebook_workflows.py	chore: checkpoint overnight research state
a4ed53c	a4ed53ca8aa2b85b9497b74678af9a49b8e0793d	2026-07-03T18:10:04-03:00	sixty-ant-50x50-stabilization	M	.	src/ant_byte_env/rendering.py	chore: checkpoint overnight research state
a4ed53c	a4ed53ca8aa2b85b9497b74678af9a49b8e0793d	2026-07-03T18:10:04-03:00	sixty-ant-50x50-stabilization	M	.	src/ant_byte_env/training/jax_mappo/cli.py	chore: checkpoint overnight research state
a4ed53c	a4ed53ca8aa2b85b9497b74678af9a49b8e0793d	2026-07-03T18:10:04-03:00	sixty-ant-50x50-stabilization	M	.	src/ant_byte_env/training/jax_mappo/core.py	chore: checkpoint overnight research state
a4ed53c	a4ed53ca8aa2b85b9497b74678af9a49b8e0793d	2026-07-03T18:10:04-03:00	sixty-ant-50x50-stabilization	M	.	src/ant_byte_env/training/jax_mappo/curriculum.py	chore: checkpoint overnight research state
a4ed53c	a4ed53ca8aa2b85b9497b74678af9a49b8e0793d	2026-07-03T18:10:04-03:00	sixty-ant-50x50-stabilization	M	.	src/ant_byte_env/training/jax_mappo/probe.py	chore: checkpoint overnight research state
a4ed53c	a4ed53ca8aa2b85b9497b74678af9a49b8e0793d	2026-07-03T18:10:04-03:00	sixty-ant-50x50-stabilization	M	.	src/ant_byte_env/training/jax_mappo/rollout.py	chore: checkpoint overnight research state
a4ed53c	a4ed53ca8aa2b85b9497b74678af9a49b8e0793d	2026-07-03T18:10:04-03:00	sixty-ant-50x50-stabilization	M	.	src/ant_byte_env/training/jax_mappo/runner.py	chore: checkpoint overnight research state
a4ed53c	a4ed53ca8aa2b85b9497b74678af9a49b8e0793d	2026-07-03T18:10:04-03:00	sixty-ant-50x50-stabilization	M	.	src/ant_byte_env/training/jax_mappo/transfer.py	chore: checkpoint overnight research state
a4ed53c	a4ed53ca8aa2b85b9497b74678af9a49b8e0793d	2026-07-03T18:10:04-03:00	sixty-ant-50x50-stabilization	M	.	tests/test_notebook_layout.py	chore: checkpoint overnight research state
034b752	034b7526ea630e98a1e7da19c00f08986654f247	2026-07-03T18:16:44-03:00	report-site-paper-assets	A	.	docs/planning/complete-experiment-chronology.md	docs: add complete experiment chronology
c82519e	c82519e00dbb47b27ea73a0d7db03b15f51fa283	2026-07-03T18:27:10-03:00	twofifty-frontier-reset	A	.	docs/.nojekyll	feat: add report website
c82519e	c82519e00dbb47b27ea73a0d7db03b15f51fa283	2026-07-03T18:27:10-03:00	twofifty-frontier-reset	A	.	docs/index.html	feat: add report website
c82519e	c82519e00dbb47b27ea73a0d7db03b15f51fa283	2026-07-03T18:27:10-03:00	twofifty-frontier-reset	A	.	docs/report-site/assets/curves/curve_100x100_bridge.svg	feat: add report website
c82519e	c82519e00dbb47b27ea73a0d7db03b15f51fa283	2026-07-03T18:27:10-03:00	twofifty-frontier-reset	A	.	docs/report-site/assets/curves/curve_250x250_reset.svg	feat: add report website
c82519e	c82519e00dbb47b27ea73a0d7db03b15f51fa283	2026-07-03T18:27:10-03:00	twofifty-frontier-reset	A	.	docs/report-site/assets/curves/curve_25x25_ant_count.svg	feat: add report website
c82519e	c82519e00dbb47b27ea73a0d7db03b15f51fa283	2026-07-03T18:27:10-03:00	twofifty-frontier-reset	A	.	docs/report-site/assets/curves/curve_50x50_efficiency_sweep.svg	feat: add report website
c82519e	c82519e00dbb47b27ea73a0d7db03b15f51fa283	2026-07-03T18:27:10-03:00	twofifty-frontier-reset	A	.	docs/report-site/assets/curves/curve_50x50_efficient.svg	feat: add report website
c82519e	c82519e00dbb47b27ea73a0d7db03b15f51fa283	2026-07-03T18:27:10-03:00	twofifty-frontier-reset	A	.	docs/report-site/assets/plots/fig_250x250_diagnostics.png	feat: add report website
c82519e	c82519e00dbb47b27ea73a0d7db03b15f51fa283	2026-07-03T18:27:10-03:00	twofifty-frontier-reset	A	.	docs/report-site/assets/plots/fig_25x25_modes.png	feat: add report website
c82519e	c82519e00dbb47b27ea73a0d7db03b15f51fa283	2026-07-03T18:27:10-03:00	twofifty-frontier-reset	A	.	docs/report-site/assets/plots/fig_behavior_montage.jpg	feat: add report website
c82519e	c82519e00dbb47b27ea73a0d7db03b15f51fa283	2026-07-03T18:27:10-03:00	twofifty-frontier-reset	A	.	docs/report-site/assets/plots/fig_bits_vs_ants.png	feat: add report website
c82519e	c82519e00dbb47b27ea73a0d7db03b15f51fa283	2026-07-03T18:27:10-03:00	twofifty-frontier-reset	A	.	docs/report-site/assets/plots/fig_critic_50x50.png	feat: add report website
c82519e	c82519e00dbb47b27ea73a0d7db03b15f51fa283	2026-07-03T18:27:10-03:00	twofifty-frontier-reset	A	.	docs/report-site/assets/plots/fig_rare_50x50.png	feat: add report website
c82519e	c82519e00dbb47b27ea73a0d7db03b15f51fa283	2026-07-03T18:27:10-03:00	twofifty-frontier-reset	A	.	docs/report-site/assets/report-draft.pdf	feat: add report website
c82519e	c82519e00dbb47b27ea73a0d7db03b15f51fa283	2026-07-03T18:27:10-03:00	twofifty-frontier-reset	A	.	docs/report-site/assets/videos/bridge-100x100.mp4	feat: add report website
c82519e	c82519e00dbb47b27ea73a0d7db03b15f51fa283	2026-07-03T18:27:10-03:00	twofifty-frontier-reset	A	.	docs/report-site/assets/videos/forage-25x25-4ants.mp4	feat: add report website
c82519e	c82519e00dbb47b27ea73a0d7db03b15f51fa283	2026-07-03T18:27:10-03:00	twofifty-frontier-reset	A	.	docs/report-site/assets/videos/frontier-250x250.mp4	feat: add report website
c82519e	c82519e00dbb47b27ea73a0d7db03b15f51fa283	2026-07-03T18:27:10-03:00	twofifty-frontier-reset	A	.	docs/report-site/assets/videos/frontier-50x50.mp4	feat: add report website
c82519e	c82519e00dbb47b27ea73a0d7db03b15f51fa283	2026-07-03T18:27:10-03:00	twofifty-frontier-reset	A	.	docs/report-site/site.js	feat: add report website
c82519e	c82519e00dbb47b27ea73a0d7db03b15f51fa283	2026-07-03T18:27:10-03:00	twofifty-frontier-reset	A	.	docs/report-site/styles.css	feat: add report website
d29580a	d29580ad9084ea0ff63eb5327c164e00cb568318	2026-07-03T20:18:21-03:00	bigmap-deployment-rendering	M	.	docs/index.html	feat: add interactive policy sandbox
d29580a	d29580ad9084ea0ff63eb5327c164e00cb568318	2026-07-03T20:18:21-03:00	bigmap-deployment-rendering	A	.	docs/report-site/assets/data/policy-runner-25x25-4ants.js	feat: add interactive policy sandbox
d29580a	d29580ad9084ea0ff63eb5327c164e00cb568318	2026-07-03T20:18:21-03:00	bigmap-deployment-rendering	A	.	docs/report-site/assets/sprites/ant.png	feat: add interactive policy sandbox
d29580a	d29580ad9084ea0ff63eb5327c164e00cb568318	2026-07-03T20:18:21-03:00	bigmap-deployment-rendering	A	.	docs/report-site/assets/sprites/food.png	feat: add interactive policy sandbox
d29580a	d29580ad9084ea0ff63eb5327c164e00cb568318	2026-07-03T20:18:21-03:00	bigmap-deployment-rendering	A	.	docs/report-site/assets/sprites/hub.png	feat: add interactive policy sandbox
d29580a	d29580ad9084ea0ff63eb5327c164e00cb568318	2026-07-03T20:18:21-03:00	bigmap-deployment-rendering	A	.	docs/report-site/assets/sprites/tile.png	feat: add interactive policy sandbox
d29580a	d29580ad9084ea0ff63eb5327c164e00cb568318	2026-07-03T20:18:21-03:00	bigmap-deployment-rendering	A	.	docs/report-site/runner.js	feat: add interactive policy sandbox
d29580a	d29580ad9084ea0ff63eb5327c164e00cb568318	2026-07-03T20:18:21-03:00	bigmap-deployment-rendering	M	.	docs/report-site/site.js	feat: add interactive policy sandbox
d29580a	d29580ad9084ea0ff63eb5327c164e00cb568318	2026-07-03T20:18:21-03:00	bigmap-deployment-rendering	M	.	docs/report-site/styles.css	feat: add interactive policy sandbox
d29580a	d29580ad9084ea0ff63eb5327c164e00cb568318	2026-07-03T20:18:21-03:00	bigmap-deployment-rendering	A	.	scripts/export_report_site_policy.py	feat: add interactive policy sandbox
c0d7c9a	c0d7c9a3c6aa94066830ea97d47d43f2fd33ed1f	2026-07-03T20:46:36-03:00	twofifty-frontier-reset	M	.	docs/index.html	fix: use actual frontier policy sandbox
c0d7c9a	c0d7c9a3c6aa94066830ea97d47d43f2fd33ed1f	2026-07-03T20:46:36-03:00	twofifty-frontier-reset	D	.	docs/report-site/assets/data/policy-runner-25x25-4ants.js	fix: use actual frontier policy sandbox
c0d7c9a	c0d7c9a3c6aa94066830ea97d47d43f2fd33ed1f	2026-07-03T20:46:36-03:00	twofifty-frontier-reset	A	.	docs/report-site/assets/data/policy-runner-50x50-frontier.js	fix: use actual frontier policy sandbox
c0d7c9a	c0d7c9a3c6aa94066830ea97d47d43f2fd33ed1f	2026-07-03T20:46:36-03:00	twofifty-frontier-reset	M	.	docs/report-site/assets/report-draft.pdf	fix: use actual frontier policy sandbox
c0d7c9a	c0d7c9a3c6aa94066830ea97d47d43f2fd33ed1f	2026-07-03T20:46:36-03:00	twofifty-frontier-reset	M	.	docs/report-site/runner.js	fix: use actual frontier policy sandbox
c0d7c9a	c0d7c9a3c6aa94066830ea97d47d43f2fd33ed1f	2026-07-03T20:46:36-03:00	twofifty-frontier-reset	M	.	pyproject.toml	fix: use actual frontier policy sandbox
c0d7c9a	c0d7c9a3c6aa94066830ea97d47d43f2fd33ed1f	2026-07-03T20:46:36-03:00	twofifty-frontier-reset	M	.	report/main.pdf	fix: use actual frontier policy sandbox
c0d7c9a	c0d7c9a3c6aa94066830ea97d47d43f2fd33ed1f	2026-07-03T20:46:36-03:00	twofifty-frontier-reset	M	.	report/main.tex	fix: use actual frontier policy sandbox
c0d7c9a	c0d7c9a3c6aa94066830ea97d47d43f2fd33ed1f	2026-07-03T20:46:36-03:00	twofifty-frontier-reset	M	.	scripts/export_report_site_policy.py	fix: use actual frontier policy sandbox
b0ed5ef	b0ed5ef515db1e302e7758e57433c547be228820	2026-07-03T22:04:35-03:00	twofifty-frontier-reset	M	.	docs/index.html	docs: deepen report site experiment story
b0ed5ef	b0ed5ef515db1e302e7758e57433c547be228820	2026-07-03T22:04:35-03:00	twofifty-frontier-reset	A	.	docs/report-site/assets/videos/random-rollout.mp4	docs: deepen report site experiment story
b0ed5ef	b0ed5ef515db1e302e7758e57433c547be228820	2026-07-03T22:04:35-03:00	twofifty-frontier-reset	A	.	docs/report-site/assets/videos/reset-boundary-250x250.mp4	docs: deepen report site experiment story
b0ed5ef	b0ed5ef515db1e302e7758e57433c547be228820	2026-07-03T22:04:35-03:00	twofifty-frontier-reset	M	.	docs/report-site/site.js	docs: deepen report site experiment story
b0ed5ef	b0ed5ef515db1e302e7758e57433c547be228820	2026-07-03T22:04:35-03:00	twofifty-frontier-reset	M	.	docs/report-site/styles.css	docs: deepen report site experiment story
ef5928d	ef5928ded36d5db4ab4bbe8125ae7d1a6bff2212	2026-07-03T22:12:29-03:00	report-site-paper-assets	M	.	docs/index.html	docs: clarify report site narrative opening
ef5928d	ef5928ded36d5db4ab4bbe8125ae7d1a6bff2212	2026-07-03T22:12:29-03:00	report-site-paper-assets	M	.	docs/report-site/site.js	docs: clarify report site narrative opening
ef5928d	ef5928ded36d5db4ab4bbe8125ae7d1a6bff2212	2026-07-03T22:12:29-03:00	report-site-paper-assets	M	.	docs/report-site/styles.css	docs: clarify report site narrative opening
2303467	2303467853b06db594ade766d2cf28a13aa1b184	2026-07-03T22:52:26-03:00	report-site-paper-assets	M	.	docs/index.html	docs: make report site more readable
2303467	2303467853b06db594ade766d2cf28a13aa1b184	2026-07-03T22:52:26-03:00	report-site-paper-assets	M	.	docs/report-site/site.js	docs: make report site more readable
2303467	2303467853b06db594ade766d2cf28a13aa1b184	2026-07-03T22:52:26-03:00	report-site-paper-assets	M	.	docs/report-site/styles.css	docs: make report site more readable
1f871b3	1f871b34ecb72a1362683898f164264a7729ebce	2026-07-04T10:03:37-03:00	twofifty-frontier-reset	A	.	docs/report-site/assets/posters/tree-bigmap.jpg	feat: add report site experiment tree media
1f871b3	1f871b34ecb72a1362683898f164264a7729ebce	2026-07-04T10:03:37-03:00	twofifty-frontier-reset	A	.	docs/report-site/assets/posters/tree-bits-ants.jpg	feat: add report site experiment tree media
1f871b3	1f871b34ecb72a1362683898f164264a7729ebce	2026-07-04T10:03:37-03:00	twofifty-frontier-reset	A	.	docs/report-site/assets/posters/tree-critic50.jpg	feat: add report site experiment tree media
1f871b3	1f871b34ecb72a1362683898f164264a7729ebce	2026-07-04T10:03:37-03:00	twofifty-frontier-reset	A	.	docs/report-site/assets/posters/tree-frontier50.jpg	feat: add report site experiment tree media
1f871b3	1f871b34ecb72a1362683898f164264a7729ebce	2026-07-04T10:03:37-03:00	twofifty-frontier-reset	A	.	docs/report-site/assets/posters/tree-large-scale-100.jpg	feat: add report site experiment tree media
1f871b3	1f871b34ecb72a1362683898f164264a7729ebce	2026-07-04T10:03:37-03:00	twofifty-frontier-reset	A	.	docs/report-site/assets/posters/tree-large-scale-250.jpg	feat: add report site experiment tree media
1f871b3	1f871b34ecb72a1362683898f164264a7729ebce	2026-07-04T10:03:37-03:00	twofifty-frontier-reset	A	.	docs/report-site/assets/posters/tree-rare50.jpg	feat: add report site experiment tree media
1f871b3	1f871b34ecb72a1362683898f164264a7729ebce	2026-07-04T10:03:37-03:00	twofifty-frontier-reset	A	.	docs/report-site/assets/posters/tree-small-scale.jpg	feat: add report site experiment tree media
1f871b3	1f871b34ecb72a1362683898f164264a7729ebce	2026-07-04T10:03:37-03:00	twofifty-frontier-reset	A	.	docs/report-site/assets/posters/tree-unlock25.jpg	feat: add report site experiment tree media
1f871b3	1f871b34ecb72a1362683898f164264a7729ebce	2026-07-04T10:03:37-03:00	twofifty-frontier-reset	A	.	docs/report-site/assets/posters/tree-world.jpg	feat: add report site experiment tree media
1f871b3	1f871b34ecb72a1362683898f164264a7729ebce	2026-07-04T10:03:37-03:00	twofifty-frontier-reset	A	.	docs/report-site/assets/videos/bigmap-50x50-policy-1000x1000.mp4	feat: add report site experiment tree media
cf60c11	cf60c112b0c3e830468ac02051dd7e0ef3b4d4a5	2026-07-04T10:19:24-03:00	twofifty-frontier-reset	M	.	docs/report-site/assets/posters/tree-bigmap.jpg	feat: refresh report experiment tree posters
cf60c11	cf60c112b0c3e830468ac02051dd7e0ef3b4d4a5	2026-07-04T10:19:24-03:00	twofifty-frontier-reset	M	.	docs/report-site/assets/posters/tree-bits-ants.jpg	feat: refresh report experiment tree posters
cf60c11	cf60c112b0c3e830468ac02051dd7e0ef3b4d4a5	2026-07-04T10:19:24-03:00	twofifty-frontier-reset	M	.	docs/report-site/assets/posters/tree-critic50.jpg	feat: refresh report experiment tree posters
cf60c11	cf60c112b0c3e830468ac02051dd7e0ef3b4d4a5	2026-07-04T10:19:24-03:00	twofifty-frontier-reset	M	.	docs/report-site/assets/posters/tree-frontier50.jpg	feat: refresh report experiment tree posters
cf60c11	cf60c112b0c3e830468ac02051dd7e0ef3b4d4a5	2026-07-04T10:19:24-03:00	twofifty-frontier-reset	M	.	docs/report-site/assets/posters/tree-large-scale-100.jpg	feat: refresh report experiment tree posters
cf60c11	cf60c112b0c3e830468ac02051dd7e0ef3b4d4a5	2026-07-04T10:19:24-03:00	twofifty-frontier-reset	M	.	docs/report-site/assets/posters/tree-large-scale-250.jpg	feat: refresh report experiment tree posters
cf60c11	cf60c112b0c3e830468ac02051dd7e0ef3b4d4a5	2026-07-04T10:19:24-03:00	twofifty-frontier-reset	M	.	docs/report-site/assets/posters/tree-rare50.jpg	feat: refresh report experiment tree posters
cf60c11	cf60c112b0c3e830468ac02051dd7e0ef3b4d4a5	2026-07-04T10:19:24-03:00	twofifty-frontier-reset	M	.	docs/report-site/assets/posters/tree-small-scale.jpg	feat: refresh report experiment tree posters
cf60c11	cf60c112b0c3e830468ac02051dd7e0ef3b4d4a5	2026-07-04T10:19:24-03:00	twofifty-frontier-reset	M	.	docs/report-site/assets/posters/tree-unlock25.jpg	feat: refresh report experiment tree posters
cf60c11	cf60c112b0c3e830468ac02051dd7e0ef3b4d4a5	2026-07-04T10:19:24-03:00	twofifty-frontier-reset	M	.	docs/report-site/assets/posters/tree-world.jpg	feat: refresh report experiment tree posters
2634925	26349251e3488ce91e66d5528900424caf8cffb9	2026-07-04T10:19:38-03:00	report-site-paper-assets	M	.	docs/index.html	docs: rewrite report site in spanish
2634925	26349251e3488ce91e66d5528900424caf8cffb9	2026-07-04T10:19:38-03:00	report-site-paper-assets	M	.	docs/report-site/runner.js	docs: rewrite report site in spanish
2634925	26349251e3488ce91e66d5528900424caf8cffb9	2026-07-04T10:19:38-03:00	report-site-paper-assets	M	.	docs/report-site/site.js	docs: rewrite report site in spanish
2634925	26349251e3488ce91e66d5528900424caf8cffb9	2026-07-04T10:19:38-03:00	report-site-paper-assets	M	.	docs/report-site/styles.css	docs: rewrite report site in spanish
7f96d04	7f96d04b0426e68874c85ddc829779ce37690c8c	2026-07-04T10:26:19-03:00	jax-mappo-training-core	A	.	.github/workflows/deploy-pages.yml	ci: deploy report site to pages
20e0593	20e059393573ddec5923341b7b96860275b936f4	2026-07-04T10:29:54-03:00	twofifty-frontier-reset	M	.	docs/report-site/assets/plots/fig_250x250_diagnostics.png	docs: remove embedded figure titles
20e0593	20e059393573ddec5923341b7b96860275b936f4	2026-07-04T10:29:54-03:00	twofifty-frontier-reset	M	.	docs/report-site/assets/plots/fig_25x25_modes.png	docs: remove embedded figure titles
20e0593	20e059393573ddec5923341b7b96860275b936f4	2026-07-04T10:29:54-03:00	twofifty-frontier-reset	M	.	docs/report-site/assets/plots/fig_behavior_montage.jpg	docs: remove embedded figure titles
20e0593	20e059393573ddec5923341b7b96860275b936f4	2026-07-04T10:29:54-03:00	twofifty-frontier-reset	M	.	docs/report-site/assets/plots/fig_bits_vs_ants.png	docs: remove embedded figure titles
20e0593	20e059393573ddec5923341b7b96860275b936f4	2026-07-04T10:29:54-03:00	twofifty-frontier-reset	M	.	docs/report-site/assets/plots/fig_critic_50x50.png	docs: remove embedded figure titles
20e0593	20e059393573ddec5923341b7b96860275b936f4	2026-07-04T10:29:54-03:00	twofifty-frontier-reset	M	.	docs/report-site/assets/plots/fig_rare_50x50.png	docs: remove embedded figure titles
20e0593	20e059393573ddec5923341b7b96860275b936f4	2026-07-04T10:29:54-03:00	twofifty-frontier-reset	M	.	report/data/figure_behavior_sources.csv	docs: remove embedded figure titles
20e0593	20e059393573ddec5923341b7b96860275b936f4	2026-07-04T10:29:54-03:00	twofifty-frontier-reset	M	.	report/figures/fig_250x250_diagnostics.pdf	docs: remove embedded figure titles
20e0593	20e059393573ddec5923341b7b96860275b936f4	2026-07-04T10:29:54-03:00	twofifty-frontier-reset	M	.	report/figures/fig_250x250_diagnostics.png	docs: remove embedded figure titles
20e0593	20e059393573ddec5923341b7b96860275b936f4	2026-07-04T10:29:54-03:00	twofifty-frontier-reset	M	.	report/figures/fig_25x25_modes.pdf	docs: remove embedded figure titles
20e0593	20e059393573ddec5923341b7b96860275b936f4	2026-07-04T10:29:54-03:00	twofifty-frontier-reset	M	.	report/figures/fig_25x25_modes.png	docs: remove embedded figure titles
20e0593	20e059393573ddec5923341b7b96860275b936f4	2026-07-04T10:29:54-03:00	twofifty-frontier-reset	M	.	report/figures/fig_behavior_montage.jpg	docs: remove embedded figure titles
20e0593	20e059393573ddec5923341b7b96860275b936f4	2026-07-04T10:29:54-03:00	twofifty-frontier-reset	M	.	report/figures/fig_bits_vs_ants.pdf	docs: remove embedded figure titles
20e0593	20e059393573ddec5923341b7b96860275b936f4	2026-07-04T10:29:54-03:00	twofifty-frontier-reset	M	.	report/figures/fig_bits_vs_ants.png	docs: remove embedded figure titles
20e0593	20e059393573ddec5923341b7b96860275b936f4	2026-07-04T10:29:54-03:00	twofifty-frontier-reset	M	.	report/figures/fig_critic_50x50.pdf	docs: remove embedded figure titles
20e0593	20e059393573ddec5923341b7b96860275b936f4	2026-07-04T10:29:54-03:00	twofifty-frontier-reset	M	.	report/figures/fig_critic_50x50.png	docs: remove embedded figure titles
20e0593	20e059393573ddec5923341b7b96860275b936f4	2026-07-04T10:29:54-03:00	twofifty-frontier-reset	M	.	report/figures/fig_rare_50x50.pdf	docs: remove embedded figure titles
20e0593	20e059393573ddec5923341b7b96860275b936f4	2026-07-04T10:29:54-03:00	twofifty-frontier-reset	M	.	report/figures/fig_rare_50x50.png	docs: remove embedded figure titles
20e0593	20e059393573ddec5923341b7b96860275b936f4	2026-07-04T10:29:54-03:00	twofifty-frontier-reset	M	.	report/scripts/build_figures.py	docs: remove embedded figure titles
01ac4f7	01ac4f7e61c6dbd5a69707295477c27a8f61a32a	2026-07-04T10:30:13-03:00	report-site-paper-assets	M	.	docs/index.html	docs: make experiment map a real tree
01ac4f7	01ac4f7e61c6dbd5a69707295477c27a8f61a32a	2026-07-04T10:30:13-03:00	report-site-paper-assets	M	.	docs/report-site/styles.css	docs: make experiment map a real tree
0eeb732	0eeb732c740d9ee1e7e50b2717162976460d4db1	2026-07-04T10:32:05-03:00	jax-mappo-training-core	M	.	.github/workflows/deploy-pages.yml	ci: update pages actions
9a08e82	9a08e82f3e5e1dc2376b3b1c994101328bd51928	2026-07-04T11:09:41-03:00	twofifty-frontier-reset	M	.	docs/report-site/assets/report-draft.pdf	docs: update report figure captions
9a08e82	9a08e82f3e5e1dc2376b3b1c994101328bd51928	2026-07-04T11:09:41-03:00	twofifty-frontier-reset	M	.	report/figures/fig_250x250_diagnostics.pdf	docs: update report figure captions
9a08e82	9a08e82f3e5e1dc2376b3b1c994101328bd51928	2026-07-04T11:09:41-03:00	twofifty-frontier-reset	M	.	report/figures/fig_25x25_modes.pdf	docs: update report figure captions
9a08e82	9a08e82f3e5e1dc2376b3b1c994101328bd51928	2026-07-04T11:09:41-03:00	twofifty-frontier-reset	M	.	report/figures/fig_bits_vs_ants.pdf	docs: update report figure captions
9a08e82	9a08e82f3e5e1dc2376b3b1c994101328bd51928	2026-07-04T11:09:41-03:00	twofifty-frontier-reset	M	.	report/figures/fig_critic_50x50.pdf	docs: update report figure captions
9a08e82	9a08e82f3e5e1dc2376b3b1c994101328bd51928	2026-07-04T11:09:41-03:00	twofifty-frontier-reset	M	.	report/figures/fig_rare_50x50.pdf	docs: update report figure captions
9a08e82	9a08e82f3e5e1dc2376b3b1c994101328bd51928	2026-07-04T11:09:41-03:00	twofifty-frontier-reset	M	.	report/main.pdf	docs: update report figure captions
9a08e82	9a08e82f3e5e1dc2376b3b1c994101328bd51928	2026-07-04T11:09:41-03:00	twofifty-frontier-reset	M	.	report/main.tex	docs: update report figure captions
bd1f6ee	bd1f6eea1b8a97f93ce7c7dde693a2097c4dd35c	2026-07-04T11:54:04-03:00	twofifty-frontier-reset	M	.	docs/index.html	docs: add missing experiment branches to report
bd1f6ee	bd1f6eea1b8a97f93ce7c7dde693a2097c4dd35c	2026-07-04T11:54:04-03:00	twofifty-frontier-reset	M	.	docs/planning/complete-experiment-chronology.md	docs: add missing experiment branches to report
bd1f6ee	bd1f6eea1b8a97f93ce7c7dde693a2097c4dd35c	2026-07-04T11:54:04-03:00	twofifty-frontier-reset	A	.	docs/report-site/assets/posters/tree-autocurriculum.svg	docs: add missing experiment branches to report
bd1f6ee	bd1f6eea1b8a97f93ce7c7dde693a2097c4dd35c	2026-07-04T11:54:04-03:00	twofifty-frontier-reset	A	.	docs/report-site/assets/posters/tree-maze.svg	docs: add missing experiment branches to report
bd1f6ee	bd1f6eea1b8a97f93ce7c7dde693a2097c4dd35c	2026-07-04T11:54:04-03:00	twofifty-frontier-reset	A	.	docs/report-site/assets/posters/tree-memory.svg	docs: add missing experiment branches to report
bd1f6ee	bd1f6eea1b8a97f93ce7c7dde693a2097c4dd35c	2026-07-04T11:54:04-03:00	twofifty-frontier-reset	M	.	docs/report-site/assets/report-draft.pdf	docs: add missing experiment branches to report
bd1f6ee	bd1f6eea1b8a97f93ce7c7dde693a2097c4dd35c	2026-07-04T11:54:04-03:00	twofifty-frontier-reset	M	.	docs/report-site/site.js	docs: add missing experiment branches to report
bd1f6ee	bd1f6eea1b8a97f93ce7c7dde693a2097c4dd35c	2026-07-04T11:54:04-03:00	twofifty-frontier-reset	M	.	docs/report-site/styles.css	docs: add missing experiment branches to report
bd1f6ee	bd1f6eea1b8a97f93ce7c7dde693a2097c4dd35c	2026-07-04T11:54:04-03:00	twofifty-frontier-reset	M	.	report/figures/fig_250x250_diagnostics.pdf	docs: add missing experiment branches to report
bd1f6ee	bd1f6eea1b8a97f93ce7c7dde693a2097c4dd35c	2026-07-04T11:54:04-03:00	twofifty-frontier-reset	M	.	report/figures/fig_25x25_modes.pdf	docs: add missing experiment branches to report
bd1f6ee	bd1f6eea1b8a97f93ce7c7dde693a2097c4dd35c	2026-07-04T11:54:04-03:00	twofifty-frontier-reset	M	.	report/figures/fig_bits_vs_ants.pdf	docs: add missing experiment branches to report
bd1f6ee	bd1f6eea1b8a97f93ce7c7dde693a2097c4dd35c	2026-07-04T11:54:04-03:00	twofifty-frontier-reset	M	.	report/figures/fig_critic_50x50.pdf	docs: add missing experiment branches to report
bd1f6ee	bd1f6eea1b8a97f93ce7c7dde693a2097c4dd35c	2026-07-04T11:54:04-03:00	twofifty-frontier-reset	M	.	report/figures/fig_rare_50x50.pdf	docs: add missing experiment branches to report
bd1f6ee	bd1f6eea1b8a97f93ce7c7dde693a2097c4dd35c	2026-07-04T11:54:04-03:00	twofifty-frontier-reset	M	.	report/main.pdf	docs: add missing experiment branches to report
bd1f6ee	bd1f6eea1b8a97f93ce7c7dde693a2097c4dd35c	2026-07-04T11:54:04-03:00	twofifty-frontier-reset	M	.	report/main.tex	docs: add missing experiment branches to report
38cf3d8	38cf3d8a47402918eb4e32d5475f82b4dafa7efd	2026-07-04T14:56:02+00:00	adversarial-roles-side-branches	M	.	docs/timed_release_roles.md	Configure L4 timed-release continuation
38cf3d8	38cf3d8a47402918eb4e32d5475f82b4dafa7efd	2026-07-04T14:56:02+00:00	adversarial-roles-side-branches	M	.	experiments/timed_release_roles_8ants_shared_writes.json	Configure L4 timed-release continuation
38cf3d8	38cf3d8a47402918eb4e32d5475f82b4dafa7efd	2026-07-04T14:56:02+00:00	adversarial-roles-side-branches	M	.	tests/test_jax_timed_release_mappo.py	Configure L4 timed-release continuation
842f3cf	842f3cf88ac3f021895ec9e506bb950bd88031d0	2026-07-04T12:37:20-03:00	twofifty-frontier-reset	M	.	docs/index.html	docs: expand spanish report site chronology
842f3cf	842f3cf88ac3f021895ec9e506bb950bd88031d0	2026-07-04T12:37:20-03:00	twofifty-frontier-reset	M	.	docs/report-site/assets/plots/fig_behavior_montage.jpg	docs: expand spanish report site chronology
842f3cf	842f3cf88ac3f021895ec9e506bb950bd88031d0	2026-07-04T12:37:20-03:00	twofifty-frontier-reset	A	.	docs/report-site/assets/plots/fig_logged_metrics_story.png	docs: expand spanish report site chronology
842f3cf	842f3cf88ac3f021895ec9e506bb950bd88031d0	2026-07-04T12:37:20-03:00	twofifty-frontier-reset	M	.	docs/report-site/assets/report-draft.pdf	docs: expand spanish report site chronology
842f3cf	842f3cf88ac3f021895ec9e506bb950bd88031d0	2026-07-04T12:37:20-03:00	twofifty-frontier-reset	A	.	docs/report-site/assets/videos/ant-count-25x25-2ants.mp4	docs: expand spanish report site chronology
842f3cf	842f3cf88ac3f021895ec9e506bb950bd88031d0	2026-07-04T12:37:20-03:00	twofifty-frontier-reset	A	.	docs/report-site/assets/videos/ant-count-25x25-8ants.mp4	docs: expand spanish report site chronology
842f3cf	842f3cf88ac3f021895ec9e506bb950bd88031d0	2026-07-04T12:37:20-03:00	twofifty-frontier-reset	A	.	docs/report-site/assets/videos/autocurriculum-250x250-failure.mp4	docs: expand spanish report site chronology
842f3cf	842f3cf88ac3f021895ec9e506bb950bd88031d0	2026-07-04T12:37:20-03:00	twofifty-frontier-reset	M	.	docs/report-site/site.js	docs: expand spanish report site chronology
842f3cf	842f3cf88ac3f021895ec9e506bb950bd88031d0	2026-07-04T12:37:20-03:00	twofifty-frontier-reset	M	.	docs/report-site/styles.css	docs: expand spanish report site chronology
842f3cf	842f3cf88ac3f021895ec9e506bb950bd88031d0	2026-07-04T12:37:20-03:00	twofifty-frontier-reset	M	.	report/data/figure_behavior_sources.csv	docs: expand spanish report site chronology
842f3cf	842f3cf88ac3f021895ec9e506bb950bd88031d0	2026-07-04T12:37:20-03:00	twofifty-frontier-reset	A	.	report/data/figure_logged_metrics_story.csv	docs: expand spanish report site chronology
842f3cf	842f3cf88ac3f021895ec9e506bb950bd88031d0	2026-07-04T12:37:20-03:00	twofifty-frontier-reset	M	.	report/data/figure_sources.md	docs: expand spanish report site chronology
842f3cf	842f3cf88ac3f021895ec9e506bb950bd88031d0	2026-07-04T12:37:20-03:00	twofifty-frontier-reset	M	.	report/figures/fig_250x250_diagnostics.pdf	docs: expand spanish report site chronology
842f3cf	842f3cf88ac3f021895ec9e506bb950bd88031d0	2026-07-04T12:37:20-03:00	twofifty-frontier-reset	M	.	report/figures/fig_25x25_modes.pdf	docs: expand spanish report site chronology
842f3cf	842f3cf88ac3f021895ec9e506bb950bd88031d0	2026-07-04T12:37:20-03:00	twofifty-frontier-reset	M	.	report/figures/fig_behavior_montage.jpg	docs: expand spanish report site chronology
842f3cf	842f3cf88ac3f021895ec9e506bb950bd88031d0	2026-07-04T12:37:20-03:00	twofifty-frontier-reset	M	.	report/figures/fig_bits_vs_ants.pdf	docs: expand spanish report site chronology
842f3cf	842f3cf88ac3f021895ec9e506bb950bd88031d0	2026-07-04T12:37:20-03:00	twofifty-frontier-reset	M	.	report/figures/fig_critic_50x50.pdf	docs: expand spanish report site chronology
842f3cf	842f3cf88ac3f021895ec9e506bb950bd88031d0	2026-07-04T12:37:20-03:00	twofifty-frontier-reset	A	.	report/figures/fig_logged_metrics_story.pdf	docs: expand spanish report site chronology
842f3cf	842f3cf88ac3f021895ec9e506bb950bd88031d0	2026-07-04T12:37:20-03:00	twofifty-frontier-reset	A	.	report/figures/fig_logged_metrics_story.png	docs: expand spanish report site chronology
842f3cf	842f3cf88ac3f021895ec9e506bb950bd88031d0	2026-07-04T12:37:20-03:00	twofifty-frontier-reset	M	.	report/figures/fig_rare_50x50.pdf	docs: expand spanish report site chronology
842f3cf	842f3cf88ac3f021895ec9e506bb950bd88031d0	2026-07-04T12:37:20-03:00	twofifty-frontier-reset	M	.	report/main.pdf	docs: expand spanish report site chronology
842f3cf	842f3cf88ac3f021895ec9e506bb950bd88031d0	2026-07-04T12:37:20-03:00	twofifty-frontier-reset	M	.	report/main.tex	docs: expand spanish report site chronology
842f3cf	842f3cf88ac3f021895ec9e506bb950bd88031d0	2026-07-04T12:37:20-03:00	twofifty-frontier-reset	M	.	report/scripts/build_figures.py	docs: expand spanish report site chronology
5d2eab7	5d2eab769eda0f6a03efc15bf124062fb60b16ec	2026-07-04T12:53:16-03:00	bigmap-deployment-rendering	M	.	docs/index.html	feat: make report sandbox configurable
5d2eab7	5d2eab769eda0f6a03efc15bf124062fb60b16ec	2026-07-04T12:53:16-03:00	bigmap-deployment-rendering	M	.	docs/report-site/runner.js	feat: make report sandbox configurable
5d2eab7	5d2eab769eda0f6a03efc15bf124062fb60b16ec	2026-07-04T12:53:16-03:00	bigmap-deployment-rendering	M	.	docs/report-site/styles.css	feat: make report sandbox configurable
d5fb086	d5fb086a2bbcf1775c084eab25545bfa595e06e9	2026-07-04T13:08:57-03:00	bigmap-deployment-rendering	M	.	docs/index.html	feat: allow incremental sandbox cookie placement
d5fb086	d5fb086a2bbcf1775c084eab25545bfa595e06e9	2026-07-04T13:08:57-03:00	bigmap-deployment-rendering	M	.	docs/report-site/runner.js	feat: allow incremental sandbox cookie placement
4017d8e	4017d8efb528f5d3b342902f12bf4a42419aefa1	2026-07-04T13:29:48-03:00	critic-full-layout-50x50	M	.	docs/index.html	docs: add rollout evidence to report site
4017d8e	4017d8efb528f5d3b342902f12bf4a42419aefa1	2026-07-04T13:29:48-03:00	critic-full-layout-50x50	A	.	docs/report-site/assets/posters/tree-autocurriculum.jpg	docs: add rollout evidence to report site
4017d8e	4017d8efb528f5d3b342902f12bf4a42419aefa1	2026-07-04T13:29:48-03:00	critic-full-layout-50x50	M	.	docs/report-site/assets/posters/tree-critic50.jpg	docs: add rollout evidence to report site
4017d8e	4017d8efb528f5d3b342902f12bf4a42419aefa1	2026-07-04T13:29:48-03:00	critic-full-layout-50x50	M	.	docs/report-site/assets/posters/tree-rare50.jpg	docs: add rollout evidence to report site
4017d8e	4017d8efb528f5d3b342902f12bf4a42419aefa1	2026-07-04T13:29:48-03:00	critic-full-layout-50x50	A	.	docs/report-site/assets/posters/tree-size-curriculum.jpg	docs: add rollout evidence to report site
4017d8e	4017d8efb528f5d3b342902f12bf4a42419aefa1	2026-07-04T13:29:48-03:00	critic-full-layout-50x50	A	.	docs/report-site/assets/posters/tree-source-layouts.jpg	docs: add rollout evidence to report site
4017d8e	4017d8efb528f5d3b342902f12bf4a42419aefa1	2026-07-04T13:29:48-03:00	critic-full-layout-50x50	A	.	docs/report-site/assets/videos/ant-count-25x25-3ants.mp4	docs: add rollout evidence to report site
4017d8e	4017d8efb528f5d3b342902f12bf4a42419aefa1	2026-07-04T13:29:48-03:00	critic-full-layout-50x50	A	.	docs/report-site/assets/videos/ant-count-25x25-6ants.mp4	docs: add rollout evidence to report site
4017d8e	4017d8efb528f5d3b342902f12bf4a42419aefa1	2026-07-04T13:29:48-03:00	critic-full-layout-50x50	A	.	docs/report-site/assets/videos/critic-50x50-8ants-strided.mp4	docs: add rollout evidence to report site
4017d8e	4017d8efb528f5d3b342902f12bf4a42419aefa1	2026-07-04T13:29:48-03:00	critic-full-layout-50x50	A	.	docs/report-site/assets/videos/curriculum-efficient-08x08.mp4	docs: add rollout evidence to report site
4017d8e	4017d8efb528f5d3b342902f12bf4a42419aefa1	2026-07-04T13:29:48-03:00	critic-full-layout-50x50	A	.	docs/report-site/assets/videos/curriculum-efficient-12x12.mp4	docs: add rollout evidence to report site
4017d8e	4017d8efb528f5d3b342902f12bf4a42419aefa1	2026-07-04T13:29:48-03:00	critic-full-layout-50x50	A	.	docs/report-site/assets/videos/curriculum-efficient-16x16.mp4	docs: add rollout evidence to report site
4017d8e	4017d8efb528f5d3b342902f12bf4a42419aefa1	2026-07-04T13:29:48-03:00	critic-full-layout-50x50	A	.	docs/report-site/assets/videos/curriculum-efficient-20x20.mp4	docs: add rollout evidence to report site
4017d8e	4017d8efb528f5d3b342902f12bf4a42419aefa1	2026-07-04T13:29:48-03:00	critic-full-layout-50x50	A	.	docs/report-site/assets/videos/curriculum-efficient-25x25.mp4	docs: add rollout evidence to report site
4017d8e	4017d8efb528f5d3b342902f12bf4a42419aefa1	2026-07-04T13:29:48-03:00	critic-full-layout-50x50	A	.	docs/report-site/assets/videos/curriculum-efficient-30x30.mp4	docs: add rollout evidence to report site
4017d8e	4017d8efb528f5d3b342902f12bf4a42419aefa1	2026-07-04T13:29:48-03:00	critic-full-layout-50x50	A	.	docs/report-site/assets/videos/curriculum-efficient-35x35.mp4	docs: add rollout evidence to report site
4017d8e	4017d8efb528f5d3b342902f12bf4a42419aefa1	2026-07-04T13:29:48-03:00	critic-full-layout-50x50	A	.	docs/report-site/assets/videos/curriculum-efficient-40x40.mp4	docs: add rollout evidence to report site
4017d8e	4017d8efb528f5d3b342902f12bf4a42419aefa1	2026-07-04T13:29:48-03:00	critic-full-layout-50x50	A	.	docs/report-site/assets/videos/curriculum-efficient-45x45.mp4	docs: add rollout evidence to report site
4017d8e	4017d8efb528f5d3b342902f12bf4a42419aefa1	2026-07-04T13:29:48-03:00	critic-full-layout-50x50	A	.	docs/report-site/assets/videos/curriculum-efficient-50x50.mp4	docs: add rollout evidence to report site
4017d8e	4017d8efb528f5d3b342902f12bf4a42419aefa1	2026-07-04T13:29:48-03:00	critic-full-layout-50x50	A	.	docs/report-site/assets/videos/padded-sources-02.mp4	docs: add rollout evidence to report site
4017d8e	4017d8efb528f5d3b342902f12bf4a42419aefa1	2026-07-04T13:29:48-03:00	critic-full-layout-50x50	A	.	docs/report-site/assets/videos/padded-sources-06.mp4	docs: add rollout evidence to report site
4017d8e	4017d8efb528f5d3b342902f12bf4a42419aefa1	2026-07-04T13:29:48-03:00	critic-full-layout-50x50	A	.	docs/report-site/assets/videos/padded-sources-12.mp4	docs: add rollout evidence to report site
4017d8e	4017d8efb528f5d3b342902f12bf4a42419aefa1	2026-07-04T13:29:48-03:00	critic-full-layout-50x50	A	.	docs/report-site/assets/videos/proximity-sources-02.mp4	docs: add rollout evidence to report site
4017d8e	4017d8efb528f5d3b342902f12bf4a42419aefa1	2026-07-04T13:29:48-03:00	critic-full-layout-50x50	A	.	docs/report-site/assets/videos/proximity-sources-08.mp4	docs: add rollout evidence to report site
4017d8e	4017d8efb528f5d3b342902f12bf4a42419aefa1	2026-07-04T13:29:48-03:00	critic-full-layout-50x50	A	.	docs/report-site/assets/videos/proximity-sources-50.mp4	docs: add rollout evidence to report site
4017d8e	4017d8efb528f5d3b342902f12bf4a42419aefa1	2026-07-04T13:29:48-03:00	critic-full-layout-50x50	A	.	docs/report-site/assets/videos/rare-50x50-4ants.mp4	docs: add rollout evidence to report site
4017d8e	4017d8efb528f5d3b342902f12bf4a42419aefa1	2026-07-04T13:29:48-03:00	critic-full-layout-50x50	M	.	docs/report-site/styles.css	docs: add rollout evidence to report site
2b64a9f	2b64a9fd6c676e819c4c6ce0b52f9a7bf6c8ea09	2026-07-04T13:33:22-03:00	twofifty-frontier-reset	M	.	report/data/figure_behavior_sources.csv	docs: align informe with rollout chronology
2b64a9f	2b64a9fd6c676e819c4c6ce0b52f9a7bf6c8ea09	2026-07-04T13:33:22-03:00	twofifty-frontier-reset	M	.	report/data/figure_sources.md	docs: align informe with rollout chronology
2b64a9f	2b64a9fd6c676e819c4c6ce0b52f9a7bf6c8ea09	2026-07-04T13:33:22-03:00	twofifty-frontier-reset	M	.	report/figures/fig_250x250_diagnostics.pdf	docs: align informe with rollout chronology
2b64a9f	2b64a9fd6c676e819c4c6ce0b52f9a7bf6c8ea09	2026-07-04T13:33:22-03:00	twofifty-frontier-reset	M	.	report/figures/fig_25x25_modes.pdf	docs: align informe with rollout chronology
2b64a9f	2b64a9fd6c676e819c4c6ce0b52f9a7bf6c8ea09	2026-07-04T13:33:22-03:00	twofifty-frontier-reset	M	.	report/figures/fig_behavior_montage.jpg	docs: align informe with rollout chronology
2b64a9f	2b64a9fd6c676e819c4c6ce0b52f9a7bf6c8ea09	2026-07-04T13:33:22-03:00	twofifty-frontier-reset	M	.	report/figures/fig_bits_vs_ants.pdf	docs: align informe with rollout chronology
2b64a9f	2b64a9fd6c676e819c4c6ce0b52f9a7bf6c8ea09	2026-07-04T13:33:22-03:00	twofifty-frontier-reset	M	.	report/figures/fig_critic_50x50.pdf	docs: align informe with rollout chronology
2b64a9f	2b64a9fd6c676e819c4c6ce0b52f9a7bf6c8ea09	2026-07-04T13:33:22-03:00	twofifty-frontier-reset	M	.	report/figures/fig_logged_metrics_story.pdf	docs: align informe with rollout chronology
2b64a9f	2b64a9fd6c676e819c4c6ce0b52f9a7bf6c8ea09	2026-07-04T13:33:22-03:00	twofifty-frontier-reset	M	.	report/figures/fig_rare_50x50.pdf	docs: align informe with rollout chronology
2b64a9f	2b64a9fd6c676e819c4c6ce0b52f9a7bf6c8ea09	2026-07-04T13:33:22-03:00	twofifty-frontier-reset	M	.	report/main.pdf	docs: align informe with rollout chronology
2b64a9f	2b64a9fd6c676e819c4c6ce0b52f9a7bf6c8ea09	2026-07-04T13:33:22-03:00	twofifty-frontier-reset	M	.	report/main.tex	docs: align informe with rollout chronology
2b64a9f	2b64a9fd6c676e819c4c6ce0b52f9a7bf6c8ea09	2026-07-04T13:33:22-03:00	twofifty-frontier-reset	M	.	report/scripts/build_figures.py	docs: align informe with rollout chronology
6e22394	6e22394236ce151e9c1f0a9308e5bc0bc3d27fe6	2026-07-04T13:52:54-03:00	twofifty-frontier-reset	M	.	docs/index.html	docs: generate factual report tree visuals
6e22394	6e22394236ce151e9c1f0a9308e5bc0bc3d27fe6	2026-07-04T13:52:54-03:00	twofifty-frontier-reset	A	.	docs/report-site/assets/plots/fig_maze_layout.png	docs: generate factual report tree visuals
6e22394	6e22394236ce151e9c1f0a9308e5bc0bc3d27fe6	2026-07-04T13:52:54-03:00	twofifty-frontier-reset	A	.	docs/report-site/assets/plots/fig_memory_r8_r12_ablation.png	docs: generate factual report tree visuals
6e22394	6e22394236ce151e9c1f0a9308e5bc0bc3d27fe6	2026-07-04T13:52:54-03:00	twofifty-frontier-reset	A	.	docs/report-site/assets/posters/tree-maze.jpg	docs: generate factual report tree visuals
6e22394	6e22394236ce151e9c1f0a9308e5bc0bc3d27fe6	2026-07-04T13:52:54-03:00	twofifty-frontier-reset	D	.	docs/report-site/assets/posters/tree-maze.svg	docs: generate factual report tree visuals
6e22394	6e22394236ce151e9c1f0a9308e5bc0bc3d27fe6	2026-07-04T13:52:54-03:00	twofifty-frontier-reset	A	.	docs/report-site/assets/posters/tree-memory.jpg	docs: generate factual report tree visuals
6e22394	6e22394236ce151e9c1f0a9308e5bc0bc3d27fe6	2026-07-04T13:52:54-03:00	twofifty-frontier-reset	D	.	docs/report-site/assets/posters/tree-memory.svg	docs: generate factual report tree visuals
6e22394	6e22394236ce151e9c1f0a9308e5bc0bc3d27fe6	2026-07-04T13:52:54-03:00	twofifty-frontier-reset	M	.	docs/report-site/site.js	docs: generate factual report tree visuals
6e22394	6e22394236ce151e9c1f0a9308e5bc0bc3d27fe6	2026-07-04T13:52:54-03:00	twofifty-frontier-reset	M	.	docs/report-site/styles.css	docs: generate factual report tree visuals
6e22394	6e22394236ce151e9c1f0a9308e5bc0bc3d27fe6	2026-07-04T13:52:54-03:00	twofifty-frontier-reset	A	.	report/data/figure_maze_layout.csv	docs: generate factual report tree visuals
6e22394	6e22394236ce151e9c1f0a9308e5bc0bc3d27fe6	2026-07-04T13:52:54-03:00	twofifty-frontier-reset	A	.	report/data/figure_memory_r8_r12_ablation.csv	docs: generate factual report tree visuals
6e22394	6e22394236ce151e9c1f0a9308e5bc0bc3d27fe6	2026-07-04T13:52:54-03:00	twofifty-frontier-reset	M	.	report/data/figure_sources.md	docs: generate factual report tree visuals
6e22394	6e22394236ce151e9c1f0a9308e5bc0bc3d27fe6	2026-07-04T13:52:54-03:00	twofifty-frontier-reset	M	.	report/figures/fig_250x250_diagnostics.pdf	docs: generate factual report tree visuals
6e22394	6e22394236ce151e9c1f0a9308e5bc0bc3d27fe6	2026-07-04T13:52:54-03:00	twofifty-frontier-reset	M	.	report/figures/fig_25x25_modes.pdf	docs: generate factual report tree visuals
6e22394	6e22394236ce151e9c1f0a9308e5bc0bc3d27fe6	2026-07-04T13:52:54-03:00	twofifty-frontier-reset	M	.	report/figures/fig_bits_vs_ants.pdf	docs: generate factual report tree visuals
6e22394	6e22394236ce151e9c1f0a9308e5bc0bc3d27fe6	2026-07-04T13:52:54-03:00	twofifty-frontier-reset	M	.	report/figures/fig_critic_50x50.pdf	docs: generate factual report tree visuals
6e22394	6e22394236ce151e9c1f0a9308e5bc0bc3d27fe6	2026-07-04T13:52:54-03:00	twofifty-frontier-reset	M	.	report/figures/fig_logged_metrics_story.pdf	docs: generate factual report tree visuals
6e22394	6e22394236ce151e9c1f0a9308e5bc0bc3d27fe6	2026-07-04T13:52:54-03:00	twofifty-frontier-reset	A	.	report/figures/fig_maze_layout.pdf	docs: generate factual report tree visuals
6e22394	6e22394236ce151e9c1f0a9308e5bc0bc3d27fe6	2026-07-04T13:52:54-03:00	twofifty-frontier-reset	A	.	report/figures/fig_maze_layout.png	docs: generate factual report tree visuals
6e22394	6e22394236ce151e9c1f0a9308e5bc0bc3d27fe6	2026-07-04T13:52:54-03:00	twofifty-frontier-reset	A	.	report/figures/fig_memory_r8_r12_ablation.pdf	docs: generate factual report tree visuals
6e22394	6e22394236ce151e9c1f0a9308e5bc0bc3d27fe6	2026-07-04T13:52:54-03:00	twofifty-frontier-reset	A	.	report/figures/fig_memory_r8_r12_ablation.png	docs: generate factual report tree visuals
6e22394	6e22394236ce151e9c1f0a9308e5bc0bc3d27fe6	2026-07-04T13:52:54-03:00	twofifty-frontier-reset	M	.	report/figures/fig_rare_50x50.pdf	docs: generate factual report tree visuals
6e22394	6e22394236ce151e9c1f0a9308e5bc0bc3d27fe6	2026-07-04T13:52:54-03:00	twofifty-frontier-reset	M	.	report/main.pdf	docs: generate factual report tree visuals
6e22394	6e22394236ce151e9c1f0a9308e5bc0bc3d27fe6	2026-07-04T13:52:54-03:00	twofifty-frontier-reset	M	.	report/main.tex	docs: generate factual report tree visuals
6e22394	6e22394236ce151e9c1f0a9308e5bc0bc3d27fe6	2026-07-04T13:52:54-03:00	twofifty-frontier-reset	M	.	report/scripts/build_figures.py	docs: generate factual report tree visuals
b20ade2	b20ade202a7831e69671d1068890758e69bce8e9	2026-07-04T14:06:49-03:00	sixty-ant-50x50-stabilization	M	.	docs/index.html	docs: add labyrinth rollout evidence
b20ade2	b20ade202a7831e69671d1068890758e69bce8e9	2026-07-04T14:06:49-03:00	sixty-ant-50x50-stabilization	A	.	docs/report-site/assets/sprites/ant-cursor.png	docs: add labyrinth rollout evidence
b20ade2	b20ade202a7831e69671d1068890758e69bce8e9	2026-07-04T14:06:49-03:00	sixty-ant-50x50-stabilization	A	.	docs/report-site/assets/videos/labyrinth-50x50-policy-60ants.json	docs: add labyrinth rollout evidence
b20ade2	b20ade202a7831e69671d1068890758e69bce8e9	2026-07-04T14:06:49-03:00	sixty-ant-50x50-stabilization	A	.	docs/report-site/assets/videos/labyrinth-50x50-policy-60ants.mp4	docs: add labyrinth rollout evidence
b20ade2	b20ade202a7831e69671d1068890758e69bce8e9	2026-07-04T14:06:49-03:00	sixty-ant-50x50-stabilization	A	.	docs/report-site/assets/videos/labyrinth-50x50-policy-60ants_states.npz	docs: add labyrinth rollout evidence
b20ade2	b20ade202a7831e69671d1068890758e69bce8e9	2026-07-04T14:06:49-03:00	sixty-ant-50x50-stabilization	M	.	docs/report-site/runner.js	docs: add labyrinth rollout evidence
b20ade2	b20ade202a7831e69671d1068890758e69bce8e9	2026-07-04T14:06:49-03:00	sixty-ant-50x50-stabilization	M	.	docs/report-site/site.js	docs: add labyrinth rollout evidence
b20ade2	b20ade202a7831e69671d1068890758e69bce8e9	2026-07-04T14:06:49-03:00	sixty-ant-50x50-stabilization	M	.	docs/report-site/styles.css	docs: add labyrinth rollout evidence
b20ade2	b20ade202a7831e69671d1068890758e69bce8e9	2026-07-04T14:06:49-03:00	sixty-ant-50x50-stabilization	M	.	report/figures/fig_250x250_diagnostics.pdf	docs: add labyrinth rollout evidence
b20ade2	b20ade202a7831e69671d1068890758e69bce8e9	2026-07-04T14:06:49-03:00	sixty-ant-50x50-stabilization	M	.	report/figures/fig_25x25_modes.pdf	docs: add labyrinth rollout evidence
b20ade2	b20ade202a7831e69671d1068890758e69bce8e9	2026-07-04T14:06:49-03:00	sixty-ant-50x50-stabilization	M	.	report/figures/fig_bits_vs_ants.pdf	docs: add labyrinth rollout evidence
b20ade2	b20ade202a7831e69671d1068890758e69bce8e9	2026-07-04T14:06:49-03:00	sixty-ant-50x50-stabilization	M	.	report/figures/fig_critic_50x50.pdf	docs: add labyrinth rollout evidence
b20ade2	b20ade202a7831e69671d1068890758e69bce8e9	2026-07-04T14:06:49-03:00	sixty-ant-50x50-stabilization	M	.	report/figures/fig_logged_metrics_story.pdf	docs: add labyrinth rollout evidence
b20ade2	b20ade202a7831e69671d1068890758e69bce8e9	2026-07-04T14:06:49-03:00	sixty-ant-50x50-stabilization	M	.	report/figures/fig_maze_layout.pdf	docs: add labyrinth rollout evidence
b20ade2	b20ade202a7831e69671d1068890758e69bce8e9	2026-07-04T14:06:49-03:00	sixty-ant-50x50-stabilization	M	.	report/figures/fig_memory_r8_r12_ablation.pdf	docs: add labyrinth rollout evidence
b20ade2	b20ade202a7831e69671d1068890758e69bce8e9	2026-07-04T14:06:49-03:00	sixty-ant-50x50-stabilization	M	.	report/figures/fig_rare_50x50.pdf	docs: add labyrinth rollout evidence
b20ade2	b20ade202a7831e69671d1068890758e69bce8e9	2026-07-04T14:06:49-03:00	sixty-ant-50x50-stabilization	M	.	report/main.pdf	docs: add labyrinth rollout evidence
b20ade2	b20ade202a7831e69671d1068890758e69bce8e9	2026-07-04T14:06:49-03:00	sixty-ant-50x50-stabilization	M	.	report/main.tex	docs: add labyrinth rollout evidence
b20ade2	b20ade202a7831e69671d1068890758e69bce8e9	2026-07-04T14:06:49-03:00	sixty-ant-50x50-stabilization	M	.	scripts/render_best_policy_bigmap_state_video.py	docs: add labyrinth rollout evidence
a8b23ea	a8b23ea783ba64fa3afee620843ffbadc6feadae	2026-07-04T14:24:01-03:00	sixty-ant-50x50-stabilization	M	.	docs/index.html	docs: use trained maze policy evidence
a8b23ea	a8b23ea783ba64fa3afee620843ffbadc6feadae	2026-07-04T14:24:01-03:00	sixty-ant-50x50-stabilization	A	.	docs/report-site/assets/data/wandb-maze-checkpoints/jax_mappo_maze_explore_24x24.pkl	docs: use trained maze policy evidence
a8b23ea	a8b23ea783ba64fa3afee620843ffbadc6feadae	2026-07-04T14:24:01-03:00	sixty-ant-50x50-stabilization	M	.	docs/report-site/assets/posters/tree-maze.jpg	docs: use trained maze policy evidence
a8b23ea	a8b23ea783ba64fa3afee620843ffbadc6feadae	2026-07-04T14:24:01-03:00	sixty-ant-50x50-stabilization	D	.	docs/report-site/assets/videos/labyrinth-50x50-policy-60ants.json	docs: use trained maze policy evidence
a8b23ea	a8b23ea783ba64fa3afee620843ffbadc6feadae	2026-07-04T14:24:01-03:00	sixty-ant-50x50-stabilization	D	.	docs/report-site/assets/videos/labyrinth-50x50-policy-60ants.mp4	docs: use trained maze policy evidence
a8b23ea	a8b23ea783ba64fa3afee620843ffbadc6feadae	2026-07-04T14:24:01-03:00	sixty-ant-50x50-stabilization	D	.	docs/report-site/assets/videos/labyrinth-50x50-policy-60ants_states.npz	docs: use trained maze policy evidence
a8b23ea	a8b23ea783ba64fa3afee620843ffbadc6feadae	2026-07-04T14:24:01-03:00	sixty-ant-50x50-stabilization	A	.	docs/report-site/assets/videos/maze-exploration-50x50-trained-policy.json	docs: use trained maze policy evidence
a8b23ea	a8b23ea783ba64fa3afee620843ffbadc6feadae	2026-07-04T14:24:01-03:00	sixty-ant-50x50-stabilization	A	.	docs/report-site/assets/videos/maze-exploration-50x50-trained-policy.mp4	docs: use trained maze policy evidence
a8b23ea	a8b23ea783ba64fa3afee620843ffbadc6feadae	2026-07-04T14:24:01-03:00	sixty-ant-50x50-stabilization	M	.	docs/report-site/site.js	docs: use trained maze policy evidence
a8b23ea	a8b23ea783ba64fa3afee620843ffbadc6feadae	2026-07-04T14:24:01-03:00	sixty-ant-50x50-stabilization	M	.	report/figures/fig_250x250_diagnostics.pdf	docs: use trained maze policy evidence
a8b23ea	a8b23ea783ba64fa3afee620843ffbadc6feadae	2026-07-04T14:24:01-03:00	sixty-ant-50x50-stabilization	M	.	report/figures/fig_25x25_modes.pdf	docs: use trained maze policy evidence
a8b23ea	a8b23ea783ba64fa3afee620843ffbadc6feadae	2026-07-04T14:24:01-03:00	sixty-ant-50x50-stabilization	M	.	report/figures/fig_bits_vs_ants.pdf	docs: use trained maze policy evidence
a8b23ea	a8b23ea783ba64fa3afee620843ffbadc6feadae	2026-07-04T14:24:01-03:00	sixty-ant-50x50-stabilization	M	.	report/figures/fig_critic_50x50.pdf	docs: use trained maze policy evidence
a8b23ea	a8b23ea783ba64fa3afee620843ffbadc6feadae	2026-07-04T14:24:01-03:00	sixty-ant-50x50-stabilization	M	.	report/figures/fig_logged_metrics_story.pdf	docs: use trained maze policy evidence
a8b23ea	a8b23ea783ba64fa3afee620843ffbadc6feadae	2026-07-04T14:24:01-03:00	sixty-ant-50x50-stabilization	M	.	report/figures/fig_maze_layout.pdf	docs: use trained maze policy evidence
a8b23ea	a8b23ea783ba64fa3afee620843ffbadc6feadae	2026-07-04T14:24:01-03:00	sixty-ant-50x50-stabilization	M	.	report/figures/fig_memory_r8_r12_ablation.pdf	docs: use trained maze policy evidence
a8b23ea	a8b23ea783ba64fa3afee620843ffbadc6feadae	2026-07-04T14:24:01-03:00	sixty-ant-50x50-stabilization	M	.	report/figures/fig_rare_50x50.pdf	docs: use trained maze policy evidence
a8b23ea	a8b23ea783ba64fa3afee620843ffbadc6feadae	2026-07-04T14:24:01-03:00	sixty-ant-50x50-stabilization	M	.	report/main.pdf	docs: use trained maze policy evidence
a8b23ea	a8b23ea783ba64fa3afee620843ffbadc6feadae	2026-07-04T14:24:01-03:00	sixty-ant-50x50-stabilization	M	.	report/main.tex	docs: use trained maze policy evidence
a8b23ea	a8b23ea783ba64fa3afee620843ffbadc6feadae	2026-07-04T14:24:01-03:00	sixty-ant-50x50-stabilization	M	.	report/scripts/build_figures.py	docs: use trained maze policy evidence
9b64473	9b6447312962625d77707681c44749735b029bf5	2026-07-04T15:28:50-03:00	bigmap-deployment-rendering	M	.	docs/index.html	feat: improve sandbox rendering controls
9b64473	9b6447312962625d77707681c44749735b029bf5	2026-07-04T15:28:50-03:00	bigmap-deployment-rendering	M	.	docs/report-site/assets/sprites/ant-cursor.png	feat: improve sandbox rendering controls
9b64473	9b6447312962625d77707681c44749735b029bf5	2026-07-04T15:28:50-03:00	bigmap-deployment-rendering	M	.	docs/report-site/runner.js	feat: improve sandbox rendering controls
9b64473	9b6447312962625d77707681c44749735b029bf5	2026-07-04T15:28:50-03:00	bigmap-deployment-rendering	M	.	docs/report-site/styles.css	feat: improve sandbox rendering controls
3c94645	3c946455cfb0bbe0ae2b0d20beca7f1e6149edcf	2026-07-04T15:42:50-03:00	bigmap-deployment-rendering	M	.	docs/index.html	fix: remove sandbox ant and cookie caps
3c94645	3c946455cfb0bbe0ae2b0d20beca7f1e6149edcf	2026-07-04T15:42:50-03:00	bigmap-deployment-rendering	M	.	docs/report-site/runner.js	fix: remove sandbox ant and cookie caps
daa3c67	daa3c67aa104a951a4feda4ff8b402509edf602e	2026-07-04T16:01:52-03:00	sixty-ant-50x50-stabilization	A	.	docs/report-site/assets/videos/maze-100x100-60ants-one-far-source.json	docs: add 100x100 maze stress rollout
daa3c67	daa3c67aa104a951a4feda4ff8b402509edf602e	2026-07-04T16:01:52-03:00	sixty-ant-50x50-stabilization	A	.	docs/report-site/assets/videos/maze-100x100-60ants-one-far-source.mp4	docs: add 100x100 maze stress rollout
61f6647	61f6647548550a25833a9f3d739f9b895b6c5e45	2026-07-04T19:08:21+00:00	adversarial-roles-side-branches	M	.	docs/timed_release_roles.md	Park tuned timed-release continuation
61f6647	61f6647548550a25833a9f3d739f9b895b6c5e45	2026-07-04T19:08:21+00:00	adversarial-roles-side-branches	M	.	experiments/timed_release_roles_8ants_shared_writes.json	Park tuned timed-release continuation
61f6647	61f6647548550a25833a9f3d739f9b895b6c5e45	2026-07-04T19:08:21+00:00	adversarial-roles-side-branches	M	.	notebooks/timed_release/roles.ipynb	Park tuned timed-release continuation
a56d504	a56d5049a28a7694a8f9412b17af254a0eb2ac02	2026-07-04T16:08:23-03:00	sixty-ant-50x50-stabilization	M	.	docs/report-site/assets/videos/maze-100x100-60ants-one-far-source.json	fix: rerender maze stress rollout at standard temperature
a56d504	a56d5049a28a7694a8f9412b17af254a0eb2ac02	2026-07-04T16:08:23-03:00	sixty-ant-50x50-stabilization	M	.	docs/report-site/assets/videos/maze-100x100-60ants-one-far-source.mp4	fix: rerender maze stress rollout at standard temperature
962f560	962f5604d4a81c67301d1261a17778a4566ae911	2026-07-04T16:14:23-03:00	hundred-bridge-maze-stress	M	.	docs/index.html	docs: surface corrected maze stress rollout
962f560	962f5604d4a81c67301d1261a17778a4566ae911	2026-07-04T16:14:23-03:00	hundred-bridge-maze-stress	M	.	docs/report-site/site.js	docs: surface corrected maze stress rollout
21d3cdf	21d3cdfb6b9fbb0b01227845701a59be94129bd2	2026-07-04T16:21:50-03:00	report-site-paper-assets	M	.	docs/report-site/assets/report-draft.pdf	docs: sync Spanish report with site story
21d3cdf	21d3cdfb6b9fbb0b01227845701a59be94129bd2	2026-07-04T16:21:50-03:00	report-site-paper-assets	M	.	report/main.pdf	docs: sync Spanish report with site story
21d3cdf	21d3cdfb6b9fbb0b01227845701a59be94129bd2	2026-07-04T16:21:50-03:00	report-site-paper-assets	M	.	report/main.tex	docs: sync Spanish report with site story
