run_dir	family	local_run_id	local_started	has_summary	has_metadata	has_config	wandb_project	wandb_group	wandb_run_name	exp_name	git_commit	program	started_at	eval_mean_delivered_food	eval_mean_delivered_fraction	eval_success_rate	delivery_events	pickup_events	env_return	episode_return	final_mean_remaining_food	best_model_metric_value	global_step	update	num_updates	summary_keys
runs/bridge_100x100_sweep/continue120_20260703_004806/continue120_0000_mid250_from_best_mt050_lr5e6_u24/wandb/run-20260702_214816-djr5i75l	hundred-bridge-maze-stress	djr5i75l	20260702_214816	yes	yes	yes	cool-antz	continue120_20260703_004806	continue120_0000_mid250_from_best_mt050_lr5e6_u24	jax_mappo_100x100_continue120_0000_mid250_from_best_mt050_lr5e6_u24	00fa2e3cc967d7b61694c201647f4bb7ab03deb8	scripts/run_100x100_continuation_sweep.py	2026-07-03T00:48:16.405923Z	196.75	0.787	0	152	95	38	33.122257232666016	52.5	0.7903604856482283	24576	24	24	_runtime;_step;_timestamp;_wandb;actor_grad_norm;applied_write_action_nonzero_rate;approx_kl;best_eval_episodes;best_eval_seed_offset;best_model_metric_value;carrying_write_action_nonzero_rate;clipfrac;completed_episodes;critic_grad_norm;delivery_events;empty_write_action_nonzero_rate;entropy;env_return;episode_return;eval_mean_ant_steps_per_delivered_food;eval_mean_delivered_food;eval_mean_delivered_food_per_1000_ant_steps;eval_mean_delivered_fraction;eval_mean_episode_length;eval_mean_episode_return;eval_mean_steps_per_delivered_food;eval_success_rate;final_mean_border_moat_cost;final_mean_nonzero_byte_fraction;final_mean_nonzero_byte_tiles;final_mean_remaining_food;final_mean_viewed_cell_count;final_mean_viewed_cell_fraction;final_mean_visible_border_cells;final_mean_visited_cell_count;final_mean_visited_cell_fraction;global_step;grad_norm;learning_rate;loss;mean_border_moat_cost;mean_carrying_ants;mean_nonzero_byte_fraction;mean_nonzero_byte_tiles;mean_overwrites_per_env_step;mean_viewed_cell_count;mean_viewed_cell_fraction;mean_visible_border_cells;mean_visited_cell_count;mean_visited_cell_fraction;mean_write_action_value;mean_write_attempts_per_env_step;nonzero_writes_per_delivery;num_updates;pickup_events;policy_loss;terminated_episodes;truncated_episodes;update;value_loss;viewed_cell_events;visited_cell_events;write_action_nonzero_rate
runs/bridge_100x100_sweep/continue120_20260703_004806/continue120_0001_mid250_from_best_mt0525_lr5e6_u24/wandb/run-20260702_215718-qa3dpcdc	hundred-bridge-maze-stress	qa3dpcdc	20260702_215718	yes	yes	yes	cool-antz	continue120_20260703_004806	continue120_0001_mid250_from_best_mt0525_lr5e6_u24	jax_mappo_100x100_continue120_0001_mid250_from_best_mt0525_lr5e6_u24	00fa2e3cc967d7b61694c201647f4bb7ab03deb8	scripts/run_100x100_continuation_sweep.py	2026-07-03T00:57:18.524796Z	248	0.992	0.5	104	76	26	20.872753143310547	95.75	0.9831551573434256	24576	24	24	_runtime;_step;_timestamp;_wandb;actor_grad_norm;applied_write_action_nonzero_rate;approx_kl;best_eval_episodes;best_eval_seed_offset;best_model_metric_value;carrying_write_action_nonzero_rate;clipfrac;completed_episodes;critic_grad_norm;delivery_events;empty_write_action_nonzero_rate;entropy;env_return;episode_return;eval_mean_ant_steps_per_delivered_food;eval_mean_delivered_food;eval_mean_delivered_food_per_1000_ant_steps;eval_mean_delivered_fraction;eval_mean_episode_length;eval_mean_episode_return;eval_mean_steps_per_delivered_food;eval_success_rate;final_mean_border_moat_cost;final_mean_nonzero_byte_fraction;final_mean_nonzero_byte_tiles;final_mean_remaining_food;final_mean_viewed_cell_count;final_mean_viewed_cell_fraction;final_mean_visible_border_cells;final_mean_visited_cell_count;final_mean_visited_cell_fraction;global_step;grad_norm;learning_rate;loss;mean_border_moat_cost;mean_carrying_ants;mean_nonzero_byte_fraction;mean_nonzero_byte_tiles;mean_overwrites_per_env_step;mean_viewed_cell_count;mean_viewed_cell_fraction;mean_visible_border_cells;mean_visited_cell_count;mean_visited_cell_fraction;mean_write_action_value;mean_write_attempts_per_env_step;nonzero_writes_per_delivery;num_updates;pickup_events;policy_loss;terminated_episodes;truncated_episodes;update;value_loss;viewed_cell_events;visited_cell_events;write_action_nonzero_rate
runs/bridge_100x100_sweep/continue120_20260703_004806/continue120_0002_mid250_from_best_mt060_lr5e6_u16/wandb/run-20260702_220524-vtn9c7p5	hundred-bridge-maze-stress	vtn9c7p5	20260702_220524	yes	yes	yes	cool-antz	continue120_20260703_004806	continue120_0002_mid250_from_best_mt060_lr5e6_u16	jax_mappo_100x100_continue120_0002_mid250_from_best_mt060_lr5e6_u16	ed2d78e726fde73d599297921600279d00f8066c	scripts/run_100x100_continuation_sweep.py	2026-07-03T01:05:24.384209Z	244.75	0.979	0.5	36	0	9	2.900057792663574	0	0.6446323156070115	16384	16	16	_runtime;_step;_timestamp;_wandb;actor_grad_norm;applied_write_action_nonzero_rate;approx_kl;best_eval_episodes;best_eval_seed_offset;best_model_metric_value;carrying_write_action_nonzero_rate;clipfrac;completed_episodes;critic_grad_norm;delivery_events;empty_write_action_nonzero_rate;entropy;env_return;episode_return;eval_mean_ant_steps_per_delivered_food;eval_mean_delivered_food;eval_mean_delivered_food_per_1000_ant_steps;eval_mean_delivered_fraction;eval_mean_episode_length;eval_mean_episode_return;eval_mean_steps_per_delivered_food;eval_success_rate;final_mean_border_moat_cost;final_mean_nonzero_byte_fraction;final_mean_nonzero_byte_tiles;final_mean_remaining_food;final_mean_viewed_cell_count;final_mean_viewed_cell_fraction;final_mean_visible_border_cells;final_mean_visited_cell_count;final_mean_visited_cell_fraction;global_step;grad_norm;learning_rate;loss;mean_border_moat_cost;mean_carrying_ants;mean_nonzero_byte_fraction;mean_nonzero_byte_tiles;mean_overwrites_per_env_step;mean_viewed_cell_count;mean_viewed_cell_fraction;mean_visible_border_cells;mean_visited_cell_count;mean_visited_cell_fraction;mean_write_action_value;mean_write_attempts_per_env_step;nonzero_writes_per_delivery;num_updates;pickup_events;policy_loss;terminated_episodes;truncated_episodes;update;value_loss;viewed_cell_events;visited_cell_events;write_action_nonzero_rate
runs/bridge_100x100_sweep/continue120_20260703_004806/continue120_0003_hard375_from_best_mt050_lr5e6_u16/wandb/run-20260702_221214-unmft6ad	hundred-bridge-maze-stress	unmft6ad	20260702_221214	yes	yes	yes	cool-antz	continue120_20260703_004806	continue120_0003_hard375_from_best_mt050_lr5e6_u16	jax_mappo_100x100_continue120_0003_hard375_from_best_mt050_lr5e6_u16	ed2d78e726fde73d599297921600279d00f8066c	scripts/run_100x100_continuation_sweep.py	2026-07-03T01:12:14.789881Z	373	0.9946666666666667	0.75	32	20	8	2.166882038116455	27.5	0.9960125012643797	16384	16	16	_runtime;_step;_timestamp;_wandb;actor_grad_norm;applied_write_action_nonzero_rate;approx_kl;best_eval_episodes;best_eval_seed_offset;best_model_metric_value;carrying_write_action_nonzero_rate;clipfrac;completed_episodes;critic_grad_norm;delivery_events;empty_write_action_nonzero_rate;entropy;env_return;episode_return;eval_mean_ant_steps_per_delivered_food;eval_mean_delivered_food;eval_mean_delivered_food_per_1000_ant_steps;eval_mean_delivered_fraction;eval_mean_episode_length;eval_mean_episode_return;eval_mean_steps_per_delivered_food;eval_success_rate;final_mean_border_moat_cost;final_mean_nonzero_byte_fraction;final_mean_nonzero_byte_tiles;final_mean_remaining_food;final_mean_viewed_cell_count;final_mean_viewed_cell_fraction;final_mean_visible_border_cells;final_mean_visited_cell_count;final_mean_visited_cell_fraction;global_step;grad_norm;learning_rate;loss;mean_border_moat_cost;mean_carrying_ants;mean_nonzero_byte_fraction;mean_nonzero_byte_tiles;mean_overwrites_per_env_step;mean_viewed_cell_count;mean_viewed_cell_fraction;mean_visible_border_cells;mean_visited_cell_count;mean_visited_cell_fraction;mean_write_action_value;mean_write_attempts_per_env_step;nonzero_writes_per_delivery;num_updates;pickup_events;policy_loss;terminated_episodes;truncated_episodes;update;value_loss;viewed_cell_events;visited_cell_events;write_action_nonzero_rate
runs/bridge_100x100_sweep/continue120_from_hard375_20260703_012858/continue120_0000_mid250_from_best_mt050_lr5e6_u24/wandb/run-20260702_222908-h1f8gaxr	hundred-bridge-maze-stress	h1f8gaxr	20260702_222908	yes	yes	yes	cool-antz	continue120_from_hard375_20260703_012858	continue120_0000_mid250_from_best_mt050_lr5e6_u24	jax_mappo_100x100_continue120_0000_mid250_from_best_mt050_lr5e6_u24	aea6e52180b03212a67134624d0664aec11e0c6e	scripts/run_100x100_continuation_sweep.py	2026-07-03T01:29:08.923803Z	248.25	0.993	0.5	88	101	22	17.244007110595703	38.5	0.8426829714887292	24576	24	24	_runtime;_step;_timestamp;_wandb;actor_grad_norm;applied_write_action_nonzero_rate;approx_kl;best_eval_episodes;best_eval_seed_offset;best_model_metric_value;carrying_write_action_nonzero_rate;clipfrac;completed_episodes;critic_grad_norm;delivery_events;empty_write_action_nonzero_rate;entropy;env_return;episode_return;eval_mean_ant_steps_per_delivered_food;eval_mean_delivered_food;eval_mean_delivered_food_per_1000_ant_steps;eval_mean_delivered_fraction;eval_mean_episode_length;eval_mean_episode_return;eval_mean_steps_per_delivered_food;eval_success_rate;final_mean_border_moat_cost;final_mean_nonzero_byte_fraction;final_mean_nonzero_byte_tiles;final_mean_remaining_food;final_mean_viewed_cell_count;final_mean_viewed_cell_fraction;final_mean_visible_border_cells;final_mean_visited_cell_count;final_mean_visited_cell_fraction;global_step;grad_norm;learning_rate;loss;mean_border_moat_cost;mean_carrying_ants;mean_nonzero_byte_fraction;mean_nonzero_byte_tiles;mean_overwrites_per_env_step;mean_viewed_cell_count;mean_viewed_cell_fraction;mean_visible_border_cells;mean_visited_cell_count;mean_visited_cell_fraction;mean_write_action_value;mean_write_attempts_per_env_step;nonzero_writes_per_delivery;num_updates;pickup_events;policy_loss;terminated_episodes;truncated_episodes;update;value_loss;viewed_cell_events;visited_cell_events;write_action_nonzero_rate
runs/bridge_100x100_sweep/continue120_from_hard375_20260703_012858/continue120_0001_mid250_from_best_mt0525_lr5e6_u24/wandb/run-20260702_223900-ruqsgxl9	hundred-bridge-maze-stress	ruqsgxl9	20260702_223900	no	yes	no	.	.	.	.	c4851c7941ef0bffd53de2452d6ac6c56a501bfd	scripts/run_100x100_continuation_sweep.py	2026-07-03T01:39:00.578361Z	.	.	.	.	.	.	.	.	.	.	.	.	.
runs/bridge_100x100_sweep/continue_20260702_225027/continue_0000_mid250_from_best_mt050_lr5e6_u24/wandb/run-20260702_195039-vcazy6hk	hundred-bridge-maze-stress	vcazy6hk	20260702_195039	yes	yes	yes	cool-antz	continue_20260702_225027	continue_0000_mid250_from_best_mt050_lr5e6_u24	jax_mappo_100x100_continue_0000_mid250_from_best_mt050_lr5e6_u24	483a22cf27f4979fffe54921d2964661596905f5	scripts/run_100x100_continuation_sweep.py	2026-07-02T22:50:39.300364Z	221.75	0.887	0.25	87	110	21.75	20.099750518798828	113.25	1.0619455189790556	24576	24	24	_runtime;_step;_timestamp;_wandb;actor_grad_norm;applied_write_action_nonzero_rate;approx_kl;best_eval_episodes;best_eval_seed_offset;best_model_metric_value;carrying_write_action_nonzero_rate;clipfrac;completed_episodes;critic_grad_norm;delivery_events;empty_write_action_nonzero_rate;entropy;env_return;episode_return;eval_mean_ant_steps_per_delivered_food;eval_mean_delivered_food;eval_mean_delivered_food_per_1000_ant_steps;eval_mean_delivered_fraction;eval_mean_episode_length;eval_mean_episode_return;eval_mean_steps_per_delivered_food;eval_success_rate;final_mean_border_moat_cost;final_mean_nonzero_byte_fraction;final_mean_nonzero_byte_tiles;final_mean_remaining_food;final_mean_viewed_cell_count;final_mean_viewed_cell_fraction;final_mean_visible_border_cells;final_mean_visited_cell_count;final_mean_visited_cell_fraction;global_step;grad_norm;learning_rate;loss;mean_border_moat_cost;mean_carrying_ants;mean_nonzero_byte_fraction;mean_nonzero_byte_tiles;mean_overwrites_per_env_step;mean_viewed_cell_count;mean_viewed_cell_fraction;mean_visible_border_cells;mean_visited_cell_count;mean_visited_cell_fraction;mean_write_action_value;mean_write_attempts_per_env_step;nonzero_writes_per_delivery;num_updates;pickup_events;policy_loss;terminated_episodes;truncated_episodes;update;value_loss;viewed_cell_events;visited_cell_events;write_action_nonzero_rate
runs/bridge_100x100_sweep/continue_20260702_225027/continue_0001_mid250_from_best_mt0525_lr5e6_u24/wandb/run-20260702_195743-btymay6y	hundred-bridge-maze-stress	btymay6y	20260702_195743	yes	yes	yes	cool-antz	continue_20260702_225027	continue_0001_mid250_from_best_mt0525_lr5e6_u24	jax_mappo_100x100_continue_0001_mid250_from_best_mt0525_lr5e6_u24	483a22cf27f4979fffe54921d2964661596905f5	scripts/run_100x100_continuation_sweep.py	2026-07-02T22:57:43.659186Z	181.75	0.7270000000000001	0	110	106	27.5	25.789291381835938	136.75	0.8713501897745032	24576	24	24	_runtime;_step;_timestamp;_wandb;actor_grad_norm;applied_write_action_nonzero_rate;approx_kl;best_eval_episodes;best_eval_seed_offset;best_model_metric_value;carrying_write_action_nonzero_rate;clipfrac;completed_episodes;critic_grad_norm;delivery_events;empty_write_action_nonzero_rate;entropy;env_return;episode_return;eval_mean_ant_steps_per_delivered_food;eval_mean_delivered_food;eval_mean_delivered_food_per_1000_ant_steps;eval_mean_delivered_fraction;eval_mean_episode_length;eval_mean_episode_return;eval_mean_steps_per_delivered_food;eval_success_rate;final_mean_border_moat_cost;final_mean_nonzero_byte_fraction;final_mean_nonzero_byte_tiles;final_mean_remaining_food;final_mean_viewed_cell_count;final_mean_viewed_cell_fraction;final_mean_visible_border_cells;final_mean_visited_cell_count;final_mean_visited_cell_fraction;global_step;grad_norm;learning_rate;loss;mean_border_moat_cost;mean_carrying_ants;mean_nonzero_byte_fraction;mean_nonzero_byte_tiles;mean_overwrites_per_env_step;mean_viewed_cell_count;mean_viewed_cell_fraction;mean_visible_border_cells;mean_visited_cell_count;mean_visited_cell_fraction;mean_write_action_value;mean_write_attempts_per_env_step;nonzero_writes_per_delivery;num_updates;pickup_events;policy_loss;terminated_episodes;truncated_episodes;update;value_loss;viewed_cell_events;visited_cell_events;write_action_nonzero_rate
runs/bridge_100x100_sweep/continue_20260702_225027/continue_0002_mid250_from_best_mt060_lr5e6_u16/wandb/run-20260702_200445-ljrs5nyz	hundred-bridge-maze-stress	ljrs5nyz	20260702_200445	yes	yes	yes	cool-antz	continue_20260702_225027	continue_0002_mid250_from_best_mt060_lr5e6_u16	jax_mappo_100x100_continue_0002_mid250_from_best_mt060_lr5e6_u16	483a22cf27f4979fffe54921d2964661596905f5	scripts/run_100x100_continuation_sweep.py	2026-07-02T23:04:45.839682Z	184.5	0.738	0	1	13	0.25	-2.6364660263061523	16.25	0.7275	16384	16	16	_runtime;_step;_timestamp;_wandb;actor_grad_norm;applied_write_action_nonzero_rate;approx_kl;best_eval_episodes;best_eval_seed_offset;best_model_metric_value;carrying_write_action_nonzero_rate;clipfrac;completed_episodes;critic_grad_norm;delivery_events;empty_write_action_nonzero_rate;entropy;env_return;episode_return;eval_mean_ant_steps_per_delivered_food;eval_mean_delivered_food;eval_mean_delivered_food_per_1000_ant_steps;eval_mean_delivered_fraction;eval_mean_episode_length;eval_mean_episode_return;eval_mean_steps_per_delivered_food;eval_success_rate;final_mean_border_moat_cost;final_mean_nonzero_byte_fraction;final_mean_nonzero_byte_tiles;final_mean_remaining_food;final_mean_viewed_cell_count;final_mean_viewed_cell_fraction;final_mean_visible_border_cells;final_mean_visited_cell_count;final_mean_visited_cell_fraction;global_step;grad_norm;learning_rate;loss;mean_border_moat_cost;mean_carrying_ants;mean_nonzero_byte_fraction;mean_nonzero_byte_tiles;mean_overwrites_per_env_step;mean_viewed_cell_count;mean_viewed_cell_fraction;mean_visible_border_cells;mean_visited_cell_count;mean_visited_cell_fraction;mean_write_action_value;mean_write_attempts_per_env_step;nonzero_writes_per_delivery;num_updates;pickup_events;policy_loss;terminated_episodes;truncated_episodes;update;value_loss;viewed_cell_events;visited_cell_events;write_action_nonzero_rate
runs/bridge_100x100_sweep/continue_20260702_225027/continue_0003_hard375_from_best_mt050_lr5e6_u16/wandb/run-20260702_201044-1y9tvqkr	hundred-bridge-maze-stress	1y9tvqkr	20260702_201044	yes	yes	yes	cool-antz	continue_20260702_225027	continue_0003_hard375_from_best_mt050_lr5e6_u16	jax_mappo_100x100_continue_0003_hard375_from_best_mt050_lr5e6_u16	483a22cf27f4979fffe54921d2964661596905f5	scripts/run_100x100_continuation_sweep.py	2026-07-02T23:10:44.148381Z	363.5	0.9693333333333334	0.5	8	17	2	-0.8362622261047363	84.5	1.565027507351373	16384	16	16	_runtime;_step;_timestamp;_wandb;actor_grad_norm;applied_write_action_nonzero_rate;approx_kl;best_eval_episodes;best_eval_seed_offset;best_model_metric_value;carrying_write_action_nonzero_rate;clipfrac;completed_episodes;critic_grad_norm;delivery_events;empty_write_action_nonzero_rate;entropy;env_return;episode_return;eval_mean_ant_steps_per_delivered_food;eval_mean_delivered_food;eval_mean_delivered_food_per_1000_ant_steps;eval_mean_delivered_fraction;eval_mean_episode_length;eval_mean_episode_return;eval_mean_steps_per_delivered_food;eval_success_rate;final_mean_border_moat_cost;final_mean_nonzero_byte_fraction;final_mean_nonzero_byte_tiles;final_mean_remaining_food;final_mean_viewed_cell_count;final_mean_viewed_cell_fraction;final_mean_visible_border_cells;final_mean_visited_cell_count;final_mean_visited_cell_fraction;global_step;grad_norm;learning_rate;loss;mean_border_moat_cost;mean_carrying_ants;mean_nonzero_byte_fraction;mean_nonzero_byte_tiles;mean_overwrites_per_env_step;mean_viewed_cell_count;mean_viewed_cell_fraction;mean_visible_border_cells;mean_visited_cell_count;mean_visited_cell_fraction;mean_write_action_value;mean_write_attempts_per_env_step;nonzero_writes_per_delivery;num_updates;pickup_events;policy_loss;terminated_episodes;truncated_episodes;update;value_loss;viewed_cell_events;visited_cell_events;write_action_nonzero_rate
runs/bridge_100x100_sweep/progress_videos_single/wandb/run-20260702_222534-coolantz100x100progressvideossingle	hundred-bridge-maze-stress	coolantz100x100progressvideossingle	20260702_222534	no	yes	no	.	.	.	.	ed2d78e726fde73d599297921600279d00f8066c	scripts/run_100x100_progress_video_daemon.py	2026-07-03T01:25:34.058706Z	.	.	.	.	.	.	.	.	.	.	.	.	.
runs/bridge_100x100_sweep/progress_videos_single/wandb/run-20260702_233157-coolantz100x100progressvideossingle	hundred-bridge-maze-stress	coolantz100x100progressvideossingle	20260702_233157	no	yes	no	.	.	.	.	c4851c7941ef0bffd53de2452d6ac6c56a501bfd	scripts/run_100x100_progress_video_daemon.py	2026-07-03T02:31:57.365344Z	.	.	.	.	.	.	.	.	.	.	.	.	.
runs/bridge_100x100_sweep/progress_videos_single/wandb/run-20260703_132612-coolantz100x100progressvideossingle	hundred-bridge-maze-stress	coolantz100x100progressvideossingle	20260703_132612	yes	yes	yes	.	.	.	.	c1a0741f5b687216f19a612d782f0b130e640043	scripts/run_100x100_progress_video_daemon.py	2026-07-03T16:26:12.993491Z	.	.	.	.	.	.	.	.	.	.	.	.	_runtime;_step;_timestamp;_wandb;latest_video_cycle;latest_video_paths;latest_video_targets;latest_video_wandb_step;progress_video_cycle;progress_video_targets;progress_videos
runs/bridge_100x100_sweep/progress_videos_single/wandb/run-20260703_144920-coolantz100x100progressvideossingle	hundred-bridge-maze-stress	coolantz100x100progressvideossingle	20260703_144920	yes	yes	yes	.	.	.	.	c1a0741f5b687216f19a612d782f0b130e640043	scripts/run_100x100_progress_video_daemon.py	2026-07-03T17:49:20.503597Z	.	.	.	.	.	.	.	.	.	.	.	.	_runtime;_step;_timestamp;_wandb;latest_video_cycle;latest_video_paths;latest_video_targets;latest_video_wandb_step;progress_video_cycle;progress_video_targets;progress_videos
runs/bridge_100x100_sweep/progress_videos_single/wandb/run-20260703_150024-coolantz100x100progressvideossingle	hundred-bridge-maze-stress	coolantz100x100progressvideossingle	20260703_150024	yes	yes	yes	.	.	.	.	935e6547961816a5266d787b5deed45c0f8add4c	scripts/run_100x100_progress_video_daemon.py	2026-07-03T18:00:24.249941Z	.	.	.	.	.	.	.	.	.	.	.	.	_runtime;_step;_timestamp;_wandb;latest_video_cycle;latest_video_paths;latest_video_targets;latest_video_wandb_step;progress_video_cycle;progress_video_targets;progress_videos
runs/bridge_100x100_sweep/progress_videos_single/wandb/run-20260703_151021-coolantz100x100progressvideossingle	hundred-bridge-maze-stress	coolantz100x100progressvideossingle	20260703_151021	yes	yes	yes	.	.	.	.	935e6547961816a5266d787b5deed45c0f8add4c	scripts/run_100x100_progress_video_daemon.py	2026-07-03T18:10:21.455659Z	.	.	.	.	.	.	.	.	.	.	.	.	_runtime;_step;_timestamp;_wandb;latest_video_cycle;latest_video_paths;latest_video_targets;latest_video_wandb_step;progress_video_cycle;progress_video_targets;progress_videos
runs/bridge_100x100_sweep/progress_videos_single/wandb/run-20260703_152030-coolantz100x100progressvideossingle	hundred-bridge-maze-stress	coolantz100x100progressvideossingle	20260703_152030	yes	yes	yes	.	.	.	.	935e6547961816a5266d787b5deed45c0f8add4c	scripts/run_100x100_progress_video_daemon.py	2026-07-03T18:20:30.518082Z	.	.	.	.	.	.	.	.	.	.	.	.	_runtime;_step;_timestamp;_wandb;latest_video_cycle;latest_video_paths;latest_video_targets;latest_video_wandb_step;progress_video_cycle;progress_video_targets;progress_videos
runs/bridge_100x100_sweep/progress_videos_single/wandb/run-20260703_153012-coolantz100x100progressvideossingle	hundred-bridge-maze-stress	coolantz100x100progressvideossingle	20260703_153012	yes	yes	yes	.	.	.	.	f776de5a916b6a203c70a8e5541716c2969d1c19	scripts/run_100x100_progress_video_daemon.py	2026-07-03T18:30:12.033961Z	.	.	.	.	.	.	.	.	.	.	.	.	_runtime;_step;_timestamp;_wandb;latest_video_cycle;latest_video_paths;latest_video_targets;latest_video_wandb_step;progress_video_cycle;progress_video_targets;progress_videos
runs/bridge_100x100_sweep/progress_videos_single/wandb/run-20260703_154017-coolantz100x100progressvideossingle	hundred-bridge-maze-stress	coolantz100x100progressvideossingle	20260703_154017	yes	yes	yes	.	.	.	.	f776de5a916b6a203c70a8e5541716c2969d1c19	scripts/run_100x100_progress_video_daemon.py	2026-07-03T18:40:17.659078Z	.	.	.	.	.	.	.	.	.	.	.	.	_runtime;_step;_timestamp;_wandb;latest_video_cycle;latest_video_paths;latest_video_targets;latest_video_wandb_step;progress_video_cycle;progress_video_targets;progress_videos
runs/bridge_100x100_sweep/progress_videos_single/wandb/run-20260703_155037-coolantz100x100progressvideossingle	hundred-bridge-maze-stress	coolantz100x100progressvideossingle	20260703_155037	yes	yes	yes	.	.	.	.	a203c2d4fbb9315b7048f07f3557605fe9e340c1	scripts/run_100x100_progress_video_daemon.py	2026-07-03T18:50:37.714710Z	.	.	.	.	.	.	.	.	.	.	.	.	_runtime;_step;_timestamp;_wandb;latest_video_cycle;latest_video_paths;latest_video_targets;latest_video_wandb_step;progress_video_cycle;progress_video_targets;progress_videos
runs/bridge_100x100_sweep/progress_videos_single/wandb/run-20260703_160020-coolantz100x100progressvideossingle	hundred-bridge-maze-stress	coolantz100x100progressvideossingle	20260703_160020	yes	yes	yes	.	.	.	.	a203c2d4fbb9315b7048f07f3557605fe9e340c1	scripts/run_100x100_progress_video_daemon.py	2026-07-03T19:00:20.643596Z	.	.	.	.	.	.	.	.	.	.	.	.	_runtime;_step;_timestamp;_wandb;latest_video_cycle;latest_video_paths;latest_video_targets;latest_video_wandb_step;progress_video_cycle;progress_video_targets;progress_videos
runs/bridge_100x100_sweep/progress_videos_single/wandb/run-20260703_161006-coolantz100x100progressvideossingle	hundred-bridge-maze-stress	coolantz100x100progressvideossingle	20260703_161006	yes	yes	yes	.	.	.	.	a203c2d4fbb9315b7048f07f3557605fe9e340c1	scripts/run_100x100_progress_video_daemon.py	2026-07-03T19:10:06.071129Z	.	.	.	.	.	.	.	.	.	.	.	.	_runtime;_step;_timestamp;_wandb;latest_video_cycle;latest_video_paths;latest_video_targets;latest_video_wandb_step;progress_video_cycle;progress_video_targets;progress_videos
runs/bridge_100x100_sweep/progress_videos_single/wandb/run-20260703_162022-coolantz100x100progressvideossingle	hundred-bridge-maze-stress	coolantz100x100progressvideossingle	20260703_162022	yes	yes	yes	.	.	.	.	4755061a5be96a8a406d02e459148d69355a487e	scripts/run_100x100_progress_video_daemon.py	2026-07-03T19:20:22.921883Z	.	.	.	.	.	.	.	.	.	.	.	.	_runtime;_step;_timestamp;_wandb;latest_video_cycle;latest_video_paths;latest_video_targets;latest_video_wandb_step;progress_video_cycle;progress_video_targets;progress_videos
runs/bridge_100x100_sweep/progress_videos_single/wandb/run-20260703_163021-coolantz100x100progressvideossingle	hundred-bridge-maze-stress	coolantz100x100progressvideossingle	20260703_163021	yes	yes	yes	.	.	.	.	4755061a5be96a8a406d02e459148d69355a487e	scripts/run_100x100_progress_video_daemon.py	2026-07-03T19:30:21.484455Z	.	.	.	.	.	.	.	.	.	.	.	.	_runtime;_step;_timestamp;_wandb;latest_video_cycle;latest_video_paths;latest_video_targets;latest_video_wandb_step;progress_video_cycle;progress_video_targets;progress_videos
runs/bridge_100x100_sweep/progress_videos_single/wandb/run-20260703_164005-coolantz100x100progressvideossingle	hundred-bridge-maze-stress	coolantz100x100progressvideossingle	20260703_164005	yes	yes	yes	.	.	.	.	e0a80c92172a71044c26211a23d5305eda9b3876	scripts/run_100x100_progress_video_daemon.py	2026-07-03T19:40:05.977246Z	.	.	.	.	.	.	.	.	.	.	.	.	_runtime;_step;_timestamp;_wandb;latest_video_cycle;latest_video_paths;latest_video_targets;latest_video_wandb_step;progress_video_cycle;progress_video_targets;progress_videos
runs/bridge_100x100_sweep/progress_videos_single/wandb/run-20260703_165020-coolantz100x100progressvideossingle	hundred-bridge-maze-stress	coolantz100x100progressvideossingle	20260703_165020	yes	yes	yes	.	.	.	.	e0a80c92172a71044c26211a23d5305eda9b3876	scripts/run_100x100_progress_video_daemon.py	2026-07-03T19:50:20.938554Z	.	.	.	.	.	.	.	.	.	.	.	.	_runtime;_step;_timestamp;_wandb;latest_video_cycle;latest_video_paths;latest_video_targets;latest_video_wandb_step;progress_video_cycle;progress_video_targets;progress_videos
runs/bridge_100x100_sweep/progress_videos_single/wandb/run-20260703_170020-coolantz100x100progressvideossingle	hundred-bridge-maze-stress	coolantz100x100progressvideossingle	20260703_170020	yes	yes	yes	.	.	.	.	e0a80c92172a71044c26211a23d5305eda9b3876	scripts/run_100x100_progress_video_daemon.py	2026-07-03T20:00:20.877644Z	.	.	.	.	.	.	.	.	.	.	.	.	_runtime;_step;_timestamp;_wandb;latest_video_cycle;latest_video_paths;latest_video_targets;latest_video_wandb_step;progress_video_cycle;progress_video_targets;progress_videos
runs/bridge_100x100_sweep/progress_videos_single/wandb/run-20260703_171020-coolantz100x100progressvideossingle	hundred-bridge-maze-stress	coolantz100x100progressvideossingle	20260703_171020	yes	yes	yes	.	.	.	.	e0a80c92172a71044c26211a23d5305eda9b3876	scripts/run_100x100_progress_video_daemon.py	2026-07-03T20:10:20.924095Z	.	.	.	.	.	.	.	.	.	.	.	.	_runtime;_step;_timestamp;_wandb;latest_video_cycle;latest_video_paths;latest_video_targets;latest_video_wandb_step;progress_video_cycle;progress_video_targets;progress_videos
runs/bridge_100x100_sweep/progress_videos_single/wandb/run-20260703_172003-coolantz100x100progressvideossingle	hundred-bridge-maze-stress	coolantz100x100progressvideossingle	20260703_172003	yes	yes	yes	.	.	.	.	e0a80c92172a71044c26211a23d5305eda9b3876	scripts/run_100x100_progress_video_daemon.py	2026-07-03T20:20:03.931891Z	.	.	.	.	.	.	.	.	.	.	.	.	_runtime;_step;_timestamp;_wandb;latest_video_cycle;latest_video_paths;latest_video_targets;latest_video_wandb_step;progress_video_cycle;progress_video_targets;progress_videos
runs/bridge_100x100_sweep/progress_videos_single/wandb/run-20260703_173005-coolantz100x100progressvideossingle	hundred-bridge-maze-stress	coolantz100x100progressvideossingle	20260703_173005	yes	yes	yes	.	.	.	.	e0a80c92172a71044c26211a23d5305eda9b3876	scripts/run_100x100_progress_video_daemon.py	2026-07-03T20:30:05.905114Z	.	.	.	.	.	.	.	.	.	.	.	.	_runtime;_step;_timestamp;_wandb;latest_video_cycle;latest_video_paths;latest_video_targets;latest_video_wandb_step;progress_video_cycle;progress_video_targets;progress_videos
runs/bridge_100x100_sweep/progress_videos_single/wandb/run-20260703_173951-coolantz100x100progressvideossingle	hundred-bridge-maze-stress	coolantz100x100progressvideossingle	20260703_173951	yes	yes	yes	.	.	.	.	e0a80c92172a71044c26211a23d5305eda9b3876	scripts/run_100x100_progress_video_daemon.py	2026-07-03T20:39:51.003234Z	.	.	.	.	.	.	.	.	.	.	.	.	_runtime;_step;_timestamp;_wandb;latest_video_cycle;latest_video_paths;latest_video_targets;latest_video_wandb_step;progress_video_cycle;progress_video_targets;progress_videos
runs/bridge_100x100_sweep/progress_videos_single/wandb/run-20260703_175006-coolantz100x100progressvideossingle	hundred-bridge-maze-stress	coolantz100x100progressvideossingle	20260703_175006	yes	yes	yes	.	.	.	.	5b27fd26abc73332802b7bee065af0f6fbae380b	scripts/run_100x100_progress_video_daemon.py	2026-07-03T20:50:06.051244Z	.	.	.	.	.	.	.	.	.	.	.	.	_runtime;_step;_timestamp;_wandb;latest_video_cycle;latest_video_paths;latest_video_targets;latest_video_wandb_step;progress_video_cycle;progress_video_targets;progress_videos
runs/bridge_100x100_sweep/progress_videos_single/wandb/run-20260703_180006-coolantz100x100progressvideossingle	hundred-bridge-maze-stress	coolantz100x100progressvideossingle	20260703_180006	yes	yes	yes	.	.	.	.	5b27fd26abc73332802b7bee065af0f6fbae380b	scripts/run_100x100_progress_video_daemon.py	2026-07-03T21:00:06.224736Z	.	.	.	.	.	.	.	.	.	.	.	.	_runtime;_step;_timestamp;_wandb;latest_video_cycle;latest_video_paths;latest_video_targets;latest_video_wandb_step;progress_video_cycle;progress_video_targets;progress_videos
runs/bridge_100x100_sweep/progress_videos_single/wandb/run-20260703_181025-coolantz100x100progressvideossingle	hundred-bridge-maze-stress	coolantz100x100progressvideossingle	20260703_181025	yes	yes	yes	.	.	.	.	a4ed53ca8aa2b85b9497b74678af9a49b8e0793d	scripts/run_100x100_progress_video_daemon.py	2026-07-03T21:10:25.192632Z	.	.	.	.	.	.	.	.	.	.	.	.	_runtime;_step;_timestamp;_wandb;latest_video_cycle;latest_video_paths;latest_video_targets;latest_video_wandb_step;progress_video_cycle;progress_video_targets;progress_videos
runs/bridge_100x100_sweep/progress_videos_single/wandb/run-20260703_182005-coolantz100x100progressvideossingle	hundred-bridge-maze-stress	coolantz100x100progressvideossingle	20260703_182005	yes	yes	yes	.	.	.	.	034b7526ea630e98a1e7da19c00f08986654f247	scripts/run_100x100_progress_video_daemon.py	2026-07-03T21:20:05.885335Z	.	.	.	.	.	.	.	.	.	.	.	.	_runtime;_step;_timestamp;_wandb;latest_video_cycle;latest_video_paths;latest_video_targets;latest_video_wandb_step;progress_video_cycle;progress_video_targets;progress_videos
runs/bridge_100x100_sweep/progress_videos_single/wandb/run-20260703_183020-coolantz100x100progressvideossingle	hundred-bridge-maze-stress	coolantz100x100progressvideossingle	20260703_183020	yes	yes	yes	.	.	.	.	43ba4b003b7b3f4c18ae01527dd901f035842a4d	scripts/run_100x100_progress_video_daemon.py	2026-07-03T21:30:20.882324Z	.	.	.	.	.	.	.	.	.	.	.	.	_runtime;_step;_timestamp;_wandb;latest_video_cycle;latest_video_paths;latest_video_targets;latest_video_wandb_step;progress_video_cycle;progress_video_targets;progress_videos
runs/bridge_100x100_sweep/progress_videos_single/wandb/run-20260703_184020-coolantz100x100progressvideossingle	hundred-bridge-maze-stress	coolantz100x100progressvideossingle	20260703_184020	yes	yes	yes	.	.	.	.	43ba4b003b7b3f4c18ae01527dd901f035842a4d	scripts/run_100x100_progress_video_daemon.py	2026-07-03T21:40:20.674046Z	.	.	.	.	.	.	.	.	.	.	.	.	_runtime;_step;_timestamp;_wandb;latest_video_cycle;latest_video_paths;latest_video_targets;latest_video_wandb_step;progress_video_cycle;progress_video_targets;progress_videos
runs/bridge_100x100_sweep/progress_videos_single/wandb/run-20260703_185020-coolantz100x100progressvideossingle	hundred-bridge-maze-stress	coolantz100x100progressvideossingle	20260703_185020	yes	yes	yes	.	.	.	.	c82519e00dbb47b27ea73a0d7db03b15f51fa283	scripts/run_100x100_progress_video_daemon.py	2026-07-03T21:50:20.980934Z	.	.	.	.	.	.	.	.	.	.	.	.	_runtime;_step;_timestamp;_wandb;latest_video_cycle;latest_video_paths;latest_video_targets;latest_video_wandb_step;progress_video_cycle;progress_video_targets;progress_videos
runs/bridge_100x100_sweep/progress_videos_single/wandb/run-20260703_190020-coolantz100x100progressvideossingle	hundred-bridge-maze-stress	coolantz100x100progressvideossingle	20260703_190020	yes	yes	yes	.	.	.	.	c82519e00dbb47b27ea73a0d7db03b15f51fa283	scripts/run_100x100_progress_video_daemon.py	2026-07-03T22:00:20.962622Z	.	.	.	.	.	.	.	.	.	.	.	.	_runtime;_step;_timestamp;_wandb;latest_video_cycle;latest_video_paths;latest_video_targets;latest_video_wandb_step;progress_video_cycle;progress_video_targets;progress_videos
runs/bridge_100x100_sweep/progress_videos_single/wandb/run-20260703_191005-coolantz100x100progressvideossingle	hundred-bridge-maze-stress	coolantz100x100progressvideossingle	20260703_191005	yes	yes	yes	.	.	.	.	c82519e00dbb47b27ea73a0d7db03b15f51fa283	scripts/run_100x100_progress_video_daemon.py	2026-07-03T22:10:05.883355Z	.	.	.	.	.	.	.	.	.	.	.	.	_runtime;_step;_timestamp;_wandb;latest_video_cycle;latest_video_paths;latest_video_targets;latest_video_wandb_step;progress_video_cycle;progress_video_targets;progress_videos
runs/bridge_100x100_sweep/progress_videos_single/wandb/run-20260703_191951-coolantz100x100progressvideossingle	hundred-bridge-maze-stress	coolantz100x100progressvideossingle	20260703_191951	yes	yes	yes	.	.	.	.	c82519e00dbb47b27ea73a0d7db03b15f51fa283	scripts/run_100x100_progress_video_daemon.py	2026-07-03T22:19:51.212202Z	.	.	.	.	.	.	.	.	.	.	.	.	_runtime;_step;_timestamp;_wandb;latest_video_cycle;latest_video_paths;latest_video_targets;latest_video_wandb_step;progress_video_cycle;progress_video_targets;progress_videos
runs/bridge_100x100_sweep/progress_videos_single/wandb/run-20260703_193005-coolantz100x100progressvideossingle	hundred-bridge-maze-stress	coolantz100x100progressvideossingle	20260703_193005	yes	yes	yes	.	.	.	.	c82519e00dbb47b27ea73a0d7db03b15f51fa283	scripts/run_100x100_progress_video_daemon.py	2026-07-03T22:30:05.890272Z	.	.	.	.	.	.	.	.	.	.	.	.	_runtime;_step;_timestamp;_wandb;latest_video_cycle;latest_video_paths;latest_video_targets;latest_video_wandb_step;progress_video_cycle;progress_video_targets;progress_videos
runs/bridge_100x100_sweep/progress_videos_single/wandb/run-20260703_193950-coolantz100x100progressvideossingle	hundred-bridge-maze-stress	coolantz100x100progressvideossingle	20260703_193950	yes	yes	yes	.	.	.	.	c82519e00dbb47b27ea73a0d7db03b15f51fa283	scripts/run_100x100_progress_video_daemon.py	2026-07-03T22:39:50.963061Z	.	.	.	.	.	.	.	.	.	.	.	.	_runtime;_step;_timestamp;_wandb;latest_video_cycle;latest_video_paths;latest_video_targets;latest_video_wandb_step;progress_video_cycle;progress_video_targets;progress_videos
runs/bridge_100x100_sweep/progress_videos_single/wandb/run-20260703_195021-coolantz100x100progressvideossingle	hundred-bridge-maze-stress	coolantz100x100progressvideossingle	20260703_195021	yes	yes	yes	.	.	.	.	c82519e00dbb47b27ea73a0d7db03b15f51fa283	scripts/run_100x100_progress_video_daemon.py	2026-07-03T22:50:21.764631Z	.	.	.	.	.	.	.	.	.	.	.	.	_runtime;_step;_timestamp;_wandb;latest_video_cycle;latest_video_paths;latest_video_targets;latest_video_wandb_step;progress_video_cycle;progress_video_targets;progress_videos
runs/bridge_100x100_sweep/progress_videos_single/wandb/run-20260703_200007-coolantz100x100progressvideossingle	hundred-bridge-maze-stress	coolantz100x100progressvideossingle	20260703_200007	yes	yes	yes	.	.	.	.	c82519e00dbb47b27ea73a0d7db03b15f51fa283	scripts/run_100x100_progress_video_daemon.py	2026-07-03T23:00:07.717951Z	.	.	.	.	.	.	.	.	.	.	.	.	_runtime;_step;_timestamp;_wandb;latest_video_cycle;latest_video_paths;latest_video_targets;latest_video_wandb_step;progress_video_cycle;progress_video_targets;progress_videos
runs/bridge_100x100_sweep/progress_videos_single/wandb/run-20260703_201022-coolantz100x100progressvideossingle	hundred-bridge-maze-stress	coolantz100x100progressvideossingle	20260703_201022	yes	yes	yes	.	.	.	.	c82519e00dbb47b27ea73a0d7db03b15f51fa283	scripts/run_100x100_progress_video_daemon.py	2026-07-03T23:10:22.753689Z	.	.	.	.	.	.	.	.	.	.	.	.	_runtime;_step;_timestamp;_wandb;latest_video_cycle;latest_video_paths;latest_video_targets;latest_video_wandb_step;progress_video_cycle;progress_video_targets;progress_videos
runs/bridge_100x100_sweep/progress_videos_single/wandb/run-20260703_202007-coolantz100x100progressvideossingle	hundred-bridge-maze-stress	coolantz100x100progressvideossingle	20260703_202007	yes	yes	yes	.	.	.	.	d29580ad9084ea0ff63eb5327c164e00cb568318	scripts/run_100x100_progress_video_daemon.py	2026-07-03T23:20:07.864512Z	.	.	.	.	.	.	.	.	.	.	.	.	_runtime;_step;_timestamp;_wandb;latest_video_cycle;latest_video_paths;latest_video_targets;latest_video_wandb_step;progress_video_cycle;progress_video_targets;progress_videos
runs/bridge_100x100_sweep/progress_videos_single/wandb/run-20260703_202952-coolantz100x100progressvideossingle	hundred-bridge-maze-stress	coolantz100x100progressvideossingle	20260703_202952	yes	yes	yes	.	.	.	.	d29580ad9084ea0ff63eb5327c164e00cb568318	scripts/run_100x100_progress_video_daemon.py	2026-07-03T23:29:52.987978Z	.	.	.	.	.	.	.	.	.	.	.	.	_runtime;_step;_timestamp;_wandb;latest_video_cycle;latest_video_paths;latest_video_targets;latest_video_wandb_step;progress_video_cycle;progress_video_targets;progress_videos
runs/bridge_100x100_sweep/progress_videos_single/wandb/run-20260703_204021-coolantz100x100progressvideossingle	hundred-bridge-maze-stress	coolantz100x100progressvideossingle	20260703_204021	yes	yes	yes	.	.	.	.	d29580ad9084ea0ff63eb5327c164e00cb568318	scripts/run_100x100_progress_video_daemon.py	2026-07-03T23:40:21.051316Z	.	.	.	.	.	.	.	.	.	.	.	.	_runtime;_step;_timestamp;_wandb;latest_video_cycle;latest_video_paths;latest_video_targets;latest_video_wandb_step;progress_video_cycle;progress_video_targets;progress_videos
runs/bridge_100x100_sweep/progress_videos_single/wandb/run-20260703_205006-coolantz100x100progressvideossingle	hundred-bridge-maze-stress	coolantz100x100progressvideossingle	20260703_205006	yes	yes	yes	.	.	.	.	c0d7c9a3c6aa94066830ea97d47d43f2fd33ed1f	scripts/run_100x100_progress_video_daemon.py	2026-07-03T23:50:06.061319Z	.	.	.	.	.	.	.	.	.	.	.	.	_runtime;_step;_timestamp;_wandb;latest_video_cycle;latest_video_paths;latest_video_targets;latest_video_wandb_step;progress_video_cycle;progress_video_targets;progress_videos
runs/bridge_100x100_sweep/progress_videos_single/wandb/run-20260703_210005-coolantz100x100progressvideossingle	hundred-bridge-maze-stress	coolantz100x100progressvideossingle	20260703_210005	yes	yes	yes	.	.	.	.	c0d7c9a3c6aa94066830ea97d47d43f2fd33ed1f	scripts/run_100x100_progress_video_daemon.py	2026-07-04T00:00:05.795265Z	.	.	.	.	.	.	.	.	.	.	.	.	_runtime;_step;_timestamp;_wandb;latest_video_cycle;latest_video_paths;latest_video_targets;latest_video_wandb_step;progress_video_cycle;progress_video_targets;progress_videos
runs/bridge_100x100_sweep/progress_videos_single/wandb/run-20260703_210948-coolantz100x100progressvideossingle	hundred-bridge-maze-stress	coolantz100x100progressvideossingle	20260703_210948	yes	yes	yes	.	.	.	.	c0d7c9a3c6aa94066830ea97d47d43f2fd33ed1f	scripts/run_100x100_progress_video_daemon.py	2026-07-04T00:09:48.657974Z	.	.	.	.	.	.	.	.	.	.	.	.	_runtime;_step;_timestamp;_wandb;latest_video_cycle;latest_video_paths;latest_video_targets;latest_video_wandb_step;progress_video_cycle;progress_video_targets;progress_videos
runs/bridge_100x100_sweep/progress_videos_single/wandb/run-20260703_212020-coolantz100x100progressvideossingle	hundred-bridge-maze-stress	coolantz100x100progressvideossingle	20260703_212020	yes	yes	yes	.	.	.	.	c0d7c9a3c6aa94066830ea97d47d43f2fd33ed1f	scripts/run_100x100_progress_video_daemon.py	2026-07-04T00:20:20.991531Z	.	.	.	.	.	.	.	.	.	.	.	.	_runtime;_step;_timestamp;_wandb;latest_video_cycle;latest_video_paths;latest_video_targets;latest_video_wandb_step;progress_video_cycle;progress_video_targets;progress_videos
runs/bridge_100x100_sweep/progress_videos_single/wandb/run-20260703_213006-coolantz100x100progressvideossingle	hundred-bridge-maze-stress	coolantz100x100progressvideossingle	20260703_213006	yes	yes	yes	.	.	.	.	c0d7c9a3c6aa94066830ea97d47d43f2fd33ed1f	scripts/run_100x100_progress_video_daemon.py	2026-07-04T00:30:06.043865Z	.	.	.	.	.	.	.	.	.	.	.	.	_runtime;_step;_timestamp;_wandb;latest_video_cycle;latest_video_paths;latest_video_targets;latest_video_wandb_step;progress_video_cycle;progress_video_targets;progress_videos
runs/bridge_100x100_sweep/progress_videos_single/wandb/run-20260703_213951-coolantz100x100progressvideossingle	hundred-bridge-maze-stress	coolantz100x100progressvideossingle	20260703_213951	yes	yes	yes	.	.	.	.	c0d7c9a3c6aa94066830ea97d47d43f2fd33ed1f	scripts/run_100x100_progress_video_daemon.py	2026-07-04T00:39:51.068780Z	.	.	.	.	.	.	.	.	.	.	.	.	_runtime;_step;_timestamp;_wandb;latest_video_cycle;latest_video_paths;latest_video_targets;latest_video_wandb_step;progress_video_cycle;progress_video_targets;progress_videos
runs/bridge_100x100_sweep/progress_videos_single/wandb/run-20260703_215005-coolantz100x100progressvideossingle	hundred-bridge-maze-stress	coolantz100x100progressvideossingle	20260703_215005	yes	yes	yes	.	.	.	.	c0d7c9a3c6aa94066830ea97d47d43f2fd33ed1f	scripts/run_100x100_progress_video_daemon.py	2026-07-04T00:50:05.833349Z	.	.	.	.	.	.	.	.	.	.	.	.	_runtime;_step;_timestamp;_wandb;latest_video_cycle;latest_video_paths;latest_video_targets;latest_video_wandb_step;progress_video_cycle;progress_video_targets;progress_videos
runs/bridge_100x100_sweep/progress_videos_single/wandb/run-20260703_220020-coolantz100x100progressvideossingle	hundred-bridge-maze-stress	coolantz100x100progressvideossingle	20260703_220020	yes	yes	yes	.	.	.	.	c0d7c9a3c6aa94066830ea97d47d43f2fd33ed1f	scripts/run_100x100_progress_video_daemon.py	2026-07-04T01:00:20.768516Z	.	.	.	.	.	.	.	.	.	.	.	.	_runtime;_step;_timestamp;_wandb;latest_video_cycle;latest_video_paths;latest_video_targets;latest_video_wandb_step;progress_video_cycle;progress_video_targets;progress_videos
runs/bridge_100x100_sweep/progress_videos_single/wandb/run-20260703_220951-coolantz100x100progressvideossingle	hundred-bridge-maze-stress	coolantz100x100progressvideossingle	20260703_220951	yes	yes	yes	.	.	.	.	b0ed5ef515db1e302e7758e57433c547be228820	scripts/run_100x100_progress_video_daemon.py	2026-07-04T01:09:51.259211Z	.	.	.	.	.	.	.	.	.	.	.	.	_runtime;_step;_timestamp;_wandb;latest_video_cycle;latest_video_paths;latest_video_targets;latest_video_wandb_step;progress_video_cycle;progress_video_targets;progress_videos
runs/bridge_100x100_sweep/progress_videos_single/wandb/run-20260703_222007-coolantz100x100progressvideossingle	hundred-bridge-maze-stress	coolantz100x100progressvideossingle	20260703_222007	yes	yes	yes	.	.	.	.	ef5928ded36d5db4ab4bbe8125ae7d1a6bff2212	scripts/run_100x100_progress_video_daemon.py	2026-07-04T01:20:07.972744Z	.	.	.	.	.	.	.	.	.	.	.	.	_runtime;_step;_timestamp;_wandb;latest_video_cycle;latest_video_paths;latest_video_targets;latest_video_wandb_step;progress_video_cycle;progress_video_targets;progress_videos
runs/bridge_100x100_sweep/progress_videos_single/wandb/run-20260703_223005-coolantz100x100progressvideossingle	hundred-bridge-maze-stress	coolantz100x100progressvideossingle	20260703_223005	yes	yes	yes	.	.	.	.	ef5928ded36d5db4ab4bbe8125ae7d1a6bff2212	scripts/run_100x100_progress_video_daemon.py	2026-07-04T01:30:05.999720Z	.	.	.	.	.	.	.	.	.	.	.	.	_runtime;_step;_timestamp;_wandb;latest_video_cycle;latest_video_paths;latest_video_targets;latest_video_wandb_step;progress_video_cycle;progress_video_targets;progress_videos
runs/bridge_100x100_sweep/progress_videos_single/wandb/run-20260703_224005-coolantz100x100progressvideossingle	hundred-bridge-maze-stress	coolantz100x100progressvideossingle	20260703_224005	yes	yes	yes	.	.	.	.	ef5928ded36d5db4ab4bbe8125ae7d1a6bff2212	scripts/run_100x100_progress_video_daemon.py	2026-07-04T01:40:05.943676Z	.	.	.	.	.	.	.	.	.	.	.	.	_runtime;_step;_timestamp;_wandb;latest_video_cycle;latest_video_paths;latest_video_targets;latest_video_wandb_step;progress_video_cycle;progress_video_targets;progress_videos
runs/bridge_100x100_sweep/progress_videos_single/wandb/run-20260703_225006-coolantz100x100progressvideossingle	hundred-bridge-maze-stress	coolantz100x100progressvideossingle	20260703_225006	yes	yes	yes	.	.	.	.	ef5928ded36d5db4ab4bbe8125ae7d1a6bff2212	scripts/run_100x100_progress_video_daemon.py	2026-07-04T01:50:06.300734Z	.	.	.	.	.	.	.	.	.	.	.	.	_runtime;_step;_timestamp;_wandb;latest_video_cycle;latest_video_paths;latest_video_targets;latest_video_wandb_step;progress_video_cycle;progress_video_targets;progress_videos
runs/bridge_100x100_sweep/progress_videos_single/wandb/run-20260703_225951-coolantz100x100progressvideossingle	hundred-bridge-maze-stress	coolantz100x100progressvideossingle	20260703_225951	yes	yes	yes	.	.	.	.	2303467853b06db594ade766d2cf28a13aa1b184	scripts/run_100x100_progress_video_daemon.py	2026-07-04T01:59:51.003264Z	.	.	.	.	.	.	.	.	.	.	.	.	_runtime;_step;_timestamp;_wandb;latest_video_cycle;latest_video_paths;latest_video_targets;latest_video_wandb_step;progress_video_cycle;progress_video_targets;progress_videos
runs/bridge_100x100_sweep/progress_videos_single/wandb/run-20260703_230951-coolantz100x100progressvideossingle	hundred-bridge-maze-stress	coolantz100x100progressvideossingle	20260703_230951	yes	yes	yes	.	.	.	.	2303467853b06db594ade766d2cf28a13aa1b184	scripts/run_100x100_progress_video_daemon.py	2026-07-04T02:09:51.120064Z	.	.	.	.	.	.	.	.	.	.	.	.	_runtime;_step;_timestamp;_wandb;latest_video_cycle;latest_video_paths;latest_video_targets;latest_video_wandb_step;progress_video_cycle;progress_video_targets;progress_videos
runs/bridge_100x100_sweep/progress_videos_single/wandb/run-20260703_231950-coolantz100x100progressvideossingle	hundred-bridge-maze-stress	coolantz100x100progressvideossingle	20260703_231950	yes	yes	yes	.	.	.	.	2303467853b06db594ade766d2cf28a13aa1b184	scripts/run_100x100_progress_video_daemon.py	2026-07-04T02:19:50.735350Z	.	.	.	.	.	.	.	.	.	.	.	.	_runtime;_step;_timestamp;_wandb;latest_video_cycle;latest_video_paths;latest_video_targets;latest_video_wandb_step;progress_video_cycle;progress_video_targets;progress_videos
runs/bridge_100x100_sweep/progress_videos_single/wandb/run-20260703_233005-coolantz100x100progressvideossingle	hundred-bridge-maze-stress	coolantz100x100progressvideossingle	20260703_233005	yes	yes	yes	.	.	.	.	2303467853b06db594ade766d2cf28a13aa1b184	scripts/run_100x100_progress_video_daemon.py	2026-07-04T02:30:05.766782Z	.	.	.	.	.	.	.	.	.	.	.	.	_runtime;_step;_timestamp;_wandb;latest_video_cycle;latest_video_paths;latest_video_targets;latest_video_wandb_step;progress_video_cycle;progress_video_targets;progress_videos
runs/bridge_100x100_sweep/progress_videos_single/wandb/run-20260703_234006-coolantz100x100progressvideossingle	hundred-bridge-maze-stress	coolantz100x100progressvideossingle	20260703_234006	yes	yes	yes	.	.	.	.	2303467853b06db594ade766d2cf28a13aa1b184	scripts/run_100x100_progress_video_daemon.py	2026-07-04T02:40:06.043366Z	.	.	.	.	.	.	.	.	.	.	.	.	_runtime;_step;_timestamp;_wandb;latest_video_cycle;latest_video_paths;latest_video_targets;latest_video_wandb_step;progress_video_cycle;progress_video_targets;progress_videos
runs/bridge_100x100_sweep/progress_videos_single/wandb/run-20260703_234950-coolantz100x100progressvideossingle	hundred-bridge-maze-stress	coolantz100x100progressvideossingle	20260703_234950	yes	yes	yes	.	.	.	.	2303467853b06db594ade766d2cf28a13aa1b184	scripts/run_100x100_progress_video_daemon.py	2026-07-04T02:49:50.847492Z	.	.	.	.	.	.	.	.	.	.	.	.	_runtime;_step;_timestamp;_wandb;latest_video_cycle;latest_video_paths;latest_video_targets;latest_video_wandb_step;progress_video_cycle;progress_video_targets;progress_videos
runs/bridge_100x100_sweep/progress_videos_single/wandb/run-20260704_000005-coolantz100x100progressvideossingle	hundred-bridge-maze-stress	coolantz100x100progressvideossingle	20260704_000005	yes	yes	yes	.	.	.	.	2303467853b06db594ade766d2cf28a13aa1b184	scripts/run_100x100_progress_video_daemon.py	2026-07-04T03:00:05.961287Z	.	.	.	.	.	.	.	.	.	.	.	.	_runtime;_step;_timestamp;_wandb;latest_video_cycle;latest_video_paths;latest_video_targets;latest_video_wandb_step;progress_video_cycle;progress_video_targets;progress_videos
runs/bridge_100x100_sweep/progress_videos_single/wandb/run-20260704_001005-coolantz100x100progressvideossingle	hundred-bridge-maze-stress	coolantz100x100progressvideossingle	20260704_001005	yes	yes	yes	.	.	.	.	2303467853b06db594ade766d2cf28a13aa1b184	scripts/run_100x100_progress_video_daemon.py	2026-07-04T03:10:05.810962Z	.	.	.	.	.	.	.	.	.	.	.	.	_runtime;_step;_timestamp;_wandb;latest_video_cycle;latest_video_paths;latest_video_targets;latest_video_wandb_step;progress_video_cycle;progress_video_targets;progress_videos
runs/bridge_100x100_sweep/progress_videos_single/wandb/run-20260704_002006-coolantz100x100progressvideossingle	hundred-bridge-maze-stress	coolantz100x100progressvideossingle	20260704_002006	yes	yes	yes	.	.	.	.	2303467853b06db594ade766d2cf28a13aa1b184	scripts/run_100x100_progress_video_daemon.py	2026-07-04T03:20:06.092410Z	.	.	.	.	.	.	.	.	.	.	.	.	_runtime;_step;_timestamp;_wandb;latest_video_cycle;latest_video_paths;latest_video_targets;latest_video_wandb_step;progress_video_cycle;progress_video_targets;progress_videos
runs/bridge_100x100_sweep/progress_videos_single/wandb/run-20260704_003020-coolantz100x100progressvideossingle	hundred-bridge-maze-stress	coolantz100x100progressvideossingle	20260704_003020	yes	yes	yes	.	.	.	.	2303467853b06db594ade766d2cf28a13aa1b184	scripts/run_100x100_progress_video_daemon.py	2026-07-04T03:30:20.803454Z	.	.	.	.	.	.	.	.	.	.	.	.	_runtime;_step;_timestamp;_wandb;latest_video_cycle;latest_video_paths;latest_video_targets;latest_video_wandb_step;progress_video_cycle;progress_video_targets;progress_videos
runs/bridge_100x100_sweep/progress_videos_single/wandb/run-20260704_004005-coolantz100x100progressvideossingle	hundred-bridge-maze-stress	coolantz100x100progressvideossingle	20260704_004005	yes	yes	yes	.	.	.	.	2303467853b06db594ade766d2cf28a13aa1b184	scripts/run_100x100_progress_video_daemon.py	2026-07-04T03:40:05.817071Z	.	.	.	.	.	.	.	.	.	.	.	.	_runtime;_step;_timestamp;_wandb;latest_video_cycle;latest_video_paths;latest_video_targets;latest_video_wandb_step;progress_video_cycle;progress_video_targets;progress_videos
runs/bridge_100x100_sweep/progress_videos_single/wandb/run-20260704_005035-coolantz100x100progressvideossingle	hundred-bridge-maze-stress	coolantz100x100progressvideossingle	20260704_005035	yes	yes	yes	.	.	.	.	2303467853b06db594ade766d2cf28a13aa1b184	scripts/run_100x100_progress_video_daemon.py	2026-07-04T03:50:35.887061Z	.	.	.	.	.	.	.	.	.	.	.	.	_runtime;_step;_timestamp;_wandb;latest_video_cycle;latest_video_paths;latest_video_targets;latest_video_wandb_step;progress_video_cycle;progress_video_targets;progress_videos
runs/bridge_100x100_sweep/progress_videos_single/wandb/run-20260704_010005-coolantz100x100progressvideossingle	hundred-bridge-maze-stress	coolantz100x100progressvideossingle	20260704_010005	yes	yes	yes	.	.	.	.	2303467853b06db594ade766d2cf28a13aa1b184	scripts/run_100x100_progress_video_daemon.py	2026-07-04T04:00:05.842847Z	.	.	.	.	.	.	.	.	.	.	.	.	_runtime;_step;_timestamp;_wandb;latest_video_cycle;latest_video_paths;latest_video_targets;latest_video_wandb_step;progress_video_cycle;progress_video_targets;progress_videos
runs/bridge_100x100_sweep/progress_videos_single/wandb/run-20260704_011020-coolantz100x100progressvideossingle	hundred-bridge-maze-stress	coolantz100x100progressvideossingle	20260704_011020	yes	yes	yes	.	.	.	.	2303467853b06db594ade766d2cf28a13aa1b184	scripts/run_100x100_progress_video_daemon.py	2026-07-04T04:10:20.650497Z	.	.	.	.	.	.	.	.	.	.	.	.	_runtime;_step;_timestamp;_wandb;latest_video_cycle;latest_video_paths;latest_video_targets;latest_video_wandb_step;progress_video_cycle;progress_video_targets;progress_videos
runs/bridge_100x100_sweep/progress_videos_single/wandb/run-20260704_011950-coolantz100x100progressvideossingle	hundred-bridge-maze-stress	coolantz100x100progressvideossingle	20260704_011950	yes	yes	yes	.	.	.	.	2303467853b06db594ade766d2cf28a13aa1b184	scripts/run_100x100_progress_video_daemon.py	2026-07-04T04:19:50.813897Z	.	.	.	.	.	.	.	.	.	.	.	.	_runtime;_step;_timestamp;_wandb;latest_video_cycle;latest_video_paths;latest_video_targets;latest_video_wandb_step;progress_video_cycle;progress_video_targets;progress_videos
runs/bridge_100x100_sweep/progress_videos_single/wandb/run-20260704_012950-coolantz100x100progressvideossingle	hundred-bridge-maze-stress	coolantz100x100progressvideossingle	20260704_012950	yes	yes	yes	.	.	.	.	2303467853b06db594ade766d2cf28a13aa1b184	scripts/run_100x100_progress_video_daemon.py	2026-07-04T04:29:50.946752Z	.	.	.	.	.	.	.	.	.	.	.	.	_runtime;_step;_timestamp;_wandb;latest_video_cycle;latest_video_paths;latest_video_targets;latest_video_wandb_step;progress_video_cycle;progress_video_targets;progress_videos
runs/bridge_100x100_sweep/progress_videos_single/wandb/run-20260704_013951-coolantz100x100progressvideossingle	hundred-bridge-maze-stress	coolantz100x100progressvideossingle	20260704_013951	yes	yes	yes	.	.	.	.	2303467853b06db594ade766d2cf28a13aa1b184	scripts/run_100x100_progress_video_daemon.py	2026-07-04T04:39:51.016085Z	.	.	.	.	.	.	.	.	.	.	.	.	_runtime;_step;_timestamp;_wandb;latest_video_cycle;latest_video_paths;latest_video_targets;latest_video_wandb_step;progress_video_cycle;progress_video_targets;progress_videos
runs/bridge_100x100_sweep/progress_videos_single/wandb/run-20260704_015006-coolantz100x100progressvideossingle	hundred-bridge-maze-stress	coolantz100x100progressvideossingle	20260704_015006	yes	yes	yes	.	.	.	.	2303467853b06db594ade766d2cf28a13aa1b184	scripts/run_100x100_progress_video_daemon.py	2026-07-04T04:50:06.165535Z	.	.	.	.	.	.	.	.	.	.	.	.	_runtime;_step;_timestamp;_wandb;latest_video_cycle;latest_video_paths;latest_video_targets;latest_video_wandb_step;progress_video_cycle;progress_video_targets;progress_videos
runs/bridge_100x100_sweep/progress_videos_single/wandb/run-20260704_015950-coolantz100x100progressvideossingle	hundred-bridge-maze-stress	coolantz100x100progressvideossingle	20260704_015950	yes	yes	yes	.	.	.	.	2303467853b06db594ade766d2cf28a13aa1b184	scripts/run_100x100_progress_video_daemon.py	2026-07-04T04:59:50.974969Z	.	.	.	.	.	.	.	.	.	.	.	.	_runtime;_step;_timestamp;_wandb;latest_video_cycle;latest_video_paths;latest_video_targets;latest_video_wandb_step;progress_video_cycle;progress_video_targets;progress_videos
runs/bridge_100x100_sweep/progress_videos_single/wandb/run-20260704_021005-coolantz100x100progressvideossingle	hundred-bridge-maze-stress	coolantz100x100progressvideossingle	20260704_021005	yes	yes	yes	.	.	.	.	2303467853b06db594ade766d2cf28a13aa1b184	scripts/run_100x100_progress_video_daemon.py	2026-07-04T05:10:05.823568Z	.	.	.	.	.	.	.	.	.	.	.	.	_runtime;_step;_timestamp;_wandb;latest_video_cycle;latest_video_paths;latest_video_targets;latest_video_wandb_step;progress_video_cycle;progress_video_targets;progress_videos
runs/bridge_100x100_sweep/progress_videos_single/wandb/run-20260704_021950-coolantz100x100progressvideossingle	hundred-bridge-maze-stress	coolantz100x100progressvideossingle	20260704_021950	yes	yes	yes	.	.	.	.	2303467853b06db594ade766d2cf28a13aa1b184	scripts/run_100x100_progress_video_daemon.py	2026-07-04T05:19:50.819828Z	.	.	.	.	.	.	.	.	.	.	.	.	_runtime;_step;_timestamp;_wandb;latest_video_cycle;latest_video_paths;latest_video_targets;latest_video_wandb_step;progress_video_cycle;progress_video_targets;progress_videos
runs/bridge_100x100_sweep/progress_videos_single/wandb/run-20260704_023021-coolantz100x100progressvideossingle	hundred-bridge-maze-stress	coolantz100x100progressvideossingle	20260704_023021	yes	yes	yes	.	.	.	.	2303467853b06db594ade766d2cf28a13aa1b184	scripts/run_100x100_progress_video_daemon.py	2026-07-04T05:30:21.037244Z	.	.	.	.	.	.	.	.	.	.	.	.	_runtime;_step;_timestamp;_wandb;latest_video_cycle;latest_video_paths;latest_video_targets;latest_video_wandb_step;progress_video_cycle;progress_video_targets;progress_videos
runs/bridge_100x100_sweep/progress_videos_single/wandb/run-20260704_023950-coolantz100x100progressvideossingle	hundred-bridge-maze-stress	coolantz100x100progressvideossingle	20260704_023950	yes	yes	yes	.	.	.	.	2303467853b06db594ade766d2cf28a13aa1b184	scripts/run_100x100_progress_video_daemon.py	2026-07-04T05:39:50.874925Z	.	.	.	.	.	.	.	.	.	.	.	.	_runtime;_step;_timestamp;_wandb;latest_video_cycle;latest_video_paths;latest_video_targets;latest_video_wandb_step;progress_video_cycle;progress_video_targets;progress_videos
runs/bridge_100x100_sweep/progress_videos_single/wandb/run-20260704_025005-coolantz100x100progressvideossingle	hundred-bridge-maze-stress	coolantz100x100progressvideossingle	20260704_025005	yes	yes	yes	.	.	.	.	2303467853b06db594ade766d2cf28a13aa1b184	scripts/run_100x100_progress_video_daemon.py	2026-07-04T05:50:05.890758Z	.	.	.	.	.	.	.	.	.	.	.	.	_runtime;_step;_timestamp;_wandb;latest_video_cycle;latest_video_paths;latest_video_targets;latest_video_wandb_step;progress_video_cycle;progress_video_targets;progress_videos
runs/bridge_100x100_sweep/progress_videos_single/wandb/run-20260704_030005-coolantz100x100progressvideossingle	hundred-bridge-maze-stress	coolantz100x100progressvideossingle	20260704_030005	yes	yes	yes	.	.	.	.	2303467853b06db594ade766d2cf28a13aa1b184	scripts/run_100x100_progress_video_daemon.py	2026-07-04T06:00:05.747409Z	.	.	.	.	.	.	.	.	.	.	.	.	_runtime;_step;_timestamp;_wandb;latest_video_cycle;latest_video_paths;latest_video_targets;latest_video_wandb_step;progress_video_cycle;progress_video_targets;progress_videos
runs/bridge_100x100_sweep/progress_videos_single/wandb/run-20260704_031005-coolantz100x100progressvideossingle	hundred-bridge-maze-stress	coolantz100x100progressvideossingle	20260704_031005	yes	yes	yes	.	.	.	.	2303467853b06db594ade766d2cf28a13aa1b184	scripts/run_100x100_progress_video_daemon.py	2026-07-04T06:10:05.823657Z	.	.	.	.	.	.	.	.	.	.	.	.	_runtime;_step;_timestamp;_wandb;latest_video_cycle;latest_video_paths;latest_video_targets;latest_video_wandb_step;progress_video_cycle;progress_video_targets;progress_videos
runs/bridge_100x100_sweep/progress_videos_single/wandb/run-20260704_031951-coolantz100x100progressvideossingle	hundred-bridge-maze-stress	coolantz100x100progressvideossingle	20260704_031951	yes	yes	yes	.	.	.	.	2303467853b06db594ade766d2cf28a13aa1b184	scripts/run_100x100_progress_video_daemon.py	2026-07-04T06:19:51.016044Z	.	.	.	.	.	.	.	.	.	.	.	.	_runtime;_step;_timestamp;_wandb;latest_video_cycle;latest_video_paths;latest_video_targets;latest_video_wandb_step;progress_video_cycle;progress_video_targets;progress_videos
runs/bridge_100x100_sweep/progress_videos_single/wandb/run-20260704_032950-coolantz100x100progressvideossingle	hundred-bridge-maze-stress	coolantz100x100progressvideossingle	20260704_032950	yes	yes	yes	.	.	.	.	2303467853b06db594ade766d2cf28a13aa1b184	scripts/run_100x100_progress_video_daemon.py	2026-07-04T06:29:50.974136Z	.	.	.	.	.	.	.	.	.	.	.	.	_runtime;_step;_timestamp;_wandb;latest_video_cycle;latest_video_paths;latest_video_targets;latest_video_wandb_step;progress_video_cycle;progress_video_targets;progress_videos
runs/bridge_100x100_sweep/progress_videos_single/wandb/run-20260704_034021-coolantz100x100progressvideossingle	hundred-bridge-maze-stress	coolantz100x100progressvideossingle	20260704_034021	yes	yes	yes	.	.	.	.	2303467853b06db594ade766d2cf28a13aa1b184	scripts/run_100x100_progress_video_daemon.py	2026-07-04T06:40:21.040473Z	.	.	.	.	.	.	.	.	.	.	.	.	_runtime;_step;_timestamp;_wandb;latest_video_cycle;latest_video_paths;latest_video_targets;latest_video_wandb_step;progress_video_cycle;progress_video_targets;progress_videos
runs/bridge_100x100_sweep/progress_videos_single/wandb/run-20260704_034950-coolantz100x100progressvideossingle	hundred-bridge-maze-stress	coolantz100x100progressvideossingle	20260704_034950	yes	yes	yes	.	.	.	.	2303467853b06db594ade766d2cf28a13aa1b184	scripts/run_100x100_progress_video_daemon.py	2026-07-04T06:49:50.901587Z	.	.	.	.	.	.	.	.	.	.	.	.	_runtime;_step;_timestamp;_wandb;latest_video_cycle;latest_video_paths;latest_video_targets;latest_video_wandb_step;progress_video_cycle;progress_video_targets;progress_videos
runs/bridge_100x100_sweep/progress_videos_single/wandb/run-20260704_040005-coolantz100x100progressvideossingle	hundred-bridge-maze-stress	coolantz100x100progressvideossingle	20260704_040005	yes	yes	yes	.	.	.	.	2303467853b06db594ade766d2cf28a13aa1b184	scripts/run_100x100_progress_video_daemon.py	2026-07-04T07:00:05.958939Z	.	.	.	.	.	.	.	.	.	.	.	.	_runtime;_step;_timestamp;_wandb;latest_video_cycle;latest_video_paths;latest_video_targets;latest_video_wandb_step;progress_video_cycle;progress_video_targets;progress_videos
runs/bridge_100x100_sweep/progress_videos_single/wandb/run-20260704_040950-coolantz100x100progressvideossingle	hundred-bridge-maze-stress	coolantz100x100progressvideossingle	20260704_040950	yes	yes	yes	.	.	.	.	2303467853b06db594ade766d2cf28a13aa1b184	scripts/run_100x100_progress_video_daemon.py	2026-07-04T07:09:50.938727Z	.	.	.	.	.	.	.	.	.	.	.	.	_runtime;_step;_timestamp;_wandb;latest_video_cycle;latest_video_paths;latest_video_targets;latest_video_wandb_step;progress_video_cycle;progress_video_targets;progress_videos
runs/bridge_100x100_sweep/progress_videos_single/wandb/run-20260704_041950-coolantz100x100progressvideossingle	hundred-bridge-maze-stress	coolantz100x100progressvideossingle	20260704_041950	yes	yes	yes	.	.	.	.	2303467853b06db594ade766d2cf28a13aa1b184	scripts/run_100x100_progress_video_daemon.py	2026-07-04T07:19:50.746934Z	.	.	.	.	.	.	.	.	.	.	.	.	_runtime;_step;_timestamp;_wandb;latest_video_cycle;latest_video_paths;latest_video_targets;latest_video_wandb_step;progress_video_cycle;progress_video_targets;progress_videos
runs/bridge_100x100_sweep/progress_videos_single/wandb/run-20260704_043005-coolantz100x100progressvideossingle	hundred-bridge-maze-stress	coolantz100x100progressvideossingle	20260704_043005	yes	yes	yes	.	.	.	.	2303467853b06db594ade766d2cf28a13aa1b184	scripts/run_100x100_progress_video_daemon.py	2026-07-04T07:30:05.763677Z	.	.	.	.	.	.	.	.	.	.	.	.	_runtime;_step;_timestamp;_wandb;latest_video_cycle;latest_video_paths;latest_video_targets;latest_video_wandb_step;progress_video_cycle;progress_video_targets;progress_videos
runs/bridge_100x100_sweep/progress_videos_single/wandb/run-20260704_044005-coolantz100x100progressvideossingle	hundred-bridge-maze-stress	coolantz100x100progressvideossingle	20260704_044005	yes	yes	yes	.	.	.	.	2303467853b06db594ade766d2cf28a13aa1b184	scripts/run_100x100_progress_video_daemon.py	2026-07-04T07:40:05.871349Z	.	.	.	.	.	.	.	.	.	.	.	.	_runtime;_step;_timestamp;_wandb;latest_video_cycle;latest_video_paths;latest_video_targets;latest_video_wandb_step;progress_video_cycle;progress_video_targets;progress_videos
runs/bridge_100x100_sweep/progress_videos_single/wandb/run-20260704_044950-coolantz100x100progressvideossingle	hundred-bridge-maze-stress	coolantz100x100progressvideossingle	20260704_044950	yes	yes	yes	.	.	.	.	2303467853b06db594ade766d2cf28a13aa1b184	scripts/run_100x100_progress_video_daemon.py	2026-07-04T07:49:50.953473Z	.	.	.	.	.	.	.	.	.	.	.	.	_runtime;_step;_timestamp;_wandb;latest_video_cycle;latest_video_paths;latest_video_targets;latest_video_wandb_step;progress_video_cycle;progress_video_targets;progress_videos
runs/bridge_100x100_sweep/progress_videos_single/wandb/run-20260704_050006-coolantz100x100progressvideossingle	hundred-bridge-maze-stress	coolantz100x100progressvideossingle	20260704_050006	yes	yes	yes	.	.	.	.	2303467853b06db594ade766d2cf28a13aa1b184	scripts/run_100x100_progress_video_daemon.py	2026-07-04T08:00:06.167279Z	.	.	.	.	.	.	.	.	.	.	.	.	_runtime;_step;_timestamp;_wandb;latest_video_cycle;latest_video_paths;latest_video_targets;latest_video_wandb_step;progress_video_cycle;progress_video_targets;progress_videos
runs/bridge_100x100_sweep/progress_videos_single/wandb/run-20260704_051020-coolantz100x100progressvideossingle	hundred-bridge-maze-stress	coolantz100x100progressvideossingle	20260704_051020	yes	yes	yes	.	.	.	.	2303467853b06db594ade766d2cf28a13aa1b184	scripts/run_100x100_progress_video_daemon.py	2026-07-04T08:10:20.977224Z	.	.	.	.	.	.	.	.	.	.	.	.	_runtime;_step;_timestamp;_wandb;latest_video_cycle;latest_video_paths;latest_video_targets;latest_video_wandb_step;progress_video_cycle;progress_video_targets;progress_videos
runs/bridge_100x100_sweep/progress_videos_single/wandb/run-20260704_052005-coolantz100x100progressvideossingle	hundred-bridge-maze-stress	coolantz100x100progressvideossingle	20260704_052005	yes	yes	yes	.	.	.	.	2303467853b06db594ade766d2cf28a13aa1b184	scripts/run_100x100_progress_video_daemon.py	2026-07-04T08:20:05.838834Z	.	.	.	.	.	.	.	.	.	.	.	.	_runtime;_step;_timestamp;_wandb;latest_video_cycle;latest_video_paths;latest_video_targets;latest_video_wandb_step;progress_video_cycle;progress_video_targets;progress_videos
runs/bridge_100x100_sweep/progress_videos_single/wandb/run-20260704_053003-coolantz100x100progressvideossingle	hundred-bridge-maze-stress	coolantz100x100progressvideossingle	20260704_053003	yes	yes	yes	.	.	.	.	2303467853b06db594ade766d2cf28a13aa1b184	scripts/run_100x100_progress_video_daemon.py	2026-07-04T08:30:03.981708Z	.	.	.	.	.	.	.	.	.	.	.	.	_runtime;_step;_timestamp;_wandb;latest_video_cycle;latest_video_paths;latest_video_targets;latest_video_wandb_step;progress_video_cycle;progress_video_targets;progress_videos
runs/bridge_100x100_sweep/progress_videos_single/wandb/run-20260704_053951-coolantz100x100progressvideossingle	hundred-bridge-maze-stress	coolantz100x100progressvideossingle	20260704_053951	yes	yes	yes	.	.	.	.	2303467853b06db594ade766d2cf28a13aa1b184	scripts/run_100x100_progress_video_daemon.py	2026-07-04T08:39:51.034583Z	.	.	.	.	.	.	.	.	.	.	.	.	_runtime;_step;_timestamp;_wandb;latest_video_cycle;latest_video_paths;latest_video_targets;latest_video_wandb_step;progress_video_cycle;progress_video_targets;progress_videos
runs/bridge_100x100_sweep/progress_videos_single/wandb/run-20260704_055006-coolantz100x100progressvideossingle	hundred-bridge-maze-stress	coolantz100x100progressvideossingle	20260704_055006	yes	yes	yes	.	.	.	.	2303467853b06db594ade766d2cf28a13aa1b184	scripts/run_100x100_progress_video_daemon.py	2026-07-04T08:50:06.004886Z	.	.	.	.	.	.	.	.	.	.	.	.	_runtime;_step;_timestamp;_wandb;latest_video_cycle;latest_video_paths;latest_video_targets;latest_video_wandb_step;progress_video_cycle;progress_video_targets;progress_videos
runs/bridge_100x100_sweep/progress_videos_single/wandb/run-20260704_060005-coolantz100x100progressvideossingle	hundred-bridge-maze-stress	coolantz100x100progressvideossingle	20260704_060005	yes	yes	yes	.	.	.	.	2303467853b06db594ade766d2cf28a13aa1b184	scripts/run_100x100_progress_video_daemon.py	2026-07-04T09:00:05.906694Z	.	.	.	.	.	.	.	.	.	.	.	.	_runtime;_step;_timestamp;_wandb;latest_video_cycle;latest_video_paths;latest_video_targets;latest_video_wandb_step;progress_video_cycle;progress_video_targets;progress_videos
runs/bridge_100x100_sweep/progress_videos_single/wandb/run-20260704_061005-coolantz100x100progressvideossingle	hundred-bridge-maze-stress	coolantz100x100progressvideossingle	20260704_061005	yes	yes	yes	.	.	.	.	2303467853b06db594ade766d2cf28a13aa1b184	scripts/run_100x100_progress_video_daemon.py	2026-07-04T09:10:05.906194Z	.	.	.	.	.	.	.	.	.	.	.	.	_runtime;_step;_timestamp;_wandb;latest_video_cycle;latest_video_paths;latest_video_targets;latest_video_wandb_step;progress_video_cycle;progress_video_targets;progress_videos
runs/bridge_100x100_sweep/progress_videos_single/wandb/run-20260704_062020-coolantz100x100progressvideossingle	hundred-bridge-maze-stress	coolantz100x100progressvideossingle	20260704_062020	yes	yes	yes	.	.	.	.	2303467853b06db594ade766d2cf28a13aa1b184	scripts/run_100x100_progress_video_daemon.py	2026-07-04T09:20:20.838111Z	.	.	.	.	.	.	.	.	.	.	.	.	_runtime;_step;_timestamp;_wandb;latest_video_cycle;latest_video_paths;latest_video_targets;latest_video_wandb_step;progress_video_cycle;progress_video_targets;progress_videos
runs/bridge_100x100_sweep/progress_videos_single/wandb/run-20260704_063005-coolantz100x100progressvideossingle	hundred-bridge-maze-stress	coolantz100x100progressvideossingle	20260704_063005	yes	yes	yes	.	.	.	.	2303467853b06db594ade766d2cf28a13aa1b184	scripts/run_100x100_progress_video_daemon.py	2026-07-04T09:30:05.721518Z	.	.	.	.	.	.	.	.	.	.	.	.	_runtime;_step;_timestamp;_wandb;latest_video_cycle;latest_video_paths;latest_video_targets;latest_video_wandb_step;progress_video_cycle;progress_video_targets;progress_videos
runs/bridge_100x100_sweep/progress_videos_single/wandb/run-20260704_064005-coolantz100x100progressvideossingle	hundred-bridge-maze-stress	coolantz100x100progressvideossingle	20260704_064005	yes	yes	yes	.	.	.	.	2303467853b06db594ade766d2cf28a13aa1b184	scripts/run_100x100_progress_video_daemon.py	2026-07-04T09:40:05.998788Z	.	.	.	.	.	.	.	.	.	.	.	.	_runtime;_step;_timestamp;_wandb;latest_video_cycle;latest_video_paths;latest_video_targets;latest_video_wandb_step;progress_video_cycle;progress_video_targets;progress_videos
runs/bridge_100x100_sweep/progress_videos_single/wandb/run-20260704_065005-coolantz100x100progressvideossingle	hundred-bridge-maze-stress	coolantz100x100progressvideossingle	20260704_065005	yes	yes	yes	.	.	.	.	2303467853b06db594ade766d2cf28a13aa1b184	scripts/run_100x100_progress_video_daemon.py	2026-07-04T09:50:05.969680Z	.	.	.	.	.	.	.	.	.	.	.	.	_runtime;_step;_timestamp;_wandb;latest_video_cycle;latest_video_paths;latest_video_targets;latest_video_wandb_step;progress_video_cycle;progress_video_targets;progress_videos
runs/bridge_100x100_sweep/progress_videos_single/wandb/run-20260704_070006-coolantz100x100progressvideossingle	hundred-bridge-maze-stress	coolantz100x100progressvideossingle	20260704_070006	yes	yes	yes	.	.	.	.	2303467853b06db594ade766d2cf28a13aa1b184	scripts/run_100x100_progress_video_daemon.py	2026-07-04T10:00:06.233894Z	.	.	.	.	.	.	.	.	.	.	.	.	_runtime;_step;_timestamp;_wandb;latest_video_cycle;latest_video_paths;latest_video_targets;latest_video_wandb_step;progress_video_cycle;progress_video_targets;progress_videos
runs/bridge_100x100_sweep/progress_videos_single/wandb/run-20260704_070950-coolantz100x100progressvideossingle	hundred-bridge-maze-stress	coolantz100x100progressvideossingle	20260704_070950	yes	yes	yes	.	.	.	.	2303467853b06db594ade766d2cf28a13aa1b184	scripts/run_100x100_progress_video_daemon.py	2026-07-04T10:09:50.941893Z	.	.	.	.	.	.	.	.	.	.	.	.	_runtime;_step;_timestamp;_wandb;latest_video_cycle;latest_video_paths;latest_video_targets;latest_video_wandb_step;progress_video_cycle;progress_video_targets;progress_videos
runs/bridge_100x100_sweep/progress_videos_single/wandb/run-20260704_072020-coolantz100x100progressvideossingle	hundred-bridge-maze-stress	coolantz100x100progressvideossingle	20260704_072020	yes	yes	yes	.	.	.	.	2303467853b06db594ade766d2cf28a13aa1b184	scripts/run_100x100_progress_video_daemon.py	2026-07-04T10:20:20.815672Z	.	.	.	.	.	.	.	.	.	.	.	.	_runtime;_step;_timestamp;_wandb;latest_video_cycle;latest_video_paths;latest_video_targets;latest_video_wandb_step;progress_video_cycle;progress_video_targets;progress_videos
runs/bridge_100x100_sweep/progress_videos_single/wandb/run-20260704_073005-coolantz100x100progressvideossingle	hundred-bridge-maze-stress	coolantz100x100progressvideossingle	20260704_073005	yes	yes	yes	.	.	.	.	2303467853b06db594ade766d2cf28a13aa1b184	scripts/run_100x100_progress_video_daemon.py	2026-07-04T10:30:05.806867Z	.	.	.	.	.	.	.	.	.	.	.	.	_runtime;_step;_timestamp;_wandb;latest_video_cycle;latest_video_paths;latest_video_targets;latest_video_wandb_step;progress_video_cycle;progress_video_targets;progress_videos
runs/bridge_100x100_sweep/progress_videos_single/wandb/run-20260704_073951-coolantz100x100progressvideossingle	hundred-bridge-maze-stress	coolantz100x100progressvideossingle	20260704_073951	yes	yes	yes	.	.	.	.	2303467853b06db594ade766d2cf28a13aa1b184	scripts/run_100x100_progress_video_daemon.py	2026-07-04T10:39:51.020528Z	.	.	.	.	.	.	.	.	.	.	.	.	_runtime;_step;_timestamp;_wandb;latest_video_cycle;latest_video_paths;latest_video_targets;latest_video_wandb_step;progress_video_cycle;progress_video_targets;progress_videos
runs/bridge_100x100_sweep/progress_videos_single/wandb/run-20260704_075006-coolantz100x100progressvideossingle	hundred-bridge-maze-stress	coolantz100x100progressvideossingle	20260704_075006	yes	yes	yes	.	.	.	.	2303467853b06db594ade766d2cf28a13aa1b184	scripts/run_100x100_progress_video_daemon.py	2026-07-04T10:50:06.048779Z	.	.	.	.	.	.	.	.	.	.	.	.	_runtime;_step;_timestamp;_wandb;latest_video_cycle;latest_video_paths;latest_video_targets;latest_video_wandb_step;progress_video_cycle;progress_video_targets;progress_videos
runs/bridge_100x100_sweep/progress_videos_single/wandb/run-20260704_080035-coolantz100x100progressvideossingle	hundred-bridge-maze-stress	coolantz100x100progressvideossingle	20260704_080035	yes	yes	yes	.	.	.	.	2303467853b06db594ade766d2cf28a13aa1b184	scripts/run_100x100_progress_video_daemon.py	2026-07-04T11:00:35.797727Z	.	.	.	.	.	.	.	.	.	.	.	.	_runtime;_step;_timestamp;_wandb;latest_video_cycle;latest_video_paths;latest_video_targets;latest_video_wandb_step;progress_video_cycle;progress_video_targets;progress_videos
runs/bridge_100x100_sweep/progress_videos_single/wandb/run-20260704_081005-coolantz100x100progressvideossingle	hundred-bridge-maze-stress	coolantz100x100progressvideossingle	20260704_081005	yes	yes	yes	.	.	.	.	2303467853b06db594ade766d2cf28a13aa1b184	scripts/run_100x100_progress_video_daemon.py	2026-07-04T11:10:05.881827Z	.	.	.	.	.	.	.	.	.	.	.	.	_runtime;_step;_timestamp;_wandb;latest_video_cycle;latest_video_paths;latest_video_targets;latest_video_wandb_step;progress_video_cycle;progress_video_targets;progress_videos
runs/bridge_100x100_sweep/progress_videos_single/wandb/run-20260704_082021-coolantz100x100progressvideossingle	hundred-bridge-maze-stress	coolantz100x100progressvideossingle	20260704_082021	yes	yes	yes	.	.	.	.	2303467853b06db594ade766d2cf28a13aa1b184	scripts/run_100x100_progress_video_daemon.py	2026-07-04T11:20:21.062708Z	.	.	.	.	.	.	.	.	.	.	.	.	_runtime;_step;_timestamp;_wandb;latest_video_cycle;latest_video_paths;latest_video_targets;latest_video_wandb_step;progress_video_cycle;progress_video_targets;progress_videos
runs/bridge_100x100_sweep/progress_videos_single/wandb/run-20260704_083020-coolantz100x100progressvideossingle	hundred-bridge-maze-stress	coolantz100x100progressvideossingle	20260704_083020	yes	yes	yes	.	.	.	.	2303467853b06db594ade766d2cf28a13aa1b184	scripts/run_100x100_progress_video_daemon.py	2026-07-04T11:30:20.857329Z	.	.	.	.	.	.	.	.	.	.	.	.	_runtime;_step;_timestamp;_wandb;latest_video_cycle;latest_video_paths;latest_video_targets;latest_video_wandb_step;progress_video_cycle;progress_video_targets;progress_videos
runs/bridge_100x100_sweep/progress_videos_single/wandb/run-20260704_084005-coolantz100x100progressvideossingle	hundred-bridge-maze-stress	coolantz100x100progressvideossingle	20260704_084005	yes	yes	yes	.	.	.	.	2303467853b06db594ade766d2cf28a13aa1b184	scripts/run_100x100_progress_video_daemon.py	2026-07-04T11:40:05.968078Z	.	.	.	.	.	.	.	.	.	.	.	.	_runtime;_step;_timestamp;_wandb;latest_video_cycle;latest_video_paths;latest_video_targets;latest_video_wandb_step;progress_video_cycle;progress_video_targets;progress_videos
runs/bridge_100x100_sweep/progress_videos_single/wandb/run-20260704_084950-coolantz100x100progressvideossingle	hundred-bridge-maze-stress	coolantz100x100progressvideossingle	20260704_084950	yes	yes	yes	.	.	.	.	2303467853b06db594ade766d2cf28a13aa1b184	scripts/run_100x100_progress_video_daemon.py	2026-07-04T11:49:50.575762Z	.	.	.	.	.	.	.	.	.	.	.	.	_runtime;_step;_timestamp;_wandb;latest_video_cycle;latest_video_paths;latest_video_targets;latest_video_wandb_step;progress_video_cycle;progress_video_targets;progress_videos
runs/bridge_100x100_sweep/progress_videos_single/wandb/run-20260704_090005-coolantz100x100progressvideossingle	hundred-bridge-maze-stress	coolantz100x100progressvideossingle	20260704_090005	yes	yes	yes	.	.	.	.	2303467853b06db594ade766d2cf28a13aa1b184	scripts/run_100x100_progress_video_daemon.py	2026-07-04T12:00:05.923546Z	.	.	.	.	.	.	.	.	.	.	.	.	_runtime;_step;_timestamp;_wandb;latest_video_cycle;latest_video_paths;latest_video_targets;latest_video_wandb_step;progress_video_cycle;progress_video_targets;progress_videos
runs/bridge_100x100_sweep/progress_videos_single/wandb/run-20260704_091020-coolantz100x100progressvideossingle	hundred-bridge-maze-stress	coolantz100x100progressvideossingle	20260704_091020	yes	yes	yes	.	.	.	.	2303467853b06db594ade766d2cf28a13aa1b184	scripts/run_100x100_progress_video_daemon.py	2026-07-04T12:10:20.957945Z	.	.	.	.	.	.	.	.	.	.	.	.	_runtime;_step;_timestamp;_wandb;latest_video_cycle;latest_video_paths;latest_video_targets;latest_video_wandb_step;progress_video_cycle;progress_video_targets;progress_videos
runs/bridge_100x100_sweep/progress_videos_single/wandb/run-20260704_091950-coolantz100x100progressvideossingle	hundred-bridge-maze-stress	coolantz100x100progressvideossingle	20260704_091950	yes	yes	yes	.	.	.	.	2303467853b06db594ade766d2cf28a13aa1b184	scripts/run_100x100_progress_video_daemon.py	2026-07-04T12:19:50.722903Z	.	.	.	.	.	.	.	.	.	.	.	.	_runtime;_step;_timestamp;_wandb;latest_video_cycle;latest_video_paths;latest_video_targets;latest_video_wandb_step;progress_video_cycle;progress_video_targets;progress_videos
runs/bridge_100x100_sweep/progress_videos_single/wandb/run-20260704_093005-coolantz100x100progressvideossingle	hundred-bridge-maze-stress	coolantz100x100progressvideossingle	20260704_093005	yes	yes	yes	.	.	.	.	2303467853b06db594ade766d2cf28a13aa1b184	scripts/run_100x100_progress_video_daemon.py	2026-07-04T12:30:05.736470Z	.	.	.	.	.	.	.	.	.	.	.	.	_runtime;_step;_timestamp;_wandb;latest_video_cycle;latest_video_paths;latest_video_targets;latest_video_wandb_step;progress_video_cycle;progress_video_targets;progress_videos
runs/bridge_100x100_sweep/progress_videos_single/wandb/run-20260704_094005-coolantz100x100progressvideossingle	hundred-bridge-maze-stress	coolantz100x100progressvideossingle	20260704_094005	yes	yes	yes	.	.	.	.	2303467853b06db594ade766d2cf28a13aa1b184	scripts/run_100x100_progress_video_daemon.py	2026-07-04T12:40:05.892937Z	.	.	.	.	.	.	.	.	.	.	.	.	_runtime;_step;_timestamp;_wandb;latest_video_cycle;latest_video_paths;latest_video_targets;latest_video_wandb_step;progress_video_cycle;progress_video_targets;progress_videos
runs/bridge_100x100_sweep/progress_videos_single/wandb/run-20260704_094950-coolantz100x100progressvideossingle	hundred-bridge-maze-stress	coolantz100x100progressvideossingle	20260704_094950	yes	yes	yes	.	.	.	.	2303467853b06db594ade766d2cf28a13aa1b184	scripts/run_100x100_progress_video_daemon.py	2026-07-04T12:49:50.798950Z	.	.	.	.	.	.	.	.	.	.	.	.	_runtime;_step;_timestamp;_wandb;latest_video_cycle;latest_video_paths;latest_video_targets;latest_video_wandb_step;progress_video_cycle;progress_video_targets;progress_videos
runs/bridge_100x100_sweep/progress_videos_single/wandb/run-20260704_100005-coolantz100x100progressvideossingle	hundred-bridge-maze-stress	coolantz100x100progressvideossingle	20260704_100005	yes	yes	yes	.	.	.	.	2303467853b06db594ade766d2cf28a13aa1b184	scripts/run_100x100_progress_video_daemon.py	2026-07-04T13:00:05.715678Z	.	.	.	.	.	.	.	.	.	.	.	.	_runtime;_step;_timestamp;_wandb;latest_video_cycle;latest_video_paths;latest_video_targets;latest_video_wandb_step;progress_video_cycle;progress_video_targets;progress_videos
runs/bridge_100x100_sweep/progress_videos_single/wandb/run-20260704_101020-coolantz100x100progressvideossingle	hundred-bridge-maze-stress	coolantz100x100progressvideossingle	20260704_101020	yes	yes	yes	.	.	.	.	1f871b34ecb72a1362683898f164264a7729ebce	scripts/run_100x100_progress_video_daemon.py	2026-07-04T13:10:20.848621Z	.	.	.	.	.	.	.	.	.	.	.	.	_runtime;_step;_timestamp;_wandb;latest_video_cycle;latest_video_paths;latest_video_targets;latest_video_wandb_step;progress_video_cycle;progress_video_targets;progress_videos
runs/bridge_100x100_sweep/progress_videos_single/wandb/run-20260704_101959-coolantz100x100progressvideossingle	hundred-bridge-maze-stress	coolantz100x100progressvideossingle	20260704_101959	yes	yes	yes	.	.	.	.	26349251e3488ce91e66d5528900424caf8cffb9	scripts/run_100x100_progress_video_daemon.py	2026-07-04T13:19:59.013623Z	.	.	.	.	.	.	.	.	.	.	.	.	_runtime;_step;_timestamp;_wandb;latest_video_cycle;latest_video_paths;latest_video_targets;latest_video_wandb_step;progress_video_cycle;progress_video_targets;progress_videos
runs/bridge_100x100_sweep/progress_videos_single/wandb/run-20260704_103021-coolantz100x100progressvideossingle	hundred-bridge-maze-stress	coolantz100x100progressvideossingle	20260704_103021	yes	yes	yes	.	.	.	.	01ac4f7e61c6dbd5a69707295477c27a8f61a32a	scripts/run_100x100_progress_video_daemon.py	2026-07-04T13:30:21.449468Z	.	.	.	.	.	.	.	.	.	.	.	.	_runtime;_step;_timestamp;_wandb;latest_video_cycle;latest_video_paths;latest_video_targets;latest_video_wandb_step;progress_video_cycle;progress_video_targets;progress_videos
runs/bridge_100x100_sweep/progress_videos_single/wandb/run-20260704_103950-coolantz100x100progressvideossingle	hundred-bridge-maze-stress	coolantz100x100progressvideossingle	20260704_103950	yes	yes	yes	.	.	.	.	0eeb732c740d9ee1e7e50b2717162976460d4db1	scripts/run_100x100_progress_video_daemon.py	2026-07-04T13:39:50.991519Z	.	.	.	.	.	.	.	.	.	.	.	.	_runtime;_step;_timestamp;_wandb;latest_video_cycle;latest_video_paths;latest_video_targets;latest_video_wandb_step;progress_video_cycle;progress_video_targets;progress_videos
runs/bridge_100x100_sweep/progress_videos_single/wandb/run-20260704_105006-coolantz100x100progressvideossingle	hundred-bridge-maze-stress	coolantz100x100progressvideossingle	20260704_105006	yes	yes	yes	.	.	.	.	0eeb732c740d9ee1e7e50b2717162976460d4db1	scripts/run_100x100_progress_video_daemon.py	2026-07-04T13:50:06.139313Z	.	.	.	.	.	.	.	.	.	.	.	.	_runtime;_step;_timestamp;_wandb;latest_video_cycle;latest_video_paths;latest_video_targets;latest_video_wandb_step;progress_video_cycle;progress_video_targets;progress_videos
runs/bridge_100x100_sweep/progress_videos_single/wandb/run-20260704_110020-coolantz100x100progressvideossingle	hundred-bridge-maze-stress	coolantz100x100progressvideossingle	20260704_110020	yes	yes	yes	.	.	.	.	0eeb732c740d9ee1e7e50b2717162976460d4db1	scripts/run_100x100_progress_video_daemon.py	2026-07-04T14:00:20.764258Z	.	.	.	.	.	.	.	.	.	.	.	.	_runtime;_step;_timestamp;_wandb;latest_video_cycle;latest_video_paths;latest_video_targets;latest_video_wandb_step;progress_video_cycle;progress_video_targets;progress_videos
runs/bridge_100x100_sweep/progress_videos_single/wandb/run-20260704_110951-coolantz100x100progressvideossingle	hundred-bridge-maze-stress	coolantz100x100progressvideossingle	20260704_110951	yes	yes	yes	.	.	.	.	9a08e82f3e5e1dc2376b3b1c994101328bd51928	scripts/run_100x100_progress_video_daemon.py	2026-07-04T14:09:51.067861Z	.	.	.	.	.	.	.	.	.	.	.	.	_runtime;_step;_timestamp;_wandb;latest_video_cycle;latest_video_paths;latest_video_targets;latest_video_wandb_step;progress_video_cycle;progress_video_targets;progress_videos
runs/bridge_100x100_sweep/progress_videos_single/wandb/run-20260704_112005-coolantz100x100progressvideossingle	hundred-bridge-maze-stress	coolantz100x100progressvideossingle	20260704_112005	yes	yes	yes	.	.	.	.	9a08e82f3e5e1dc2376b3b1c994101328bd51928	scripts/run_100x100_progress_video_daemon.py	2026-07-04T14:20:05.956597Z	.	.	.	.	.	.	.	.	.	.	.	.	_runtime;_step;_timestamp;_wandb;latest_video_cycle;latest_video_paths;latest_video_targets;latest_video_wandb_step;progress_video_cycle;progress_video_targets;progress_videos
runs/bridge_100x100_sweep/progress_videos_single/wandb/run-20260704_113006-coolantz100x100progressvideossingle	hundred-bridge-maze-stress	coolantz100x100progressvideossingle	20260704_113006	yes	yes	yes	.	.	.	.	9a08e82f3e5e1dc2376b3b1c994101328bd51928	scripts/run_100x100_progress_video_daemon.py	2026-07-04T14:30:06.065104Z	.	.	.	.	.	.	.	.	.	.	.	.	_runtime;_step;_timestamp;_wandb;latest_video_cycle;latest_video_paths;latest_video_targets;latest_video_wandb_step;progress_video_cycle;progress_video_targets;progress_videos
runs/bridge_100x100_sweep/progress_videos_single/wandb/run-20260704_114024-coolantz100x100progressvideossingle	hundred-bridge-maze-stress	coolantz100x100progressvideossingle	20260704_114024	yes	yes	yes	.	.	.	.	9a08e82f3e5e1dc2376b3b1c994101328bd51928	scripts/run_100x100_progress_video_daemon.py	2026-07-04T14:40:24.799170Z	.	.	.	.	.	.	.	.	.	.	.	.	_runtime;_step;_timestamp;_wandb;latest_video_cycle;latest_video_paths;latest_video_targets;latest_video_wandb_step;progress_video_cycle;progress_video_targets;progress_videos
runs/bridge_100x100_sweep/progress_videos_single/wandb/run-20260704_115027-coolantz100x100progressvideossingle	hundred-bridge-maze-stress	coolantz100x100progressvideossingle	20260704_115027	yes	yes	yes	.	.	.	.	9a08e82f3e5e1dc2376b3b1c994101328bd51928	scripts/run_100x100_progress_video_daemon.py	2026-07-04T14:50:27.452613Z	.	.	.	.	.	.	.	.	.	.	.	.	_runtime;_step;_timestamp;_wandb;latest_video_cycle;latest_video_paths;latest_video_targets;latest_video_wandb_step;progress_video_cycle;progress_video_targets;progress_videos
runs/bridge_100x100_sweep/progress_videos_single/wandb/run-20260704_120007-coolantz100x100progressvideossingle	hundred-bridge-maze-stress	coolantz100x100progressvideossingle	20260704_120007	yes	yes	yes	.	.	.	.	bd1f6eea1b8a97f93ce7c7dde693a2097c4dd35c	scripts/run_100x100_progress_video_daemon.py	2026-07-04T15:00:07.561870Z	.	.	.	.	.	.	.	.	.	.	.	.	_runtime;_step;_timestamp;_wandb;latest_video_cycle;latest_video_paths;latest_video_targets;latest_video_wandb_step;progress_video_cycle;progress_video_targets;progress_videos
runs/bridge_100x100_sweep/progress_videos_single/wandb/run-20260704_121103-coolantz100x100progressvideossingle	hundred-bridge-maze-stress	coolantz100x100progressvideossingle	20260704_121103	yes	yes	yes	.	.	.	.	bd1f6eea1b8a97f93ce7c7dde693a2097c4dd35c	scripts/run_100x100_progress_video_daemon.py	2026-07-04T15:11:03.900279Z	.	.	.	.	.	.	.	.	.	.	.	.	_runtime;_step;_timestamp;_wandb;latest_video_cycle;latest_video_paths;latest_video_targets;latest_video_wandb_step;progress_video_cycle;progress_video_targets;progress_videos
runs/bridge_100x100_sweep/progress_videos_single/wandb/run-20260704_121952-coolantz100x100progressvideossingle	hundred-bridge-maze-stress	coolantz100x100progressvideossingle	20260704_121952	yes	yes	yes	.	.	.	.	bd1f6eea1b8a97f93ce7c7dde693a2097c4dd35c	scripts/run_100x100_progress_video_daemon.py	2026-07-04T15:19:52.534808Z	.	.	.	.	.	.	.	.	.	.	.	.	_runtime;_step;_timestamp;_wandb;latest_video_cycle;latest_video_paths;latest_video_targets;latest_video_wandb_step;progress_video_cycle;progress_video_targets;progress_videos
runs/bridge_100x100_sweep/progress_videos_single/wandb/run-20260704_122950-coolantz100x100progressvideossingle	hundred-bridge-maze-stress	coolantz100x100progressvideossingle	20260704_122950	yes	yes	yes	.	.	.	.	bd1f6eea1b8a97f93ce7c7dde693a2097c4dd35c	scripts/run_100x100_progress_video_daemon.py	2026-07-04T15:29:50.538359Z	.	.	.	.	.	.	.	.	.	.	.	.	_runtime;_step;_timestamp;_wandb;latest_video_cycle;latest_video_paths;latest_video_targets;latest_video_wandb_step;progress_video_cycle;progress_video_targets;progress_videos
runs/bridge_100x100_sweep/progress_videos_single/wandb/run-20260704_124005-coolantz100x100progressvideossingle	hundred-bridge-maze-stress	coolantz100x100progressvideossingle	20260704_124005	yes	yes	yes	.	.	.	.	842f3cf88ac3f021895ec9e506bb950bd88031d0	scripts/run_100x100_progress_video_daemon.py	2026-07-04T15:40:05.675498Z	.	.	.	.	.	.	.	.	.	.	.	.	_runtime;_step;_timestamp;_wandb;latest_video_cycle;latest_video_paths;latest_video_targets;latest_video_wandb_step;progress_video_cycle;progress_video_targets;progress_videos
runs/bridge_100x100_sweep/progress_videos_single/wandb/run-20260704_125005-coolantz100x100progressvideossingle	hundred-bridge-maze-stress	coolantz100x100progressvideossingle	20260704_125005	yes	yes	yes	.	.	.	.	842f3cf88ac3f021895ec9e506bb950bd88031d0	scripts/run_100x100_progress_video_daemon.py	2026-07-04T15:50:05.676484Z	.	.	.	.	.	.	.	.	.	.	.	.	_runtime;_step;_timestamp;_wandb;latest_video_cycle;latest_video_paths;latest_video_targets;latest_video_wandb_step;progress_video_cycle;progress_video_targets;progress_videos
runs/bridge_100x100_sweep/progress_videos_single/wandb/run-20260704_125950-coolantz100x100progressvideossingle	hundred-bridge-maze-stress	coolantz100x100progressvideossingle	20260704_125950	yes	yes	yes	.	.	.	.	5d2eab769eda0f6a03efc15bf124062fb60b16ec	scripts/run_100x100_progress_video_daemon.py	2026-07-04T15:59:50.556134Z	.	.	.	.	.	.	.	.	.	.	.	.	_runtime;_step;_timestamp;_wandb;latest_video_cycle;latest_video_paths;latest_video_targets;latest_video_wandb_step;progress_video_cycle;progress_video_targets;progress_videos
runs/bridge_100x100_sweep/progress_videos_single/wandb/run-20260704_131035-coolantz100x100progressvideossingle	hundred-bridge-maze-stress	coolantz100x100progressvideossingle	20260704_131035	yes	yes	yes	.	.	.	.	d5fb086a2bbcf1775c084eab25545bfa595e06e9	scripts/run_100x100_progress_video_daemon.py	2026-07-04T16:10:35.598436Z	.	.	.	.	.	.	.	.	.	.	.	.	_runtime;_step;_timestamp;_wandb;latest_video_cycle;latest_video_paths;latest_video_targets;latest_video_wandb_step;progress_video_cycle;progress_video_targets;progress_videos
runs/bridge_100x100_sweep/progress_videos_single/wandb/run-20260704_132008-coolantz100x100progressvideossingle	hundred-bridge-maze-stress	coolantz100x100progressvideossingle	20260704_132008	yes	yes	yes	.	.	.	.	d5fb086a2bbcf1775c084eab25545bfa595e06e9	scripts/run_100x100_progress_video_daemon.py	2026-07-04T16:20:08.016246Z	.	.	.	.	.	.	.	.	.	.	.	.	_runtime;_step;_timestamp;_wandb;latest_video_cycle;latest_video_paths;latest_video_targets;latest_video_wandb_step;progress_video_cycle;progress_video_targets;progress_videos
runs/bridge_100x100_sweep/progress_videos_single/wandb/run-20260704_133016-coolantz100x100progressvideossingle	hundred-bridge-maze-stress	coolantz100x100progressvideossingle	20260704_133016	yes	yes	yes	.	.	.	.	4017d8efb528f5d3b342902f12bf4a42419aefa1	scripts/run_100x100_progress_video_daemon.py	2026-07-04T16:30:16.220729Z	.	.	.	.	.	.	.	.	.	.	.	.	_runtime;_step;_timestamp;_wandb;latest_video_cycle;latest_video_paths;latest_video_targets;latest_video_wandb_step;progress_video_cycle;progress_video_targets;progress_videos
runs/bridge_100x100_sweep/progress_videos_single/wandb/run-20260704_134038-coolantz100x100progressvideossingle	hundred-bridge-maze-stress	coolantz100x100progressvideossingle	20260704_134038	yes	yes	yes	.	.	.	.	2b64a9fd6c676e819c4c6ce0b52f9a7bf6c8ea09	scripts/run_100x100_progress_video_daemon.py	2026-07-04T16:40:38.691180Z	.	.	.	.	.	.	.	.	.	.	.	.	_runtime;_step;_timestamp;_wandb;latest_video_cycle;latest_video_paths;latest_video_targets;latest_video_wandb_step;progress_video_cycle;progress_video_targets;progress_videos
runs/bridge_100x100_sweep/progress_videos_single/wandb/run-20260704_135013-coolantz100x100progressvideossingle	hundred-bridge-maze-stress	coolantz100x100progressvideossingle	20260704_135013	yes	yes	yes	.	.	.	.	2b64a9fd6c676e819c4c6ce0b52f9a7bf6c8ea09	scripts/run_100x100_progress_video_daemon.py	2026-07-04T16:50:13.931920Z	.	.	.	.	.	.	.	.	.	.	.	.	_runtime;_step;_timestamp;_wandb;latest_video_cycle;latest_video_paths;latest_video_targets;latest_video_wandb_step;progress_video_cycle;progress_video_targets;progress_videos
runs/bridge_100x100_sweep/progress_videos_single/wandb/run-20260704_140005-coolantz100x100progressvideossingle	hundred-bridge-maze-stress	coolantz100x100progressvideossingle	20260704_140005	yes	yes	yes	.	.	.	.	6e22394236ce151e9c1f0a9308e5bc0bc3d27fe6	scripts/run_100x100_progress_video_daemon.py	2026-07-04T17:00:05.979741Z	.	.	.	.	.	.	.	.	.	.	.	.	_runtime;_step;_timestamp;_wandb;latest_video_cycle;latest_video_paths;latest_video_targets;latest_video_wandb_step;progress_video_cycle;progress_video_targets;progress_videos
runs/bridge_100x100_sweep/progress_videos_single/wandb/run-20260704_141005-coolantz100x100progressvideossingle	hundred-bridge-maze-stress	coolantz100x100progressvideossingle	20260704_141005	yes	yes	yes	.	.	.	.	b20ade202a7831e69671d1068890758e69bce8e9	scripts/run_100x100_progress_video_daemon.py	2026-07-04T17:10:05.486106Z	.	.	.	.	.	.	.	.	.	.	.	.	_runtime;_step;_timestamp;_wandb;latest_video_cycle;latest_video_paths;latest_video_targets;latest_video_wandb_step;progress_video_cycle;progress_video_targets;progress_videos
runs/bridge_100x100_sweep/progress_videos_single/wandb/run-20260704_141951-coolantz100x100progressvideossingle	hundred-bridge-maze-stress	coolantz100x100progressvideossingle	20260704_141951	yes	yes	yes	.	.	.	.	b20ade202a7831e69671d1068890758e69bce8e9	scripts/run_100x100_progress_video_daemon.py	2026-07-04T17:19:51.388497Z	.	.	.	.	.	.	.	.	.	.	.	.	_runtime;_step;_timestamp;_wandb;latest_video_cycle;latest_video_paths;latest_video_targets;latest_video_wandb_step;progress_video_cycle;progress_video_targets;progress_videos
runs/bridge_100x100_sweep/progress_videos_single/wandb/run-20260704_143005-coolantz100x100progressvideossingle	hundred-bridge-maze-stress	coolantz100x100progressvideossingle	20260704_143005	yes	yes	yes	.	.	.	.	a8b23ea783ba64fa3afee620843ffbadc6feadae	scripts/run_100x100_progress_video_daemon.py	2026-07-04T17:30:05.784296Z	.	.	.	.	.	.	.	.	.	.	.	.	_runtime;_step;_timestamp;_wandb;latest_video_cycle;latest_video_paths;latest_video_targets;latest_video_wandb_step;progress_video_cycle;progress_video_targets;progress_videos
runs/bridge_100x100_sweep/progress_videos_single/wandb/run-20260704_144032-coolantz100x100progressvideossingle	hundred-bridge-maze-stress	coolantz100x100progressvideossingle	20260704_144032	yes	yes	yes	.	.	.	.	a8b23ea783ba64fa3afee620843ffbadc6feadae	scripts/run_100x100_progress_video_daemon.py	2026-07-04T17:40:32.099352Z	.	.	.	.	.	.	.	.	.	.	.	.	_runtime;_step;_timestamp;_wandb;latest_video_cycle;latest_video_paths;latest_video_targets;latest_video_wandb_step;progress_video_cycle;progress_video_targets;progress_videos
runs/bridge_100x100_sweep/progress_videos_single/wandb/run-20260704_145036-coolantz100x100progressvideossingle	hundred-bridge-maze-stress	coolantz100x100progressvideossingle	20260704_145036	yes	yes	yes	.	.	.	.	a8b23ea783ba64fa3afee620843ffbadc6feadae	scripts/run_100x100_progress_video_daemon.py	2026-07-04T17:50:36.420928Z	.	.	.	.	.	.	.	.	.	.	.	.	_runtime;_step;_timestamp;_wandb;latest_video_cycle;latest_video_paths;latest_video_targets;latest_video_wandb_step;progress_video_cycle;progress_video_targets;progress_videos
runs/bridge_100x100_sweep/progress_videos_single/wandb/run-20260704_150038-coolantz100x100progressvideossingle	hundred-bridge-maze-stress	coolantz100x100progressvideossingle	20260704_150038	yes	yes	yes	.	.	.	.	a8b23ea783ba64fa3afee620843ffbadc6feadae	scripts/run_100x100_progress_video_daemon.py	2026-07-04T18:00:38.019721Z	.	.	.	.	.	.	.	.	.	.	.	.	_runtime;_step;_timestamp;_wandb;latest_video_cycle;latest_video_paths;latest_video_targets;latest_video_wandb_step;progress_video_cycle;progress_video_targets;progress_videos
runs/bridge_100x100_sweep/progress_videos_single/wandb/run-20260704_151037-coolantz100x100progressvideossingle	hundred-bridge-maze-stress	coolantz100x100progressvideossingle	20260704_151037	yes	yes	yes	.	.	.	.	a8b23ea783ba64fa3afee620843ffbadc6feadae	scripts/run_100x100_progress_video_daemon.py	2026-07-04T18:10:37.570292Z	.	.	.	.	.	.	.	.	.	.	.	.	_runtime;_step;_timestamp;_wandb;latest_video_cycle;latest_video_paths;latest_video_targets;latest_video_wandb_step;progress_video_cycle;progress_video_targets;progress_videos
runs/bridge_100x100_sweep/progress_videos_single/wandb/run-20260704_152038-coolantz100x100progressvideossingle	hundred-bridge-maze-stress	coolantz100x100progressvideossingle	20260704_152038	yes	yes	yes	.	.	.	.	a8b23ea783ba64fa3afee620843ffbadc6feadae	scripts/run_100x100_progress_video_daemon.py	2026-07-04T18:20:38.456851Z	.	.	.	.	.	.	.	.	.	.	.	.	_runtime;_step;_timestamp;_wandb;latest_video_cycle;latest_video_paths;latest_video_targets;latest_video_wandb_step;progress_video_cycle;progress_video_targets;progress_videos
runs/bridge_100x100_sweep/progress_videos_single/wandb/run-20260704_153034-coolantz100x100progressvideossingle	hundred-bridge-maze-stress	coolantz100x100progressvideossingle	20260704_153034	yes	yes	yes	.	.	.	.	9b6447312962625d77707681c44749735b029bf5	scripts/run_100x100_progress_video_daemon.py	2026-07-04T18:30:34.888015Z	.	.	.	.	.	.	.	.	.	.	.	.	_runtime;_step;_timestamp;_wandb;latest_video_cycle;latest_video_paths;latest_video_targets;latest_video_wandb_step;progress_video_cycle;progress_video_targets;progress_videos
runs/bridge_100x100_sweep/progress_videos_single/wandb/run-20260704_154038-coolantz100x100progressvideossingle	hundred-bridge-maze-stress	coolantz100x100progressvideossingle	20260704_154038	yes	yes	yes	.	.	.	.	9b6447312962625d77707681c44749735b029bf5	scripts/run_100x100_progress_video_daemon.py	2026-07-04T18:40:38.345893Z	.	.	.	.	.	.	.	.	.	.	.	.	_runtime;_step;_timestamp;_wandb;latest_video_cycle;latest_video_paths;latest_video_targets;latest_video_wandb_step;progress_video_cycle;progress_video_targets;progress_videos
runs/bridge_100x100_sweep/progress_videos_single/wandb/run-20260704_155037-coolantz100x100progressvideossingle	hundred-bridge-maze-stress	coolantz100x100progressvideossingle	20260704_155037	yes	yes	yes	.	.	.	.	3c946455cfb0bbe0ae2b0d20beca7f1e6149edcf	scripts/run_100x100_progress_video_daemon.py	2026-07-04T18:50:37.103169Z	.	.	.	.	.	.	.	.	.	.	.	.	_runtime;_step;_timestamp;_wandb;latest_video_cycle;latest_video_paths;latest_video_targets;latest_video_wandb_step;progress_video_cycle;progress_video_targets;progress_videos
runs/bridge_100x100_sweep/progress_videos_single/wandb/run-20260704_160039-coolantz100x100progressvideossingle	hundred-bridge-maze-stress	coolantz100x100progressvideossingle	20260704_160039	yes	yes	yes	.	.	.	.	3c946455cfb0bbe0ae2b0d20beca7f1e6149edcf	scripts/run_100x100_progress_video_daemon.py	2026-07-04T19:00:39.038752Z	.	.	.	.	.	.	.	.	.	.	.	.	_runtime;_step;_timestamp;_wandb;latest_video_cycle;latest_video_paths;latest_video_targets;latest_video_wandb_step;progress_video_cycle;progress_video_targets;progress_videos
runs/bridge_100x100_sweep/progress_videos_single/wandb/run-20260704_161038-coolantz100x100progressvideossingle	hundred-bridge-maze-stress	coolantz100x100progressvideossingle	20260704_161038	yes	yes	yes	.	.	.	.	a56d5049a28a7694a8f9412b17af254a0eb2ac02	scripts/run_100x100_progress_video_daemon.py	2026-07-04T19:10:38.197049Z	.	.	.	.	.	.	.	.	.	.	.	.	_runtime;_step;_timestamp;_wandb;latest_video_cycle;latest_video_paths;latest_video_targets;latest_video_wandb_step;progress_video_cycle;progress_video_targets;progress_videos
runs/bridge_100x100_sweep/progress_videos_single/wandb/run-20260704_162055-coolantz100x100progressvideossingle	hundred-bridge-maze-stress	coolantz100x100progressvideossingle	20260704_162055	yes	yes	yes	.	.	.	.	962f5604d4a81c67301d1261a17778a4566ae911	scripts/run_100x100_progress_video_daemon.py	2026-07-04T19:20:55.342576Z	.	.	.	.	.	.	.	.	.	.	.	.	_runtime;_step;_timestamp;_wandb;latest_video_cycle;latest_video_paths;latest_video_targets;latest_video_wandb_step;progress_video_cycle;progress_video_targets;progress_videos
runs/bridge_100x100_sweep/sweep_20260702_222315/bridge_0000_easy_mt0525_lr1e5_u8/wandb/run-20260702_192335-1ef7yrmd	hundred-bridge-maze-stress	1ef7yrmd	20260702_192335	yes	yes	yes	cool-antz	sweep_20260702_222315	bridge_0000_easy_mt0525_lr1e5_u8	jax_mappo_100x100_bridge_0000_easy_mt0525_lr1e5_u8	b3f88797daa95bbff6086494642c4c468fe9ab1c	scripts/run_100x100_bridge_sweep.py	2026-07-02T22:23:35.257968Z	115	0.9199999999999999	0.5	42	44	10.5	8.049858093261719	41.25	1.1713630575331406	8192	8	8	_runtime;_step;_timestamp;_wandb;actor_grad_norm;applied_write_action_nonzero_rate;approx_kl;best_eval_episodes;best_eval_seed_offset;best_model_metric_value;carrying_write_action_nonzero_rate;clipfrac;completed_episodes;critic_grad_norm;delivery_events;empty_write_action_nonzero_rate;entropy;env_return;episode_return;eval_mean_ant_steps_per_delivered_food;eval_mean_delivered_food;eval_mean_delivered_food_per_1000_ant_steps;eval_mean_delivered_fraction;eval_mean_episode_length;eval_mean_episode_return;eval_mean_steps_per_delivered_food;eval_success_rate;final_mean_border_moat_cost;final_mean_nonzero_byte_fraction;final_mean_nonzero_byte_tiles;final_mean_remaining_food;final_mean_viewed_cell_count;final_mean_viewed_cell_fraction;final_mean_visible_border_cells;final_mean_visited_cell_count;final_mean_visited_cell_fraction;global_step;grad_norm;learning_rate;loss;mean_border_moat_cost;mean_carrying_ants;mean_nonzero_byte_fraction;mean_nonzero_byte_tiles;mean_overwrites_per_env_step;mean_viewed_cell_count;mean_viewed_cell_fraction;mean_visible_border_cells;mean_visited_cell_count;mean_visited_cell_fraction;mean_write_action_value;mean_write_attempts_per_env_step;nonzero_writes_per_delivery;num_updates;pickup_events;policy_loss;terminated_episodes;truncated_episodes;update;value_loss;viewed_cell_events;visited_cell_events;write_action_nonzero_rate
runs/bridge_100x100_sweep/sweep_20260702_222315/bridge_0001_easy_mt050_lr1e5_u8/wandb/run-20260702_192659-ilzd865b	hundred-bridge-maze-stress	ilzd865b	20260702_192659	yes	yes	yes	cool-antz	sweep_20260702_222315	bridge_0001_easy_mt050_lr1e5_u8	jax_mappo_100x100_bridge_0001_easy_mt050_lr1e5_u8	345b88ad83920fd73efe0c099216e3e10f3b584e	scripts/run_100x100_bridge_sweep.py	2026-07-02T22:26:59.217646Z	103	0.824	0.25	1	0	0.25	-2.798696517944336	46.75	1.207015231400117	8192	8	8	_runtime;_step;_timestamp;_wandb;actor_grad_norm;applied_write_action_nonzero_rate;approx_kl;best_eval_episodes;best_eval_seed_offset;best_model_metric_value;carrying_write_action_nonzero_rate;clipfrac;completed_episodes;critic_grad_norm;delivery_events;empty_write_action_nonzero_rate;entropy;env_return;episode_return;eval_mean_ant_steps_per_delivered_food;eval_mean_delivered_food;eval_mean_delivered_food_per_1000_ant_steps;eval_mean_delivered_fraction;eval_mean_episode_length;eval_mean_episode_return;eval_mean_steps_per_delivered_food;eval_success_rate;final_mean_border_moat_cost;final_mean_nonzero_byte_fraction;final_mean_nonzero_byte_tiles;final_mean_remaining_food;final_mean_viewed_cell_count;final_mean_viewed_cell_fraction;final_mean_visible_border_cells;final_mean_visited_cell_count;final_mean_visited_cell_fraction;global_step;grad_norm;learning_rate;loss;mean_border_moat_cost;mean_carrying_ants;mean_nonzero_byte_fraction;mean_nonzero_byte_tiles;mean_overwrites_per_env_step;mean_viewed_cell_count;mean_viewed_cell_fraction;mean_visible_border_cells;mean_visited_cell_count;mean_visited_cell_fraction;mean_write_action_value;mean_write_attempts_per_env_step;nonzero_writes_per_delivery;num_updates;pickup_events;policy_loss;terminated_episodes;truncated_episodes;update;value_loss;viewed_cell_events;visited_cell_events;write_action_nonzero_rate
runs/bridge_100x100_sweep/sweep_20260702_222315/bridge_0002_easy_mt060_lr1e5_u8/wandb/run-20260702_193027-2euikkxw	hundred-bridge-maze-stress	2euikkxw	20260702_193027	yes	yes	yes	cool-antz	sweep_20260702_222315	bridge_0002_easy_mt060_lr1e5_u8	jax_mappo_100x100_bridge_0002_easy_mt060_lr1e5_u8	345b88ad83920fd73efe0c099216e3e10f3b584e	scripts/run_100x100_bridge_sweep.py	2026-07-02T22:30:27.780916Z	93.5	0.748	0.25	16	33	4	1.3907535076141357	6.75	0.8158057430085285	8192	8	8	_runtime;_step;_timestamp;_wandb;actor_grad_norm;applied_write_action_nonzero_rate;approx_kl;best_eval_episodes;best_eval_seed_offset;best_model_metric_value;carrying_write_action_nonzero_rate;clipfrac;completed_episodes;critic_grad_norm;delivery_events;empty_write_action_nonzero_rate;entropy;env_return;episode_return;eval_mean_ant_steps_per_delivered_food;eval_mean_delivered_food;eval_mean_delivered_food_per_1000_ant_steps;eval_mean_delivered_fraction;eval_mean_episode_length;eval_mean_episode_return;eval_mean_steps_per_delivered_food;eval_success_rate;final_mean_border_moat_cost;final_mean_nonzero_byte_fraction;final_mean_nonzero_byte_tiles;final_mean_remaining_food;final_mean_viewed_cell_count;final_mean_viewed_cell_fraction;final_mean_visible_border_cells;final_mean_visited_cell_count;final_mean_visited_cell_fraction;global_step;grad_norm;learning_rate;loss;mean_border_moat_cost;mean_carrying_ants;mean_nonzero_byte_fraction;mean_nonzero_byte_tiles;mean_overwrites_per_env_step;mean_viewed_cell_count;mean_viewed_cell_fraction;mean_visible_border_cells;mean_visited_cell_count;mean_visited_cell_fraction;mean_write_action_value;mean_write_attempts_per_env_step;nonzero_writes_per_delivery;num_updates;pickup_events;policy_loss;terminated_episodes;truncated_episodes;update;value_loss;viewed_cell_events;visited_cell_events;write_action_nonzero_rate
runs/bridge_100x100_sweep/sweep_20260702_222315/bridge_0003_easy_mt0525_lr5e6_u16/wandb/run-20260702_193353-502oa61u	hundred-bridge-maze-stress	502oa61u	20260702_193353	yes	yes	yes	cool-antz	sweep_20260702_222315	bridge_0003_easy_mt0525_lr5e6_u16	jax_mappo_100x100_bridge_0003_easy_mt0525_lr5e6_u16	345b88ad83920fd73efe0c099216e3e10f3b584e	scripts/run_100x100_bridge_sweep.py	2026-07-02T22:33:53.498861Z	124.25	0.994	0.75	2	2	0.5	-2.518951654434204	125	0.9387235080813028	16384	16	16	_runtime;_step;_timestamp;_wandb;actor_grad_norm;applied_write_action_nonzero_rate;approx_kl;best_eval_episodes;best_eval_seed_offset;best_model_metric_value;carrying_write_action_nonzero_rate;clipfrac;completed_episodes;critic_grad_norm;delivery_events;empty_write_action_nonzero_rate;entropy;env_return;episode_return;eval_mean_ant_steps_per_delivered_food;eval_mean_delivered_food;eval_mean_delivered_food_per_1000_ant_steps;eval_mean_delivered_fraction;eval_mean_episode_length;eval_mean_episode_return;eval_mean_steps_per_delivered_food;eval_success_rate;final_mean_border_moat_cost;final_mean_nonzero_byte_fraction;final_mean_nonzero_byte_tiles;final_mean_remaining_food;final_mean_viewed_cell_count;final_mean_viewed_cell_fraction;final_mean_visible_border_cells;final_mean_visited_cell_count;final_mean_visited_cell_fraction;global_step;grad_norm;learning_rate;loss;mean_border_moat_cost;mean_carrying_ants;mean_nonzero_byte_fraction;mean_nonzero_byte_tiles;mean_overwrites_per_env_step;mean_viewed_cell_count;mean_viewed_cell_fraction;mean_visible_border_cells;mean_visited_cell_count;mean_visited_cell_fraction;mean_write_action_value;mean_write_attempts_per_env_step;nonzero_writes_per_delivery;num_updates;pickup_events;policy_loss;terminated_episodes;truncated_episodes;update;value_loss;viewed_cell_events;visited_cell_events;write_action_nonzero_rate
runs/bridge_100x100_sweep/sweep_20260702_222315/bridge_0004_mid_mt0525_lr1e5_u10/wandb/run-20260702_193754-s77af47c	hundred-bridge-maze-stress	s77af47c	20260702_193754	yes	yes	yes	cool-antz	sweep_20260702_222315	bridge_0004_mid_mt0525_lr1e5_u10	jax_mappo_100x100_bridge_0004_mid_mt0525_lr1e5_u10	345b88ad83920fd73efe0c099216e3e10f3b584e	scripts/run_100x100_bridge_sweep.py	2026-07-02T22:37:54.353071Z	217.25	0.869	0	21	31	5.25	2.6101179122924805	45.5	1.0398028109220439	10240	10	10	_runtime;_step;_timestamp;_wandb;actor_grad_norm;applied_write_action_nonzero_rate;approx_kl;best_eval_episodes;best_eval_seed_offset;best_model_metric_value;carrying_write_action_nonzero_rate;clipfrac;completed_episodes;critic_grad_norm;delivery_events;empty_write_action_nonzero_rate;entropy;env_return;episode_return;eval_mean_ant_steps_per_delivered_food;eval_mean_delivered_food;eval_mean_delivered_food_per_1000_ant_steps;eval_mean_delivered_fraction;eval_mean_episode_length;eval_mean_episode_return;eval_mean_steps_per_delivered_food;eval_success_rate;final_mean_border_moat_cost;final_mean_nonzero_byte_fraction;final_mean_nonzero_byte_tiles;final_mean_remaining_food;final_mean_viewed_cell_count;final_mean_viewed_cell_fraction;final_mean_visible_border_cells;final_mean_visited_cell_count;final_mean_visited_cell_fraction;global_step;grad_norm;learning_rate;loss;mean_border_moat_cost;mean_carrying_ants;mean_nonzero_byte_fraction;mean_nonzero_byte_tiles;mean_overwrites_per_env_step;mean_viewed_cell_count;mean_viewed_cell_fraction;mean_visible_border_cells;mean_visited_cell_count;mean_visited_cell_fraction;mean_write_action_value;mean_write_attempts_per_env_step;nonzero_writes_per_delivery;num_updates;pickup_events;policy_loss;terminated_episodes;truncated_episodes;update;value_loss;viewed_cell_events;visited_cell_events;write_action_nonzero_rate
runs/bridge_100x100_sweep/sweep_20260702_222315/bridge_0005_mid_mt050_lr1e5_u10/wandb/run-20260702_194225-5xfo4mlj	hundred-bridge-maze-stress	5xfo4mlj	20260702_194225	yes	yes	yes	cool-antz	sweep_20260702_222315	bridge_0005_mid_mt050_lr1e5_u10	jax_mappo_100x100_bridge_0005_mid_mt050_lr1e5_u10	345b88ad83920fd73efe0c099216e3e10f3b584e	scripts/run_100x100_bridge_sweep.py	2026-07-02T22:42:25.895763Z	234.5	0.938	0.75	4	8	1	-1.9520788192749023	66.25	0.9788645618647355	10240	10	10	_runtime;_step;_timestamp;_wandb;actor_grad_norm;applied_write_action_nonzero_rate;approx_kl;best_eval_episodes;best_eval_seed_offset;best_model_metric_value;carrying_write_action_nonzero_rate;clipfrac;completed_episodes;critic_grad_norm;delivery_events;empty_write_action_nonzero_rate;entropy;env_return;episode_return;eval_mean_ant_steps_per_delivered_food;eval_mean_delivered_food;eval_mean_delivered_food_per_1000_ant_steps;eval_mean_delivered_fraction;eval_mean_episode_length;eval_mean_episode_return;eval_mean_steps_per_delivered_food;eval_success_rate;final_mean_border_moat_cost;final_mean_nonzero_byte_fraction;final_mean_nonzero_byte_tiles;final_mean_remaining_food;final_mean_viewed_cell_count;final_mean_viewed_cell_fraction;final_mean_visible_border_cells;final_mean_visited_cell_count;final_mean_visited_cell_fraction;global_step;grad_norm;learning_rate;loss;mean_border_moat_cost;mean_carrying_ants;mean_nonzero_byte_fraction;mean_nonzero_byte_tiles;mean_overwrites_per_env_step;mean_viewed_cell_count;mean_viewed_cell_fraction;mean_visible_border_cells;mean_visited_cell_count;mean_visited_cell_fraction;mean_write_action_value;mean_write_attempts_per_env_step;nonzero_writes_per_delivery;num_updates;pickup_events;policy_loss;terminated_episodes;truncated_episodes;update;value_loss;viewed_cell_events;visited_cell_events;write_action_nonzero_rate
runs/overnight_efficiency_sweep/sweep_20260702_003029/eff_0000_lr5e6_clip03_temp075_u20_seed13/wandb/run-20260702_003135-x1hlex43	communication-memory-bytes	x1hlex43	20260702_003135	yes	yes	yes	.	.	.	.	a6ba23530c5c618220e95ae8f451aabb6b21b957	scripts/run_overnight_efficiency_sweep.py	2026-07-02T03:31:35.241660Z	118.75	0.95	0.625	240	199	15	12.575121879577637	22.0625	.	81920	.	.	_runtime;_step;_timestamp;_wandb;actor_grad_norm;applied_write_action_nonzero_rate;approx_kl;best_checkpoint;best_checkpoint_metric;best_checkpoint_mode;best_checkpoint_path;best_checkpoint_selection;best_eval_action_mode;best_eval_episodes;best_eval_interval;best_eval_move_temperature;best_eval_write_temperature;border_moat_penalty;border_moat_width;border_view_penalty;carrying_write_action_nonzero_rate;checkpoint;clipfrac;completed_episodes;cookie_distance;critic_grad_norm;curriculum_global_step;delivery_events;empty_write_action_nonzero_rate;entropy;env_return;episode_return;eval_mean_ant_steps_per_delivered_food;eval_mean_delivered_food;eval_mean_delivered_food_per_1000_ant_steps;eval_mean_delivered_fraction;eval_mean_episode_length;eval_mean_episode_return;eval_mean_steps_per_delivered_food;eval_success_rate;final_mean_border_moat_cost;final_mean_nonzero_byte_fraction;final_mean_nonzero_byte_tiles;final_mean_remaining_food;final_mean_viewed_cell_count;final_mean_viewed_cell_fraction;final_mean_visible_border_cells;final_mean_visited_cell_count;final_mean_visited_cell_fraction;food_cluster_count;food_cluster_radius;food_count;food_sources;gamma;global_step;global_update_cap;grad_norm;height;learning_rate;loss;max_steps;mean_border_moat_cost;mean_carrying_ants;mean_nonzero_byte_fraction;mean_nonzero_byte_tiles;mean_overwrites_per_env_step;mean_viewed_cell_count;mean_viewed_cell_fraction;mean_visible_border_cells;mean_visited_cell_count;mean_visited_cell_fraction;mean_write_action_value;mean_write_attempts_per_env_step;name;nonzero_writes_per_delivery;num_steps;pickup_events;policy_loss;save_best_checkpoint;select_best_checkpoint;stage_index;stage_name;stage_total_updates;stage_update;stage_update_timesteps;terminated_episodes;truncated_episodes;value_loss;view_reward_decay;view_reward_scale;viewed_cell_events;visit_reward_scale;visited_cell_events;width;write_action_nonzero_rate
runs/overnight_efficiency_sweep/sweep_20260702_003029/eff_0001_lr1e5_clip03_temp075_u20_seed17/wandb/run-20260702_003505-eji02hsw	communication-memory-bytes	eji02hsw	20260702_003505	yes	yes	yes	.	.	.	.	a6ba23530c5c618220e95ae8f451aabb6b21b957	scripts/run_overnight_efficiency_sweep.py	2026-07-02T03:35:05.335797Z	122	0.976	0.75	263	282	16.4375	14.280491828918457	32.875	.	81920	.	.	_runtime;_step;_timestamp;_wandb;actor_grad_norm;applied_write_action_nonzero_rate;approx_kl;best_checkpoint;best_checkpoint_metric;best_checkpoint_mode;best_checkpoint_path;best_checkpoint_selection;best_eval_action_mode;best_eval_episodes;best_eval_interval;best_eval_move_temperature;best_eval_write_temperature;border_moat_penalty;border_moat_width;border_view_penalty;carrying_write_action_nonzero_rate;checkpoint;clipfrac;completed_episodes;cookie_distance;critic_grad_norm;curriculum_global_step;delivery_events;empty_write_action_nonzero_rate;entropy;env_return;episode_return;eval_mean_ant_steps_per_delivered_food;eval_mean_delivered_food;eval_mean_delivered_food_per_1000_ant_steps;eval_mean_delivered_fraction;eval_mean_episode_length;eval_mean_episode_return;eval_mean_steps_per_delivered_food;eval_success_rate;final_mean_border_moat_cost;final_mean_nonzero_byte_fraction;final_mean_nonzero_byte_tiles;final_mean_remaining_food;final_mean_viewed_cell_count;final_mean_viewed_cell_fraction;final_mean_visible_border_cells;final_mean_visited_cell_count;final_mean_visited_cell_fraction;food_cluster_count;food_cluster_radius;food_count;food_sources;gamma;global_step;global_update_cap;grad_norm;height;learning_rate;loss;max_steps;mean_border_moat_cost;mean_carrying_ants;mean_nonzero_byte_fraction;mean_nonzero_byte_tiles;mean_overwrites_per_env_step;mean_viewed_cell_count;mean_viewed_cell_fraction;mean_visible_border_cells;mean_visited_cell_count;mean_visited_cell_fraction;mean_write_action_value;mean_write_attempts_per_env_step;name;nonzero_writes_per_delivery;num_steps;pickup_events;policy_loss;save_best_checkpoint;select_best_checkpoint;stage_index;stage_name;stage_total_updates;stage_update;stage_update_timesteps;terminated_episodes;truncated_episodes;value_loss;view_reward_decay;view_reward_scale;viewed_cell_events;visit_reward_scale;visited_cell_events;width;write_action_nonzero_rate
runs/overnight_efficiency_sweep/sweep_20260702_003029/eff_0002_lr5e6_clip05_temp075_u40_seed19/wandb/run-20260702_003840-eelc2zlw	communication-memory-bytes	eelc2zlw	20260702_003840	yes	yes	yes	.	.	.	.	a6ba23530c5c618220e95ae8f451aabb6b21b957	scripts/run_overnight_efficiency_sweep.py	2026-07-02T03:38:40.380942Z	123.375	0.987	0.5	475	557	29.6875	28.38503646850586	40	.	163840	.	.	_runtime;_step;_timestamp;_wandb;actor_grad_norm;applied_write_action_nonzero_rate;approx_kl;best_checkpoint;best_checkpoint_metric;best_checkpoint_mode;best_checkpoint_path;best_checkpoint_selection;best_eval_action_mode;best_eval_episodes;best_eval_interval;best_eval_move_temperature;best_eval_write_temperature;border_moat_penalty;border_moat_width;border_view_penalty;carrying_write_action_nonzero_rate;checkpoint;clipfrac;completed_episodes;cookie_distance;critic_grad_norm;curriculum_global_step;delivery_events;empty_write_action_nonzero_rate;entropy;env_return;episode_return;eval_mean_ant_steps_per_delivered_food;eval_mean_delivered_food;eval_mean_delivered_food_per_1000_ant_steps;eval_mean_delivered_fraction;eval_mean_episode_length;eval_mean_episode_return;eval_mean_steps_per_delivered_food;eval_success_rate;final_mean_border_moat_cost;final_mean_nonzero_byte_fraction;final_mean_nonzero_byte_tiles;final_mean_remaining_food;final_mean_viewed_cell_count;final_mean_viewed_cell_fraction;final_mean_visible_border_cells;final_mean_visited_cell_count;final_mean_visited_cell_fraction;food_cluster_count;food_cluster_radius;food_count;food_sources;gamma;global_step;global_update_cap;grad_norm;height;learning_rate;loss;max_steps;mean_border_moat_cost;mean_carrying_ants;mean_nonzero_byte_fraction;mean_nonzero_byte_tiles;mean_overwrites_per_env_step;mean_viewed_cell_count;mean_viewed_cell_fraction;mean_visible_border_cells;mean_visited_cell_count;mean_visited_cell_fraction;mean_write_action_value;mean_write_attempts_per_env_step;name;nonzero_writes_per_delivery;num_steps;pickup_events;policy_loss;save_best_checkpoint;select_best_checkpoint;stage_index;stage_name;stage_total_updates;stage_update;stage_update_timesteps;terminated_episodes;truncated_episodes;value_loss;view_reward_decay;view_reward_scale;viewed_cell_events;visit_reward_scale;visited_cell_events;width;write_action_nonzero_rate
runs/overnight_efficiency_sweep/sweep_20260702_003029/eff_0003_lr1e5_clip05_temp075_u40_seed23/wandb/run-20260702_004305-k4ukhm84	communication-memory-bytes	k4ukhm84	20260702_004305	yes	yes	yes	.	.	.	.	a6ba23530c5c618220e95ae8f451aabb6b21b957	scripts/run_overnight_efficiency_sweep.py	2026-07-02T03:43:05.495224Z	110.875	0.887	0.5	511	607	31.9375	30.785919189453125	46.5	.	163840	.	.	_runtime;_step;_timestamp;_wandb;actor_grad_norm;applied_write_action_nonzero_rate;approx_kl;best_checkpoint;best_checkpoint_metric;best_checkpoint_mode;best_checkpoint_path;best_checkpoint_selection;best_eval_action_mode;best_eval_episodes;best_eval_interval;best_eval_move_temperature;best_eval_write_temperature;border_moat_penalty;border_moat_width;border_view_penalty;carrying_write_action_nonzero_rate;checkpoint;clipfrac;completed_episodes;cookie_distance;critic_grad_norm;curriculum_global_step;delivery_events;empty_write_action_nonzero_rate;entropy;env_return;episode_return;eval_mean_ant_steps_per_delivered_food;eval_mean_delivered_food;eval_mean_delivered_food_per_1000_ant_steps;eval_mean_delivered_fraction;eval_mean_episode_length;eval_mean_episode_return;eval_mean_steps_per_delivered_food;eval_success_rate;final_mean_border_moat_cost;final_mean_nonzero_byte_fraction;final_mean_nonzero_byte_tiles;final_mean_remaining_food;final_mean_viewed_cell_count;final_mean_viewed_cell_fraction;final_mean_visible_border_cells;final_mean_visited_cell_count;final_mean_visited_cell_fraction;food_cluster_count;food_cluster_radius;food_count;food_sources;gamma;global_step;global_update_cap;grad_norm;height;learning_rate;loss;max_steps;mean_border_moat_cost;mean_carrying_ants;mean_nonzero_byte_fraction;mean_nonzero_byte_tiles;mean_overwrites_per_env_step;mean_viewed_cell_count;mean_viewed_cell_fraction;mean_visible_border_cells;mean_visited_cell_count;mean_visited_cell_fraction;mean_write_action_value;mean_write_attempts_per_env_step;name;nonzero_writes_per_delivery;num_steps;pickup_events;policy_loss;save_best_checkpoint;select_best_checkpoint;stage_index;stage_name;stage_total_updates;stage_update;stage_update_timesteps;terminated_episodes;truncated_episodes;value_loss;view_reward_decay;view_reward_scale;viewed_cell_events;visit_reward_scale;visited_cell_events;width;write_action_nonzero_rate
runs/overnight_efficiency_sweep/sweep_20260702_003029/eff_0004_lr2e5_clip03_temp075_u20_seed29/wandb/run-20260702_004800-dgkfaa58	communication-memory-bytes	dgkfaa58	20260702_004800	yes	yes	yes	.	.	.	.	a6ba23530c5c618220e95ae8f451aabb6b21b957	scripts/run_overnight_efficiency_sweep.py	2026-07-02T03:48:00.518417Z	124.5	0.996	0.875	260	252	16.25	13.997138023376465	15.9375	.	81920	.	.	_runtime;_step;_timestamp;_wandb;actor_grad_norm;applied_write_action_nonzero_rate;approx_kl;best_checkpoint;best_checkpoint_metric;best_checkpoint_mode;best_checkpoint_path;best_checkpoint_selection;best_eval_action_mode;best_eval_episodes;best_eval_interval;best_eval_move_temperature;best_eval_write_temperature;border_moat_penalty;border_moat_width;border_view_penalty;carrying_write_action_nonzero_rate;checkpoint;clipfrac;completed_episodes;cookie_distance;critic_grad_norm;curriculum_global_step;delivery_events;empty_write_action_nonzero_rate;entropy;env_return;episode_return;eval_mean_ant_steps_per_delivered_food;eval_mean_delivered_food;eval_mean_delivered_food_per_1000_ant_steps;eval_mean_delivered_fraction;eval_mean_episode_length;eval_mean_episode_return;eval_mean_steps_per_delivered_food;eval_success_rate;final_mean_border_moat_cost;final_mean_nonzero_byte_fraction;final_mean_nonzero_byte_tiles;final_mean_remaining_food;final_mean_viewed_cell_count;final_mean_viewed_cell_fraction;final_mean_visible_border_cells;final_mean_visited_cell_count;final_mean_visited_cell_fraction;food_cluster_count;food_cluster_radius;food_count;food_sources;gamma;global_step;global_update_cap;grad_norm;height;learning_rate;loss;max_steps;mean_border_moat_cost;mean_carrying_ants;mean_nonzero_byte_fraction;mean_nonzero_byte_tiles;mean_overwrites_per_env_step;mean_viewed_cell_count;mean_viewed_cell_fraction;mean_visible_border_cells;mean_visited_cell_count;mean_visited_cell_fraction;mean_write_action_value;mean_write_attempts_per_env_step;name;nonzero_writes_per_delivery;num_steps;pickup_events;policy_loss;save_best_checkpoint;select_best_checkpoint;stage_index;stage_name;stage_total_updates;stage_update;stage_update_timesteps;terminated_episodes;truncated_episodes;value_loss;view_reward_decay;view_reward_scale;viewed_cell_events;visit_reward_scale;visited_cell_events;width;write_action_nonzero_rate
runs/overnight_efficiency_sweep/sweep_20260702_003029/eff_0005_lr5e6_clip03_temp065_u40_seed31/wandb/run-20260702_005135-fskgtlp6	communication-memory-bytes	fskgtlp6	20260702_005135	yes	yes	yes	.	.	.	.	a6ba23530c5c618220e95ae8f451aabb6b21b957	scripts/run_overnight_efficiency_sweep.py	2026-07-02T03:51:35.640992Z	113	0.904	0.5	274	357	17.125	15.202841758728027	37.625	.	163840	.	.	_runtime;_step;_timestamp;_wandb;actor_grad_norm;applied_write_action_nonzero_rate;approx_kl;best_checkpoint;best_checkpoint_metric;best_checkpoint_mode;best_checkpoint_path;best_checkpoint_selection;best_eval_action_mode;best_eval_episodes;best_eval_interval;best_eval_move_temperature;best_eval_write_temperature;border_moat_penalty;border_moat_width;border_view_penalty;carrying_write_action_nonzero_rate;checkpoint;clipfrac;completed_episodes;cookie_distance;critic_grad_norm;curriculum_global_step;delivery_events;empty_write_action_nonzero_rate;entropy;env_return;episode_return;eval_mean_ant_steps_per_delivered_food;eval_mean_delivered_food;eval_mean_delivered_food_per_1000_ant_steps;eval_mean_delivered_fraction;eval_mean_episode_length;eval_mean_episode_return;eval_mean_steps_per_delivered_food;eval_success_rate;final_mean_border_moat_cost;final_mean_nonzero_byte_fraction;final_mean_nonzero_byte_tiles;final_mean_remaining_food;final_mean_viewed_cell_count;final_mean_viewed_cell_fraction;final_mean_visible_border_cells;final_mean_visited_cell_count;final_mean_visited_cell_fraction;food_cluster_count;food_cluster_radius;food_count;food_sources;gamma;global_step;global_update_cap;grad_norm;height;learning_rate;loss;max_steps;mean_border_moat_cost;mean_carrying_ants;mean_nonzero_byte_fraction;mean_nonzero_byte_tiles;mean_overwrites_per_env_step;mean_viewed_cell_count;mean_viewed_cell_fraction;mean_visible_border_cells;mean_visited_cell_count;mean_visited_cell_fraction;mean_write_action_value;mean_write_attempts_per_env_step;name;nonzero_writes_per_delivery;num_steps;pickup_events;policy_loss;save_best_checkpoint;select_best_checkpoint;stage_index;stage_name;stage_total_updates;stage_update;stage_update_timesteps;terminated_episodes;truncated_episodes;value_loss;view_reward_decay;view_reward_scale;viewed_cell_events;visit_reward_scale;visited_cell_events;width;write_action_nonzero_rate
runs/overnight_efficiency_sweep/sweep_20260702_003029/eff_0006_lr1e5_clip03_temp065_u40_seed37/wandb/run-20260702_005620-3zod2rcs	infra-tests-ci-cleanup	3zod2rcs	20260702_005620	no	yes	no	.	.	.	.	a6ba23530c5c618220e95ae8f451aabb6b21b957	scripts/run_overnight_efficiency_sweep.py	2026-07-02T03:56:20.685373Z	.	.	.	.	.	.	.	.	.	.	.	.	.
runs/overnight_efficiency_sweep/sweep_20260702_003029/eff_0007_lr5e6_clip05_temp09_u40_seed41/wandb/run-20260702_170344-ein4ae4t	communication-memory-bytes	ein4ae4t	20260702_170344	yes	yes	yes	.	.	.	.	b3f88797daa95bbff6086494642c4c468fe9ab1c	scripts/run_overnight_efficiency_sweep.py	2026-07-02T20:03:44.462118Z	122.5	0.98	0.75	302	456	18.875	17.259929656982422	75.5	.	163840	.	.	_runtime;_step;_timestamp;_wandb;actor_grad_norm;applied_write_action_nonzero_rate;approx_kl;best_checkpoint;best_checkpoint_metric;best_checkpoint_mode;best_checkpoint_path;best_checkpoint_selection;best_eval_action_mode;best_eval_episodes;best_eval_interval;best_eval_move_temperature;best_eval_write_temperature;border_moat_penalty;border_moat_width;border_view_penalty;carrying_write_action_nonzero_rate;checkpoint;clipfrac;completed_episodes;cookie_distance;critic_grad_norm;curriculum_global_step;delivery_events;empty_write_action_nonzero_rate;entropy;env_return;episode_return;eval_mean_ant_steps_per_delivered_food;eval_mean_delivered_food;eval_mean_delivered_food_per_1000_ant_steps;eval_mean_delivered_fraction;eval_mean_episode_length;eval_mean_episode_return;eval_mean_steps_per_delivered_food;eval_success_rate;final_mean_border_moat_cost;final_mean_nonzero_byte_fraction;final_mean_nonzero_byte_tiles;final_mean_remaining_food;final_mean_viewed_cell_count;final_mean_viewed_cell_fraction;final_mean_visible_border_cells;final_mean_visited_cell_count;final_mean_visited_cell_fraction;food_cluster_count;food_cluster_radius;food_count;food_sources;gamma;global_step;global_update_cap;grad_norm;height;learning_rate;loss;max_steps;mean_border_moat_cost;mean_carrying_ants;mean_nonzero_byte_fraction;mean_nonzero_byte_tiles;mean_overwrites_per_env_step;mean_viewed_cell_count;mean_viewed_cell_fraction;mean_visible_border_cells;mean_visited_cell_count;mean_visited_cell_fraction;mean_write_action_value;mean_write_attempts_per_env_step;name;nonzero_writes_per_delivery;num_steps;pickup_events;policy_loss;save_best_checkpoint;select_best_checkpoint;stage_index;stage_name;stage_total_updates;stage_update;stage_update_timesteps;terminated_episodes;truncated_episodes;value_loss;view_reward_decay;view_reward_scale;viewed_cell_events;visit_reward_scale;visited_cell_events;width;write_action_nonzero_rate
runs/overnight_efficiency_sweep/sweep_20260702_003029/eff_0008_lr1e5_clip08_temp075_u40_seed43/wandb/run-20260702_170854-98gmh29e	communication-memory-bytes	98gmh29e	20260702_170854	yes	yes	yes	.	.	.	.	b3f88797daa95bbff6086494642c4c468fe9ab1c	scripts/run_overnight_efficiency_sweep.py	2026-07-02T20:08:54.162761Z	121	0.968	0.75	590	713	36.875	36.06346893310547	42.5	.	163840	.	.	_runtime;_step;_timestamp;_wandb;actor_grad_norm;applied_write_action_nonzero_rate;approx_kl;best_checkpoint;best_checkpoint_metric;best_checkpoint_mode;best_checkpoint_path;best_checkpoint_selection;best_eval_action_mode;best_eval_episodes;best_eval_interval;best_eval_move_temperature;best_eval_write_temperature;border_moat_penalty;border_moat_width;border_view_penalty;carrying_write_action_nonzero_rate;checkpoint;clipfrac;completed_episodes;cookie_distance;critic_grad_norm;curriculum_global_step;delivery_events;empty_write_action_nonzero_rate;entropy;env_return;episode_return;eval_mean_ant_steps_per_delivered_food;eval_mean_delivered_food;eval_mean_delivered_food_per_1000_ant_steps;eval_mean_delivered_fraction;eval_mean_episode_length;eval_mean_episode_return;eval_mean_steps_per_delivered_food;eval_success_rate;final_mean_border_moat_cost;final_mean_nonzero_byte_fraction;final_mean_nonzero_byte_tiles;final_mean_remaining_food;final_mean_viewed_cell_count;final_mean_viewed_cell_fraction;final_mean_visible_border_cells;final_mean_visited_cell_count;final_mean_visited_cell_fraction;food_cluster_count;food_cluster_radius;food_count;food_sources;gamma;global_step;global_update_cap;grad_norm;height;learning_rate;loss;max_steps;mean_border_moat_cost;mean_carrying_ants;mean_nonzero_byte_fraction;mean_nonzero_byte_tiles;mean_overwrites_per_env_step;mean_viewed_cell_count;mean_viewed_cell_fraction;mean_visible_border_cells;mean_visited_cell_count;mean_visited_cell_fraction;mean_write_action_value;mean_write_attempts_per_env_step;name;nonzero_writes_per_delivery;num_steps;pickup_events;policy_loss;save_best_checkpoint;select_best_checkpoint;stage_index;stage_name;stage_total_updates;stage_update;stage_update_timesteps;terminated_episodes;truncated_episodes;value_loss;view_reward_decay;view_reward_scale;viewed_cell_events;visit_reward_scale;visited_cell_events;width;write_action_nonzero_rate
runs/overnight_efficiency_sweep/sweep_20260702_003029/eff_0009_lr5e6_clip03_temp075_noanneal_u40_seed47/wandb/run-20260702_171404-l1tggnd5	communication-memory-bytes	l1tggnd5	20260702_171404	yes	yes	yes	.	.	.	.	b3f88797daa95bbff6086494642c4c468fe9ab1c	scripts/run_overnight_efficiency_sweep.py	2026-07-02T20:14:04.065405Z	109.125	0.873	0.5	392	552	24.5	23.18023681640625	45.25	.	163840	.	.	_runtime;_step;_timestamp;_wandb;actor_grad_norm;applied_write_action_nonzero_rate;approx_kl;best_checkpoint;best_checkpoint_metric;best_checkpoint_mode;best_checkpoint_path;best_checkpoint_selection;best_eval_action_mode;best_eval_episodes;best_eval_interval;best_eval_move_temperature;best_eval_write_temperature;border_moat_penalty;border_moat_width;border_view_penalty;carrying_write_action_nonzero_rate;checkpoint;clipfrac;completed_episodes;cookie_distance;critic_grad_norm;curriculum_global_step;delivery_events;empty_write_action_nonzero_rate;entropy;env_return;episode_return;eval_mean_ant_steps_per_delivered_food;eval_mean_delivered_food;eval_mean_delivered_food_per_1000_ant_steps;eval_mean_delivered_fraction;eval_mean_episode_length;eval_mean_episode_return;eval_mean_steps_per_delivered_food;eval_success_rate;final_mean_border_moat_cost;final_mean_nonzero_byte_fraction;final_mean_nonzero_byte_tiles;final_mean_remaining_food;final_mean_viewed_cell_count;final_mean_viewed_cell_fraction;final_mean_visible_border_cells;final_mean_visited_cell_count;final_mean_visited_cell_fraction;food_cluster_count;food_cluster_radius;food_count;food_sources;gamma;global_step;global_update_cap;grad_norm;height;learning_rate;loss;max_steps;mean_border_moat_cost;mean_carrying_ants;mean_nonzero_byte_fraction;mean_nonzero_byte_tiles;mean_overwrites_per_env_step;mean_viewed_cell_count;mean_viewed_cell_fraction;mean_visible_border_cells;mean_visited_cell_count;mean_visited_cell_fraction;mean_write_action_value;mean_write_attempts_per_env_step;name;nonzero_writes_per_delivery;num_steps;pickup_events;policy_loss;save_best_checkpoint;select_best_checkpoint;stage_index;stage_name;stage_total_updates;stage_update;stage_update_timesteps;terminated_episodes;truncated_episodes;value_loss;view_reward_decay;view_reward_scale;viewed_cell_events;visit_reward_scale;visited_cell_events;width;write_action_nonzero_rate
runs/overnight_efficiency_sweep/sweep_20260702_003029/eff_0010_lr1e5_clip03_temp075_noanneal_u40_seed53/wandb/run-20260702_171929-axb6q9uu	communication-memory-bytes	axb6q9uu	20260702_171929	yes	yes	yes	.	.	.	.	b3f88797daa95bbff6086494642c4c468fe9ab1c	scripts/run_overnight_efficiency_sweep.py	2026-07-02T20:19:29.171082Z	122.875	0.983	0.75	337	354	21.0625	19.11864471435547	36.625	.	163840	.	.	_runtime;_step;_timestamp;_wandb;actor_grad_norm;applied_write_action_nonzero_rate;approx_kl;best_checkpoint;best_checkpoint_metric;best_checkpoint_mode;best_checkpoint_path;best_checkpoint_selection;best_eval_action_mode;best_eval_episodes;best_eval_interval;best_eval_move_temperature;best_eval_write_temperature;border_moat_penalty;border_moat_width;border_view_penalty;carrying_write_action_nonzero_rate;checkpoint;clipfrac;completed_episodes;cookie_distance;critic_grad_norm;curriculum_global_step;delivery_events;empty_write_action_nonzero_rate;entropy;env_return;episode_return;eval_mean_ant_steps_per_delivered_food;eval_mean_delivered_food;eval_mean_delivered_food_per_1000_ant_steps;eval_mean_delivered_fraction;eval_mean_episode_length;eval_mean_episode_return;eval_mean_steps_per_delivered_food;eval_success_rate;final_mean_border_moat_cost;final_mean_nonzero_byte_fraction;final_mean_nonzero_byte_tiles;final_mean_remaining_food;final_mean_viewed_cell_count;final_mean_viewed_cell_fraction;final_mean_visible_border_cells;final_mean_visited_cell_count;final_mean_visited_cell_fraction;food_cluster_count;food_cluster_radius;food_count;food_sources;gamma;global_step;global_update_cap;grad_norm;height;learning_rate;loss;max_steps;mean_border_moat_cost;mean_carrying_ants;mean_nonzero_byte_fraction;mean_nonzero_byte_tiles;mean_overwrites_per_env_step;mean_viewed_cell_count;mean_viewed_cell_fraction;mean_visible_border_cells;mean_visited_cell_count;mean_visited_cell_fraction;mean_write_action_value;mean_write_attempts_per_env_step;name;nonzero_writes_per_delivery;num_steps;pickup_events;policy_loss;save_best_checkpoint;select_best_checkpoint;stage_index;stage_name;stage_total_updates;stage_update;stage_update_timesteps;terminated_episodes;truncated_episodes;value_loss;view_reward_decay;view_reward_scale;viewed_cell_events;visit_reward_scale;visited_cell_events;width;write_action_nonzero_rate
runs/overnight_efficiency_sweep/sweep_20260702_003029/eff_0011_lr5e6_clip03_temp075_u60_eval16_seed59/wandb/run-20260702_172444-qmz9062b	communication-memory-bytes	qmz9062b	20260702_172444	yes	yes	yes	.	.	.	.	b3f88797daa95bbff6086494642c4c468fe9ab1c	scripts/run_overnight_efficiency_sweep.py	2026-07-02T20:24:44.227433Z	123.1875	0.9855	0.5625	273	246	17.0625	14.790124893188477	29	.	245760	.	.	_runtime;_step;_timestamp;_wandb;actor_grad_norm;applied_write_action_nonzero_rate;approx_kl;best_checkpoint;best_checkpoint_metric;best_checkpoint_mode;best_checkpoint_path;best_checkpoint_selection;best_eval_action_mode;best_eval_episodes;best_eval_interval;best_eval_move_temperature;best_eval_write_temperature;border_moat_penalty;border_moat_width;border_view_penalty;carrying_write_action_nonzero_rate;checkpoint;clipfrac;completed_episodes;cookie_distance;critic_grad_norm;curriculum_global_step;delivery_events;empty_write_action_nonzero_rate;entropy;env_return;episode_return;eval_mean_ant_steps_per_delivered_food;eval_mean_delivered_food;eval_mean_delivered_food_per_1000_ant_steps;eval_mean_delivered_fraction;eval_mean_episode_length;eval_mean_episode_return;eval_mean_steps_per_delivered_food;eval_success_rate;final_mean_border_moat_cost;final_mean_nonzero_byte_fraction;final_mean_nonzero_byte_tiles;final_mean_remaining_food;final_mean_viewed_cell_count;final_mean_viewed_cell_fraction;final_mean_visible_border_cells;final_mean_visited_cell_count;final_mean_visited_cell_fraction;food_cluster_count;food_cluster_radius;food_count;food_sources;gamma;global_step;global_update_cap;grad_norm;height;learning_rate;loss;max_steps;mean_border_moat_cost;mean_carrying_ants;mean_nonzero_byte_fraction;mean_nonzero_byte_tiles;mean_overwrites_per_env_step;mean_viewed_cell_count;mean_viewed_cell_fraction;mean_visible_border_cells;mean_visited_cell_count;mean_visited_cell_fraction;mean_write_action_value;mean_write_attempts_per_env_step;name;nonzero_writes_per_delivery;num_steps;pickup_events;policy_loss;save_best_checkpoint;select_best_checkpoint;stage_index;stage_name;stage_total_updates;stage_update;stage_update_timesteps;terminated_episodes;truncated_episodes;value_loss;view_reward_decay;view_reward_scale;viewed_cell_events;visit_reward_scale;visited_cell_events;width;write_action_nonzero_rate
runs/overnight_efficiency_sweep/sweep_20260702_003029/eff_0012_lr1e5_clip03_temp075_u60_eval16_seed61/wandb/run-20260702_173459-j0tsa3lm	communication-memory-bytes	j0tsa3lm	20260702_173459	yes	yes	yes	.	.	.	.	b3f88797daa95bbff6086494642c4c468fe9ab1c	scripts/run_overnight_efficiency_sweep.py	2026-07-02T20:34:59.692111Z	110.3125	0.8825000000000001	0.4375	366	321	22.875	20.833045959472656	43.1875	.	245760	.	.	_runtime;_step;_timestamp;_wandb;actor_grad_norm;applied_write_action_nonzero_rate;approx_kl;best_checkpoint;best_checkpoint_metric;best_checkpoint_mode;best_checkpoint_path;best_checkpoint_selection;best_eval_action_mode;best_eval_episodes;best_eval_interval;best_eval_move_temperature;best_eval_write_temperature;border_moat_penalty;border_moat_width;border_view_penalty;carrying_write_action_nonzero_rate;checkpoint;clipfrac;completed_episodes;cookie_distance;critic_grad_norm;curriculum_global_step;delivery_events;empty_write_action_nonzero_rate;entropy;env_return;episode_return;eval_mean_ant_steps_per_delivered_food;eval_mean_delivered_food;eval_mean_delivered_food_per_1000_ant_steps;eval_mean_delivered_fraction;eval_mean_episode_length;eval_mean_episode_return;eval_mean_steps_per_delivered_food;eval_success_rate;final_mean_border_moat_cost;final_mean_nonzero_byte_fraction;final_mean_nonzero_byte_tiles;final_mean_remaining_food;final_mean_viewed_cell_count;final_mean_viewed_cell_fraction;final_mean_visible_border_cells;final_mean_visited_cell_count;final_mean_visited_cell_fraction;food_cluster_count;food_cluster_radius;food_count;food_sources;gamma;global_step;global_update_cap;grad_norm;height;learning_rate;loss;max_steps;mean_border_moat_cost;mean_carrying_ants;mean_nonzero_byte_fraction;mean_nonzero_byte_tiles;mean_overwrites_per_env_step;mean_viewed_cell_count;mean_viewed_cell_fraction;mean_visible_border_cells;mean_visited_cell_count;mean_visited_cell_fraction;mean_write_action_value;mean_write_attempts_per_env_step;name;nonzero_writes_per_delivery;num_steps;pickup_events;policy_loss;save_best_checkpoint;select_best_checkpoint;stage_index;stage_name;stage_total_updates;stage_update;stage_update_timesteps;terminated_episodes;truncated_episodes;value_loss;view_reward_decay;view_reward_scale;viewed_cell_events;visit_reward_scale;visited_cell_events;width;write_action_nonzero_rate
runs/overnight_efficiency_sweep/sweep_20260702_003029/eff_0013_lr5e6_clip02_temp075_u40_seed67/wandb/run-20260702_174524-ehf58znb	communication-memory-bytes	ehf58znb	20260702_174524	yes	yes	yes	.	.	.	.	b3f88797daa95bbff6086494642c4c468fe9ab1c	scripts/run_overnight_efficiency_sweep.py	2026-07-02T20:45:24.393176Z	112.875	0.903	0.5	443	501	27.6875	26.208866119384766	41.25	.	163840	.	.	_runtime;_step;_timestamp;_wandb;actor_grad_norm;applied_write_action_nonzero_rate;approx_kl;best_checkpoint;best_checkpoint_metric;best_checkpoint_mode;best_checkpoint_path;best_checkpoint_selection;best_eval_action_mode;best_eval_episodes;best_eval_interval;best_eval_move_temperature;best_eval_write_temperature;border_moat_penalty;border_moat_width;border_view_penalty;carrying_write_action_nonzero_rate;checkpoint;clipfrac;completed_episodes;cookie_distance;critic_grad_norm;curriculum_global_step;delivery_events;empty_write_action_nonzero_rate;entropy;env_return;episode_return;eval_mean_ant_steps_per_delivered_food;eval_mean_delivered_food;eval_mean_delivered_food_per_1000_ant_steps;eval_mean_delivered_fraction;eval_mean_episode_length;eval_mean_episode_return;eval_mean_steps_per_delivered_food;eval_success_rate;final_mean_border_moat_cost;final_mean_nonzero_byte_fraction;final_mean_nonzero_byte_tiles;final_mean_remaining_food;final_mean_viewed_cell_count;final_mean_viewed_cell_fraction;final_mean_visible_border_cells;final_mean_visited_cell_count;final_mean_visited_cell_fraction;food_cluster_count;food_cluster_radius;food_count;food_sources;gamma;global_step;global_update_cap;grad_norm;height;learning_rate;loss;max_steps;mean_border_moat_cost;mean_carrying_ants;mean_nonzero_byte_fraction;mean_nonzero_byte_tiles;mean_overwrites_per_env_step;mean_viewed_cell_count;mean_viewed_cell_fraction;mean_visible_border_cells;mean_visited_cell_count;mean_visited_cell_fraction;mean_write_action_value;mean_write_attempts_per_env_step;name;nonzero_writes_per_delivery;num_steps;pickup_events;policy_loss;save_best_checkpoint;select_best_checkpoint;stage_index;stage_name;stage_total_updates;stage_update;stage_update_timesteps;terminated_episodes;truncated_episodes;value_loss;view_reward_decay;view_reward_scale;viewed_cell_events;visit_reward_scale;visited_cell_events;width;write_action_nonzero_rate
runs/overnight_efficiency_sweep/sweep_20260702_003029/eff_0014_lr1e5_clip05_temp075_epoch2_u20_seed71/wandb/run-20260702_175029-y5zcvaok	communication-memory-bytes	y5zcvaok	20260702_175029	yes	yes	yes	.	.	.	.	b3f88797daa95bbff6086494642c4c468fe9ab1c	scripts/run_overnight_efficiency_sweep.py	2026-07-02T20:50:29.477248Z	118.75	0.95	0.375	179	186	11.1875	8.72755241394043	21.8125	.	81920	.	.	_runtime;_step;_timestamp;_wandb;actor_grad_norm;applied_write_action_nonzero_rate;approx_kl;best_checkpoint;best_checkpoint_metric;best_checkpoint_mode;best_checkpoint_path;best_checkpoint_selection;best_eval_action_mode;best_eval_episodes;best_eval_interval;best_eval_move_temperature;best_eval_write_temperature;border_moat_penalty;border_moat_width;border_view_penalty;carrying_write_action_nonzero_rate;checkpoint;clipfrac;completed_episodes;cookie_distance;critic_grad_norm;curriculum_global_step;delivery_events;empty_write_action_nonzero_rate;entropy;env_return;episode_return;eval_mean_ant_steps_per_delivered_food;eval_mean_delivered_food;eval_mean_delivered_food_per_1000_ant_steps;eval_mean_delivered_fraction;eval_mean_episode_length;eval_mean_episode_return;eval_mean_steps_per_delivered_food;eval_success_rate;final_mean_border_moat_cost;final_mean_nonzero_byte_fraction;final_mean_nonzero_byte_tiles;final_mean_remaining_food;final_mean_viewed_cell_count;final_mean_viewed_cell_fraction;final_mean_visible_border_cells;final_mean_visited_cell_count;final_mean_visited_cell_fraction;food_cluster_count;food_cluster_radius;food_count;food_sources;gamma;global_step;global_update_cap;grad_norm;height;learning_rate;loss;max_steps;mean_border_moat_cost;mean_carrying_ants;mean_nonzero_byte_fraction;mean_nonzero_byte_tiles;mean_overwrites_per_env_step;mean_viewed_cell_count;mean_viewed_cell_fraction;mean_visible_border_cells;mean_visited_cell_count;mean_visited_cell_fraction;mean_write_action_value;mean_write_attempts_per_env_step;name;nonzero_writes_per_delivery;num_steps;pickup_events;policy_loss;save_best_checkpoint;select_best_checkpoint;stage_index;stage_name;stage_total_updates;stage_update;stage_update_timesteps;terminated_episodes;truncated_episodes;value_loss;view_reward_decay;view_reward_scale;viewed_cell_events;visit_reward_scale;visited_cell_events;width;write_action_nonzero_rate
runs/overnight_efficiency_sweep/sweep_20260702_003029/eff_0015_lr5e6_clip03_temp075_u20_seed1023/wandb/run-20260702_175529-v7h7j73o	communication-memory-bytes	v7h7j73o	20260702_175529	yes	yes	yes	.	.	.	.	b3f88797daa95bbff6086494642c4c468fe9ab1c	scripts/run_overnight_efficiency_sweep.py	2026-07-02T20:55:29.659314Z	123.125	0.985	0.375	202	233	12.625	10.306938171386719	36.625	.	81920	.	.	_runtime;_step;_timestamp;_wandb;actor_grad_norm;applied_write_action_nonzero_rate;approx_kl;best_checkpoint;best_checkpoint_metric;best_checkpoint_mode;best_checkpoint_path;best_checkpoint_selection;best_eval_action_mode;best_eval_episodes;best_eval_interval;best_eval_move_temperature;best_eval_write_temperature;border_moat_penalty;border_moat_width;border_view_penalty;carrying_write_action_nonzero_rate;checkpoint;clipfrac;completed_episodes;cookie_distance;critic_grad_norm;curriculum_global_step;delivery_events;empty_write_action_nonzero_rate;entropy;env_return;episode_return;eval_mean_ant_steps_per_delivered_food;eval_mean_delivered_food;eval_mean_delivered_food_per_1000_ant_steps;eval_mean_delivered_fraction;eval_mean_episode_length;eval_mean_episode_return;eval_mean_steps_per_delivered_food;eval_success_rate;final_mean_border_moat_cost;final_mean_nonzero_byte_fraction;final_mean_nonzero_byte_tiles;final_mean_remaining_food;final_mean_viewed_cell_count;final_mean_viewed_cell_fraction;final_mean_visible_border_cells;final_mean_visited_cell_count;final_mean_visited_cell_fraction;food_cluster_count;food_cluster_radius;food_count;food_sources;gamma;global_step;global_update_cap;grad_norm;height;learning_rate;loss;max_steps;mean_border_moat_cost;mean_carrying_ants;mean_nonzero_byte_fraction;mean_nonzero_byte_tiles;mean_overwrites_per_env_step;mean_viewed_cell_count;mean_viewed_cell_fraction;mean_visible_border_cells;mean_visited_cell_count;mean_visited_cell_fraction;mean_write_action_value;mean_write_attempts_per_env_step;name;nonzero_writes_per_delivery;num_steps;pickup_events;policy_loss;save_best_checkpoint;select_best_checkpoint;stage_index;stage_name;stage_total_updates;stage_update;stage_update_timesteps;terminated_episodes;truncated_episodes;value_loss;view_reward_decay;view_reward_scale;viewed_cell_events;visit_reward_scale;visited_cell_events;width;write_action_nonzero_rate
runs/overnight_efficiency_sweep/sweep_20260702_003029/eff_0016_lr1e5_clip03_temp075_u20_seed1029/wandb/run-20260702_175949-7k7015r3	communication-memory-bytes	7k7015r3	20260702_175949	yes	yes	yes	.	.	.	.	b3f88797daa95bbff6086494642c4c468fe9ab1c	scripts/run_overnight_efficiency_sweep.py	2026-07-02T20:59:49.738065Z	123.5	0.988	0.25	132	144	8.25	5.651244163513184	28.1875	.	81920	.	.	_runtime;_step;_timestamp;_wandb;actor_grad_norm;applied_write_action_nonzero_rate;approx_kl;best_checkpoint;best_checkpoint_metric;best_checkpoint_mode;best_checkpoint_path;best_checkpoint_selection;best_eval_action_mode;best_eval_episodes;best_eval_interval;best_eval_move_temperature;best_eval_write_temperature;border_moat_penalty;border_moat_width;border_view_penalty;carrying_write_action_nonzero_rate;checkpoint;clipfrac;completed_episodes;cookie_distance;critic_grad_norm;curriculum_global_step;delivery_events;empty_write_action_nonzero_rate;entropy;env_return;episode_return;eval_mean_ant_steps_per_delivered_food;eval_mean_delivered_food;eval_mean_delivered_food_per_1000_ant_steps;eval_mean_delivered_fraction;eval_mean_episode_length;eval_mean_episode_return;eval_mean_steps_per_delivered_food;eval_success_rate;final_mean_border_moat_cost;final_mean_nonzero_byte_fraction;final_mean_nonzero_byte_tiles;final_mean_remaining_food;final_mean_viewed_cell_count;final_mean_viewed_cell_fraction;final_mean_visible_border_cells;final_mean_visited_cell_count;final_mean_visited_cell_fraction;food_cluster_count;food_cluster_radius;food_count;food_sources;gamma;global_step;global_update_cap;grad_norm;height;learning_rate;loss;max_steps;mean_border_moat_cost;mean_carrying_ants;mean_nonzero_byte_fraction;mean_nonzero_byte_tiles;mean_overwrites_per_env_step;mean_viewed_cell_count;mean_viewed_cell_fraction;mean_visible_border_cells;mean_visited_cell_count;mean_visited_cell_fraction;mean_write_action_value;mean_write_attempts_per_env_step;name;nonzero_writes_per_delivery;num_steps;pickup_events;policy_loss;save_best_checkpoint;select_best_checkpoint;stage_index;stage_name;stage_total_updates;stage_update;stage_update_timesteps;terminated_episodes;truncated_episodes;value_loss;view_reward_decay;view_reward_scale;viewed_cell_events;visit_reward_scale;visited_cell_events;width;write_action_nonzero_rate
runs/overnight_efficiency_sweep/sweep_20260702_003029/eff_0017_lr5e6_clip05_temp075_u40_seed1031/wandb/run-20260702_180359-kv8w10nc	communication-memory-bytes	kv8w10nc	20260702_180359	yes	yes	yes	.	.	.	.	b3f88797daa95bbff6086494642c4c468fe9ab1c	scripts/run_overnight_efficiency_sweep.py	2026-07-02T21:03:59.682615Z	121.875	0.975	0.625	585	725	36.5625	35.789093017578125	42.6875	.	163840	.	.	_runtime;_step;_timestamp;_wandb;actor_grad_norm;applied_write_action_nonzero_rate;approx_kl;best_checkpoint;best_checkpoint_metric;best_checkpoint_mode;best_checkpoint_path;best_checkpoint_selection;best_eval_action_mode;best_eval_episodes;best_eval_interval;best_eval_move_temperature;best_eval_write_temperature;border_moat_penalty;border_moat_width;border_view_penalty;carrying_write_action_nonzero_rate;checkpoint;clipfrac;completed_episodes;cookie_distance;critic_grad_norm;curriculum_global_step;delivery_events;empty_write_action_nonzero_rate;entropy;env_return;episode_return;eval_mean_ant_steps_per_delivered_food;eval_mean_delivered_food;eval_mean_delivered_food_per_1000_ant_steps;eval_mean_delivered_fraction;eval_mean_episode_length;eval_mean_episode_return;eval_mean_steps_per_delivered_food;eval_success_rate;final_mean_border_moat_cost;final_mean_nonzero_byte_fraction;final_mean_nonzero_byte_tiles;final_mean_remaining_food;final_mean_viewed_cell_count;final_mean_viewed_cell_fraction;final_mean_visible_border_cells;final_mean_visited_cell_count;final_mean_visited_cell_fraction;food_cluster_count;food_cluster_radius;food_count;food_sources;gamma;global_step;global_update_cap;grad_norm;height;learning_rate;loss;max_steps;mean_border_moat_cost;mean_carrying_ants;mean_nonzero_byte_fraction;mean_nonzero_byte_tiles;mean_overwrites_per_env_step;mean_viewed_cell_count;mean_viewed_cell_fraction;mean_visible_border_cells;mean_visited_cell_count;mean_visited_cell_fraction;mean_write_action_value;mean_write_attempts_per_env_step;name;nonzero_writes_per_delivery;num_steps;pickup_events;policy_loss;save_best_checkpoint;select_best_checkpoint;stage_index;stage_name;stage_total_updates;stage_update;stage_update_timesteps;terminated_episodes;truncated_episodes;value_loss;view_reward_decay;view_reward_scale;viewed_cell_events;visit_reward_scale;visited_cell_events;width;write_action_nonzero_rate
runs/overnight_efficiency_sweep/sweep_20260702_003029/eff_0018_lr1e5_clip05_temp075_u40_seed1037/wandb/run-20260702_180924-7lzc9bru	communication-memory-bytes	7lzc9bru	20260702_180924	yes	yes	yes	.	.	.	.	b3f88797daa95bbff6086494642c4c468fe9ab1c	scripts/run_overnight_efficiency_sweep.py	2026-07-02T21:09:24.810334Z	118.5	0.948	0.375	215	405	13.4375	11.666479110717773	51.125	.	163840	.	.	_runtime;_step;_timestamp;_wandb;actor_grad_norm;applied_write_action_nonzero_rate;approx_kl;best_checkpoint;best_checkpoint_metric;best_checkpoint_mode;best_checkpoint_path;best_checkpoint_selection;best_eval_action_mode;best_eval_episodes;best_eval_interval;best_eval_move_temperature;best_eval_write_temperature;border_moat_penalty;border_moat_width;border_view_penalty;carrying_write_action_nonzero_rate;checkpoint;clipfrac;completed_episodes;cookie_distance;critic_grad_norm;curriculum_global_step;delivery_events;empty_write_action_nonzero_rate;entropy;env_return;episode_return;eval_mean_ant_steps_per_delivered_food;eval_mean_delivered_food;eval_mean_delivered_food_per_1000_ant_steps;eval_mean_delivered_fraction;eval_mean_episode_length;eval_mean_episode_return;eval_mean_steps_per_delivered_food;eval_success_rate;final_mean_border_moat_cost;final_mean_nonzero_byte_fraction;final_mean_nonzero_byte_tiles;final_mean_remaining_food;final_mean_viewed_cell_count;final_mean_viewed_cell_fraction;final_mean_visible_border_cells;final_mean_visited_cell_count;final_mean_visited_cell_fraction;food_cluster_count;food_cluster_radius;food_count;food_sources;gamma;global_step;global_update_cap;grad_norm;height;learning_rate;loss;max_steps;mean_border_moat_cost;mean_carrying_ants;mean_nonzero_byte_fraction;mean_nonzero_byte_tiles;mean_overwrites_per_env_step;mean_viewed_cell_count;mean_viewed_cell_fraction;mean_visible_border_cells;mean_visited_cell_count;mean_visited_cell_fraction;mean_write_action_value;mean_write_attempts_per_env_step;name;nonzero_writes_per_delivery;num_steps;pickup_events;policy_loss;save_best_checkpoint;select_best_checkpoint;stage_index;stage_name;stage_total_updates;stage_update;stage_update_timesteps;terminated_episodes;truncated_episodes;value_loss;view_reward_decay;view_reward_scale;viewed_cell_events;visit_reward_scale;visited_cell_events;width;write_action_nonzero_rate
runs/overnight_efficiency_sweep/sweep_20260702_003029/eff_0019_lr2e5_clip03_temp075_u20_seed1041/wandb/run-20260702_181505-ons8qgsp	communication-memory-bytes	ons8qgsp	20260702_181505	yes	yes	yes	.	.	.	.	b3f88797daa95bbff6086494642c4c468fe9ab1c	scripts/run_overnight_efficiency_sweep.py	2026-07-02T21:15:05.011945Z	120.625	0.965	0.625	273	249	17.0625	14.793404579162598	19.0625	.	81920	.	.	_runtime;_step;_timestamp;_wandb;actor_grad_norm;applied_write_action_nonzero_rate;approx_kl;best_checkpoint;best_checkpoint_metric;best_checkpoint_mode;best_checkpoint_path;best_checkpoint_selection;best_eval_action_mode;best_eval_episodes;best_eval_interval;best_eval_move_temperature;best_eval_write_temperature;border_moat_penalty;border_moat_width;border_view_penalty;carrying_write_action_nonzero_rate;checkpoint;clipfrac;completed_episodes;cookie_distance;critic_grad_norm;curriculum_global_step;delivery_events;empty_write_action_nonzero_rate;entropy;env_return;episode_return;eval_mean_ant_steps_per_delivered_food;eval_mean_delivered_food;eval_mean_delivered_food_per_1000_ant_steps;eval_mean_delivered_fraction;eval_mean_episode_length;eval_mean_episode_return;eval_mean_steps_per_delivered_food;eval_success_rate;final_mean_border_moat_cost;final_mean_nonzero_byte_fraction;final_mean_nonzero_byte_tiles;final_mean_remaining_food;final_mean_viewed_cell_count;final_mean_viewed_cell_fraction;final_mean_visible_border_cells;final_mean_visited_cell_count;final_mean_visited_cell_fraction;food_cluster_count;food_cluster_radius;food_count;food_sources;gamma;global_step;global_update_cap;grad_norm;height;learning_rate;loss;max_steps;mean_border_moat_cost;mean_carrying_ants;mean_nonzero_byte_fraction;mean_nonzero_byte_tiles;mean_overwrites_per_env_step;mean_viewed_cell_count;mean_viewed_cell_fraction;mean_visible_border_cells;mean_visited_cell_count;mean_visited_cell_fraction;mean_write_action_value;mean_write_attempts_per_env_step;name;nonzero_writes_per_delivery;num_steps;pickup_events;policy_loss;save_best_checkpoint;select_best_checkpoint;stage_index;stage_name;stage_total_updates;stage_update;stage_update_timesteps;terminated_episodes;truncated_episodes;value_loss;view_reward_decay;view_reward_scale;viewed_cell_events;visit_reward_scale;visited_cell_events;width;write_action_nonzero_rate
runs/overnight_efficiency_sweep/sweep_20260702_003029/eff_0020_lr5e6_clip03_temp065_u40_seed1043/wandb/run-20260702_181904-54r5vi6m	communication-memory-bytes	54r5vi6m	20260702_181904	yes	yes	yes	.	.	.	.	b3f88797daa95bbff6086494642c4c468fe9ab1c	scripts/run_overnight_efficiency_sweep.py	2026-07-02T21:19:04.941373Z	124.375	0.995	0.75	471	638	29.4375	28.395647048950195	45.9375	.	163840	.	.	_runtime;_step;_timestamp;_wandb;actor_grad_norm;applied_write_action_nonzero_rate;approx_kl;best_checkpoint;best_checkpoint_metric;best_checkpoint_mode;best_checkpoint_path;best_checkpoint_selection;best_eval_action_mode;best_eval_episodes;best_eval_interval;best_eval_move_temperature;best_eval_write_temperature;border_moat_penalty;border_moat_width;border_view_penalty;carrying_write_action_nonzero_rate;checkpoint;clipfrac;completed_episodes;cookie_distance;critic_grad_norm;curriculum_global_step;delivery_events;empty_write_action_nonzero_rate;entropy;env_return;episode_return;eval_mean_ant_steps_per_delivered_food;eval_mean_delivered_food;eval_mean_delivered_food_per_1000_ant_steps;eval_mean_delivered_fraction;eval_mean_episode_length;eval_mean_episode_return;eval_mean_steps_per_delivered_food;eval_success_rate;final_mean_border_moat_cost;final_mean_nonzero_byte_fraction;final_mean_nonzero_byte_tiles;final_mean_remaining_food;final_mean_viewed_cell_count;final_mean_viewed_cell_fraction;final_mean_visible_border_cells;final_mean_visited_cell_count;final_mean_visited_cell_fraction;food_cluster_count;food_cluster_radius;food_count;food_sources;gamma;global_step;global_update_cap;grad_norm;height;learning_rate;loss;max_steps;mean_border_moat_cost;mean_carrying_ants;mean_nonzero_byte_fraction;mean_nonzero_byte_tiles;mean_overwrites_per_env_step;mean_viewed_cell_count;mean_viewed_cell_fraction;mean_visible_border_cells;mean_visited_cell_count;mean_visited_cell_fraction;mean_write_action_value;mean_write_attempts_per_env_step;name;nonzero_writes_per_delivery;num_steps;pickup_events;policy_loss;save_best_checkpoint;select_best_checkpoint;stage_index;stage_name;stage_total_updates;stage_update;stage_update_timesteps;terminated_episodes;truncated_episodes;value_loss;view_reward_decay;view_reward_scale;viewed_cell_events;visit_reward_scale;visited_cell_events;width;write_action_nonzero_rate
runs/overnight_efficiency_sweep/sweep_20260702_003029/eff_0021_lr1e5_clip03_temp065_u40_seed1047/wandb/run-20260702_182419-392g7msk	communication-memory-bytes	392g7msk	20260702_182419	yes	yes	yes	.	.	.	.	b3f88797daa95bbff6086494642c4c468fe9ab1c	scripts/run_overnight_efficiency_sweep.py	2026-07-02T21:24:19.986111Z	122.75	0.982	0.625	433	481	27.0625	25.529048919677734	43.8125	.	163840	.	.	_runtime;_step;_timestamp;_wandb;actor_grad_norm;applied_write_action_nonzero_rate;approx_kl;best_checkpoint;best_checkpoint_metric;best_checkpoint_mode;best_checkpoint_path;best_checkpoint_selection;best_eval_action_mode;best_eval_episodes;best_eval_interval;best_eval_move_temperature;best_eval_write_temperature;border_moat_penalty;border_moat_width;border_view_penalty;carrying_write_action_nonzero_rate;checkpoint;clipfrac;completed_episodes;cookie_distance;critic_grad_norm;curriculum_global_step;delivery_events;empty_write_action_nonzero_rate;entropy;env_return;episode_return;eval_mean_ant_steps_per_delivered_food;eval_mean_delivered_food;eval_mean_delivered_food_per_1000_ant_steps;eval_mean_delivered_fraction;eval_mean_episode_length;eval_mean_episode_return;eval_mean_steps_per_delivered_food;eval_success_rate;final_mean_border_moat_cost;final_mean_nonzero_byte_fraction;final_mean_nonzero_byte_tiles;final_mean_remaining_food;final_mean_viewed_cell_count;final_mean_viewed_cell_fraction;final_mean_visible_border_cells;final_mean_visited_cell_count;final_mean_visited_cell_fraction;food_cluster_count;food_cluster_radius;food_count;food_sources;gamma;global_step;global_update_cap;grad_norm;height;learning_rate;loss;max_steps;mean_border_moat_cost;mean_carrying_ants;mean_nonzero_byte_fraction;mean_nonzero_byte_tiles;mean_overwrites_per_env_step;mean_viewed_cell_count;mean_viewed_cell_fraction;mean_visible_border_cells;mean_visited_cell_count;mean_visited_cell_fraction;mean_write_action_value;mean_write_attempts_per_env_step;name;nonzero_writes_per_delivery;num_steps;pickup_events;policy_loss;save_best_checkpoint;select_best_checkpoint;stage_index;stage_name;stage_total_updates;stage_update;stage_update_timesteps;terminated_episodes;truncated_episodes;value_loss;view_reward_decay;view_reward_scale;viewed_cell_events;visit_reward_scale;visited_cell_events;width;write_action_nonzero_rate
runs/overnight_efficiency_sweep/sweep_20260702_003029/eff_0022_lr5e6_clip05_temp09_u40_seed1053/wandb/run-20260702_182920-20e6j639	communication-memory-bytes	20e6j639	20260702_182920	yes	yes	yes	.	.	.	.	b3f88797daa95bbff6086494642c4c468fe9ab1c	scripts/run_overnight_efficiency_sweep.py	2026-07-02T21:29:20.027527Z	123.875	0.991	0.75	259	436	16.1875	14.511686325073242	87.375	.	163840	.	.	_runtime;_step;_timestamp;_wandb;actor_grad_norm;applied_write_action_nonzero_rate;approx_kl;best_checkpoint;best_checkpoint_metric;best_checkpoint_mode;best_checkpoint_path;best_checkpoint_selection;best_eval_action_mode;best_eval_episodes;best_eval_interval;best_eval_move_temperature;best_eval_write_temperature;border_moat_penalty;border_moat_width;border_view_penalty;carrying_write_action_nonzero_rate;checkpoint;clipfrac;completed_episodes;cookie_distance;critic_grad_norm;curriculum_global_step;delivery_events;empty_write_action_nonzero_rate;entropy;env_return;episode_return;eval_mean_ant_steps_per_delivered_food;eval_mean_delivered_food;eval_mean_delivered_food_per_1000_ant_steps;eval_mean_delivered_fraction;eval_mean_episode_length;eval_mean_episode_return;eval_mean_steps_per_delivered_food;eval_success_rate;final_mean_border_moat_cost;final_mean_nonzero_byte_fraction;final_mean_nonzero_byte_tiles;final_mean_remaining_food;final_mean_viewed_cell_count;final_mean_viewed_cell_fraction;final_mean_visible_border_cells;final_mean_visited_cell_count;final_mean_visited_cell_fraction;food_cluster_count;food_cluster_radius;food_count;food_sources;gamma;global_step;global_update_cap;grad_norm;height;learning_rate;loss;max_steps;mean_border_moat_cost;mean_carrying_ants;mean_nonzero_byte_fraction;mean_nonzero_byte_tiles;mean_overwrites_per_env_step;mean_viewed_cell_count;mean_viewed_cell_fraction;mean_visible_border_cells;mean_visited_cell_count;mean_visited_cell_fraction;mean_write_action_value;mean_write_attempts_per_env_step;name;nonzero_writes_per_delivery;num_steps;pickup_events;policy_loss;save_best_checkpoint;select_best_checkpoint;stage_index;stage_name;stage_total_updates;stage_update;stage_update_timesteps;terminated_episodes;truncated_episodes;value_loss;view_reward_decay;view_reward_scale;viewed_cell_events;visit_reward_scale;visited_cell_events;width;write_action_nonzero_rate
runs/overnight_efficiency_sweep/sweep_20260702_003029/eff_0023_lr1e5_clip08_temp075_u40_seed1059/wandb/run-20260702_183420-iag5p6kd	communication-memory-bytes	iag5p6kd	20260702_183420	yes	yes	yes	.	.	.	.	b3f88797daa95bbff6086494642c4c468fe9ab1c	scripts/run_overnight_efficiency_sweep.py	2026-07-02T21:34:20.150910Z	116	0.9279999999999999	0.625	142	234	8.875	6.561628341674805	46.6875	.	163840	.	.	_runtime;_step;_timestamp;_wandb;actor_grad_norm;applied_write_action_nonzero_rate;approx_kl;best_checkpoint;best_checkpoint_metric;best_checkpoint_mode;best_checkpoint_path;best_checkpoint_selection;best_eval_action_mode;best_eval_episodes;best_eval_interval;best_eval_move_temperature;best_eval_write_temperature;border_moat_penalty;border_moat_width;border_view_penalty;carrying_write_action_nonzero_rate;checkpoint;clipfrac;completed_episodes;cookie_distance;critic_grad_norm;curriculum_global_step;delivery_events;empty_write_action_nonzero_rate;entropy;env_return;episode_return;eval_mean_ant_steps_per_delivered_food;eval_mean_delivered_food;eval_mean_delivered_food_per_1000_ant_steps;eval_mean_delivered_fraction;eval_mean_episode_length;eval_mean_episode_return;eval_mean_steps_per_delivered_food;eval_success_rate;final_mean_border_moat_cost;final_mean_nonzero_byte_fraction;final_mean_nonzero_byte_tiles;final_mean_remaining_food;final_mean_viewed_cell_count;final_mean_viewed_cell_fraction;final_mean_visible_border_cells;final_mean_visited_cell_count;final_mean_visited_cell_fraction;food_cluster_count;food_cluster_radius;food_count;food_sources;gamma;global_step;global_update_cap;grad_norm;height;learning_rate;loss;max_steps;mean_border_moat_cost;mean_carrying_ants;mean_nonzero_byte_fraction;mean_nonzero_byte_tiles;mean_overwrites_per_env_step;mean_viewed_cell_count;mean_viewed_cell_fraction;mean_visible_border_cells;mean_visited_cell_count;mean_visited_cell_fraction;mean_write_action_value;mean_write_attempts_per_env_step;name;nonzero_writes_per_delivery;num_steps;pickup_events;policy_loss;save_best_checkpoint;select_best_checkpoint;stage_index;stage_name;stage_total_updates;stage_update;stage_update_timesteps;terminated_episodes;truncated_episodes;value_loss;view_reward_decay;view_reward_scale;viewed_cell_events;visit_reward_scale;visited_cell_events;width;write_action_nonzero_rate
runs/overnight_efficiency_sweep/sweep_20260702_003029/eff_0024_lr5e6_clip03_temp075_noanneal_u40_seed1061/wandb/run-20260702_183940-tqkubb0h	communication-memory-bytes	tqkubb0h	20260702_183940	yes	yes	yes	.	.	.	.	b3f88797daa95bbff6086494642c4c468fe9ab1c	scripts/run_overnight_efficiency_sweep.py	2026-07-02T21:39:40.156159Z	125	1	1	214	347	13.375	11.412688255310059	56.875	.	163840	.	.	_runtime;_step;_timestamp;_wandb;actor_grad_norm;applied_write_action_nonzero_rate;approx_kl;best_checkpoint;best_checkpoint_metric;best_checkpoint_mode;best_checkpoint_path;best_checkpoint_selection;best_eval_action_mode;best_eval_episodes;best_eval_interval;best_eval_move_temperature;best_eval_write_temperature;border_moat_penalty;border_moat_width;border_view_penalty;carrying_write_action_nonzero_rate;checkpoint;clipfrac;completed_episodes;cookie_distance;critic_grad_norm;curriculum_global_step;delivery_events;empty_write_action_nonzero_rate;entropy;env_return;episode_return;eval_mean_ant_steps_per_delivered_food;eval_mean_delivered_food;eval_mean_delivered_food_per_1000_ant_steps;eval_mean_delivered_fraction;eval_mean_episode_length;eval_mean_episode_return;eval_mean_steps_per_delivered_food;eval_success_rate;final_mean_border_moat_cost;final_mean_nonzero_byte_fraction;final_mean_nonzero_byte_tiles;final_mean_remaining_food;final_mean_viewed_cell_count;final_mean_viewed_cell_fraction;final_mean_visible_border_cells;final_mean_visited_cell_count;final_mean_visited_cell_fraction;food_cluster_count;food_cluster_radius;food_count;food_sources;gamma;global_step;global_update_cap;grad_norm;height;learning_rate;loss;max_steps;mean_border_moat_cost;mean_carrying_ants;mean_nonzero_byte_fraction;mean_nonzero_byte_tiles;mean_overwrites_per_env_step;mean_viewed_cell_count;mean_viewed_cell_fraction;mean_visible_border_cells;mean_visited_cell_count;mean_visited_cell_fraction;mean_write_action_value;mean_write_attempts_per_env_step;name;nonzero_writes_per_delivery;num_steps;pickup_events;policy_loss;save_best_checkpoint;select_best_checkpoint;stage_index;stage_name;stage_total_updates;stage_update;stage_update_timesteps;terminated_episodes;truncated_episodes;value_loss;view_reward_decay;view_reward_scale;viewed_cell_events;visit_reward_scale;visited_cell_events;width;write_action_nonzero_rate
runs/overnight_efficiency_sweep/sweep_20260702_003029/eff_0025_lr1e5_clip03_temp075_noanneal_u40_seed1067/wandb/run-20260702_184440-8wrma8nz	communication-memory-bytes	8wrma8nz	20260702_184440	yes	yes	yes	.	.	.	.	b3f88797daa95bbff6086494642c4c468fe9ab1c	scripts/run_overnight_efficiency_sweep.py	2026-07-02T21:44:40.257640Z	122.25	0.978	0.5	453	558	28.3125	27.010879516601562	45.3125	.	163840	.	.	_runtime;_step;_timestamp;_wandb;actor_grad_norm;applied_write_action_nonzero_rate;approx_kl;best_checkpoint;best_checkpoint_metric;best_checkpoint_mode;best_checkpoint_path;best_checkpoint_selection;best_eval_action_mode;best_eval_episodes;best_eval_interval;best_eval_move_temperature;best_eval_write_temperature;border_moat_penalty;border_moat_width;border_view_penalty;carrying_write_action_nonzero_rate;checkpoint;clipfrac;completed_episodes;cookie_distance;critic_grad_norm;curriculum_global_step;delivery_events;empty_write_action_nonzero_rate;entropy;env_return;episode_return;eval_mean_ant_steps_per_delivered_food;eval_mean_delivered_food;eval_mean_delivered_food_per_1000_ant_steps;eval_mean_delivered_fraction;eval_mean_episode_length;eval_mean_episode_return;eval_mean_steps_per_delivered_food;eval_success_rate;final_mean_border_moat_cost;final_mean_nonzero_byte_fraction;final_mean_nonzero_byte_tiles;final_mean_remaining_food;final_mean_viewed_cell_count;final_mean_viewed_cell_fraction;final_mean_visible_border_cells;final_mean_visited_cell_count;final_mean_visited_cell_fraction;food_cluster_count;food_cluster_radius;food_count;food_sources;gamma;global_step;global_update_cap;grad_norm;height;learning_rate;loss;max_steps;mean_border_moat_cost;mean_carrying_ants;mean_nonzero_byte_fraction;mean_nonzero_byte_tiles;mean_overwrites_per_env_step;mean_viewed_cell_count;mean_viewed_cell_fraction;mean_visible_border_cells;mean_visited_cell_count;mean_visited_cell_fraction;mean_write_action_value;mean_write_attempts_per_env_step;name;nonzero_writes_per_delivery;num_steps;pickup_events;policy_loss;save_best_checkpoint;select_best_checkpoint;stage_index;stage_name;stage_total_updates;stage_update;stage_update_timesteps;terminated_episodes;truncated_episodes;value_loss;view_reward_decay;view_reward_scale;viewed_cell_events;visit_reward_scale;visited_cell_events;width;write_action_nonzero_rate
runs/overnight_efficiency_sweep/sweep_20260702_003029/eff_0026_lr5e6_clip03_temp075_u60_eval16_seed1071/wandb/run-20260702_185005-itbnq6ia	communication-memory-bytes	itbnq6ia	20260702_185005	yes	yes	yes	.	.	.	.	b3f88797daa95bbff6086494642c4c468fe9ab1c	scripts/run_overnight_efficiency_sweep.py	2026-07-02T21:50:05.298618Z	122	0.976	0.625	105	90	6.5625	3.8002700805664062	20.8125	.	245760	.	.	_runtime;_step;_timestamp;_wandb;actor_grad_norm;applied_write_action_nonzero_rate;approx_kl;best_checkpoint;best_checkpoint_metric;best_checkpoint_mode;best_checkpoint_path;best_checkpoint_selection;best_eval_action_mode;best_eval_episodes;best_eval_interval;best_eval_move_temperature;best_eval_write_temperature;border_moat_penalty;border_moat_width;border_view_penalty;carrying_write_action_nonzero_rate;checkpoint;clipfrac;completed_episodes;cookie_distance;critic_grad_norm;curriculum_global_step;delivery_events;empty_write_action_nonzero_rate;entropy;env_return;episode_return;eval_mean_ant_steps_per_delivered_food;eval_mean_delivered_food;eval_mean_delivered_food_per_1000_ant_steps;eval_mean_delivered_fraction;eval_mean_episode_length;eval_mean_episode_return;eval_mean_steps_per_delivered_food;eval_success_rate;final_mean_border_moat_cost;final_mean_nonzero_byte_fraction;final_mean_nonzero_byte_tiles;final_mean_remaining_food;final_mean_viewed_cell_count;final_mean_viewed_cell_fraction;final_mean_visible_border_cells;final_mean_visited_cell_count;final_mean_visited_cell_fraction;food_cluster_count;food_cluster_radius;food_count;food_sources;gamma;global_step;global_update_cap;grad_norm;height;learning_rate;loss;max_steps;mean_border_moat_cost;mean_carrying_ants;mean_nonzero_byte_fraction;mean_nonzero_byte_tiles;mean_overwrites_per_env_step;mean_viewed_cell_count;mean_viewed_cell_fraction;mean_visible_border_cells;mean_visited_cell_count;mean_visited_cell_fraction;mean_write_action_value;mean_write_attempts_per_env_step;name;nonzero_writes_per_delivery;num_steps;pickup_events;policy_loss;save_best_checkpoint;select_best_checkpoint;stage_index;stage_name;stage_total_updates;stage_update;stage_update_timesteps;terminated_episodes;truncated_episodes;value_loss;view_reward_decay;view_reward_scale;viewed_cell_events;visit_reward_scale;visited_cell_events;width;write_action_nonzero_rate
runs/overnight_efficiency_sweep/sweep_20260702_003029/eff_0027_lr1e5_clip03_temp075_u60_eval16_seed1013/wandb/run-20260702_185950-ku47xk4m	communication-memory-bytes	ku47xk4m	20260702_185950	yes	yes	yes	.	.	.	.	b3f88797daa95bbff6086494642c4c468fe9ab1c	scripts/run_overnight_efficiency_sweep.py	2026-07-02T21:59:50.400625Z	121.5	0.972	0.5625	210	193	13.125	10.676506042480469	22.1875	.	245760	.	.	_runtime;_step;_timestamp;_wandb;actor_grad_norm;applied_write_action_nonzero_rate;approx_kl;best_checkpoint;best_checkpoint_metric;best_checkpoint_mode;best_checkpoint_path;best_checkpoint_selection;best_eval_action_mode;best_eval_episodes;best_eval_interval;best_eval_move_temperature;best_eval_write_temperature;border_moat_penalty;border_moat_width;border_view_penalty;carrying_write_action_nonzero_rate;checkpoint;clipfrac;completed_episodes;cookie_distance;critic_grad_norm;curriculum_global_step;delivery_events;empty_write_action_nonzero_rate;entropy;env_return;episode_return;eval_mean_ant_steps_per_delivered_food;eval_mean_delivered_food;eval_mean_delivered_food_per_1000_ant_steps;eval_mean_delivered_fraction;eval_mean_episode_length;eval_mean_episode_return;eval_mean_steps_per_delivered_food;eval_success_rate;final_mean_border_moat_cost;final_mean_nonzero_byte_fraction;final_mean_nonzero_byte_tiles;final_mean_remaining_food;final_mean_viewed_cell_count;final_mean_viewed_cell_fraction;final_mean_visible_border_cells;final_mean_visited_cell_count;final_mean_visited_cell_fraction;food_cluster_count;food_cluster_radius;food_count;food_sources;gamma;global_step;global_update_cap;grad_norm;height;learning_rate;loss;max_steps;mean_border_moat_cost;mean_carrying_ants;mean_nonzero_byte_fraction;mean_nonzero_byte_tiles;mean_overwrites_per_env_step;mean_viewed_cell_count;mean_viewed_cell_fraction;mean_visible_border_cells;mean_visited_cell_count;mean_visited_cell_fraction;mean_write_action_value;mean_write_attempts_per_env_step;name;nonzero_writes_per_delivery;num_steps;pickup_events;policy_loss;save_best_checkpoint;select_best_checkpoint;stage_index;stage_name;stage_total_updates;stage_update;stage_update_timesteps;terminated_episodes;truncated_episodes;value_loss;view_reward_decay;view_reward_scale;viewed_cell_events;visit_reward_scale;visited_cell_events;width;write_action_nonzero_rate
runs/overnight_efficiency_sweep/sweep_20260702_003029/eff_0028_lr5e6_clip02_temp075_u40_seed1017/wandb/run-20260702_190935-aamnf11a	infra-tests-ci-cleanup	aamnf11a	20260702_190935	no	yes	no	.	.	.	.	b3f88797daa95bbff6086494642c4c468fe9ab1c	scripts/run_overnight_efficiency_sweep.py	2026-07-02T22:09:35.462156Z	.	.	.	.	.	.	.	.	.	.	.	.	.
runs/training/fixed8-rb256-byte-decay-hl256-from-rbfinal-250x250/fixed8-rb256-byte-decay-hl256-from-rbfinal-20260630T035740Z/wandb/run-20260630_005812-ez8vyke8	twofifty-frontier-reset	ez8vyke8	20260630_005812	yes	yes	yes	cool-antz	fixed8-rb256-byte-decay-hl256-from-rbfinal-250x250	fixed8-rb256-byte-decay-hl256-from-rbfinal-250x250-fixed8-rb256-byte-decay-hl256-from-rbfinal-20260630T035740Z	fixed8-rb256-byte-decay-hl256-from-rbfinal-250x250	993276fbfbea6081cb719a9361225ba17482449b	scripts/run_half_scale_distance_autocurriculum.py	2026-06-30T03:58:12.398731Z	.	.	.	175	270	175	164.8612518310547	4730	553	655360	2560	2560	_runtime;_step;_timestamp;_wandb;actor_grad_norm;applied_write_action_nonzero_rate;approx_kl;best_fresh_eval_median_256;best_long_eval_median_4096;best_model_metric_value;byte_decay_events;byte_decay_events_per_env_step;byte_zeroing_events_per_env_step;carrying_write_action_nonzero_rate;cell_value_change_events;cell_value_change_rate;clipfrac;completed_episodes;critic_grad_norm;delivery_events;different_nonzero_overwrite_events;different_nonzero_overwrite_rate;different_value_overwrites_per_env_step;distance_curriculum_completed_stages;distance_curriculum_max_stage_distance;distance_curriculum_mean_stage_delivered_food;distance_curriculum_mean_stage_distance;distance_curriculum_min_stage_distance;empty_write_action_nonzero_rate;entropy;env_return;episode_return;final_mean_border_moat_cost;final_mean_carrying_ants;final_mean_nonzero_byte_fraction;final_mean_nonzero_byte_tiles;final_mean_remaining_food;final_mean_viewed_cell_count;final_mean_viewed_cell_fraction;final_mean_visible_border_cells;final_mean_visited_cell_count;final_mean_visited_cell_fraction;fresh_eval_byte_decay_events_per_env_step;fresh_eval_different_value_overwrites_per_env_step;fresh_eval_episodes;fresh_eval_global_step;fresh_eval_max_deliveries;fresh_eval_mean_byte_fraction;fresh_eval_mean_deliveries;fresh_eval_mean_final_carrying_ants;fresh_eval_mean_pickup_to_delivery_rate;fresh_eval_mean_return;fresh_eval_mean_write_entropy;fresh_eval_median_byte_fraction;fresh_eval_median_deliveries;fresh_eval_median_final_carrying_ants;fresh_eval_median_pickup_to_delivery_rate;fresh_eval_median_return;fresh_eval_median_write_entropy;fresh_eval_min_deliveries;fresh_eval_nonzero_to_zero_per_env_step;fresh_eval_same_value_rewrite_per_env_step;fresh_eval_update;fresh_eval_zero_to_nonzero_per_env_step;global_step;grad_norm;learner_ant_count;learning_rate;long_eval_global_step;long_eval_max_total_deliveries;long_eval_mean_byte_fraction_delta;long_eval_mean_final_byte_fraction;long_eval_mean_final_carrying_ants;lo...
runs/training/half_scale_distance_autocurriculum_source_teacher_250x250/diagnosis-20260629T180430Z/wandb/run-20260629_150449-8nypb7hq	twofifty-frontier-reset	8nypb7hq	20260629_150449	no	yes	no	.	.	.	.	993276fbfbea6081cb719a9361225ba17482449b	scripts/run_half_scale_distance_autocurriculum.py	2026-06-29T18:04:49.269447Z	.	.	.	.	.	.	.	.	.	.	.	.	.
runs/training/half_scale_distance_autocurriculum_source_teacher_250x250/diagnosis-20260629T180833Z/wandb/run-20260629_150851-t7128tbp	twofifty-frontier-reset	t7128tbp	20260629_150851	yes	yes	yes	cool-antz	half-scale-distance-autocurriculum-current-policy-npc	half_scale_distance_autocurriculum_source_teacher_250x250-diagnosis-20260629T180833Z	jax_mappo_hs250_distance_auto_source_teacher_npc	993276fbfbea6081cb719a9361225ba17482449b	scripts/run_half_scale_distance_autocurriculum.py	2026-06-29T18:08:51.751969Z	.	.	.	0	0	0	26.25146484375	4450	.	655360	10240	10240	_runtime;_step;_timestamp;_wandb;actor_grad_norm;applied_write_action_nonzero_rate;approx_kl;carrying_write_action_nonzero_rate;clipfrac;completed_episodes;critic_grad_norm;delivery_events;distance_curriculum_completed_stages;distance_curriculum_max_stage_distance;distance_curriculum_mean_stage_delivered_food;distance_curriculum_mean_stage_distance;distance_curriculum_min_stage_distance;empty_write_action_nonzero_rate;entropy;env_return;episode_return;final_mean_border_moat_cost;final_mean_carrying_ants;final_mean_nonzero_byte_fraction;final_mean_nonzero_byte_tiles;final_mean_remaining_food;final_mean_viewed_cell_count;final_mean_viewed_cell_fraction;final_mean_visible_border_cells;final_mean_visited_cell_count;final_mean_visited_cell_fraction;global_step;grad_norm;learner_ant_count;learning_rate;loss;mean_border_moat_cost;mean_carrying_ants;mean_nonzero_byte_fraction;mean_nonzero_byte_tiles;mean_overwrites_per_env_step;mean_step_env_reward;mean_step_reward;mean_viewed_cell_count;mean_viewed_cell_fraction;mean_visible_border_cells;mean_visited_cell_count;mean_visited_cell_fraction;mean_write_action_value;mean_write_attempts_per_env_step;nonzero_writes_per_delivery;npc_ant_count;num_updates;pickup_events;pickup_to_delivery_rate;policy_loss;shaping_return;shaping_return_per_delivery;terminated_episodes;truncated_episodes;undelivered_pickup_events;update;value_loss;videos/distance_autocurriculum/checkpoints/update_000608;videos/distance_autocurriculum/checkpoints/update_001287;videos/distance_autocurriculum/checkpoints/update_001966;videos/distance_autocurriculum/checkpoints/update_002633;videos/distance_autocurriculum/checkpoints/update_003314;videos/distance_autocurriculum/checkpoints/update_003993;videos/distance_autocurriculum/checkpoints/update_004674;videos/distance_autocurriculum/checkpoints/update_005351;videos/distance_autocurriculum/checkpoints/update_006033;videos/distance_autocurriculum/checkpoints/update_006715;videos/distance_autocurriculum/checkpoints...
runs/training/half_scale_distance_fixed8_source_reset_boundary_256_250x250/fixed8-reset-boundary256-20260629T214228Z/wandb/run-20260629_184245-84bj6t7p	twofifty-frontier-reset	84bj6t7p	20260629_184245	yes	yes	yes	cool-antz	half-scale-fixed8-source-reset-boundary-256	half_scale_distance_fixed8_source_reset_boundary_256_250x250-fixed8-reset-boundary256-20260629T214228Z	jax_mappo_hs250_fixed8_source_reset_boundary_256	993276fbfbea6081cb719a9361225ba17482449b	scripts/run_half_scale_distance_autocurriculum.py	2026-06-29T21:42:45.112866Z	.	.	.	654	869	654	726.41748046875	4131	1003	655360	2560	2560	_runtime;_step;_timestamp;_wandb;actor_grad_norm;applied_write_action_nonzero_rate;approx_kl;best_model_metric_value;carrying_write_action_nonzero_rate;cell_value_change_events;cell_value_change_rate;clipfrac;completed_episodes;critic_grad_norm;delivery_events;different_nonzero_overwrite_events;different_nonzero_overwrite_rate;different_value_overwrites_per_env_step;distance_curriculum_completed_stages;distance_curriculum_max_stage_distance;distance_curriculum_mean_stage_delivered_food;distance_curriculum_mean_stage_distance;distance_curriculum_min_stage_distance;empty_write_action_nonzero_rate;entropy;env_return;episode_return;final_mean_border_moat_cost;final_mean_carrying_ants;final_mean_nonzero_byte_fraction;final_mean_nonzero_byte_tiles;final_mean_remaining_food;final_mean_viewed_cell_count;final_mean_viewed_cell_fraction;final_mean_visible_border_cells;final_mean_visited_cell_count;final_mean_visited_cell_fraction;global_step;grad_norm;learner_ant_count;learning_rate;loss;mean_border_moat_cost;mean_carrying_ants;mean_nonzero_byte_fraction;mean_nonzero_byte_tiles;mean_overwrites_per_env_step;mean_step_env_reward;mean_step_reward;mean_viewed_cell_count;mean_viewed_cell_fraction;mean_visible_border_cells;mean_visited_cell_count;mean_visited_cell_fraction;mean_write_action_value;mean_write_attempts_per_env_step;move_entropy;nonzero_to_zero_write_events;nonzero_to_zero_write_rate;nonzero_writes_per_delivery;npc_ant_count;num_updates;pickup_events;pickup_to_delivery_rate;policy_loss;same_value_write_events;same_value_write_rate;shaping_return;shaping_return_per_delivery;stage_window_resets;terminated_episodes;truncated_episodes;undelivered_pickup_events;unique_cells_written_per_env_step;unique_written_cell_events;update;value_loss;videos/fixed8_source_reset_boundary_256/checkpoints/update_000156;videos/fixed8_source_reset_boundary_256/checkpoints/update_000334;videos/fixed8_source_reset_boundary_256/checkpoints/update_000511;videos/fixed8_source_reset_boundary_25...
runs/training/half_scale_distance_fixed8_source_reset_boundary_512_250x250/fixed8-reset-boundary-20260629T213917Z/wandb/run-20260629_183935-12q6bmb7	twofifty-frontier-reset	12q6bmb7	20260629_183935	yes	yes	yes	cool-antz	half-scale-fixed8-source-reset-boundary-512	half_scale_distance_fixed8_source_reset_boundary_512_250x250-fixed8-reset-boundary-20260629T213917Z	jax_mappo_hs250_fixed8_source_reset_boundary_512	993276fbfbea6081cb719a9361225ba17482449b	scripts/run_half_scale_distance_autocurriculum.py	2026-06-29T21:39:35.055405Z	.	.	.	.	.	.	.	.	.	.	.	.	_runtime;_wandb
runs/training/half_scale_distance_fixed8_source_write_entropy_stage_windows_250x250/fixed8-write-entropy-20260629T203325Z/wandb/run-20260629_173541-bbd3b3hx	twofifty-frontier-reset	bbd3b3hx	20260629_173541	no	yes	no	.	.	.	.	993276fbfbea6081cb719a9361225ba17482449b	scripts/run_half_scale_distance_autocurriculum.py	2026-06-29T20:35:41.685916Z	.	.	.	.	.	.	.	.	.	.	.	.	.
runs/training/half_scale_one_food_npc_teacher_from_source_250x250/online-systemd-source-teacher-20260628T204020/wandb/run-20260628_204240-37eds25r	twofifty-frontier-reset	37eds25r	20260628_204240	yes	yes	yes	cool-antz	half-scale-npc-teacher-source	half_scale_one_food_npc_teacher_from_source_250x250-online-systemd-source-teacher-20260628T204020	jax_mappo_hs250_500a_5k_1src_source_teacher_npc	69f594be8ead0309ee7a755c8adc17baa8e1e464	scripts/run_half_scale_npc_teacher_from_source.py	2026-06-28T23:42:40.315156Z	.	.	.	0	0	0	-1.1977999210357666	5000	14.115671157836914	163840	10240	10240	_runtime;_step;_timestamp;_wandb;applied_write_action_nonzero_rate;approx_kl;best_model_metric_value;carrying_write_action_nonzero_rate;clipfrac;completed_episodes;delivery_events;empty_write_action_nonzero_rate;entropy;env_return;episode_return;final_mean_border_moat_cost;final_mean_nonzero_byte_fraction;final_mean_nonzero_byte_tiles;final_mean_remaining_food;final_mean_viewed_cell_count;final_mean_viewed_cell_fraction;final_mean_visible_border_cells;final_mean_visited_cell_count;final_mean_visited_cell_fraction;global_step;grad_norm;learner_ant_count;learning_rate;loss;mean_border_moat_cost;mean_carrying_ants;mean_nonzero_byte_fraction;mean_nonzero_byte_tiles;mean_overwrites_per_env_step;mean_viewed_cell_count;mean_viewed_cell_fraction;mean_visible_border_cells;mean_visited_cell_count;mean_visited_cell_fraction;mean_write_action_value;mean_write_attempts_per_env_step;nonzero_writes_per_delivery;npc_ant_count;num_updates;pickup_events;policy_loss;terminated_episodes;truncated_episodes;update;value_loss;viewed_cell_events;visited_cell_events;write_action_nonzero_rate
runs/training/half_scale_one_food_resnet_actor_warmstart_250x250/online-systemd-20260628T192132Z/wandb/run-20260628_162150-ycksiw4o	twofifty-frontier-reset	ycksiw4o	20260628_162150	yes	yes	yes	cool-antz	half-scale-resnet-shared-writes	half_scale_one_food_resnet_actor_warmstart_250x250-online-systemd-20260628T192132Z	jax_mappo_hs250_500a_5k_1src_resnet_actorws	3c0eac25b30b3ca02e1606d7828b40088e4c7f31	scripts/run_half_scale_resnet_actor_warmstart.py	2026-06-28T19:21:50.295621Z	.	.	.	0	0	0	-1.2105249166488647	5000	1.1424000263214111	163840	10240	10240	_runtime;_step;_timestamp;_wandb;applied_write_action_nonzero_rate;approx_kl;best_model_metric_value;carrying_write_action_nonzero_rate;clipfrac;completed_episodes;delivery_events;empty_write_action_nonzero_rate;entropy;env_return;episode_return;final_mean_border_moat_cost;final_mean_nonzero_byte_fraction;final_mean_nonzero_byte_tiles;final_mean_remaining_food;final_mean_viewed_cell_count;final_mean_viewed_cell_fraction;final_mean_visible_border_cells;final_mean_visited_cell_count;final_mean_visited_cell_fraction;global_step;grad_norm;learning_rate;loss;mean_border_moat_cost;mean_carrying_ants;mean_nonzero_byte_fraction;mean_nonzero_byte_tiles;mean_overwrites_per_env_step;mean_viewed_cell_count;mean_viewed_cell_fraction;mean_visible_border_cells;mean_visited_cell_count;mean_visited_cell_fraction;mean_write_action_value;mean_write_attempts_per_env_step;nonzero_writes_per_delivery;num_updates;pickup_events;policy_loss;terminated_episodes;truncated_episodes;update;value_loss;viewed_cell_events;visited_cell_events;write_action_nonzero_rate
runs/training/hs250_d16_trunc4096_from_685best/continuation-20260703T1455Z/wandb/run-20260703_145640-r0foylxd	twofifty-frontier-reset	r0foylxd	20260703_145640	no	yes	no	.	.	.	.	10b09d0a8421d846fd56895d50b3f003f3e9efd3	-m ant_byte_env.cli	2026-07-03T17:56:40.114344Z	.	.	.	.	.	.	.	.	.	.	.	.	.
runs/training/hs250_reasonable_trunc4096_from_frontier/overnight-20260703T0245Z/wandb/run-20260703_132538-a9dcpq6w	twofifty-frontier-reset	a9dcpq6w	20260703_132538	yes	yes	yes	cool-antz	250x250-reasonable-truncation	hs250-reasonable-trunc4096-from-frontier-overnight	jax_mappo_hs250_reasonable_trunc4096_from_frontier	c1a0741f5b687216f19a612d782f0b130e640043	-m ant_byte_env.cli	2026-07-03T16:25:38.227649Z	.	.	.	13	4	13	6.558750152587891	4577	685	786432	3072	3072	_runtime;_step;_timestamp;_wandb;actor_grad_norm;applied_write_action_nonzero_rate;approx_kl;best_model_metric_value;carrying_write_action_nonzero_rate;clipfrac;completed_episodes;critic_grad_norm;delivery_events;distance_curriculum_completed_stages;distance_curriculum_max_stage_distance;distance_curriculum_mean_stage_delivered_food;distance_curriculum_mean_stage_distance;distance_curriculum_min_stage_distance;empty_write_action_nonzero_rate;entropy;env_return;episode_return;final_mean_border_moat_cost;final_mean_nonzero_byte_fraction;final_mean_nonzero_byte_tiles;final_mean_remaining_food;final_mean_viewed_cell_count;final_mean_viewed_cell_fraction;final_mean_visible_border_cells;final_mean_visited_cell_count;final_mean_visited_cell_fraction;global_step;grad_norm;learning_rate;loss;mean_border_moat_cost;mean_carrying_ants;mean_nonzero_byte_fraction;mean_nonzero_byte_tiles;mean_overwrites_per_env_step;mean_viewed_cell_count;mean_viewed_cell_fraction;mean_visible_border_cells;mean_visited_cell_count;mean_visited_cell_fraction;mean_write_action_value;mean_write_attempts_per_env_step;nonzero_writes_per_delivery;num_updates;pickup_events;policy_loss;terminated_episodes;truncated_episodes;update;value_loss;viewed_cell_events;visited_cell_events;write_action_nonzero_rate
runs/training/nodecay-burnin-frontier12-rb256-from-rbfinal-250x250/burnin-frontier12-20260630T142509Z/wandb/run-20260630_112630-nts2xoc2	twofifty-frontier-reset	nts2xoc2	20260630_112630	no	yes	no	.	.	.	.	993276fbfbea6081cb719a9361225ba17482449b	scripts/run_half_scale_distance_autocurriculum.py	2026-06-30T14:26:30.763057Z	.	.	.	.	.	.	.	.	.	.	.	.	.
wandb/run-20260620_122558-4dq6uyzv	source-layout-50x50	4dq6uyzv	20260620_122558	yes	yes	yes	cool-antz	exploration_to_forage_50x50_efficient	null	jax_mappo_exploration_to_forage_50x50	0b5b54be43f1c52610f8c00adba8fd3520f468c6	notebooks/train_mappo_exploration_to_forage_50x50.ipynb	2026-06-20T15:25:58.962821Z	.	.	.	69	70	4.3125	5.615718841552734	2.0625	.	1920000.0	1500	1500	_runtime;_step;_timestamp;_wandb;applied_write_action_nonzero_rate;approx_kl;carrying_write_action_nonzero_rate;clipfrac;completed_episodes;delivery_events;empty_write_action_nonzero_rate;entropy;env_return;episode_return;final_mean_nonzero_byte_fraction;final_mean_nonzero_byte_tiles;final_mean_remaining_food;final_mean_visited_cell_count;final_mean_visited_cell_fraction;global_step;grad_norm;learning_rate;loss;mean_carrying_ants;mean_nonzero_byte_fraction;mean_nonzero_byte_tiles;mean_overwrites_per_env_step;mean_visited_cell_count;mean_visited_cell_fraction;mean_write_action_value;mean_write_attempts_per_env_step;nonzero_writes_per_delivery;num_updates;pickup_events;policy_loss;terminated_episodes;truncated_episodes;update;value_loss;visited_cell_events;write_action_nonzero_rate
wandb/run-20260620_122711-n58jb5pa	source-layout-50x50	n58jb5pa	20260620_122711	yes	yes	yes	cool-antz	exploration_to_forage_50x50_efficient	null	jax_mappo_exploration_to_forage_50x50	0b5b54be43f1c52610f8c00adba8fd3520f468c6	notebooks/train_mappo_exploration_to_forage_50x50.ipynb	2026-06-20T15:27:11.507552Z	.	.	.	63	73	3.9375	5.115937232971191	3.375	.	6144000.0	3000	3000	_runtime;_step;_timestamp;_wandb;applied_write_action_nonzero_rate;approx_kl;carrying_write_action_nonzero_rate;clipfrac;completed_episodes;delivery_events;empty_write_action_nonzero_rate;entropy;env_return;episode_return;final_mean_nonzero_byte_fraction;final_mean_nonzero_byte_tiles;final_mean_remaining_food;final_mean_visited_cell_count;final_mean_visited_cell_fraction;global_step;grad_norm;learning_rate;loss;mean_carrying_ants;mean_nonzero_byte_fraction;mean_nonzero_byte_tiles;mean_overwrites_per_env_step;mean_visited_cell_count;mean_visited_cell_fraction;mean_write_action_value;mean_write_attempts_per_env_step;nonzero_writes_per_delivery;num_updates;pickup_events;policy_loss;terminated_episodes;truncated_episodes;update;value_loss;visited_cell_events;write_action_nonzero_rate
wandb/run-20260620_122922-cd2c8bqg	source-layout-50x50	cd2c8bqg	20260620_122922	no	yes	no	.	.	.	.	0b5b54be43f1c52610f8c00adba8fd3520f468c6	notebooks/train_mappo_exploration_to_forage_50x50.ipynb	2026-06-20T15:29:22.634235Z	.	.	.	.	.	.	.	.	.	.	.	.	.
wandb/run-20260628_120151-ifd0w381	jax-mappo-training-core	ifd0w381	20260628_120151	yes	yes	yes	.	.	.	.	5e67bec2d87f049e4e2784c9fbb632a60f87c081	<stdin>	2026-06-28T15:01:51.967692Z	.	.	.	.	.	.	.	.	.	.	.	.	_runtime;_wandb;uploaded_checkpoint_artifacts;uploaded_checkpoint_count;uploaded_checkpoint_manifest_json
wandb/run-20260702_094352-cleanup-schedule-sweep_20260702_003029	jax-mappo-training-core	cleanup-schedule-sweep_20260702_003029	20260702_094352	yes	yes	yes	.	.	.	.	a6ba23530c5c618220e95ae8f451aabb6b21b957	scripts/run_cleanup_temperature_schedule_loop.py	2026-07-02T12:43:52.985321Z	.	.	.	.	.	.	.	.	.	.	.	.	_runtime;_step;_timestamp;_wandb;cleanup0475_at095/latest_fraction;cleanup0475_at095/latest_primary;cleanup0475_at095/latest_success;cleanup050_at095/latest_fraction;cleanup050_at095/latest_primary;cleanup050_at095/latest_success;cleanup060_at095/latest_fraction;cleanup060_at095/latest_primary;cleanup060_at095/latest_success;cleanup060_at098/latest_fraction;cleanup060_at098/latest_primary;cleanup060_at098/latest_success;cleanup065_at090/latest_fraction;cleanup065_at090/latest_primary;cleanup065_at090/latest_success;cleanup065_at095/latest_fraction;cleanup065_at095/latest_primary;cleanup065_at095/latest_success;cleanup065_at098/latest_fraction;cleanup065_at098/latest_primary;cleanup065_at098/latest_success;episodes;eval_index;fixed_0525/latest_fraction;fixed_0525/latest_primary;fixed_0525/latest_success;latest/ant_steps_per_delivered_food;latest/delivered_fraction;latest/episode_length;latest/primary;latest/success_rate;leaderboard_path;schedule/cleanup0475_at095/ant_steps_per_delivered_food;schedule/cleanup0475_at095/delivered_fraction;schedule/cleanup0475_at095/episode_length;schedule/cleanup0475_at095/primary;schedule/cleanup0475_at095/success_rate;schedule/cleanup050_at095/ant_steps_per_delivered_food;schedule/cleanup050_at095/delivered_fraction;schedule/cleanup050_at095/episode_length;schedule/cleanup050_at095/primary;schedule/cleanup050_at095/success_rate;schedule/cleanup060_at095/ant_steps_per_delivered_food;schedule/cleanup060_at095/delivered_fraction;schedule/cleanup060_at095/episode_length;schedule/cleanup060_at095/primary;schedule/cleanup060_at095/success_rate;schedule/cleanup060_at098/ant_steps_per_delivered_food;schedule/cleanup060_at098/delivered_fraction;schedule/cleanup060_at098/episode_length;schedule/cleanup060_at098/primary;schedule/cleanup060_at098/success_rate;schedule/cleanup065_at090/ant_steps_per_delivered_food;schedule/cleanup065_at090/delivered_fraction;schedule/cleanup065_at090/episode_length;schedule/cleanup065_at090/primary;schedule/cl...
wandb/run-20260702_095150-temperature-robustness-sweep_20260702_003029	bigmap-deployment-rendering	temperature-robustness-sweep_20260702_003029	20260702_095150	yes	yes	yes	.	.	.	.	a6ba23530c5c618220e95ae8f451aabb6b21b957	<stdin>	2026-07-02T12:51:50.993327Z	.	.	.	.	.	.	.	.	.	.	.	.	_runtime;_step;_timestamp;_wandb;eval_index;latest/delivered_fraction;latest/episode_length;latest/primary;latest/success_rate;leaderboard_path;move_temperature;result_count;seed_offset;temperature/temp_0.475/delivered_fraction;temperature/temp_0.475/episode_length;temperature/temp_0.475/primary;temperature/temp_0.475/success_rate;temperature/temp_0.5/delivered_fraction;temperature/temp_0.5/episode_length;temperature/temp_0.5/primary;temperature/temp_0.5/success_rate;temperature/temp_0.525/delivered_fraction;temperature/temp_0.525/episode_length;temperature/temp_0.525/primary;temperature/temp_0.525/success_rate;temperature/temp_0.55/delivered_fraction;temperature/temp_0.55/episode_length;temperature/temp_0.55/primary;temperature/temp_0.55/success_rate;temperature/temp_0.575/delivered_fraction;temperature/temp_0.575/episode_length;temperature/temp_0.575/primary;temperature/temp_0.575/success_rate;temperature/temp_0.6/delivered_fraction;temperature/temp_0.6/episode_length;temperature/temp_0.6/primary;temperature/temp_0.6/success_rate;temperature/temp_0.625/delivered_fraction;temperature/temp_0.625/episode_length;temperature/temp_0.625/primary;temperature/temp_0.625/success_rate;temperature/temp_0.65/delivered_fraction;temperature/temp_0.65/episode_length;temperature/temp_0.65/primary;temperature/temp_0.65/success_rate;temperature/temp_0.75/delivered_fraction;temperature/temp_0.75/episode_length;temperature/temp_0.75/primary;temperature/temp_0.75/success_rate
wandb/run-20260702_095619-cleanup-schedule-sweep_20260702_003029	jax-mappo-training-core	cleanup-schedule-sweep_20260702_003029	20260702_095619	yes	yes	yes	.	.	.	.	a6ba23530c5c618220e95ae8f451aabb6b21b957	<stdin>	2026-07-02T12:56:19.111242Z	.	.	.	.	.	.	.	.	.	.	.	.	_runtime;_step;_timestamp;_wandb;cleanup0475_at095/latest_fraction;cleanup0475_at095/latest_primary;cleanup0475_at095/latest_success;cleanup050_at095/latest_fraction;cleanup050_at095/latest_primary;cleanup050_at095/latest_success;cleanup060_at095/latest_fraction;cleanup060_at095/latest_primary;cleanup060_at095/latest_success;cleanup060_at098/latest_fraction;cleanup060_at098/latest_primary;cleanup060_at098/latest_success;cleanup065_at090/latest_fraction;cleanup065_at090/latest_primary;cleanup065_at090/latest_success;cleanup065_at095/latest_fraction;cleanup065_at095/latest_primary;cleanup065_at095/latest_success;cleanup065_at098/latest_fraction;cleanup065_at098/latest_primary;cleanup065_at098/latest_success;current_best_render;current_best_render_action_mode;current_best_render_move_temperature;episodes;eval_index;fixed_0525/latest_fraction;fixed_0525/latest_primary;fixed_0525/latest_success;latest/ant_steps_per_delivered_food;latest/delivered_fraction;latest/episode_length;latest/primary;latest/success_rate;leaderboard_path;schedule/cleanup0475_at095/ant_steps_per_delivered_food;schedule/cleanup0475_at095/delivered_fraction;schedule/cleanup0475_at095/episode_length;schedule/cleanup0475_at095/primary;schedule/cleanup0475_at095/success_rate;schedule/cleanup050_at095/ant_steps_per_delivered_food;schedule/cleanup050_at095/delivered_fraction;schedule/cleanup050_at095/episode_length;schedule/cleanup050_at095/primary;schedule/cleanup050_at095/success_rate;schedule/cleanup060_at095/ant_steps_per_delivered_food;schedule/cleanup060_at095/delivered_fraction;schedule/cleanup060_at095/episode_length;schedule/cleanup060_at095/primary;schedule/cleanup060_at095/success_rate;schedule/cleanup060_at098/ant_steps_per_delivered_food;schedule/cleanup060_at098/delivered_fraction;schedule/cleanup060_at098/episode_length;schedule/cleanup060_at098/primary;schedule/cleanup060_at098/success_rate;schedule/cleanup065_at090/ant_steps_per_delivered_food;schedule/cleanup065_at090/delivered_fracti...
wandb/run-20260702_095640-cleanup-schedule-sweep_20260702_003029	jax-mappo-training-core	cleanup-schedule-sweep_20260702_003029	20260702_095640	yes	yes	yes	.	.	.	.	a6ba23530c5c618220e95ae8f451aabb6b21b957	scripts/run_cleanup_temperature_schedule_loop.py	2026-07-02T12:56:40.451005Z	.	.	.	.	.	.	.	.	.	.	.	.	_runtime;_step;_timestamp;_wandb;cleanup0475_at095/latest_fraction;cleanup0475_at095/latest_primary;cleanup0475_at095/latest_success;cleanup050_at095/latest_fraction;cleanup050_at095/latest_primary;cleanup050_at095/latest_success;cleanup060_at095/latest_fraction;cleanup060_at095/latest_primary;cleanup060_at095/latest_success;cleanup060_at098/latest_fraction;cleanup060_at098/latest_primary;cleanup060_at098/latest_success;cleanup065_at090/latest_fraction;cleanup065_at090/latest_primary;cleanup065_at090/latest_success;cleanup065_at095/latest_fraction;cleanup065_at095/latest_primary;cleanup065_at095/latest_success;cleanup065_at098/latest_fraction;cleanup065_at098/latest_primary;cleanup065_at098/latest_success;current_best_render;current_best_render_action_mode;current_best_render_move_temperature;episodes;eval_index;fixed_0525/latest_fraction;fixed_0525/latest_primary;fixed_0525/latest_success;latest/ant_steps_per_delivered_food;latest/delivered_fraction;latest/episode_length;latest/primary;latest/success_rate;leaderboard_path;schedule/cleanup0475_at095/ant_steps_per_delivered_food;schedule/cleanup0475_at095/delivered_fraction;schedule/cleanup0475_at095/episode_length;schedule/cleanup0475_at095/primary;schedule/cleanup0475_at095/success_rate;schedule/cleanup050_at095/ant_steps_per_delivered_food;schedule/cleanup050_at095/delivered_fraction;schedule/cleanup050_at095/episode_length;schedule/cleanup050_at095/primary;schedule/cleanup050_at095/success_rate;schedule/cleanup060_at095/ant_steps_per_delivered_food;schedule/cleanup060_at095/delivered_fraction;schedule/cleanup060_at095/episode_length;schedule/cleanup060_at095/primary;schedule/cleanup060_at095/success_rate;schedule/cleanup060_at098/ant_steps_per_delivered_food;schedule/cleanup060_at098/delivered_fraction;schedule/cleanup060_at098/episode_length;schedule/cleanup060_at098/primary;schedule/cleanup060_at098/success_rate;schedule/cleanup065_at090/ant_steps_per_delivered_food;schedule/cleanup065_at090/delivered_fracti...
wandb/run-20260702_100739-cleanup-schedule-sweep_20260702_003029	jax-mappo-training-core	cleanup-schedule-sweep_20260702_003029	20260702_100739	yes	yes	yes	.	.	.	.	a6ba23530c5c618220e95ae8f451aabb6b21b957	<stdin>	2026-07-02T13:07:39.056701Z	.	.	.	.	.	.	.	.	.	.	.	.	_runtime;_step;_timestamp;_wandb;cleanup0475_at095/latest_fraction;cleanup0475_at095/latest_primary;cleanup0475_at095/latest_success;cleanup050_at095/latest_fraction;cleanup050_at095/latest_primary;cleanup050_at095/latest_success;cleanup060_at095/latest_fraction;cleanup060_at095/latest_primary;cleanup060_at095/latest_success;cleanup060_at098/latest_fraction;cleanup060_at098/latest_primary;cleanup060_at098/latest_success;cleanup065_at090/latest_fraction;cleanup065_at090/latest_primary;cleanup065_at090/latest_success;cleanup065_at095/latest_fraction;cleanup065_at095/latest_primary;cleanup065_at095/latest_success;cleanup065_at098/latest_fraction;cleanup065_at098/latest_primary;cleanup065_at098/latest_success;current_best_hq_render;current_best_hq_render_action_mode;current_best_hq_render_move_temperature;current_best_hq_render_resolution;current_best_render;current_best_render_action_mode;current_best_render_move_temperature;episodes;eval_index;fixed_0525/latest_fraction;fixed_0525/latest_primary;fixed_0525/latest_success;latest/ant_steps_per_delivered_food;latest/delivered_fraction;latest/episode_length;latest/primary;latest/success_rate;leaderboard_path;schedule/cleanup0475_at095/ant_steps_per_delivered_food;schedule/cleanup0475_at095/delivered_fraction;schedule/cleanup0475_at095/episode_length;schedule/cleanup0475_at095/primary;schedule/cleanup0475_at095/success_rate;schedule/cleanup050_at095/ant_steps_per_delivered_food;schedule/cleanup050_at095/delivered_fraction;schedule/cleanup050_at095/episode_length;schedule/cleanup050_at095/primary;schedule/cleanup050_at095/success_rate;schedule/cleanup060_at095/ant_steps_per_delivered_food;schedule/cleanup060_at095/delivered_fraction;schedule/cleanup060_at095/episode_length;schedule/cleanup060_at095/primary;schedule/cleanup060_at095/success_rate;schedule/cleanup060_at098/ant_steps_per_delivered_food;schedule/cleanup060_at098/delivered_fraction;schedule/cleanup060_at098/episode_length;schedule/cleanup060_at098/primary;sche...
wandb/run-20260702_100802-cleanup-schedule-sweep_20260702_003029	jax-mappo-training-core	cleanup-schedule-sweep_20260702_003029	20260702_100802	yes	yes	yes	.	.	.	.	a6ba23530c5c618220e95ae8f451aabb6b21b957	scripts/run_cleanup_temperature_schedule_loop.py	2026-07-02T13:08:02.521555Z	.	.	.	.	.	.	.	.	.	.	.	.	_runtime;_step;_timestamp;_wandb;cleanup0475_at095/latest_fraction;cleanup0475_at095/latest_primary;cleanup0475_at095/latest_success;cleanup050_at095/latest_fraction;cleanup050_at095/latest_primary;cleanup050_at095/latest_success;cleanup060_at095/latest_fraction;cleanup060_at095/latest_primary;cleanup060_at095/latest_success;cleanup060_at098/latest_fraction;cleanup060_at098/latest_primary;cleanup060_at098/latest_success;cleanup065_at090/latest_fraction;cleanup065_at090/latest_primary;cleanup065_at090/latest_success;cleanup065_at095/latest_fraction;cleanup065_at095/latest_primary;cleanup065_at095/latest_success;cleanup065_at098/latest_fraction;cleanup065_at098/latest_primary;cleanup065_at098/latest_success;current_best_hq_render;current_best_hq_render_action_mode;current_best_hq_render_move_temperature;current_best_hq_render_resolution;current_best_render;current_best_render_action_mode;current_best_render_move_temperature;episodes;eval_index;fixed_0525/latest_fraction;fixed_0525/latest_primary;fixed_0525/latest_success;latest/ant_steps_per_delivered_food;latest/delivered_fraction;latest/episode_length;latest/primary;latest/success_rate;leaderboard_path;schedule/cleanup0475_at095/ant_steps_per_delivered_food;schedule/cleanup0475_at095/delivered_fraction;schedule/cleanup0475_at095/episode_length;schedule/cleanup0475_at095/primary;schedule/cleanup0475_at095/success_rate;schedule/cleanup050_at095/ant_steps_per_delivered_food;schedule/cleanup050_at095/delivered_fraction;schedule/cleanup050_at095/episode_length;schedule/cleanup050_at095/primary;schedule/cleanup050_at095/success_rate;schedule/cleanup060_at095/ant_steps_per_delivered_food;schedule/cleanup060_at095/delivered_fraction;schedule/cleanup060_at095/episode_length;schedule/cleanup060_at095/primary;schedule/cleanup060_at095/success_rate;schedule/cleanup060_at098/ant_steps_per_delivered_food;schedule/cleanup060_at098/delivered_fraction;schedule/cleanup060_at098/episode_length;schedule/cleanup060_at098/primary;sche...
wandb/run-20260702_101924-cleanup-schedule-sweep_20260702_003029	jax-mappo-training-core	cleanup-schedule-sweep_20260702_003029	20260702_101924	yes	yes	yes	.	.	.	.	a6ba23530c5c618220e95ae8f451aabb6b21b957	scripts/run_cleanup_temperature_schedule_loop.py	2026-07-02T13:19:24.587359Z	.	.	.	.	.	.	.	.	.	.	.	.	_runtime;_step;_timestamp;_wandb;cleanup0475_at095/latest_fraction;cleanup0475_at095/latest_primary;cleanup0475_at095/latest_success;cleanup050_at095/latest_fraction;cleanup050_at095/latest_primary;cleanup050_at095/latest_success;cleanup060_at095/latest_fraction;cleanup060_at095/latest_primary;cleanup060_at095/latest_success;cleanup060_at098/latest_fraction;cleanup060_at098/latest_primary;cleanup060_at098/latest_success;cleanup065_at090/latest_fraction;cleanup065_at090/latest_primary;cleanup065_at090/latest_success;cleanup065_at095/latest_fraction;cleanup065_at095/latest_primary;cleanup065_at095/latest_success;cleanup065_at098/latest_fraction;cleanup065_at098/latest_primary;cleanup065_at098/latest_success;current_best_hq_render;current_best_hq_render_action_mode;current_best_hq_render_move_temperature;current_best_hq_render_resolution;current_best_render;current_best_render_action_mode;current_best_render_move_temperature;episodes;eval_index;fixed_0525/latest_fraction;fixed_0525/latest_primary;fixed_0525/latest_success;latest/ant_steps_per_delivered_food;latest/delivered_fraction;latest/episode_length;latest/primary;latest/success_rate;leaderboard_path;schedule/cleanup0475_at095/ant_steps_per_delivered_food;schedule/cleanup0475_at095/delivered_fraction;schedule/cleanup0475_at095/episode_length;schedule/cleanup0475_at095/primary;schedule/cleanup0475_at095/success_rate;schedule/cleanup050_at095/ant_steps_per_delivered_food;schedule/cleanup050_at095/delivered_fraction;schedule/cleanup050_at095/episode_length;schedule/cleanup050_at095/primary;schedule/cleanup050_at095/success_rate;schedule/cleanup060_at095/ant_steps_per_delivered_food;schedule/cleanup060_at095/delivered_fraction;schedule/cleanup060_at095/episode_length;schedule/cleanup060_at095/primary;schedule/cleanup060_at095/success_rate;schedule/cleanup060_at098/ant_steps_per_delivered_food;schedule/cleanup060_at098/delivered_fraction;schedule/cleanup060_at098/episode_length;schedule/cleanup060_at098/primary;sche...
wandb/run-20260702_102850-cleanup-schedule-sweep_20260702_003029	jax-mappo-training-core	cleanup-schedule-sweep_20260702_003029	20260702_102850	yes	yes	yes	.	.	.	.	a6ba23530c5c618220e95ae8f451aabb6b21b957	scripts/run_cleanup_temperature_schedule_loop.py	2026-07-02T13:28:50.160145Z	.	.	.	.	.	.	.	.	.	.	.	.	_runtime;_step;_timestamp;_wandb;cleanup0475_at095/latest_fraction;cleanup0475_at095/latest_primary;cleanup0475_at095/latest_success;cleanup050_at095/latest_fraction;cleanup050_at095/latest_primary;cleanup050_at095/latest_success;cleanup060_at095/latest_fraction;cleanup060_at095/latest_primary;cleanup060_at095/latest_success;cleanup060_at098/latest_fraction;cleanup060_at098/latest_primary;cleanup060_at098/latest_success;cleanup065_at090/latest_fraction;cleanup065_at090/latest_primary;cleanup065_at090/latest_success;cleanup065_at095/latest_fraction;cleanup065_at095/latest_primary;cleanup065_at095/latest_success;cleanup065_at098/latest_fraction;cleanup065_at098/latest_primary;cleanup065_at098/latest_success;current_best_hq_render;current_best_hq_render_action_mode;current_best_hq_render_move_temperature;current_best_hq_render_resolution;current_best_render;current_best_render_action_mode;current_best_render_move_temperature;episodes;eval_index;fixed_0525/latest_fraction;fixed_0525/latest_primary;fixed_0525/latest_success;latest/ant_steps_per_delivered_food;latest/delivered_fraction;latest/episode_length;latest/primary;latest/success_rate;leaderboard_path;schedule/cleanup0475_at095/ant_steps_per_delivered_food;schedule/cleanup0475_at095/delivered_fraction;schedule/cleanup0475_at095/episode_length;schedule/cleanup0475_at095/primary;schedule/cleanup0475_at095/success_rate;schedule/cleanup050_at095/ant_steps_per_delivered_food;schedule/cleanup050_at095/delivered_fraction;schedule/cleanup050_at095/episode_length;schedule/cleanup050_at095/primary;schedule/cleanup050_at095/success_rate;schedule/cleanup060_at095/ant_steps_per_delivered_food;schedule/cleanup060_at095/delivered_fraction;schedule/cleanup060_at095/episode_length;schedule/cleanup060_at095/primary;schedule/cleanup060_at095/success_rate;schedule/cleanup060_at098/ant_steps_per_delivered_food;schedule/cleanup060_at098/delivered_fraction;schedule/cleanup060_at098/episode_length;schedule/cleanup060_at098/primary;sche...
wandb/run-20260702_151600-cleanup-schedule-sweep_20260702_003029	jax-mappo-training-core	cleanup-schedule-sweep_20260702_003029	20260702_151600	yes	yes	yes	.	.	.	.	a6ba23530c5c618220e95ae8f451aabb6b21b957	scripts/run_cleanup_temperature_schedule_loop.py	2026-07-02T18:16:00.356417Z	.	.	.	.	.	.	.	.	.	.	.	.	_runtime;_step;_timestamp;_wandb;cleanup0475_at095/latest_fraction;cleanup0475_at095/latest_primary;cleanup0475_at095/latest_success;cleanup050_at095/latest_fraction;cleanup050_at095/latest_primary;cleanup050_at095/latest_success;cleanup060_at095/latest_fraction;cleanup060_at095/latest_primary;cleanup060_at095/latest_success;cleanup060_at098/latest_fraction;cleanup060_at098/latest_primary;cleanup060_at098/latest_success;cleanup065_at090/latest_fraction;cleanup065_at090/latest_primary;cleanup065_at090/latest_success;cleanup065_at095/latest_fraction;cleanup065_at095/latest_primary;cleanup065_at095/latest_success;cleanup065_at098/latest_fraction;cleanup065_at098/latest_primary;cleanup065_at098/latest_success;current_best_hq_render;current_best_hq_render_action_mode;current_best_hq_render_move_temperature;current_best_hq_render_resolution;current_best_render;current_best_render_action_mode;current_best_render_move_temperature;episodes;eval_index;fixed_0525/latest_fraction;fixed_0525/latest_primary;fixed_0525/latest_success;latest/ant_steps_per_delivered_food;latest/delivered_fraction;latest/episode_length;latest/primary;latest/success_rate;leaderboard_path;schedule/cleanup0475_at095/ant_steps_per_delivered_food;schedule/cleanup0475_at095/delivered_fraction;schedule/cleanup0475_at095/episode_length;schedule/cleanup0475_at095/primary;schedule/cleanup0475_at095/success_rate;schedule/cleanup050_at095/ant_steps_per_delivered_food;schedule/cleanup050_at095/delivered_fraction;schedule/cleanup050_at095/episode_length;schedule/cleanup050_at095/primary;schedule/cleanup050_at095/success_rate;schedule/cleanup060_at095/ant_steps_per_delivered_food;schedule/cleanup060_at095/delivered_fraction;schedule/cleanup060_at095/episode_length;schedule/cleanup060_at095/primary;schedule/cleanup060_at095/success_rate;schedule/cleanup060_at098/ant_steps_per_delivered_food;schedule/cleanup060_at098/delivered_fraction;schedule/cleanup060_at098/episode_length;schedule/cleanup060_at098/primary;sche...
wandb/run-20260702_151912-cleanup-schedule-sweep_20260702_003029	jax-mappo-training-core	cleanup-schedule-sweep_20260702_003029	20260702_151912	yes	yes	yes	.	.	.	.	a6ba23530c5c618220e95ae8f451aabb6b21b957	scripts/run_cleanup_temperature_schedule_loop.py	2026-07-02T18:19:12.788179Z	.	.	.	.	.	.	.	.	.	.	.	.	_runtime;_step;_timestamp;_wandb;cleanup0475_at095/latest_fraction;cleanup0475_at095/latest_primary;cleanup0475_at095/latest_success;cleanup050_at095/latest_fraction;cleanup050_at095/latest_primary;cleanup050_at095/latest_success;cleanup060_at095/latest_fraction;cleanup060_at095/latest_primary;cleanup060_at095/latest_success;cleanup060_at098/latest_fraction;cleanup060_at098/latest_primary;cleanup060_at098/latest_success;cleanup065_at090/latest_fraction;cleanup065_at090/latest_primary;cleanup065_at090/latest_success;cleanup065_at095/latest_fraction;cleanup065_at095/latest_primary;cleanup065_at095/latest_success;cleanup065_at098/latest_fraction;cleanup065_at098/latest_primary;cleanup065_at098/latest_success;current_best_hq_render;current_best_hq_render_action_mode;current_best_hq_render_move_temperature;current_best_hq_render_resolution;current_best_render;current_best_render_action_mode;current_best_render_move_temperature;episodes;eval_index;fixed_0525/latest_fraction;fixed_0525/latest_primary;fixed_0525/latest_success;latest/ant_steps_per_delivered_food;latest/delivered_fraction;latest/episode_length;latest/primary;latest/success_rate;latest_regular_video;latest_regular_video_seed_offset;leaderboard_path;schedule/cleanup0475_at095/ant_steps_per_delivered_food;schedule/cleanup0475_at095/delivered_fraction;schedule/cleanup0475_at095/episode_length;schedule/cleanup0475_at095/primary;schedule/cleanup0475_at095/success_rate;schedule/cleanup050_at095/ant_steps_per_delivered_food;schedule/cleanup050_at095/delivered_fraction;schedule/cleanup050_at095/episode_length;schedule/cleanup050_at095/primary;schedule/cleanup050_at095/success_rate;schedule/cleanup060_at095/ant_steps_per_delivered_food;schedule/cleanup060_at095/delivered_fraction;schedule/cleanup060_at095/episode_length;schedule/cleanup060_at095/primary;schedule/cleanup060_at095/success_rate;schedule/cleanup060_at098/ant_steps_per_delivered_food;schedule/cleanup060_at098/delivered_fraction;schedule/cleanup060_at098...
wandb/run-20260702_155105-cleanup-schedule-sweep_20260702_003029	jax-mappo-training-core	cleanup-schedule-sweep_20260702_003029	20260702_155105	yes	yes	yes	.	.	.	.	80b902d97ba8a8a453d1fe2345b48487bf3136c5	scripts/run_cleanup_temperature_schedule_loop.py	2026-07-02T18:51:05.838768Z	.	.	.	.	.	.	.	.	.	.	.	.	_runtime;_step;_timestamp;_wandb;cleanup0475_at095/latest_fraction;cleanup0475_at095/latest_primary;cleanup0475_at095/latest_success;cleanup050_at095/latest_fraction;cleanup050_at095/latest_primary;cleanup050_at095/latest_success;cleanup060_at095/latest_fraction;cleanup060_at095/latest_primary;cleanup060_at095/latest_success;cleanup060_at098/latest_fraction;cleanup060_at098/latest_primary;cleanup060_at098/latest_success;cleanup065_at090/latest_fraction;cleanup065_at090/latest_primary;cleanup065_at090/latest_success;cleanup065_at095/latest_fraction;cleanup065_at095/latest_primary;cleanup065_at095/latest_success;cleanup065_at098/latest_fraction;cleanup065_at098/latest_primary;cleanup065_at098/latest_success;current_best_hq_render;current_best_hq_render_action_mode;current_best_hq_render_move_temperature;current_best_hq_render_resolution;current_best_render;current_best_render_action_mode;current_best_render_move_temperature;episodes;eval_index;fixed_0525/latest_fraction;fixed_0525/latest_primary;fixed_0525/latest_success;latest/ant_steps_per_delivered_food;latest/delivered_fraction;latest/episode_length;latest/primary;latest/success_rate;latest_regular_video;latest_regular_video_seed_offset;leaderboard_path;schedule/cleanup0475_at095/ant_steps_per_delivered_food;schedule/cleanup0475_at095/delivered_fraction;schedule/cleanup0475_at095/episode_length;schedule/cleanup0475_at095/primary;schedule/cleanup0475_at095/success_rate;schedule/cleanup050_at095/ant_steps_per_delivered_food;schedule/cleanup050_at095/delivered_fraction;schedule/cleanup050_at095/episode_length;schedule/cleanup050_at095/primary;schedule/cleanup050_at095/success_rate;schedule/cleanup060_at095/ant_steps_per_delivered_food;schedule/cleanup060_at095/delivered_fraction;schedule/cleanup060_at095/episode_length;schedule/cleanup060_at095/primary;schedule/cleanup060_at095/success_rate;schedule/cleanup060_at098/ant_steps_per_delivered_food;schedule/cleanup060_at098/delivered_fraction;schedule/cleanup060_at098...
wandb/run-20260702_164153-cleanup-schedule-sweep_20260702_003029	jax-mappo-training-core	cleanup-schedule-sweep_20260702_003029	20260702_164153	yes	yes	yes	.	.	.	.	b3f88797daa95bbff6086494642c4c468fe9ab1c	scripts/run_cleanup_temperature_schedule_loop.py	2026-07-02T19:41:53.779117Z	.	.	.	.	.	.	.	.	.	.	.	.	_runtime;_step;_timestamp;_wandb;cleanup0475_at095/latest_fraction;cleanup0475_at095/latest_primary;cleanup0475_at095/latest_success;cleanup050_at093/latest_fraction;cleanup050_at093/latest_primary;cleanup050_at093/latest_success;cleanup050_at095/latest_fraction;cleanup050_at095/latest_primary;cleanup050_at095/latest_success;cleanup050_at097/latest_fraction;cleanup050_at097/latest_primary;cleanup050_at097/latest_success;cleanup0515_at095/latest_fraction;cleanup0515_at095/latest_primary;cleanup0515_at095/latest_success;cleanup060_at095/latest_fraction;cleanup060_at095/latest_primary;cleanup060_at095/latest_success;cleanup060_at098/latest_fraction;cleanup060_at098/latest_primary;cleanup060_at098/latest_success;cleanup065_at090/latest_fraction;cleanup065_at090/latest_primary;cleanup065_at090/latest_success;cleanup065_at095/latest_fraction;cleanup065_at095/latest_primary;cleanup065_at095/latest_success;cleanup065_at098/latest_fraction;cleanup065_at098/latest_primary;cleanup065_at098/latest_success;current_best_hq_render;current_best_hq_render_action_mode;current_best_hq_render_move_temperature;current_best_hq_render_resolution;current_best_render;current_best_render_action_mode;current_best_render_move_temperature;episodes;eval_index;fixed_0525/latest_fraction;fixed_0525/latest_primary;fixed_0525/latest_success;latest/ant_steps_per_delivered_food;latest/delivered_fraction;latest/episode_length;latest/primary;latest/success_rate;latest_regular_video;latest_regular_video_seed_offset;leaderboard_path;schedule/cleanup0475_at095/ant_steps_per_delivered_food;schedule/cleanup0475_at095/delivered_fraction;schedule/cleanup0475_at095/episode_length;schedule/cleanup0475_at095/primary;schedule/cleanup0475_at095/success_rate;schedule/cleanup050_at095/ant_steps_per_delivered_food;schedule/cleanup050_at095/delivered_fraction;schedule/cleanup050_at095/episode_length;schedule/cleanup050_at095/primary;schedule/cleanup050_at095/success_rate;schedule/cleanup060_at095/ant_steps_per_deliv...
wandb/run-20260702_173829-se0k4yl4	jax-mappo-training-core	se0k4yl4	20260702_173829	yes	yes	yes	.	.	.	.	b3f88797daa95bbff6086494642c4c468fe9ab1c	<stdin>	2026-07-02T20:38:29.105734Z	.	.	.	.	.	.	.	.	.	.	.	.	_runtime;_wandb
